REFSEQ,chr
NM_000014,12
NM_000015,8
NM_000016,1
NM_000017,12
NM_000018,17
NM_000019,11
NM_000020,12
NM_000021,14
NM_000022,20
NM_000023,17
NM_000024,5
NM_000025,8
NM_000026,22
NM_000027,4
NM_000028,1
NM_000029,1
NM_000030,2
NM_000032,X
NM_000033,X
NM_000034,16
NM_000035,9
NM_000036,1
NM_000037,8
NM_000038,5
NM_000039,11
NM_000040,11
NM_000041,19
NM_000042,17
NM_000043,10
NM_000044,X
NM_000045,6
NM_000047,X
NM_000048,7
NM_000049,17
NM_000050,9
NM_000051,11
NM_000053,13
NM_000054,X
NM_000055,3
NM_000056,6
NM_000057,15
NM_000059,13
NM_000061,X
NM_000062,11
NM_000063,6
NM_000064,19
NM_000065,5
NM_000066,1
NM_000067,8
NM_000068,19
NM_000069,1
NM_000070,15
NM_000071,21
NM_000073,11
NM_000074,X
NM_000075,12
NM_000076,11
NM_000078,16
NM_000079,2
NM_000080,17
NM_000081,1
NM_000083,7
NM_000084,X
NM_000085,1
NM_000086,16
NM_000087,4
NM_000088,17
NM_000089,7
NM_000090,2
NM_000091,2
NM_000092,2
NM_000093,9
NM_000094,3
NM_000095,19
NM_000096,3
NM_000097,3
NM_000098,1
NM_000099,20
NM_000100,21
NM_000101,16
NM_000102,10
NM_000104,2
NM_000106,22
NM_000107,11
NM_000108,7
NM_000110,1
NM_000111,7
NM_000112,5
NM_000113,9
NM_000116,X
NM_000117,X
NM_000118,9
NM_000119,15
NM_000120,1
NM_000121,19
NM_000122,2
NM_000123,13
NM_000124,10
NM_000125,6
NM_000126,15
NM_000127,8
NM_000128,4
NM_000129,6
NM_000130,1
NM_000131,13
NM_000132,X
NM_000133,X
NM_000134,4
NM_000135,16
NM_000136,9
NM_000137,15
NM_000138,15
NM_000139,11
NM_000141,10
NM_000142,4
NM_000143,1
NM_000145,2
NM_000146,19
NM_000147,1
NM_000148,19
NM_000149,19
NM_000150,19
NM_000151,17
NM_000152,17
NM_000153,14
NM_000154,17
NM_000155,9
NM_000156,19
NM_000158,3
NM_000160,17
NM_000161,14
NM_000163,5
NM_000164,19
NM_000165,6
NM_000166,X
NM_000167,X
NM_000168,7
NM_000169,X
NM_000170,9
NM_000171,5
NM_000172,3
NM_000173,17
NM_000174,3
NM_000175,19
NM_000176,5
NM_000178,20
NM_000179,2
NM_000180,17
NM_000181,7
NM_000182,2
NM_000183,2
NM_000185,22
NM_000186,1
NM_000187,3
NM_000189,2
NM_000190,11
NM_000191,1
NM_000192,12
NM_000193,7
NM_000194,X
NM_000195,10
NM_000196,16
NM_000197,9
NM_000198,1
NM_000199,17
NM_000200,4
NM_000201,19
NM_000202,X
NM_000203,4
NM_000204,4
NM_000206,X
NM_000207,11
NM_000208,19
NM_000209,13
NM_000210,2
NM_000211,21
NM_000212,17
NM_000213,17
NM_000214,20
NM_000215,19
NM_000216,X
NM_000217,12
NM_000218,11
NM_000219,21
NM_000221,2
NM_000222,4
NM_000223,17
NM_000224,12
NM_000226,17
NM_000227,18
NM_000229,16
NM_000230,7
NM_000231,13
NM_000232,4
NM_000233,2
NM_000234,19
NM_000235,10
NM_000236,15
NM_000237,8
NM_000238,7
NM_000239,12
NM_000240,X
NM_000242,10
NM_000243,16
NM_000245,7
NM_000246,16
NM_000247,6
NM_000249,3
NM_000250,17
NM_000251,2
NM_000252,X
NM_000253,4
NM_000254,1
NM_000255,6
NM_000256,11
NM_000257,14
NM_000258,3
NM_000259,15
NM_000260,11
NM_000261,1
NM_000262,22
NM_000263,17
NM_000264,9
NM_000265,7
NM_000266,X
NM_000267,17
NM_000270,14
NM_000271,18
NM_000272,2
NM_000273,X
NM_000274,10
NM_000275,15
NM_000276,X
NM_000277,12
NM_000280,11
NM_000281,10
NM_000282,13
NM_000283,4
NM_000284,X
NM_000285,19
NM_000286,17
NM_000287,6
NM_000288,6
NM_000289,12
NM_000290,7
NM_000291,X
NM_000292,X
NM_000293,16
NM_000294,16
NM_000296,16
NM_000297,4
NM_000298,1
NM_000299,1
NM_000300,1
NM_000301,6
NM_000302,1
NM_000303,16
NM_000304,17
NM_000305,7
NM_000306,3
NM_000307,X
NM_000308,20
NM_000309,1
NM_000310,1
NM_000311,20
NM_000312,2
NM_000313,3
NM_000314,10
NM_000315,11
NM_000316,3
NM_000317,11
NM_000318,8
NM_000319,12
NM_000320,4
NM_000321,13
NM_000322,6
NM_000324,6
NM_000326,15
NM_000327,11
NM_000328,X
NM_000329,1
NM_000330,X
NM_000331,11
NM_000332,6
NM_000333,3
NM_000334,17
NM_000335,3
NM_000336,16
NM_000337,5
NM_000338,15
NM_000339,16
NM_000340,3
NM_000341,2
NM_000342,17
NM_000343,22
NM_000344,5
NM_000346,17
NM_000347,14
NM_000348,2
NM_000349,8
NM_000350,1
NM_000351,X
NM_000352,11
NM_000353,16
NM_000354,X
NM_000355,22
NM_000358,5
NM_000359,14
NM_000361,20
NM_000362,22
NM_000363,19
NM_000364,1
NM_000365,12
NM_000366,15
NM_000367,6
NM_000368,9
NM_000369,14
NM_000370,8
NM_000371,18
NM_000372,11
NM_000373,3
NM_000374,1
NM_000375,10
NM_000377,X
NM_000379,2
NM_000380,9
NM_000381,X
NM_000382,17
NM_000384,2
NM_000385,7
NM_000386,17
NM_000387,3
NM_000388,3
NM_000389,6
NM_000390,X
NM_000391,11
NM_000392,10
NM_000393,2
NM_000394,21
NM_000395,22
NM_000396,1
NM_000397,X
NM_000398,22
NM_000399,10
NM_000400,19
NM_000401,11
NM_000402,X
NM_000403,1
NM_000404,3
NM_000405,5
NM_000406,4
NM_000407,22
NM_000408,2
NM_000409,6
NM_000410,6
NM_000411,21
NM_000412,3
NM_000413,17
NM_000414,5
NM_000415,12
NM_000416,6
NM_000417,10
NM_000418,16
NM_000419,17
NM_000420,7
NM_000421,17
NM_000422,17
NM_000423,12
NM_000424,12
NM_000425,X
NM_000426,6
NM_000427,1
NM_000428,14
NM_000429,10
NM_000430,17
NM_000431,12
NM_000432,12
NM_000433,1
NM_000434,6
NM_000435,19
NM_000436,5
NM_000437,1
NM_000439,5
NM_000440,5
NM_000441,7
NM_000442,17
NM_000444,X
NM_000446,7
NM_000447,1
NM_000448,11
NM_000449,1
NM_000450,1
NM_000451,X
NM_000452,13
NM_000453,19
NM_000454,21
NM_000455,19
NM_000456,12
NM_000457,20
NM_000458,17
NM_000459,9
NM_000460,3
NM_000461,3
NM_000465,2
NM_000466,7
NM_000474,7
NM_000475,X
NM_000476,9
NM_000477,4
NM_000478,1
NM_000479,19
NM_000480,11
NM_000481,3
NM_000482,11
NM_000483,19
NM_000484,21
NM_000485,16
NM_000486,12
NM_000487,22
NM_000488,1
NM_000490,20
NM_000491,1
NM_000492,7
NM_000493,6
NM_000494,10
NM_000495,X
NM_000496,22
NM_000497,8
NM_000498,8
NM_000499,15
NM_000500,6
NM_000501,7
NM_000502,17
NM_000503,8
NM_000504,13
NM_000505,5
NM_000506,11
NM_000507,9
NM_000508,4
NM_000509,4
NM_000510,11
NM_000511,19
NM_000512,16
NM_000513,X
NM_000514,5
NM_000515,17
NM_000517,16
NM_000518,11
NM_000519,11
NM_000520,15
NM_000521,5
NM_000522,7
NM_000523,2
NM_000524,5
NM_000525,11
NM_000526,17
NM_000527,19
NM_000528,19
NM_000529,18
NM_000530,1
NM_000531,X
NM_000532,3
NM_000534,2
NM_000535,7
NM_000536,11
NM_000537,1
NM_000538,13
NM_000539,3
NM_000540,19
NM_000541,2
NM_000542,2
NM_000543,11
NM_000544,6
NM_000545,12
NM_000546,17
NM_000547,2
NM_000548,16
NM_000549,1
NM_000550,9
NM_000551,3
NM_000552,12
NM_000553,8
NM_000554,19
NM_000555,X
NM_000557,20
NM_000558,16
NM_000559,11
NM_000560,1
NM_000561,1
NM_000562,1
NM_000564,3
NM_000565,1
NM_000566,1
NM_000567,1
NM_000569,1
NM_000570,1
NM_000572,1
NM_000573,1
NM_000574,1
NM_000575,2
NM_000576,2
NM_000578,2
NM_000579,3
NM_000582,4
NM_000583,4
NM_000584,4
NM_000586,4
NM_000587,5
NM_000588,5
NM_000589,5
NM_000590,5
NM_000591,5
NM_000593,6
NM_000594,6
NM_000595,HSCHR6_MHC_QBL_CTG1
NM_000596,7
NM_000597,2
NM_000599,2
NM_000600,7
NM_000602,7
NM_000603,7
NM_000605,9
NM_000606,9
NM_000607,9
NM_000608,9
NM_000609,10
NM_000610,11
NM_000612,11
NM_000613,11
NM_000616,12
NM_000617,12
NM_000618,12
NM_000619,12
NM_000620,12
NM_000621,13
NM_000623,14
NM_000624,14
NM_000625,17
NM_000626,17
NM_000628,21
NM_000629,21
NM_000631,22
NM_000632,16
NM_000633,18
NM_000634,2
NM_000635,19
NM_000636,6
NM_000637,8
NM_000638,17
NM_000639,1
NM_000640,X
NM_000641,19
NM_000651,1
NM_000655,1
NM_000657,18
NM_000658,21
NM_000660,19
NM_000661,4
NM_000662,8
NM_000663,16
NM_000664,17
NM_000665,7
NM_000666,3
NM_000667,4
NM_000668,4
NM_000669,4
NM_000670,4
NM_000671,4
NM_000672,4
NM_000673,4
NM_000674,1
NM_000675,22
NM_000676,17
NM_000677,1
NM_000678,20
NM_000679,5
NM_000681,10
NM_000682,2
NM_000683,4
NM_000684,10
NM_000686,X
NM_000687,20
NM_000688,3
NM_000689,9
NM_000690,12
NM_000691,17
NM_000692,9
NM_000693,15
NM_000694,11
NM_000695,11
NM_000696,1
NM_000697,17
NM_000698,10
NM_000699,1
NM_000700,9
NM_000701,1
NM_000702,1
NM_000704,19
NM_000705,13
NM_000706,12
NM_000707,1
NM_000709,19
NM_000710,14
NM_000712,7
NM_000713,19
NM_000714,22
NM_000715,1
NM_000716,1
NM_000717,17
NM_000718,9
NM_000719,12
NM_000720,3
NM_000721,1
NM_000722,7
NM_000723,17
NM_000724,10
NM_000725,12
NM_000727,17
NM_000728,11
NM_000729,3
NM_000730,4
NM_000732,11
NM_000733,11
NM_000735,6
NM_000737,19
NM_000738,11
NM_000740,1
NM_000741,11
NM_000742,8
NM_000743,15
NM_000744,20
NM_000745,15
NM_000746,15
NM_000747,17
NM_000748,1
NM_000749,8
NM_000750,15
NM_000751,2
NM_000754,22
NM_000755,9
NM_000756,8
NM_000758,5
NM_000759,17
NM_000761,15
NM_000762,19
NM_000764,19
NM_000765,7
NM_000766,19
NM_000767,19
NM_000769,10
NM_000770,10
NM_000771,10
NM_000772,10
NM_000773,10
NM_000774,19
NM_000775,1
NM_000777,7
NM_000778,1
NM_000779,1
NM_000780,8
NM_000781,15
NM_000782,20
NM_000784,2
NM_000785,12
NM_000786,7
NM_000787,9
NM_000788,4
NM_000789,17
NM_000790,7
NM_000791,5
NM_000792,1
NM_000794,5
NM_000795,11
NM_000797,11
NM_000798,4
NM_000799,7
NM_000800,5
NM_000801,20
NM_000803,11
NM_000804,11
NM_000805,17
NM_000806,5
NM_000807,4
NM_000808,X
NM_000809,4
NM_000810,15
NM_000811,5
NM_000812,4
NM_000813,5
NM_000814,15
NM_000815,1
NM_000816,5
NM_000817,2
NM_000818,10
NM_000819,HSCHR21_4_CTG1_1
NM_000820,13
NM_000821,2
NM_000823,7
NM_000824,4
NM_000825,8
NM_000826,4
NM_000827,5
NM_000828,X
NM_000829,11
NM_000830,21
NM_000831,1
NM_000832,9
NM_000833,16
NM_000834,12
NM_000835,17
NM_000836,19
NM_000837,8
NM_000838,6
NM_000839,3
NM_000840,7
NM_000841,6
NM_000842,11
NM_000843,5
NM_000844,3
NM_000845,7
NM_000846,6
NM_000847,6
NM_000848,1
NM_000849,1
NM_000851,1
NM_000852,11
NM_000853,HSCHR22_1_CTG7
NM_000854,HSCHR22_1_CTG7
NM_000855,11
NM_000856,4
NM_000857,4
NM_000858,1
NM_000859,5
NM_000860,4
NM_000861,3
NM_000862,1
NM_000863,6
NM_000864,1
NM_000865,6
NM_000866,3
NM_000867,2
NM_000868,X
NM_000871,1
NM_000872,10
NM_000873,17
NM_000875,15
NM_000876,6
NM_000877,2
NM_000878,22
NM_000879,5
NM_000880,8
NM_000882,3
NM_000883,7
NM_000884,3
NM_000885,2
NM_000887,16
NM_000888,2
NM_000889,12
NM_000890,11
NM_000891,17
NM_000892,4
NM_000893,3
NM_000894,19
NM_000895,12
NM_000896,19
NM_000897,5
NM_000898,X
NM_000899,12
NM_000900,12
NM_000901,4
NM_000903,16
NM_000904,6
NM_000905,7
NM_000906,1
NM_000907,9
NM_000908,5
NM_000909,4
NM_000910,4
NM_000911,1
NM_000912,8
NM_000914,6
NM_000915,20
NM_000916,3
NM_000917,10
NM_000918,17
NM_000919,5
NM_000920,11
NM_000921,12
NM_000922,11
NM_000923,19
NM_000924,12
NM_000925,3
NM_000926,11
NM_000927,7
NM_000928,12
NM_000929,1
NM_000930,8
NM_000932,11
NM_000933,20
NM_000934,17
NM_000936,10
NM_000937,17
NM_000938,4
NM_000939,2
NM_000940,7
NM_000941,7
NM_000942,15
NM_000943,5
NM_000944,4
NM_000945,2
NM_000946,12
NM_000947,6
NM_000948,6
NM_000949,5
NM_000950,X
NM_000951,19
NM_000952,1
NM_000953,14
NM_000954,9
NM_000955,19
NM_000956,14
NM_000957,1
NM_000958,5
NM_000959,1
NM_000960,19
NM_000961,20
NM_000962,9
NM_000963,1
NM_000964,17
NM_000965,3
NM_000966,12
NM_000967,22
NM_000968,15
NM_000969,1
NM_000970,12
NM_000971,8
NM_000972,9
NM_000973,8
NM_000975,1
NM_000976,9
NM_000978,17
NM_000979,19
NM_000980,19
NM_000981,17
NM_000982,13
NM_000983,1
NM_000984,17
NM_000985,18
NM_000986,3
NM_000987,17
NM_000988,17
NM_000989,8
NM_000990,11
NM_000991,19
NM_000992,3
NM_000993,2
NM_000996,3
NM_000997,5
NM_000998,2
NM_000999,17
NM_001000,X
NM_001001,14
NM_001001132,21
NM_001001188,21
NM_001001290,4
NM_001001317,7
NM_001001330,10
NM_001001331,3
NM_001001336,11
NM_001001342,10
NM_001001343,5
NM_001001349,17
NM_001001394,2
NM_001001396,1
NM_001001410,16
NM_001001411,19
NM_001001412,10
NM_001001415,19
NM_001001417,17
NM_001001419,5
NM_001001433,20
NM_001001436,16
NM_001001437,17
NM_001001438,21
NM_001001479,22
NM_001001481,8
NM_001001484,10
NM_001001485,3
NM_001001487,3
NM_001001502,5
NM_001001522,11
NM_001001524,19
NM_001001547,7
NM_001001551,9
NM_001001552,1
NM_001001555,7
NM_001001556,15
NM_001001557,8
NM_001001560,22
NM_001001561,22
NM_001001563,19
NM_001001653,1
NM_001001655,12
NM_001001656,7
NM_001001658,7
NM_001001659,HSCHR7_3_CTG4_4
NM_001001660,12
NM_001001661,7
NM_001001664,2
NM_001001665,2
NM_001001667,7
NM_001001669,5
NM_001001671,X
NM_001001673,14
NM_001001674,15
NM_001001683,17
NM_001001701,4
NM_001001702,5
NM_001001711,11
NM_001001716,19
NM_001001732,10
NM_001001786,11
NM_001001794,22
NM_001001851,10
NM_001001852,22
NM_001001872,14
NM_001001877,Y
NM_001001888,X
NM_001001890,21
NM_001001912,14
NM_001001913,11
NM_001001914,1
NM_001001915,1
NM_001001916,11
NM_001001918,1
NM_001001919,9
NM_001001920,11
NM_001001921,11
NM_001001922,11
NM_001001923,9
NM_001001927,8
NM_001001930,22
NM_001001936,10
NM_001001937,18
NM_001001938,9
NM_001001952,11
NM_001001955,11
NM_001001956,9
NM_001001957,1
NM_001001958,19
NM_001001959,1
NM_001001960,11
NM_001001964,1
NM_001001965,11
NM_001001966,1
NM_001001967,11
NM_001001968,14
NM_001001971,10
NM_001001974,10
NM_001001975,19
NM_001001976,10
NM_001001995,X
NM_001001996,X
NM_001001998,1
NM_001002000,14
NM_001002006,2
NM_001002009,7
NM_001002021,21
NM_001002029,6
NM_001002031,12
NM_001002033,17
NM_001002034,22
NM_001002036,2
NM_001002231,19
NM_001002233,8
NM_001002234,1
NM_001002236,14
NM_001002244,17
NM_001002252,12
NM_001002256,2
NM_001002258,2
NM_001002259,12
NM_001002260,9
NM_001002261,10
NM_001002265,10
NM_001002292,1
NM_001002294,1
NM_001002295,10
NM_001002296,8
NM_001002760,Y
NM_001002762,10
NM_001002811,1
NM_001002836,19
NM_001002848,HSCHR6_MHC_QBL_CTG1
NM_001002857,15
NM_001002860,14
NM_001002876,22
NM_001002878,22
NM_001002880,22
NM_001002901,1
NM_001002905,11
NM_001002907,11
NM_001002909,17
NM_001002911,16
NM_001002912,1
NM_001002914,17
NM_001002915,19
NM_001002917,11
NM_001002918,11
NM_001002919,2
NM_001002924,5
NM_001002925,11
NM_001002926,7
NM_001003,15
NM_001003395,6
NM_001003398,12
NM_001003408,10
NM_001003652,18
NM_001003665,1
NM_001003676,11
NM_001003679,1
NM_001003682,1
NM_001003683,2
NM_001003684,22
NM_001003686,7
NM_001003689,22
NM_001003690,6
NM_001003693,6
NM_001003694,3
NM_001003702,7
NM_001003703,21
NM_001003714,7
NM_001003715,17
NM_001003716,17
NM_001003725,17
NM_001003745,11
NM_001003787,17
NM_001003790,8
NM_001003793,3
NM_001003799,7
NM_001003803,14
NM_001003811,X
NM_001003818,11
NM_001003827,11
NM_001003828,22
NM_001003845,2
NM_001003891,22
NM_001003894,Y
NM_001003927,17
NM_001003935,3
NM_001003937,2
NM_001003938,16
NM_001003940,15
NM_001003941,7
NM_001003942,15
NM_001003945,9
NM_001003954,8
NM_001004,11
NM_001004019,3
NM_001004023,1
NM_001004051,X
NM_001004052,11
NM_001004057,4
NM_001004058,11
NM_001004059,11
NM_001004063,14
NM_001004064,11
NM_001004065,9
NM_001004124,11
NM_001004125,9
NM_001004127,13
NM_001004134,12
NM_001004135,HSCHR7_3_CTG4_4
NM_001004136,1
NM_001004137,11
NM_001004195,15
NM_001004196,3
NM_001004285,1
NM_001004297,10
NM_001004298,10
NM_001004300,16
NM_001004301,19
NM_001004303,1
NM_001004306,17
NM_001004307,1
NM_001004309,15
NM_001004311,2
NM_001004313,17
NM_001004317,6
NM_001004318,19
NM_001004319,1
NM_001004320,7
NM_001004323,7
NM_001004329,12
NM_001004331,14
NM_001004333,17
NM_001004338,1
NM_001004341,1
NM_001004343,1
NM_001004346,4
NM_001004351,7
NM_001004356,4
NM_001004417,2
NM_001004419,12
NM_001004431,17
NM_001004432,1
NM_001004433,1
NM_001004434,1
NM_001004439,15
NM_001004440,1
NM_001004441,5
NM_001004450,9
NM_001004451,9
NM_001004452,9
NM_001004453,9
NM_001004454,9
NM_001004457,9
NM_001004458,11
NM_001004459,11
NM_001004460,11
NM_001004463,11
NM_001004464,11
NM_001004465,19
NM_001004466,19
NM_001004469,1
NM_001004472,1
NM_001004473,1
NM_001004474,11
NM_001004475,1
NM_001004476,1
NM_001004478,1
NM_001004479,14
NM_001004480,14
NM_001004482,9
NM_001004483,9
NM_001004484,9
NM_001004485,9
NM_001004486,X
NM_001004488,HSCHR7_3_CTG4_4
NM_001004489,11
NM_001004492,1
NM_001004684,11
NM_001004685,7
NM_001004686,1
NM_001004687,1
NM_001004688,1
NM_001004692,1
NM_001004693,1
NM_001004696,1
NM_001004697,1
NM_001004699,19
NM_001004701,11
NM_001004702,11
NM_001004703,11
NM_001004704,11
NM_001004705,11
NM_001004707,17
NM_001004708,11
NM_001004711,11
NM_001004712,14
NM_001004714,14
NM_001004715,14
NM_001004717,14
NM_001004719,15
NM_001004723,14
NM_001004725,11
NM_001004727,11
NM_001004728,11
NM_001004730,11
NM_001004731,14
NM_001004733,11
NM_001004735,11
NM_001004739,11
NM_001004741,11
NM_001004742,11
NM_001004743,11
NM_001004744,11
NM_001004745,11
NM_001004746,11
NM_001004747,11
NM_001004748,11
NM_001004749,11
NM_001004750,11
NM_001004751,11
NM_001004752,11
NM_001004753,11
NM_001004754,11
NM_001004755,11
NM_001004756,11
NM_001004758,11
NM_001004759,11
NM_001005,11
NM_001005159,3
NM_001005161,11
NM_001005162,11
NM_001005163,11
NM_001005165,11
NM_001005166,11
NM_001005167,11
NM_001005168,11
NM_001005170,11
NM_001005172,11
NM_001005173,11
NM_001005174,11
NM_001005175,11
NM_001005177,11
NM_001005178,11
NM_001005180,11
NM_001005181,11
NM_001005185,1
NM_001005186,11
NM_001005187,11
NM_001005188,11
NM_001005189,1
NM_001005190,19
NM_001005191,19
NM_001005193,19
NM_001005194,11
NM_001005195,11
NM_001005196,11
NM_001005197,11
NM_001005198,11
NM_001005199,11
NM_001005200,11
NM_001005201,11
NM_001005202,11
NM_001005203,12
NM_001005204,11
NM_001005205,11
NM_001005207,17
NM_001005209,2
NM_001005210,11
NM_001005211,11
NM_001005212,11
NM_001005216,6
NM_001005217,4
NM_001005226,HSCHR6_MHC_QBL_CTG1
NM_001005234,9
NM_001005235,9
NM_001005236,9
NM_001005237,11
NM_001005238,11
NM_001005239,22
NM_001005241,15
NM_001005243,12
NM_001005245,11
NM_001005272,11
NM_001005273,17
NM_001005274,11
NM_001005275,11
NM_001005276,7
NM_001005279,1
NM_001005280,12
NM_001005281,7
NM_001005282,11
NM_001005284,11
NM_001005287,HSCHR7_3_CTG4_4
NM_001005288,11
NM_001005289,11
NM_001005291,17
NM_001005323,11
NM_001005324,11
NM_001005325,11
NM_001005326,15
NM_001005327,1
NM_001005328,7
NM_001005329,11
NM_001005333,X
NM_001005336,9
NM_001005338,3
NM_001005339,10
NM_001005340,7
NM_001005353,1
NM_001005354,12
NM_001005356,14
NM_001005359,2
NM_001005360,19
NM_001005364,2
NM_001005368,10
NM_001005369,2
NM_001005372,17
NM_001005377,19
NM_001005386,2
NM_001005388,1
NM_001005404,17
NM_001005414,10
NM_001005463,10
NM_001005464,1
NM_001005465,14
NM_001005466,14
NM_001005467,11
NM_001005469,11
NM_001005470,11
NM_001005472,19
NM_001005473,5
NM_001005479,3
NM_001005480,7
NM_001005482,3
NM_001005483,14
NM_001005486,14
NM_001005487,1
NM_001005489,11
NM_001005491,11
NM_001005492,11
NM_001005494,12
NM_001005496,11
NM_001005498,17
NM_001005500,14
NM_001005501,14
NM_001005503,14
NM_001005505,3
NM_001005512,11
NM_001005522,1
NM_001005526,2
NM_001005566,11
NM_001005567,11
NM_001005614,X
NM_001005735,22
NM_001005743,14
NM_001005747,2
NM_001005749,1
NM_001005751,10
NM_001005781,2
NM_001005783,1
NM_001005785,Y
NM_001005786,Y
NM_001005845,8
NM_001005851,19
NM_001005852,Y
NM_001005855,1
NM_001005861,3
NM_001005862,17
NM_001005910,3
NM_001005915,12
NM_001005920,16
NM_001006,4
NM_001006109,3
NM_001006118,Y
NM_001006121,Y
NM_001006607,17
NM_001006617,9
NM_001006627,7
NM_001006630,7
NM_001006634,16
NM_001006635,2
NM_001006636,2
NM_001006640,X
NM_001006641,9
NM_001006657,2
NM_001006667,12
NM_001006683,X
NM_001006933,X
NM_001006938,X
NM_001006939,10
NM_001006940,3
NM_001006943,1
NM_001006946,2
NM_001007,X
NM_001007024,17
NM_001007026,12
NM_001007027,11
NM_001007071,11
NM_001007074,3
NM_001007089,2
NM_001007090,8
NM_001007094,10
NM_001007097,9
NM_001007098,1
NM_001007101,9
NM_001007125,20
NM_001007139,11
NM_001007157,7
NM_001007176,8
NM_001007189,5
NM_001007226,17
NM_001007231,2
NM_001007233,5
NM_001007234,5
NM_001007240,16
NM_001007245,7
NM_001007246,21
NM_001007248,19
NM_001007255,1
NM_001007258,21
NM_001007259,21
NM_001007271,10
NM_001007279,22
NM_001007467,22
NM_001007471,9
NM_001007527,5
NM_001007529,17
NM_001007530,17
NM_001007531,6
NM_001007532,17
NM_001007536,10
NM_001007537,13
NM_001007538,13
NM_001007540,3
NM_001007543,11
NM_001007544,1
NM_001007551,X
NM_001007553,1
NM_001007559,18
NM_001007561,19
NM_001007563,9
NM_001007595,15
NM_001007793,10
NM_001007794,1
NM_001008,Y
NM_001008211,10
NM_001008215,2
NM_001008219,1
NM_001008223,12
NM_001008224,15
NM_001008225,7
NM_001008226,15
NM_001008234,18
NM_001008237,2
NM_001008269,3
NM_001008270,7
NM_001008274,16
NM_001008387,2
NM_001008388,4
NM_001008390,3
NM_001008391,11
NM_001008392,3
NM_001008393,4
NM_001008394,12
NM_001008397,5
NM_001008401,19
NM_001008406,7
NM_001008407,7
NM_001008489,2
NM_001008490,10
NM_001008491,2
NM_001008493,1
NM_001008494,22
NM_001008495,8
NM_001008496,22
NM_001008504,6
NM_001008528,17
NM_001008529,17
NM_001008530,14
NM_001008537,X
NM_001008540,2
NM_001008563,9
NM_001008566,22
NM_001008572,22
NM_001008656,5
NM_001008657,5
NM_001008658,22
NM_001008661,1
NM_001008693,20
NM_001008697,22
NM_001008701,19
NM_001008707,14
NM_001008708,2
NM_001008709,11
NM_001008712,8
NM_001008726,14
NM_001008727,19
NM_001008739,6
NM_001008740,1
NM_001008743,2
NM_001008745,7
NM_001008747,7
NM_001008749,7
NM_001008756,3
NM_001008779,2
NM_001008781,11
NM_001008783,6
NM_001008895,13
NM_001008901,20
NM_001008938,11
NM_001009,19
NM_001009185,5
NM_001009552,8
NM_001009554,4
NM_001009555,4
NM_001009566,1
NM_001009567,10
NM_001009568,1
NM_001009569,10
NM_001009608,20
NM_001009609,X
NM_001009812,2
NM_001009813,19
NM_001009814,13
NM_001009820,19
NM_001009824,7
NM_001009881,1
NM_001009894,12
NM_001009899,3
NM_001009905,17
NM_001009909,11
NM_001009921,3
NM_001009924,20
NM_001009936,9
NM_001009939,22
NM_001009943,10
NM_001009944,16
NM_001009954,X
NM_001009955,1
NM_001009956,7
NM_001009957,7
NM_001009991,6
NM_001009993,2
NM_001009994,6
NM_001009997,10
NM_001009999,1
NM_001010,9
NM_001010000,18
NM_001010844,6
NM_001010845,16
NM_001010846,1
NM_001010848,10
NM_001010851,19
NM_001010852,6
NM_001010853,6
NM_001010854,14
NM_001010855,17
NM_001010856,19
NM_001010857,1
NM_001010860,14
NM_001010861,1
NM_001010862,X
NM_001010867,1
NM_001010870,6
NM_001010872,6
NM_001010874,4
NM_001010875,13
NM_001010877,6
NM_001010879,19
NM_001010880,19
NM_001010883,1
NM_001010892,6
NM_001010893,8
NM_001010895,9
NM_001010897,13
NM_001010898,1
NM_001010905,6
NM_001010908,10
NM_001010911,10
NM_001010915,9
NM_001010919,6
NM_001010924,10
NM_001010925,9
NM_001010926,1
NM_001010931,7
NM_001010935,1
NM_001010938,3
NM_001010940,9
NM_001010971,1
NM_001010974,20
NM_001010977,13
NM_001010978,1
NM_001010982,17
NM_001010983,3
NM_001010984,1
NM_001010985,1
NM_001010986,X
NM_001010987,10
NM_001011,2
NM_001011515,4
NM_001011537,3
NM_001011539,4
NM_001011543,X
NM_001011544,X
NM_001011545,21
NM_001011546,20
NM_001011547,1
NM_001011552,2
NM_001011553,7
NM_001011554,20
NM_001011655,3
NM_001011658,X
NM_001011663,10
NM_001011667,8
NM_001011700,HSCHR6_MHC_QBL_CTG1
NM_001011703,9
NM_001011709,10
NM_001011713,14
NM_001011724,13
NM_001011880,16
NM_001012,1
NM_001012264,14
NM_001012267,9
NM_001012271,17
NM_001012276,1
NM_001012288,X
NM_001012302,11
NM_001012303,3
NM_001012334,11
NM_001012337,3
NM_001012338,15
NM_001012361,9
NM_001012393,11
NM_001012398,16
NM_001012409,3
NM_001012410,3
NM_001012415,9
NM_001012423,15
NM_001012424,12
NM_001012426,6
NM_001012446,9
NM_001012452,15
NM_001012502,9
NM_001012506,3
NM_001012507,6
NM_001012508,10
NM_001012515,18
NM_001012614,4
NM_001012626,2
NM_001012631,16
NM_001012642,15
NM_001012643,19
NM_001012651,3
NM_001012661,11
NM_001012732,4
NM_001012753,19
NM_001012754,13
NM_001012761,5
NM_001012762,16
NM_001012763,4
NM_001012959,1
NM_001012960,1
NM_001012964,19
NM_001012968,X
NM_001012969,15
NM_001012970,1
NM_001012971,20
NM_001012974,6
NM_001012977,X
NM_001012978,X
NM_001012979,X
NM_001012981,16
NM_001012984,16
NM_001012985,1
NM_001012989,HSCHRX_2_CTG14
NM_001012991,16
NM_001013,19
NM_001013002,4
NM_001013254,11
NM_001013354,14
NM_001013398,7
NM_001013406,7
NM_001013439,3
NM_001013440,22
NM_001013442,4
NM_001013579,X
NM_001013615,1
NM_001013617,19
NM_001013618,22
NM_001013619,15
NM_001013620,12
NM_001013621,1
NM_001013625,1
NM_001013630,1
NM_001013631,1
NM_001013635,12
NM_001013640,19
NM_001013642,1
NM_001013649,2
NM_001013652,9
NM_001013660,1
NM_001013663,2
NM_001013672,17
NM_001013675,22
NM_001013694,22
NM_001013698,12
NM_001013699,12
NM_001013703,15
NM_001013706,19
NM_001013711,2
NM_001013718,5
NM_001013719,6
NM_001013720,6
NM_001013728,9
NM_001013734,6
NM_001013736,X
NM_001013743,11
NM_001013748,7
NM_001013839,17
NM_001013841,19
NM_001013842,8
NM_001013845,X
NM_001013848,10
NM_001014,6
NM_001014279,5
NM_001014283,13
NM_001014286,13
NM_001014291,1
NM_001014336,12
NM_001014342,1
NM_001014435,16
NM_001014436,7
NM_001014438,11
NM_001014443,1
NM_001014445,17
NM_001014446,4
NM_001014448,4
NM_001014450,1
NM_001014763,19
NM_001014764,17
NM_001014765,1
NM_001014795,11
NM_001014796,1
NM_001014797,10
NM_001014809,4
NM_001014811,11
NM_001014975,1
NM_001014977,20
NM_001014979,16
NM_001014985,17
NM_001014986,11
NM_001014990,5
NM_001014999,16
NM_001015,19
NM_001015001,15
NM_001015002,17
NM_001015038,X
NM_001015049,14
NM_001015051,6
NM_001015053,17
NM_001015508,8
NM_001015509,17
NM_001015878,19
NM_001015880,10
NM_001015882,9
NM_001015885,20
NM_001015886,12
NM_001015891,5
NM_001015892,5
NM_001016,6
NM_001017,11
NM_001017364,1
NM_001017370,13
NM_001017372,5
NM_001017373,6
NM_001017389,16
NM_001017392,19
NM_001017395,3
NM_001017402,1
NM_001017403,1
NM_001017405,4
NM_001017406,1
NM_001017417,X
NM_001017418,1
NM_001017420,8
NM_001017424,1
NM_001017430,X
NM_001017520,10
NM_001017534,11
NM_001017535,12
NM_001017915,2
NM_001017916,17
NM_001017920,2
NM_001017921,19
NM_001017922,1
NM_001017923,14
NM_001017924,10
NM_001017926,8
NM_001017927,2
NM_001017928,3
NM_001017956,12
NM_001017964,22
NM_001017967,16
NM_001017969,9
NM_001017970,14
NM_001017972,10
NM_001017978,X
NM_001017979,4
NM_001017980,X
NM_001017981,22
NM_001017986,1
NM_001017990,X
NM_001017991,X
NM_001017992,5
NM_001017995,5
NM_001017998,9
NM_001018,19
NM_001018004,15
NM_001018005,15
NM_001018008,15
NM_001018025,X
NM_001018036,14
NM_001018041,6
NM_001018051,22
NM_001018052,22
NM_001018053,1
NM_001018055,X
NM_001018059,16
NM_001018060,22
NM_001018062,5
NM_001018067,1
NM_001018071,10
NM_001018077,5
NM_001018084,12
NM_001018090,15
NM_001018100,15
NM_001018108,15
NM_001018111,7
NM_001018113,X
NM_001018115,3
NM_001018116,9
NM_001018122,16
NM_001018159,16
NM_001019,16
NM_001020,19
NM_001020658,1
NM_001020818,19
NM_001021,15
NM_001022,19
NM_001023,8
NM_001023562,7
NM_001023566,7
NM_001023571,3
NM_001023582,X
NM_001024,20
NM_001024074,2
NM_001024209,1
NM_001024210,1
NM_001024215,1
NM_001024227,1
NM_001024372,8
NM_001024401,16
NM_001024455,X
NM_001024457,2
NM_001024463,15
NM_001024465,6
NM_001024593,10
NM_001024594,1
NM_001024596,19
NM_001024609,13
NM_001024613,7
NM_001024629,10
NM_001024656,19
NM_001024660,3
NM_001024662,12
NM_001024666,X
NM_001024675,20
NM_001024688,8
NM_001024732,1
NM_001024736,15
NM_001024809,17
NM_001024847,3
NM_001024858,14
NM_001024912,19
NM_001024916,9
NM_001024921,4
NM_001024924,4
NM_001024943,7
NM_001024947,5
NM_001024948,1
NM_001024956,11
NM_001024957,11
NM_001025,5
NM_001025069,3
NM_001025071,5
NM_001025076,10
NM_001025077,10
NM_001025091,6
NM_001025100,18
NM_001025101,18
NM_001025105,5
NM_001025158,5
NM_001025190,16
NM_001025199,1
NM_001025200,16
NM_001025204,21
NM_001025237,11
NM_001025247,1
NM_001025248,15
NM_001025252,8
NM_001025265,X
NM_001025266,3
NM_001025290,6
NM_001025295,11
NM_001025300,18
NM_001025303,1
NM_001025356,12
NM_001025366,6
NM_001025370,6
NM_001025390,11
NM_001025436,2
NM_001025579,17
NM_001025595,4
NM_001025598,1
NM_001025604,19
NM_001025616,4
NM_001025777,2
NM_001026,10
NM_001028,11
NM_001029,12
NM_001029835,7
NM_001029840,3
NM_001029858,6
NM_001029859,11
NM_001029863,6
NM_001029864,20
NM_001029874,12
NM_001029875,5
NM_001029880,10
NM_001029881,2
NM_001029882,1
NM_001029884,6
NM_001029885,1
NM_001029886,5
NM_001029888,10
NM_001029954,10
NM_001029976,8
NM_001029996,2
NM_001029997,19
NM_001029999,18
NM_001030,1
NM_001030004,20
NM_001030005,15
NM_001030006,17
NM_001030007,16
NM_001030015,10
NM_001030019,7
NM_001030055,14
NM_001030059,10
NM_001030060,6
NM_001030273,11
NM_001030288,16
NM_001031,19
NM_001031617,7
NM_001031618,7
NM_001031623,6
NM_001031628,12
NM_001031677,5
NM_001031679,12
NM_001031680,1
NM_001031684,2
NM_001031689,9
NM_001031695,22
NM_001031698,12
NM_001031702,3
NM_001031703,3
NM_001031705,X
NM_001031706,2
NM_001031709,10
NM_001031711,5
NM_001031712,6
NM_001031716,2
NM_001031723,4
NM_001031725,1
NM_001031727,19
NM_001031732,4
NM_001031734,19
NM_001031735,19
NM_001031738,2
NM_001031739,X
NM_001031740,1
NM_001031741,3
NM_001031743,6
NM_001031745,X
NM_001031746,10
NM_001031748,12
NM_001031800,1
NM_001031801,22
NM_001031804,16
NM_001031806,17
NM_001031833,16
NM_001031834,X
NM_001031835,16
NM_001031847,11
NM_001031848,18
NM_001031849,3
NM_001031855,X
NM_001032,14
NM_001032221,9
NM_001032278,17
NM_001032280,6
NM_001032281,2
NM_001032283,12
NM_001032287,12
NM_001032288,20
NM_001032293,17
NM_001032296,13
NM_001032297,9
NM_001032363,1
NM_001032372,19
NM_001032374,19
NM_001032385,HSCHRX_3_CTG3
NM_001032389,7
NM_001032392,2
NM_001032410,21
NM_001032730,1
NM_001032998,2
NM_001032999,20
NM_001033,11
NM_001033026,19
NM_001033030,3
NM_001033045,2
NM_001033046,17
NM_001033047,4
NM_001033050,12
NM_001033053,17
NM_001033080,6
NM_001033083,10
NM_001033088,15
NM_001033112,5
NM_001033113,9
NM_001033503,5
NM_001033505,11
NM_001033513,X
NM_001033515,21
NM_001033523,6
NM_001033549,19
NM_001033553,17
NM_001033557,2
NM_001033564,6
NM_001033567,17
NM_001033580,17
NM_001033602,13
NM_001033603,17
NM_001033658,11
NM_001033659,17
NM_001033660,1
NM_001033677,12
NM_001033678,11
NM_001033714,12
NM_001033719,19
NM_001033723,8
NM_001033853,22
NM_001033858,10
NM_001033925,10
NM_001033930,19
NM_001033952,11
NM_001033953,11
NM_001034,2
NM_001034061,8
NM_001034077,1
NM_001034116,2
NM_001034172,18
NM_001034832,X
NM_001034836,17
NM_001034837,5
NM_001034850,5
NM_001034852,14
NM_001034954,10
NM_001034966,19
NM_001034996,3
NM_001035,1
NM_001035003,4
NM_001035005,18
NM_001035235,5
NM_001035254,9
NM_001035256,2
NM_001035267,12
NM_001035507,2
NM_001035516,19
NM_001035518,20
NM_001036,15
NM_001036645,1
NM_001036646,1
NM_001037125,16
NM_001037126,7
NM_001037131,2
NM_001037132,7
NM_001037144,17
NM_001037161,14
NM_001037163,7
NM_001037165,7
NM_001037171,X
NM_001037175,1
NM_001037223,15
NM_001037231,6
NM_001037232,19
NM_001037234,8
NM_001037283,7
NM_001037288,14
NM_001037329,11
NM_001037330,17
NM_001037339,1
NM_001037341,1
NM_001037442,4
NM_001037494,12
NM_001037533,1
NM_001037537,10
NM_001037540,X
NM_001037558,11
NM_001037582,4
NM_001037633,5
NM_001037637,5
NM_001037671,12
NM_001037675,1
NM_001037735,X
NM_001037738,5
NM_001037808,16
NM_001037866,2
NM_001037872,2
NM_001037954,11
NM_001037984,17
NM_001038,12
NM_001038603,5
NM_001038618,17
NM_001038628,3
NM_001038633,1
NM_001038640,15
NM_001038704,17
NM_001038705,3
NM_001038706,8
NM_001038707,1
NM_001039029,12
NM_001039083,17
NM_001039091,X
NM_001039102,3
NM_001039127,4
NM_001039140,20
NM_001039141,22
NM_001039165,11
NM_001039182,16
NM_001039210,X
NM_001039211,1
NM_001039212,7
NM_001039350,7
NM_001039355,14
NM_001039360,18
NM_001039361,1
NM_001039362,2
NM_001039372,7
NM_001039380,10
NM_001039381,12
NM_001039382,8
NM_001039395,9
NM_001039463,1
NM_001039464,1
NM_001039465,14
NM_001039476,16
NM_001039477,1
NM_001039479,14
NM_001039492,2
NM_001039503,16
NM_001039523,2
NM_001039528,6
NM_001039535,18
NM_001039547,3
NM_001039548,11
NM_001039550,2
NM_001039567,Y
NM_001039569,2
NM_001039570,22
NM_001039575,7
NM_001039577,1
NM_001039580,4
NM_001039582,X
NM_001039585,1
NM_001039590,X
NM_001039613,2
NM_001039614,15
NM_001039617,3
NM_001039618,11
NM_001039619,14
NM_001039650,13
NM_001039651,6
NM_001039656,11
NM_001039661,11
NM_001039670,12
NM_001039675,15
NM_001039690,16
NM_001039693,2
NM_001039697,9
NM_001039702,10
NM_001039703,1
NM_001039706,7
NM_001039707,9
NM_001039717,4
NM_001039725,6
NM_001039752,11
NM_001039762,10
NM_001039765,9
NM_001039769,8
NM_001039771,14
NM_001039775,1
NM_001039792,9
NM_001039802,1
NM_001039803,9
NM_001039842,17
NM_001039844,10
NM_001039845,2
NM_001039846,19
NM_001039848,19
NM_001039876,19
NM_001039877,19
NM_001039884,19
NM_001039885,19
NM_001039886,19
NM_001039887,19
NM_001039888,1
NM_001039891,X
NM_001039905,15
NM_001039916,12
NM_001039933,17
NM_001039948,22
NM_001039954,1
NM_001039966,7
NM_001040,17
NM_001040001,6
NM_001040022,20
NM_001040025,17
NM_001040033,1
NM_001040034,12
NM_001040057,7
NM_001040058,4
NM_001040065,9
NM_001040078,17
NM_001040100,3
NM_001040103,10
NM_001040105,7
NM_001040107,12
NM_001040108,14
NM_001040109,6
NM_001040113,16
NM_001040114,16
NM_001040118,11
NM_001040135,7
NM_001040138,16
NM_001040139,16
NM_001040147,18
NM_001040152,7
NM_001040153,13
NM_001040157,4
NM_001040166,16
NM_001040167,7
NM_001040168,7
NM_001040173,5
NM_001040179,6
NM_001040185,19
NM_001040196,1
NM_001040199,3
NM_001040202,4
NM_001040214,6
NM_001040217,1
NM_001040260,4
NM_001040274,6
NM_001040283,19
NM_001040284,16
NM_001040285,16
NM_001040402,4
NM_001040404,2
NM_001040427,16
NM_001040429,13
NM_001040431,17
NM_001040436,12
NM_001040437,HSCHR6_MHC_QBL_CTG1
NM_001040440,5
NM_001040441,1
NM_001040442,5
NM_001040443,13
NM_001040445,2
NM_001040446,5
NM_001040450,15
NM_001040453,15
NM_001040454,3
NM_001040455,11
NM_001040457,7
NM_001040458,5
NM_001040462,5
NM_001040613,8
NM_001040619,1
NM_001040630,8
NM_001040649,2
NM_001040653,3
NM_001040655,15
NM_001040661,7
NM_001040664,19
NM_001040667,16
NM_001040694,11
NM_001040697,11
NM_001040702,HSCHR8_3_CTG1
NM_001040703,HSCHR8_3_CTG1
NM_001040704,HSCHR8_3_CTG1
NM_001040708,8
NM_001040710,2
NM_001040715,16
NM_001040716,11
NM_001040874,1
NM_001041,3
NM_001042,17
NM_001042353,20
NM_001042357,10
NM_001042367,15
NM_001042368,9
NM_001042369,1
NM_001042371,16
NM_001042384,3
NM_001042388,18
NM_001042402,4
NM_001042413,9
NM_001042414,13
NM_001042416,8
NM_001042417,10
NM_001042422,17
NM_001042430,14
NM_001042432,16
NM_001042454,16
NM_001042463,11
NM_001042465,10
NM_001042467,2
NM_001042468,7
NM_001042471,17
NM_001042474,19
NM_001042475,6
NM_001042476,16
NM_001042481,14
NM_001042483,16
NM_001042490,HSCHR5_2_CTG1_1
NM_001042492,17
NM_001042493,6
NM_001042496,15
NM_001042498,X
NM_001042506,X
NM_001042507,19
NM_001042510,8
NM_001042517,13
NM_001042519,2
NM_001042533,3
NM_001042535,7
NM_001042537,X
NM_001042539,16
NM_001042544,19
NM_001042548,2
NM_001042550,9
NM_001042552,1
NM_001042572,15
NM_001042573,17
NM_001042576,20
NM_001042583,1
NM_001042590,9
NM_001042600,19
NM_001042601,3
NM_001042604,3
NM_001042610,16
NM_001042616,4
NM_001042631,19
NM_001042633,20
NM_001042635,14
NM_001042646,3
NM_001042683,6
NM_001042698,17
NM_001042702,2
NM_001042723,19
NM_001042724,19
NM_001042747,1
NM_001042749,X
NM_001042758,1
NM_001042762,7
NM_001042780,11
NM_001042784,4
NM_001043,16
NM_001043229,11
NM_001043351,1
NM_001043352,1
NM_001044,5
NM_001044305,6
NM_001044369,18
NM_001044370,22
NM_001044385,2
NM_001044723,5
NM_001045,17
NM_001045476,9
NM_001045548,16
NM_001045556,8
NM_001046,5
NM_001047,5
NM_001047160,10
NM_001047605,19
NM_001047841,2
NM_001048,3
NM_001048166,1
NM_001048173,1
NM_001048183,1
NM_001048194,1
NM_001048205,14
NM_001048210,1
NM_001048218,11
NM_001048226,20
NM_001048249,5
NM_001048252,5
NM_001048265,9
NM_001049,14
NM_001050,17
NM_001051,22
NM_001052,20
NM_001053,16
NM_001057,10
NM_001059,4
NM_001060,19
NM_001062,11
NM_001063,3
NM_001064,3
NM_001065,12
NM_001066,1
NM_001067,17
NM_001068,3
NM_001069,6
NM_001070,17
NM_001071,18
NM_001071775,13
NM_001072,2
NM_001073,4
NM_001074,4
NM_001075,4
NM_001076,4
NM_001076675,19
NM_001076678,19
NM_001076680,17
NM_001076682,11
NM_001076683,17
NM_001076780,16
NM_001076785,16
NM_001076786,11
NM_001076787,11
NM_001077,4
NM_001077186,19
NM_001077188,X
NM_001077191,2
NM_001077195,1
NM_001077198,2
NM_001077204,8
NM_001077207,4
NM_001077238,19
NM_001077239,11
NM_001077263,11
NM_001077268,15
NM_001077269,2
NM_001077351,14
NM_001077358,2
NM_001077394,1
NM_001077395,1
NM_001077399,2
NM_001077446,19
NM_001077482,1
NM_001077489,20
NM_001077490,20
NM_001077526,3
NM_001077594,14
NM_001077619,8
NM_001077620,17
NM_001077621,7
NM_001077628,1
NM_001077639,11
NM_001077664,7
NM_001077685,10
NM_001077686,10
NM_001077691,11
NM_001077693,5
NM_001077697,Y
NM_001077702,1
NM_001077706,6
NM_001077708,7
NM_001077710,2
NM_001078,1
NM_001078166,17
NM_001078170,2
NM_001078171,X
NM_001078172,X
NM_001078177,6
NM_001079,2
NM_001079515,1
NM_001079519,14
NM_001079525,4
NM_001079526,2
NM_001079527,5
NM_001079528,16
NM_001079537,14
NM_001079539,22
NM_001079559,11
NM_001079653,7
NM_001079673,13
NM_001079675,17
NM_001079802,9
NM_001079807,11
NM_001079809,3
NM_001079821,1
NM_001079839,4
NM_001079843,1
NM_001079846,16
NM_001079858,X
NM_001081,10
NM_001082,19
NM_001083,4
NM_001084,7
NM_001085,14
NM_001086,3
NM_001087,2
NM_001088,17
NM_001089,16
NM_001090,6
NM_001091,7
NM_001093,12
NM_001097,22
NM_001098,22
NM_001099,3
NM_001100,1
NM_001101,7
NM_001102,14
NM_001103,1
NM_001104,11
NM_001105,2
NM_001106,3
NM_001109,10
NM_001110,15
NM_001111,1
NM_001112,21
NM_001114,16
NM_001115,8
NM_001116,16
NM_001117,18
NM_001118,7
NM_001119,4
NM_001120,4
NM_001122,9
NM_001123,10
NM_001124,11
NM_001125,3
NM_001126,1
NM_001127,22
NM_001128,16
NM_001129,7
NM_001131,6
NM_001132,16
NM_001133,4
NM_001134,4
NM_001136,6
NM_001138,16
NM_001139,17
NM_001140,17
NM_001141,17
NM_001143,Y
NM_001144,16
NM_001145,14
NM_001146,8
NM_001147,8
NM_001148,4
NM_001149,10
NM_001150,15
NM_001151,4
NM_001152,X
NM_001153,2
NM_001154,4
NM_001155,5
NM_001158,17
NM_001159,2
NM_001161,9
NM_001163,9
NM_001164,11
NM_001165,11
NM_001166,11
NM_001167,X
NM_001169,16
NM_001170,9
NM_001171,16
NM_001172,14
NM_001173,14
NM_001174,X
NM_001175,12
NM_001176,16
NM_001177,12
NM_001178,11
NM_001179,4
NM_001182,5
NM_001183,X
NM_001184,3
NM_001185,7
NM_001188,6
NM_001189,4
NM_001190,19
NM_001191,20
NM_001192,16
NM_001194,19
NM_001195,20
NM_001197,22
NM_001198,6
NM_001199,8
NM_001200,20
NM_001201,4
NM_001202,14
NM_001203,4
NM_001204,2
NM_001206,9
NM_001207,5
NM_001211,15
NM_001212,17
NM_001214,16
NM_001215,1
NM_001216,9
NM_001217,19
NM_001218,15
NM_001219,7
NM_001221,4
NM_001226,4
NM_001229,1
NM_001231,1
NM_001232,1
NM_001233,7
NM_001234,3
NM_001235,11
NM_001236,21
NM_001237,4
NM_001238,19
NM_001239,5
NM_001240,12
NM_001242,12
NM_001243,1
NM_001244,9
NM_001245,19
NM_001246,9
NM_001247,20
NM_001248,3
NM_001249,14
NM_001250,20
NM_001251,17
NM_001252,19
NM_001253,6
NM_001254,17
NM_001255,1
NM_001256,17
NM_001257,16
NM_001258,17
NM_001259,7
NM_001260,13
NM_001261,9
NM_001262,1
NM_001263,4
NM_001264,HSCHR6_MHC_MANN_CTG1
NM_001265,13
NM_001266,16
NM_001267,17
NM_001268,13
NM_001269,1
NM_001270,5
NM_001271,15
NM_001273,12
NM_001274,11
NM_001275,14
NM_001276,1
NM_001277,11
NM_001278,10
NM_001280,19
NM_001281,19
NM_001282,17
NM_001283,7
NM_001285,1
NM_001286,1
NM_001287,16
NM_001288,HSCHR6_MHC_QBL_CTG1
NM_001289,X
NM_001290,4
NM_001291,1
NM_001293,11
NM_001294,19
NM_001295,3
NM_001296,3
NM_001297,16
NM_001298,2
NM_001299,19
NM_001300,10
NM_001302,1
NM_001303,17
NM_001304,17
NM_001305,7
NM_001306,7
NM_001307,17
NM_001308,10
NM_001310,12
NM_001311,14
NM_001312,14
NM_001315,6
NM_001316,20
NM_001317,17
NM_001319,19
NM_001320,6
NM_001321,12
NM_001322,20
NM_001323,11
NM_001324,20
NM_001325,X
NM_001326,11
NM_001329,10
NM_001330,16
NM_001331,11
NM_001332,5
NM_001333,9
NM_001334,4
NM_001335,11
NM_001336,20
NM_001337,3
NM_001338,21
NM_001340,9
NM_001343,5
NM_001344,14
NM_001346,3
NM_001347,4
NM_001348,19
NM_001349,2
NM_001350,6
NM_001351,3
NM_001352,19
NM_001353,10
NM_001355,22
NM_001356,X
NM_001357,1
NM_001358,4
NM_001359,8
NM_001360,11
NM_001361,16
NM_001362,14
NM_001363,X
NM_001364,11
NM_001365,17
NM_001369,5
NM_001371,6
NM_001372,17
NM_001374,16
NM_001375,19
NM_001376,14
NM_001378,2
NM_001379,19
NM_001380,10
NM_001381,2
NM_001382,11
NM_001383,17
NM_001384,1
NM_001385,8
NM_001386,8
NM_001387,5
NM_001388,17
NM_001389,21
NM_001390,18
NM_001391,18
NM_001392,18
NM_001393,9
NM_001394,8
NM_001395,X
NM_001397,1
NM_001398,19
NM_001399,X
NM_001400,1
NM_001402,6
NM_001404,11
NM_001405,19
NM_001406,17
NM_001407,3
NM_001408,1
NM_001409,1
NM_001410,19
NM_001412,X
NM_001414,12
NM_001415,X
NM_001416,17
NM_001417,12
NM_001418,11
NM_001419,19
NM_001420,19
NM_001421,X
NM_001423,12
NM_001424,16
NM_001425,19
NM_001426,2
NM_001427,7
NM_001428,1
NM_001429,22
NM_001430,2
NM_001431,6
NM_001432,4
NM_001433,17
NM_001436,19
NM_001437,14
NM_001439,1
NM_001440,8
NM_001441,1
NM_001442,8
NM_001443,2
NM_001444,8
NM_001445,5
NM_001446,6
NM_001447,5
NM_001448,X
NM_001449,X
NM_001451,16
NM_001452,6
NM_001453,6
NM_001454,17
NM_001455,6
NM_001456,X
NM_001457,3
NM_001458,7
NM_001459,19
NM_001460,1
NM_001461,1
NM_001462,19
NM_001463,2
NM_001464,8
NM_001465,5
NM_001466,17
NM_001467,11
NM_001469,22
NM_001470,6
NM_001478,12
NM_001480,18
NM_001481,16
NM_001482,15
NM_001483,7
NM_001485,2
NM_001486,2
NM_001487,12
NM_001488,17
NM_001490,9
NM_001491,6
NM_001492,19
NM_001493,X
NM_001494,10
NM_001495,8
NM_001496,5
NM_001497,9
NM_001498,6
NM_001499,9
NM_001500,6
NM_001501,20
NM_001503,6
NM_001504,X
NM_001505,7
NM_001506,19
NM_001507,13
NM_001508,2
NM_001509,6
NM_001510,4
NM_001511,4
NM_001512,6
NM_001514,1
NM_001515,5
NM_001516,12
NM_001517,6
NM_001518,7
NM_001520,16
NM_001521,2
NM_001522,X
NM_001523,19
NM_001524,17
NM_001525,1
NM_001526,6
NM_001527,6
NM_001528,4
NM_001531,1
NM_001532,11
NM_001533,19
NM_001537,16
NM_001538,16
NM_001539,9
NM_001540,7
NM_001541,11
NM_001542,1
NM_001543,5
NM_001544,19
NM_001545,17
NM_001546,6
NM_001547,10
NM_001548,10
NM_001549,10
NM_001551,X
NM_001552,17
NM_001553,4
NM_001554,1
NM_001555,X
NM_001556,8
NM_001557,2
NM_001558,11
NM_001559,1
NM_001560,X
NM_001561,1
NM_001562,11
NM_001563,6
NM_001564,4
NM_001565,4
NM_001567,11
NM_001568,8
NM_001569,X
NM_001570,3
NM_001571,19
NM_001584,11
NM_001586,X
NM_001604,11
NM_001605,16
NM_001606,9
NM_001607,3
NM_001608,2
NM_001609,10
NM_001610,11
NM_001611,19
NM_001612,11
NM_001613,10
NM_001614,17
NM_001615,2
NM_001616,2
NM_001618,1
NM_001619,11
NM_001620,11
NM_001621,7
NM_001622,3
NM_001624,6
NM_001625,1
NM_001626,19
NM_001627,3
NM_001628,7
NM_001629,13
NM_001630,10
NM_001631,2
NM_001632,2
NM_001633,9
NM_001634,6
NM_001635,7
NM_001636,X
NM_001637,7
NM_001638,12
NM_001639,1
NM_001640,3
NM_001642,11
NM_001643,1
NM_001644,12
NM_001645,19
NM_001646,19
NM_001647,3
NM_001648,19
NM_001649,X
NM_001650,18
NM_001651,12
NM_001652,12
NM_001654,X
NM_001655,11
NM_001656,5
NM_001657,4
NM_001658,1
NM_001659,12
NM_001660,3
NM_001661,17
NM_001662,7
NM_001663,14
NM_001664,3
NM_001665,11
NM_001666,X
NM_001667,11
NM_001668,1
NM_001669,X
NM_001670,22
NM_001671,17
NM_001672,20
NM_001673,7
NM_001675,22
NM_001676,13
NM_001677,1
NM_001678,17
NM_001679,3
NM_001681,12
NM_001682,12
NM_001684,1
NM_001686,12
NM_001688,1
NM_001690,3
NM_001692,2
NM_001693,8
NM_001694,16
NM_001695,8
NM_001696,22
NM_001697,21
NM_001698,9
NM_001700,19
NM_001701,9
NM_001702,8
NM_001704,6
NM_001707,7
NM_001708,7
NM_001710,6
NM_001711,X
NM_001712,19
NM_001713,5
NM_001715,8
NM_001717,15
NM_001718,6
NM_001719,20
NM_001720,1
NM_001721,X
NM_001722,8
NM_001723,6
NM_001725,20
NM_001727,X
NM_001728,19
NM_001729,4
NM_001730,13
NM_001731,12
NM_001732,6
NM_001733,12
NM_001734,12
NM_001735,9
NM_001736,19
NM_001737,5
NM_001738,8
NM_001739,16
NM_001740,16
NM_001741,11
NM_001742,7
NM_001743,2
NM_001744,5
NM_001745,5
NM_001746,5
NM_001747,2
NM_001748,1
NM_001749,19
NM_001750,5
NM_001752,11
NM_001753,7
NM_001755,16
NM_001756,14
NM_001757,21
NM_001759,12
NM_001760,6
NM_001761,16
NM_001762,7
NM_001763,1
NM_001764,1
NM_001765,1
NM_001766,1
NM_001767,1
NM_001768,2
NM_001769,12
NM_001770,16
NM_001771,19
NM_001772,19
NM_001773,1
NM_001774,19
NM_001775,4
NM_001776,10
NM_001777,3
NM_001778,1
NM_001779,1
NM_001780,12
NM_001781,12
NM_001782,9
NM_001783,19
NM_001785,1
NM_001786,10
NM_001789,3
NM_001790,5
NM_001791,1
NM_001792,18
NM_001793,16
NM_001794,20
NM_001795,16
NM_001796,16
NM_001797,16
NM_001798,12
NM_001799,5
NM_001800,19
NM_001801,5
NM_001802,16
NM_001803,1
NM_001804,5
NM_001805,14
NM_001806,19
NM_001807,9
NM_001809,2
NM_001810,20
NM_001812,4
NM_001813,4
NM_001814,11
NM_001815,19
NM_001816,19
NM_001817,19
NM_001818,10
NM_001819,20
NM_001821,1
NM_001822,2
NM_001823,14
NM_001824,19
NM_001825,5
NM_001826,1
NM_001827,9
NM_001828,19
NM_001829,4
NM_001830,X
NM_001832,6
NM_001834,5
NM_001835,22
NM_001836,14
NM_001837,3
NM_001838,17
NM_001839,1
NM_001841,1
NM_001843,12
NM_001844,12
NM_001845,13
NM_001846,13
NM_001848,21
NM_001849,21
NM_001850,3
NM_001851,6
NM_001852,1
NM_001853,20
NM_001855,9
NM_001856,1
NM_001858,6
NM_001859,9
NM_001860,9
NM_001861,16
NM_001862,2
NM_001863,19
NM_001864,19
NM_001865,6
NM_001866,X
NM_001867,5
NM_001868,7
NM_001869,7
NM_001870,3
NM_001871,3
NM_001872,13
NM_001873,4
NM_001874,12
NM_001875,2
NM_001876,11
NM_001878,1
NM_001879,3
NM_001880,2
NM_001881,10
NM_001882,5
NM_001883,7
NM_001884,5
NM_001885,11
NM_001886,22
NM_001887,22
NM_001888,16
NM_001889,1
NM_001890,4
NM_001891,4
NM_001892,5
NM_001893,17
NM_001896,16
NM_001897,15
NM_001898,20
NM_001899,20
NM_001900,20
NM_001901,6
NM_001902,1
NM_001903,5
NM_001904,3
NM_001905,1
NM_001906,16
NM_001907,16
NM_001909,11
NM_001910,1
NM_001911,14
NM_001912,9
NM_001913,7
NM_001914,18
NM_001916,8
NM_001917,12
NM_001918,1
NM_001919,16
NM_001920,12
NM_001922,13
NM_001923,11
NM_001924,1
NM_001925,8
NM_001926,8
NM_001927,2
NM_001928,19
NM_001931,11
NM_001932,17
NM_001933,14
NM_001935,2
NM_001937,1
NM_001938,1
NM_001939,X
NM_001942,18
NM_001943,18
NM_001944,18
NM_001945,5
NM_001946,12
NM_001947,3
NM_001948,15
NM_001949,6
NM_001950,16
NM_001951,8
NM_001953,22
NM_001955,6
NM_001956,1
NM_001957,4
NM_001958,20
NM_001959,2
NM_001961,19
NM_001962,5
NM_001963,4
NM_001964,5
NM_001965,2
NM_001966,3
NM_001967,3
NM_001968,4
NM_001969,14
NM_001970,17
NM_001971,12
NM_001972,19
NM_001973,1
NM_001974,19
NM_001975,12
NM_001976,17
NM_001977,4
NM_001978,8
NM_001979,8
NM_001980,12
NM_001981,1
NM_001982,12
NM_001983,19
NM_001984,13
NM_001986,17
NM_001987,12
NM_001988,17
NM_001989,7
NM_001990,1
NM_001991,17
NM_001992,5
NM_001993,1
NM_001994,1
NM_001995,4
NM_001996,22
NM_001997,11
NM_001999,5
NM_002000,19
NM_002001,1
NM_002002,19
NM_002003,9
NM_002004,1
NM_002005,15
NM_002006,4
NM_002007,11
NM_002009,15
NM_002010,13
NM_002012,3
NM_002013,14
NM_002014,12
NM_002015,13
NM_002016,1
NM_002017,11
NM_002018,17
NM_002019,13
NM_002020,5
NM_002021,1
NM_002022,1
NM_002023,1
NM_002024,X
NM_002025,X
NM_002027,8
NM_002028,14
NM_002029,19
NM_002030,19
NM_002031,6
NM_002032,11
NM_002033,11
NM_002034,19
NM_002035,18
NM_002036,1
NM_002037,6
NM_002040,21
NM_002041,15
NM_002042,6
NM_002043,6
NM_002045,3
NM_002046,12
NM_002047,7
NM_002048,9
NM_002049,X
NM_002052,8
NM_002053,1
NM_002054,2
NM_002055,17
NM_002056,2
NM_002060,1
NM_002061,1
NM_002062,6
NM_002063,X
NM_002064,5
NM_002065,1
NM_002066,8
NM_002067,19
NM_002068,19
NM_002069,7
NM_002070,3
NM_002071,18
NM_002072,9
NM_002073,22
NM_002074,1
NM_002075,12
NM_002076,12
NM_002077,9
NM_002078,3
NM_002079,10
NM_002080,16
NM_002081,2
NM_002082,5
NM_002083,14
NM_002084,5
NM_002085,19
NM_002086,17
NM_002087,17
NM_002088,19
NM_002089,4
NM_002090,4
NM_002091,18
NM_002092,4
NM_002093,3
NM_002094,16
NM_002095,8
NM_002096,19
NM_002097,13
NM_002098,6
NM_002099,4
NM_002100,4
NM_002101,2
NM_002102,4
NM_002103,19
NM_002104,5
NM_002105,11
NM_002106,4
NM_002107,1
NM_002108,12
NM_002109,5
NM_002110,20
NM_002111,4
NM_002112,15
NM_002113,1
NM_002114,6
NM_002115,5
NM_002116,6
NM_002117,HSCHR6_MHC_QBL_CTG1
NM_002118,6
NM_002119,6
NM_002120,6
NM_002121,6
NM_002122,6
NM_002123,6
NM_002124,6
NM_002125,6
NM_002126,17
NM_002127,HSCHR6_MHC_QBL_CTG1
NM_002128,13
NM_002129,4
NM_002130,5
NM_002131,6
NM_002133,22
NM_002134,16
NM_002135,12
NM_002136,12
NM_002137,7
NM_002138,4
NM_002139,X
NM_002140,9
NM_002141,7
NM_002143,1
NM_002144,17
NM_002145,17
NM_002146,17
NM_002147,17
NM_002148,2
NM_002150,12
NM_002152,19
NM_002153,16
NM_002154,5
NM_002155,1
NM_002156,2
NM_002157,2
NM_002158,2
NM_002159,HSCHR4_9_CTG12
NM_002160,9
NM_002162,19
NM_002163,16
NM_002164,8
NM_002165,20
NM_002166,2
NM_002167,1
NM_002168,15
NM_002169,9
NM_002170,9
NM_002171,9
NM_002172,9
NM_002173,9
NM_002175,9
NM_002176,9
NM_002177,9
NM_002178,12
NM_002180,11
NM_002182,3
NM_002183,X
NM_002184,5
NM_002185,5
NM_002187,5
NM_002188,5
NM_002190,6
NM_002191,2
NM_002192,7
NM_002193,2
NM_002194,2
NM_002195,9
NM_002196,20
NM_002197,9
NM_002198,5
NM_002199,4
NM_002201,15
NM_002202,5
NM_002203,5
NM_002204,17
NM_002205,12
NM_002206,12
NM_002207,3
NM_002208,17
NM_002209,16
NM_002210,2
NM_002211,10
NM_002213,3
NM_002214,7
NM_002215,3
NM_002216,10
NM_002217,3
NM_002218,3
NM_002220,15
NM_002221,1
NM_002222,3
NM_002223,12
NM_002224,6
NM_002225,15
NM_002226,14
NM_002227,1
NM_002228,1
NM_002229,19
NM_002230,17
NM_002231,11
NM_002232,1
NM_002233,11
NM_002234,12
NM_002235,12
NM_002236,2
NM_002237,20
NM_002239,2
NM_002240,21
NM_002241,1
NM_002242,2
NM_002245,1
NM_002246,2
NM_002247,10
NM_002248,19
NM_002249,1
NM_002250,19
NM_002251,20
NM_002252,2
NM_002253,4
NM_002254,2
NM_002255,19
NM_002256,1
NM_002257,19
NM_002258,12
NM_002259,12
NM_002260,12
NM_002262,12
NM_002263,6
NM_002264,3
NM_002265,17
NM_002266,17
NM_002267,13
NM_002268,3
NM_002269,6
NM_002270,5
NM_002271,13
NM_002272,12
NM_002273,12
NM_002274,17
NM_002275,17
NM_002276,17
NM_002277,17
NM_002278,17
NM_002279,17
NM_002280,17
NM_002281,12
NM_002282,12
NM_002283,12
NM_002284,12
NM_002285,2
NM_002286,12
NM_002287,19
NM_002288,19
NM_002289,12
NM_002290,6
NM_002291,7
NM_002292,3
NM_002293,1
NM_002294,X
NM_002296,1
NM_002297,9
NM_002298,13
NM_002299,2
NM_002300,12
NM_002301,11
NM_002302,5
NM_002303,1
NM_002304,7
NM_002305,22
NM_002306,14
NM_002307,19
NM_002309,22
NM_002310,5
NM_002311,17
NM_002312,13
NM_002314,7
NM_002315,11
NM_002316,9
NM_002317,5
NM_002318,8
NM_002319,7
NM_002332,12
NM_002333,19
NM_002334,11
NM_002335,11
NM_002336,12
NM_002337,4
NM_002338,3
NM_002340,21
NM_002341,6
NM_002342,12
NM_002343,3
NM_002344,15
NM_002345,12
NM_002346,8
NM_002347,8
NM_002348,1
NM_002349,2
NM_002350,8
NM_002351,X
NM_002353,1
NM_002354,2
NM_002355,12
NM_002356,6
NM_002357,2
NM_002358,4
NM_002359,17
NM_002360,7
NM_002362,X
NM_002363,X
NM_002364,X
NM_002365,X
NM_002367,X
NM_002370,1
NM_002371,2
NM_002372,5
NM_002373,15
NM_002374,2
NM_002375,3
NM_002376,14
NM_002377,6
NM_002379,1
NM_002381,2
NM_002383,16
NM_002385,18
NM_002386,16
NM_002387,5
NM_002388,6
NM_002389,1
NM_002390,17
NM_002392,12
NM_002393,1
NM_002394,11
NM_002395,6
NM_002396,18
NM_002397,5
NM_002398,2
NM_002402,7
NM_002404,17
NM_002405,22
NM_002406,5
NM_002407,11
NM_002408,14
NM_002409,22
NM_002410,2
NM_002411,11
NM_002412,10
NM_002413,4
NM_002414,X
NM_002415,22
NM_002416,4
NM_002417,10
NM_002418,6
NM_002419,11
NM_002420,15
NM_002421,11
NM_002422,11
NM_002423,11
NM_002424,11
NM_002425,11
NM_002426,11
NM_002427,11
NM_002428,16
NM_002429,12
NM_002430,22
NM_002431,14
NM_002432,1
NM_002434,16
NM_002435,15
NM_002436,X
NM_002437,2
NM_002439,5
NM_002440,1
NM_002441,6
NM_002442,12
NM_002443,10
NM_002444,X
NM_002445,8
NM_002446,19
NM_002447,3
NM_002448,4
NM_002449,5
NM_002451,9
NM_002456,1
NM_002457,HG107_HG2565_PATCH
NM_002460,6
NM_002461,16
NM_002462,21
NM_002463,21
NM_002466,20
NM_002467,8
NM_002468,3
NM_002469,12
NM_002470,17
NM_002471,14
NM_002472,17
NM_002473,22
NM_002474,16
NM_002475,12
NM_002476,17
NM_002477,4
NM_002478,11
NM_002479,1
NM_002480,12
NM_002483,19
NM_002484,16
NM_002485,8
NM_002486,9
NM_002487,15
NM_002488,5
NM_002489,7
NM_002490,22
NM_002491,2
NM_002492,3
NM_002494,4
NM_002495,5
NM_002496,11
NM_002497,1
NM_002498,13
NM_002499,15
NM_002500,2
NM_002501,19
NM_002502,10
NM_002503,19
NM_002504,9
NM_002505,6
NM_002506,1
NM_002507,17
NM_002508,1
NM_002509,20
NM_002511,6
NM_002512,17
NM_002513,16
NM_002514,8
NM_002515,14
NM_002516,19
NM_002517,19
NM_002518,2
NM_002519,11
NM_002520,5
NM_002521,1
NM_002522,17
NM_002523,7
NM_002524,1
NM_002525,1
NM_002526,6
NM_002527,12
NM_002528,16
NM_002529,1
NM_002530,15
NM_002531,20
NM_002532,17
NM_002533,1
NM_002534,12
NM_002537,15
NM_002538,5
NM_002539,2
NM_002540,9
NM_002541,7
NM_002542,3
NM_002543,12
NM_002544,17
NM_002546,8
NM_002547,X
NM_002548,17
NM_002550,17
NM_002551,17
NM_002552,2
NM_002553,7
NM_002556,11
NM_002557,1
NM_002558,17
NM_002559,11
NM_002560,12
NM_002561,17
NM_002562,12
NM_002563,3
NM_002565,X
NM_002566,19
NM_002567,12
NM_002568,8
NM_002569,15
NM_002570,15
NM_002571,9
NM_002572,11
NM_002573,19
NM_002574,1
NM_002575,18
NM_002576,11
NM_002577,3
NM_002578,X
NM_002579,19
NM_002581,9
NM_002582,16
NM_002583,12
NM_002585,1
NM_002586,6
NM_002587,5
NM_002589,4
NM_002590,13
NM_002591,20
NM_002592,20
NM_002593,7
NM_002594,20
NM_002595,12
NM_002597,1
NM_002598,6
NM_002599,11
NM_002600,1
NM_002601,2
NM_002602,17
NM_002603,8
NM_002604,8
NM_002605,15
NM_002606,21
NM_002607,7
NM_002608,22
NM_002609,5
NM_002610,2
NM_002611,17
NM_002612,7
NM_002613,16
NM_002614,1
NM_002615,17
NM_002616,17
NM_002617,1
NM_002618,2
NM_002619,4
NM_002620,4
NM_002621,X
NM_002622,5
NM_002623,20
NM_002624,12
NM_002625,X
NM_002627,10
NM_002629,10
NM_002630,6
NM_002631,1
NM_002632,14
NM_002633,1
NM_002634,17
NM_002636,6
NM_002637,X
NM_002638,20
NM_002639,18
NM_002641,X
NM_002642,1
NM_002643,2
NM_002644,1
NM_002645,11
NM_002646,1
NM_002647,18
NM_002648,6
NM_002649,7
NM_002650,22
NM_002651,1
NM_002652,7
NM_002653,5
NM_002655,8
NM_002657,20
NM_002658,10
NM_002659,19
NM_002660,20
NM_002661,16
NM_002662,3
NM_002663,17
NM_002664,2
NM_002665,2
NM_002666,15
NM_002667,6
NM_002668,X
NM_002669,4
NM_002670,3
NM_002673,3
NM_002674,12
NM_002675,15
NM_002676,22
NM_002677,8
NM_002686,17
NM_002687,14
NM_002688,22
NM_002689,11
NM_002690,8
NM_002691,19
NM_002692,14
NM_002693,15
NM_002694,16
NM_002695,19
NM_002696,11
NM_002697,1
NM_002698,19
NM_002699,1
NM_002700,5
NM_002701,6
NM_002702,12
NM_002703,4
NM_002704,4
NM_002705,16
NM_002706,2
NM_002709,2
NM_002710,12
NM_002711,7
NM_002712,2
NM_002714,6
NM_002715,5
NM_002716,11
NM_002717,8
NM_002718,3
NM_002719,14
NM_002720,16
NM_002721,9
NM_002722,17
NM_002723,12
NM_002725,1
NM_002726,6
NM_002727,10
NM_002728,11
NM_002729,10
NM_002730,19
NM_002731,1
NM_002732,9
NM_002735,7
NM_002736,7
NM_002737,17
NM_002738,16
NM_002739,19
NM_002740,3
NM_002741,19
NM_002742,14
NM_002743,19
NM_002744,1
NM_002745,22
NM_002746,16
NM_002747,18
NM_002748,15
NM_002751,22
NM_002752,5
NM_002754,6
NM_002755,15
NM_002757,15
NM_002758,17
NM_002759,2
NM_002760,Y
NM_002761,16
NM_002762,16
NM_002763,1
NM_002764,X
NM_002765,X
NM_002766,17
NM_002767,17
NM_002768,16
NM_002769,7
NM_002770,7
NM_002771,9
NM_002772,21
NM_002773,16
NM_002775,10
NM_002776,19
NM_002777,19
NM_002778,10
NM_002779,10
NM_002780,19
NM_002781,19
NM_002782,19
NM_002783,19
NM_002784,19
NM_002785,19
NM_002787,7
NM_002788,14
NM_002789,15
NM_002790,1
NM_002791,14
NM_002792,20
NM_002793,6
NM_002794,1
NM_002795,17
NM_002796,1
NM_002797,14
NM_002798,17
NM_002799,9
NM_002800,6
NM_002801,16
NM_002802,14
NM_002803,7
NM_002804,11
NM_002805,17
NM_002806,14
NM_002807,2
NM_002808,3
NM_002809,17
NM_002810,1
NM_002811,16
NM_002812,19
NM_002813,12
NM_002814,X
NM_002815,17
NM_002816,17
NM_002818,14
NM_002819,19
NM_002821,6
NM_002822,12
NM_002823,2
NM_002824,12
NM_002825,7
NM_002826,1
NM_002827,20
NM_002828,18
NM_002829,9
NM_002830,2
NM_002831,12
NM_002833,15
NM_002834,12
NM_002835,7
NM_002836,20
NM_002837,12
NM_002838,1
NM_002839,9
NM_002840,1
NM_002841,3
NM_002842,19
NM_002843,11
NM_002844,6
NM_002845,18
NM_002846,2
NM_002847,7
NM_002849,12
NM_002850,19
NM_002851,7
NM_002852,3
NM_002854,22
NM_002855,11
NM_002856,19
NM_002857,1
NM_002858,1
NM_002859,12
NM_002860,10
NM_002861,17
NM_002862,20
NM_002863,14
NM_002864,12
NM_002865,8
NM_002866,19
NM_002867,1
NM_002868,12
NM_002869,11
NM_002870,1
NM_002871,1
NM_002872,22
NM_002873,5
NM_002874,9
NM_002875,15
NM_002876,17
NM_002878,17
NM_002880,3
NM_002881,2
NM_002882,22
NM_002883,22
NM_002885,1
NM_002886,3
NM_002887,5
NM_002888,3
NM_002889,7
NM_002890,5
NM_002891,15
NM_002892,14
NM_002893,X
NM_002894,18
NM_002895,20
NM_002896,11
NM_002897,2
NM_002898,12
NM_002899,3
NM_002900,10
NM_002901,11
NM_002902,15
NM_002903,17
NM_002904,6
NM_002905,12
NM_002906,11
NM_002908,2
NM_002909,2
NM_002910,X
NM_002911,19
NM_002912,6
NM_002913,4
NM_002915,13
NM_002916,3
NM_002917,17
NM_002918,19
NM_002920,12
NM_002921,10
NM_002922,1
NM_002923,1
NM_002924,1
NM_002926,4
NM_002927,1
NM_002928,1
NM_002929,13
NM_002930,18
NM_002931,6
NM_002934,14
NM_002935,14
NM_002936,2
NM_002938,4
NM_002939,11
NM_002940,4
NM_002942,3
NM_002944,6
NM_002945,17
NM_002946,1
NM_002947,7
NM_002948,3
NM_002949,17
NM_002950,3
NM_002951,20
NM_002952,16
NM_002953,1
NM_002954,2
NM_002955,6
NM_002956,12
NM_002957,9
NM_002959,1
NM_002960,1
NM_002961,1
NM_002962,1
NM_002963,1
NM_002964,1
NM_002965,1
NM_002966,1
NM_002967,19
NM_002968,16
NM_002969,22
NM_002970,X
NM_002971,3
NM_002972,22
NM_002973,12
NM_002974,18
NM_002975,19
NM_002976,2
NM_002977,2
NM_002978,1
NM_002979,1
NM_002980,2
NM_002981,17
NM_002982,17
NM_002983,17
NM_002984,17
NM_002985,17
NM_002986,17
NM_002987,16
NM_002988,17
NM_002989,9
NM_002990,16
NM_002991,7
NM_002993,4
NM_002994,4
NM_002995,1
NM_002996,16
NM_002998,8
NM_002999,20
NM_003000,1
NM_003001,1
NM_003002,11
NM_003003,17
NM_003004,17
NM_003005,1
NM_003006,12
NM_003007,20
NM_003008,20
NM_003009,19
NM_003010,17
NM_003011,9
NM_003012,8
NM_003013,4
NM_003014,7
NM_003015,10
NM_003016,17
NM_003017,6
NM_003018,8
NM_003019,10
NM_003020,15
NM_003021,19
NM_003022,X
NM_003023,4
NM_003025,19
NM_003026,9
NM_003027,15
NM_003028,9
NM_003029,1
NM_003031,16
NM_003033,8
NM_003034,12
NM_003036,1
NM_003037,1
NM_003038,2
NM_003039,1
NM_003040,7
NM_003041,16
NM_003042,3
NM_003043,3
NM_003044,12
NM_003045,13
NM_003046,8
NM_003047,1
NM_003048,2
NM_003049,14
NM_003051,1
NM_003052,5
NM_003053,8
NM_003054,10
NM_003055,10
NM_003056,21
NM_003058,6
NM_003059,5
NM_003060,5
NM_003061,10
NM_003062,5
NM_003063,11
NM_003064,20
NM_003068,8
NM_003069,X
NM_003071,3
NM_003072,19
NM_003073,22
NM_003074,3
NM_003077,17
NM_003078,7
NM_003079,17
NM_003080,6
NM_003081,20
NM_003082,14
NM_003083,19
NM_003084,9
NM_003086,9
NM_003087,10
NM_003088,7
NM_003089,19
NM_003090,15
NM_003092,20
NM_003093,6
NM_003094,1
NM_003095,12
NM_003096,2
NM_003098,20
NM_003099,15
NM_003100,5
NM_003101,1
NM_003102,4
NM_003103,21
NM_003104,15
NM_003105,11
NM_003106,3
NM_003107,6
NM_003108,2
NM_003110,17
NM_003111,2
NM_003112,7
NM_003113,2
NM_003114,8
NM_003115,1
NM_003116,20
NM_003118,5
NM_003119,16
NM_003120,11
NM_003121,19
NM_003122,5
NM_003124,2
NM_003125,1
NM_003126,1
NM_003127,9
NM_003128,2
NM_003129,8
NM_003130,7
NM_003131,6
NM_003132,1
NM_003133,1
NM_003134,15
NM_003135,5
NM_003136,14
NM_003137,6
NM_003139,11
NM_003140,Y
NM_003141,11
NM_003142,2
NM_003143,7
NM_003144,6
NM_003145,1
NM_003146,11
NM_003149,3
NM_003151,2
NM_003152,17
NM_003153,12
NM_003154,4
NM_003155,8
NM_003156,11
NM_003157,3
NM_003159,X
NM_003161,17
NM_003162,2
NM_003164,11
NM_003165,9
NM_003167,19
NM_003168,17
NM_003169,19
NM_003170,17
NM_003171,10
NM_003172,9
NM_003173,X
NM_003175,1
NM_003176,1
NM_003177,9
NM_003178,3
NM_003179,X
NM_003180,19
NM_003181,6
NM_003182,7
NM_003183,2
NM_003184,8
NM_003185,HSCHR20_1_CTG2
NM_003188,6
NM_003189,1
NM_003190,6
NM_003192,6
NM_003193,1
NM_003194,6
NM_003195,20
NM_003196,1
NM_003198,1
NM_003199,18
NM_003200,19
NM_003201,10
NM_003202,5
NM_003203,2
NM_003204,17
NM_003206,6
NM_003211,12
NM_003212,3
NM_003213,12
NM_003214,6
NM_003215,4
NM_003216,22
NM_003217,12
NM_003220,6
NM_003221,6
NM_003222,20
NM_003223,16
NM_003224,20
NM_003225,21
NM_003226,21
NM_003227,7
NM_003234,3
NM_003235,8
NM_003236,2
NM_003238,1
NM_003239,14
NM_003240,1
NM_003241,3
NM_003242,3
NM_003243,1
NM_003245,20
NM_003246,15
NM_003247,6
NM_003248,5
NM_003249,19
NM_003250,17
NM_003251,11
NM_003252,10
NM_003253,21
NM_003254,X
NM_003255,17
NM_003256,3
NM_003257,15
NM_003258,17
NM_003259,19
NM_003260,19
NM_003262,3
NM_003263,4
NM_003264,4
NM_003265,4
NM_003266,9
NM_003268,1
NM_003269,6
NM_003270,X
NM_003271,11
NM_003272,1
NM_003273,11
NM_003274,21
NM_003275,9
NM_003276,12
NM_003277,22
NM_003278,3
NM_003279,20
NM_003280,3
NM_003281,1
NM_003282,11
NM_003284,2
NM_003285,1
NM_003286,20
NM_003290,19
NM_003291,13
NM_003292,1
NM_003294,16
NM_003295,13
NM_003296,6
NM_003297,12
NM_003298,3
NM_003299,12
NM_003301,8
NM_003302,7
NM_003304,3
NM_003305,4
NM_003309,6
NM_003310,2
NM_003311,11
NM_003312,22
NM_003313,8
NM_003314,5
NM_003315,17
NM_003316,21
NM_003317,14
NM_003318,6
NM_003320,11
NM_003321,16
NM_003322,6
NM_003323,19
NM_003324,12
NM_003325,22
NM_003326,1
NM_003327,1
NM_003328,4
NM_003329,9
NM_003330,12
NM_003331,19
NM_003332,19
NM_003333,19
NM_003334,X
NM_003335,3
NM_003336,X
NM_003337,5
NM_003338,10
NM_003341,3
NM_003342,17
NM_003344,7
NM_003347,22
NM_003348,12
NM_003350,8
NM_003352,2
NM_003353,2
NM_003355,11
NM_003356,11
NM_003357,11
NM_003358,9
NM_003359,4
NM_003360,4
NM_003361,16
NM_003362,12
NM_003363,3
NM_003365,3
NM_003366,16
NM_003367,19
NM_003368,1
NM_003369,11
NM_003370,19
NM_003371,9
NM_003372,X
NM_003374,5
NM_003375,10
NM_003376,6
NM_003377,11
NM_003378,7
NM_003379,6
NM_003380,10
NM_003381,6
NM_003382,7
NM_003383,9
NM_003384,14
NM_003385,2
NM_003387,2
NM_003388,7
NM_003389,9
NM_003390,11
NM_003391,7
NM_003392,3
NM_003393,10
NM_003394,12
NM_003395,1
NM_003396,17
NM_003399,X
NM_003400,2
NM_003403,14
NM_003404,20
NM_003405,22
NM_003407,19
NM_003408,9
NM_003409,18
NM_003410,X
NM_003411,Y
NM_003412,3
NM_003413,X
NM_003414,16
NM_003415,12
NM_003416,8
NM_003417,19
NM_003418,3
NM_003419,19
NM_003420,3
NM_003423,19
NM_003425,19
NM_003426,22
NM_003427,6
NM_003428,12
NM_003429,19
NM_003430,19
NM_003431,1
NM_003432,5
NM_003433,19
NM_003434,20
NM_003435,19
NM_003436,19
NM_003437,19
NM_003439,7
NM_003440,12
NM_003441,4
NM_003442,11
NM_003443,1
NM_003445,19
NM_003446,X
NM_003447,6
NM_003449,6
NM_003450,16
NM_003451,19
NM_003453,13
NM_003454,16
NM_003455,11
NM_003456,16
NM_003457,17
NM_003458,3
NM_003459,2
NM_003460,16
NM_003461,7
NM_003462,1
NM_003463,6
NM_003465,1
NM_003466,2
NM_003468,2
NM_003469,2
NM_003470,16
NM_003471,3
NM_003472,6
NM_003473,10
NM_003474,10
NM_003475,11
NM_003476,11
NM_003477,11
NM_003478,11
NM_003480,12
NM_003481,12
NM_003482,12
NM_003483,12
NM_003485,14
NM_003486,16
NM_003488,17
NM_003489,21
NM_003490,22
NM_003491,X
NM_003492,X
NM_003493,1
NM_003494,2
NM_003495,6
NM_003496,7
NM_003498,16
NM_003500,3
NM_003501,4
NM_003502,16
NM_003503,1
NM_003504,22
NM_003505,7
NM_003506,8
NM_003507,2
NM_003508,7
NM_003509,6
NM_003510,6
NM_003511,6
NM_003512,6
NM_003513,6
NM_003514,6
NM_003516,1
NM_003517,1
NM_003518,6
NM_003519,6
NM_003520,6
NM_003521,6
NM_003522,6
NM_003523,6
NM_003524,6
NM_003525,6
NM_003526,6
NM_003527,6
NM_003528,1
NM_003529,6
NM_003530,6
NM_003531,6
NM_003532,6
NM_003533,6
NM_003534,6
NM_003535,6
NM_003536,6
NM_003537,6
NM_003538,6
NM_003539,6
NM_003540,6
NM_003541,6
NM_003542,6
NM_003543,6
NM_003544,6
NM_003545,6
NM_003546,6
NM_003547,6
NM_003548,1
NM_003549,3
NM_003550,7
NM_003551,5
NM_003552,17
NM_003553,17
NM_003554,17
NM_003555,17
NM_003557,1
NM_003558,9
NM_003559,17
NM_003560,22
NM_003561,16
NM_003562,17
NM_003564,1
NM_003565,12
NM_003566,12
NM_003567,1
NM_003568,1
NM_003569,6
NM_003571,3
NM_003573,19
NM_003574,18
NM_003575,7
NM_003576,13
NM_003577,10
NM_003578,12
NM_003579,1
NM_003580,8
NM_003581,2
NM_003584,2
NM_003585,17
NM_003586,16
NM_003587,6
NM_003588,X
NM_003590,2
NM_003591,10
NM_003592,7
NM_003593,17
NM_003594,1
NM_003596,7
NM_003597,2
NM_003598,19
NM_003599,6
NM_003601,4
NM_003602,7
NM_003604,X
NM_003605,X
NM_003607,1
NM_003608,14
NM_003609,16
NM_003611,X
NM_003612,15
NM_003613,15
NM_003614,22
NM_003615,3
NM_003616,14
NM_003617,1
NM_003618,2
NM_003619,4
NM_003620,17
NM_003621,11
NM_003622,12
NM_003624,19
NM_003625,12
NM_003626,11
NM_003627,11
NM_003628,2
NM_003629,1
NM_003630,6
NM_003631,10
NM_003632,17
NM_003633,5
NM_003634,22
NM_003635,10
NM_003636,1
NM_003637,1
NM_003638,10
NM_003639,X
NM_003640,9
NM_003641,11
NM_003642,2
NM_003643,6
NM_003645,15
NM_003646,11
NM_003647,17
NM_003649,6
NM_003650,20
NM_003651,12
NM_003653,17
NM_003654,11
NM_003655,17
NM_003656,3
NM_003657,20
NM_003658,11
NM_003659,2
NM_003660,19
NM_003662,X
NM_003664,5
NM_003665,1
NM_003666,1
NM_003667,12
NM_003668,12
NM_003669,X
NM_003670,3
NM_003671,9
NM_003672,1
NM_003673,17
NM_003674,16
NM_003675,10
NM_003676,1
NM_003677,12
NM_003679,1
NM_003680,1
NM_003681,21
NM_003682,11
NM_003683,21
NM_003684,1
NM_003685,19
NM_003686,1
NM_003687,5
NM_003688,X
NM_003689,1
NM_003690,2
NM_003691,2
NM_003692,9
NM_003695,8
NM_003696,11
NM_003697,11
NM_003700,11
NM_003701,13
NM_003703,4
NM_003704,4
NM_003705,2
NM_003706,19
NM_003707,3
NM_003708,12
NM_003709,2
NM_003710,15
NM_003713,1
NM_003714,5
NM_003715,4
NM_003717,12
NM_003718,7
NM_003719,5
NM_003720,21
NM_003721,19
NM_003722,3
NM_003724,8
NM_003725,12
NM_003726,17
NM_003727,17
NM_003728,4
NM_003729,1
NM_003730,6
NM_003731,9
NM_003733,12
NM_003734,17
NM_003737,11
NM_003738,1
NM_003739,10
NM_003740,6
NM_003741,3
NM_003742,2
NM_003745,16
NM_003746,12
NM_003747,8
NM_003748,1
NM_003749,13
NM_003750,10
NM_003751,7
NM_003752,16
NM_003753,22
NM_003754,11
NM_003755,19
NM_003756,8
NM_003757,1
NM_003758,15
NM_003759,4
NM_003760,1
NM_003761,2
NM_003762,1
NM_003764,6
NM_003765,19
NM_003766,17
NM_003768,1
NM_003769,12
NM_003770,17
NM_003771,17
NM_003772,11
NM_003773,3
NM_003774,12
NM_003775,19
NM_003776,22
NM_003779,1
NM_003780,1
NM_003781,3
NM_003782,HSCHR6_MHC_MCF_CTG1
NM_003783,1
NM_003784,18
NM_003785,X
NM_003786,17
NM_003787,18
NM_003789,16
NM_003791,16
NM_003793,11
NM_003794,3
NM_003795,6
NM_003796,19
NM_003798,9
NM_003799,18
NM_003800,6
NM_003801,8
NM_003802,17
NM_003803,18
NM_003804,6
NM_003805,12
NM_003806,12
NM_003807,19
NM_003809,17
NM_003810,3
NM_003811,19
NM_003812,2
NM_003813,14
NM_003814,14
NM_003816,8
NM_003817,8
NM_003818,20
NM_003819,1
NM_003820,1
NM_003821,8
NM_003824,11
NM_003825,15
NM_003826,18
NM_003827,19
NM_003828,X
NM_003829,9
NM_003830,19
NM_003833,20
NM_003834,16
NM_003835,17
NM_003836,14
NM_003837,9
NM_003838,1
NM_003839,18
NM_003840,8
NM_003841,8
NM_003842,8
NM_003844,8
NM_003845,12
NM_003846,1
NM_003847,15
NM_003848,3
NM_003849,2
NM_003850,13
NM_003851,1
NM_003853,2
NM_003854,2
NM_003855,2
NM_003857,17
NM_003858,14
NM_003859,20
NM_003860,11
NM_003861,14
NM_003862,5
NM_003863,9
NM_003864,4
NM_003865,3
NM_003866,4
NM_003867,8
NM_003868,X
NM_003869,16
NM_003870,15
NM_003873,10
NM_003874,1
NM_003875,3
NM_003876,17
NM_003877,12
NM_003878,8
NM_003879,2
NM_003881,20
NM_003882,8
NM_003883,5
NM_003884,3
NM_003885,17
NM_003886,X
NM_003887,2
NM_003889,3
NM_003890,19
NM_003891,13
NM_003893,10
NM_003894,2
NM_003896,2
NM_003897,6
NM_003898,6
NM_003899,13
NM_003900,5
NM_003901,10
NM_003902,1
NM_003903,13
NM_003904,11
NM_003905,16
NM_003906,21
NM_003907,3
NM_003908,20
NM_003909,8
NM_003910,7
NM_003913,6
NM_003914,13
NM_003916,X
NM_003917,14
NM_003918,X
NM_003919,7
NM_003920,12
NM_003921,1
NM_003922,15
NM_003923,8
NM_003924,4
NM_003925,3
NM_003926,19
NM_003927,18
NM_003928,X
NM_003929,1
NM_003930,7
NM_003931,6
NM_003932,22
NM_003933,16
NM_003934,9
NM_003935,22
NM_003936,2
NM_003937,2
NM_003938,19
NM_003940,3
NM_003941,7
NM_003942,11
NM_003943,4
NM_003944,1
NM_003945,5
NM_003946,16
NM_003947,3
NM_003948,4
NM_003949,17
NM_003950,19
NM_003951,X
NM_003953,1
NM_003954,17
NM_003955,17
NM_003956,10
NM_003957,11
NM_003958,6
NM_003959,12
NM_003960,2
NM_003961,16
NM_003963,17
NM_003965,3
NM_003966,5
NM_003967,6
NM_003968,3
NM_003969,19
NM_003970,8
NM_003971,17
NM_003972,10
NM_003973,3
NM_003974,8
NM_003975,1
NM_003977,11
NM_003978,15
NM_003979,12
NM_003980,6
NM_003981,15
NM_003982,14
NM_003983,16
NM_003984,17
NM_003985,17
NM_003986,11
NM_003991,13
NM_003992,15
NM_003993,1
NM_003995,9
NM_003998,4
NM_003999,5
NM_004000,1
NM_004001,1
NM_004004,13
NM_004010,X
NM_004019,X
NM_004023,X
NM_004024,1
NM_004027,2
NM_004029,11
NM_004031,11
NM_004034,10
NM_004035,17
NM_004036,2
NM_004037,1
NM_004040,2
NM_004041,11
NM_004042,X
NM_004043,X
NM_004044,2
NM_004045,5
NM_004047,1
NM_004048,15
NM_004049,15
NM_004050,14
NM_004052,10
NM_004053,6
NM_004054,12
NM_004055,11
NM_004056,8
NM_004057,X
NM_004058,19
NM_004059,9
NM_004060,5
NM_004061,5
NM_004062,16
NM_004063,8
NM_004064,12
NM_004066,18
NM_004067,7
NM_004068,3
NM_004069,19
NM_004070,1
NM_004071,2
NM_004072,12
NM_004073,1
NM_004074,11
NM_004075,12
NM_004076,22
NM_004078,1
NM_004079,1
NM_004080,7
NM_004082,2
NM_004083,12
NM_004085,X
NM_004086,14
NM_004087,3
NM_004088,10
NM_004089,X
NM_004090,17
NM_004091,1
NM_004092,10
NM_004093,13
NM_004094,14
NM_004095,8
NM_004096,10
NM_004097,2
NM_004098,10
NM_004100,6
NM_004101,5
NM_004102,1
NM_004104,17
NM_004105,2
NM_004106,1
NM_004107,19
NM_004108,9
NM_004109,11
NM_004110,17
NM_004111,11
NM_004112,17
NM_004113,3
NM_004114,X
NM_004117,6
NM_004118,20
NM_004119,13
NM_004120,1
NM_004121,22
NM_004122,3
NM_004123,17
NM_004124,14
NM_004125,9
NM_004126,7
NM_004128,13
NM_004129,13
NM_004130,3
NM_004131,14
NM_004132,10
NM_004133,8
NM_004134,5
NM_004135,X
NM_004136,15
NM_004137,5
NM_004138,17
NM_004139,20
NM_004140,17
NM_004142,16
NM_004143,X
NM_004145,19
NM_004146,19
NM_004147,22
NM_004148,9
NM_004152,19
NM_004153,1
NM_004155,6
NM_004157,3
NM_004158,19
NM_004159,HSCHR6_MHC_QBL_CTG1
NM_004160,17
NM_004161,2
NM_004162,3
NM_004163,18
NM_004164,3
NM_004165,16
NM_004167,17
NM_004168,5
NM_004169,17
NM_004170,9
NM_004171,11
NM_004172,5
NM_004173,22
NM_004174,5
NM_004175,22
NM_004177,11
NM_004178,12
NM_004179,11
NM_004180,2
NM_004181,4
NM_004182,X
NM_004183,11
NM_004184,14
NM_004185,1
NM_004186,3
NM_004187,X
NM_004188,9
NM_004189,3
NM_004190,10
NM_004192,X
NM_004193,10
NM_004196,14
NM_004197,6
NM_004198,8
NM_004199,5
NM_004200,11
NM_004202,Y
NM_004203,16
NM_004204,16
NM_004206,3
NM_004207,17
NM_004208,X
NM_004209,16
NM_004210,10
NM_004211,11
NM_004212,15
NM_004213,15
NM_004214,11
NM_004215,8
NM_004216,1
NM_004217,17
NM_004218,19
NM_004219,5
NM_004220,16
NM_004224,X
NM_004225,8
NM_004226,2
NM_004227,7
NM_004228,19
NM_004229,X
NM_004230,19
NM_004231,7
NM_004232,18
NM_004233,6
NM_004234,19
NM_004235,9
NM_004236,15
NM_004237,5
NM_004238,2
NM_004239,14
NM_004240,19
NM_004241,10
NM_004242,6
NM_004244,12
NM_004246,17
NM_004247,17
NM_004248,10
NM_004249,4
NM_004251,X
NM_004252,17
NM_004253,9
NM_004254,11
NM_004255,15
NM_004256,3
NM_004257,2
NM_004258,1
NM_004259,17
NM_004260,8
NM_004261,1
NM_004262,4
NM_004263,2
NM_004264,12
NM_004265,11
NM_004267,3
NM_004268,11
NM_004269,9
NM_004270,5
NM_004271,6
NM_004272,5
NM_004273,10
NM_004274,14
NM_004275,6
NM_004277,6
NM_004278,17
NM_004279,7
NM_004280,6
NM_004281,10
NM_004282,6
NM_004283,19
NM_004284,1
NM_004285,1
NM_004286,22
NM_004287,17
NM_004288,2
NM_004289,7
NM_004290,5
NM_004291,5
NM_004292,11
NM_004293,9
NM_004294,13
NM_004295,17
NM_004296,14
NM_004297,9
NM_004299,X
NM_004300,2
NM_004302,12
NM_004304,2
NM_004308,11
NM_004309,17
NM_004310,4
NM_004311,10
NM_004312,X
NM_004313,17
NM_004314,11
NM_004315,8
NM_004316,12
NM_004317,19
NM_004318,8
NM_004319,1
NM_004320,16
NM_004321,2
NM_004322,11
NM_004323,9
NM_004326,1
NM_004327,22
NM_004328,2
NM_004329,10
NM_004330,15
NM_004331,8
NM_004332,6
NM_004333,7
NM_004334,4
NM_004335,19
NM_004336,2
NM_004337,8
NM_004339,21
NM_004341,2
NM_004343,19
NM_004344,X
NM_004345,3
NM_004346,4
NM_004347,11
NM_004349,8
NM_004350,1
NM_004352,16
NM_004354,4
NM_004355,5
NM_004356,11
NM_004357,11
NM_004359,19
NM_004360,16
NM_004361,18
NM_004362,4
NM_004363,19
NM_004364,19
NM_004365,5
NM_004366,3
NM_004368,19
NM_004369,2
NM_004370,6
NM_004371,1
NM_004373,12
NM_004374,8
NM_004375,17
NM_004378,15
NM_004380,16
NM_004381,6
NM_004382,17
NM_004383,15
NM_004384,5
NM_004385,5
NM_004386,19
NM_004387,5
NM_004388,1
NM_004389,2
NM_004391,3
NM_004393,3
NM_004394,5
NM_004396,17
NM_004397,11
NM_004398,11
NM_004399,12
NM_004401,1
NM_004403,7
NM_004405,2
NM_004407,4
NM_004409,19
NM_004411,7
NM_004412,10
NM_004413,16
NM_004414,21
NM_004415,6
NM_004416,12
NM_004417,5
NM_004418,2
NM_004419,10
NM_004420,11
NM_004422,17
NM_004423,3
NM_004424,16
NM_004425,1
NM_004426,12
NM_004428,1
NM_004429,X
NM_004430,8
NM_004431,1
NM_004432,9
NM_004433,1
NM_004435,9
NM_004436,1
NM_004437,1
NM_004438,2
NM_004439,4
NM_004440,6
NM_004441,3
NM_004442,1
NM_004443,3
NM_004444,7
NM_004445,7
NM_004446,1
NM_004447,12
NM_004449,21
NM_004450,14
NM_004451,11
NM_004452,14
NM_004453,4
NM_004454,3
NM_004455,1
NM_004456,7
NM_004457,2
NM_004458,X
NM_004459,17
NM_004460,2
NM_004461,19
NM_004462,8
NM_004463,X
NM_004464,4
NM_004465,5
NM_004466,13
NM_004468,1
NM_004469,X
NM_004470,11
NM_004472,5
NM_004473,9
NM_004474,1
NM_004475,17
NM_004476,11
NM_004477,4
NM_004479,9
NM_004481,1
NM_004482,2
NM_004483,16
NM_004484,X
NM_004485,1
NM_004486,9
NM_004487,3
NM_004488,3
NM_004489,17
NM_004490,2
NM_004491,19
NM_004492,15
NM_004493,X
NM_004494,1
NM_004495,8
NM_004496,14
NM_004497,19
NM_004498,15
NM_004499,5
NM_004501,1
NM_004502,17
NM_004504,2
NM_004505,17
NM_004506,6
NM_004507,7
NM_004508,10
NM_004510,2
NM_004512,9
NM_004513,15
NM_004514,17
NM_004515,1
NM_004516,19
NM_004518,HSCHR20_1_CTG4
NM_004519,8
NM_004520,5
NM_004521,10
NM_004522,2
NM_004523,10
NM_004524,17
NM_004525,2
NM_004526,3
NM_004527,17
NM_004528,1
NM_004529,9
NM_004530,16
NM_004531,5
NM_004533,19
NM_004535,20
NM_004536,5
NM_004538,X
NM_004539,18
NM_004541,X
NM_004542,19
NM_004543,2
NM_004544,2
NM_004545,14
NM_004546,7
NM_004547,3
NM_004548,16
NM_004549,11
NM_004550,1
NM_004551,11
NM_004552,1
NM_004553,5
NM_004554,14
NM_004556,6
NM_004557,6
NM_004558,19
NM_004559,1
NM_004560,9
NM_004561,11
NM_004562,6
NM_004563,14
NM_004564,4
NM_004565,1
NM_004566,10
NM_004567,3
NM_004568,6
NM_004569,14
NM_004570,12
NM_004571,21
NM_004572,12
NM_004573,15
NM_004574,17
NM_004575,4
NM_004577,7
NM_004578,1
NM_004579,11
NM_004580,15
NM_004581,14
NM_004582,1
NM_004584,11
NM_004585,11
NM_004586,X
NM_004587,20
NM_004588,11
NM_004589,17
NM_004590,17
NM_004591,2
NM_004592,12
NM_004593,3
NM_004594,16
NM_004595,X
NM_004596,19
NM_004598,5
NM_004599,22
NM_004600,1
NM_004603,7
NM_004604,16
NM_004605,19
NM_004606,X
NM_004607,5
NM_004609,20
NM_004610,6
NM_004612,9
NM_004613,20
NM_004614,16
NM_004615,X
NM_004616,12
NM_004617,3
NM_004618,17
NM_004619,1
NM_004621,11
NM_004622,2
NM_004623,1
NM_004624,3
NM_004625,3
NM_004626,11
NM_004627,21
NM_004628,3
NM_004629,9
NM_004630,11
NM_004633,2
NM_004635,3
NM_004636,3
NM_004637,3
NM_004639,6
NM_004640,HSCHR6_MHC_QBL_CTG1
NM_004641,10
NM_004642,12
NM_004643,14
NM_004644,15
NM_004645,17
NM_004646,19
NM_004647,19
NM_004649,21
NM_004650,X
NM_004651,X
NM_004652,X
NM_004653,Y
NM_004654,Y
NM_004655,17
NM_004656,3
NM_004657,2
NM_004658,12
NM_004660,Y
NM_004661,5
NM_004663,15
NM_004664,12
NM_004665,6
NM_004666,6
NM_004667,15
NM_004668,7
NM_004669,9
NM_004671,18
NM_004672,1
NM_004673,1
NM_004674,8
NM_004675,1
NM_004679,Y
NM_004681,Y
NM_004683,X
NM_004684,4
NM_004685,13
NM_004686,8
NM_004687,17
NM_004688,2
NM_004689,14
NM_004690,6
NM_004691,16
NM_004693,12
NM_004694,17
NM_004695,17
NM_004696,1
NM_004697,9
NM_004698,1
NM_004699,X
NM_004700,1
NM_004701,15
NM_004703,17
NM_004704,3
NM_004705,11
NM_004707,5
NM_004708,19
NM_004710,17
NM_004711,22
NM_004712,17
NM_004713,14
NM_004714,19
NM_004715,18
NM_004716,11
NM_004717,7
NM_004718,2
NM_004719,12
NM_004720,19
NM_004721,3
NM_004722,7
NM_004723,1
NM_004724,11
NM_004725,10
NM_004726,X
NM_004727,15
NM_004728,10
NM_004729,X
NM_004730,5
NM_004731,12
NM_004732,17
NM_004733,3
NM_004734,13
NM_004735,2
NM_004736,1
NM_004737,22
NM_004738,20
NM_004739,11
NM_004741,10
NM_004742,3
NM_004744,4
NM_004745,8
NM_004746,18
NM_004747,10
NM_004748,15
NM_004750,19
NM_004751,15
NM_004752,6
NM_004753,1
NM_004755,14
NM_004756,19
NM_004757,4
NM_004758,17
NM_004759,1
NM_004760,7
NM_004761,6
NM_004762,17
NM_004764,12
NM_004765,16
NM_004766,3
NM_004767,1
NM_004768,1
NM_004770,8
NM_004771,11
NM_004772,5
NM_004773,17
NM_004774,17
NM_004775,18
NM_004776,20
NM_004778,11
NM_004779,5
NM_004781,1
NM_004782,22
NM_004783,16
NM_004784,4
NM_004785,16
NM_004786,18
NM_004787,4
NM_004788,11
NM_004789,9
NM_004791,13
NM_004792,2
NM_004793,19
NM_004794,X
NM_004796,14
NM_004797,3
NM_004798,20
NM_004799,1
NM_004800,13
NM_004801,2
NM_004803,3
NM_004804,2
NM_004805,2
NM_004807,2
NM_004808,10
NM_004809,15
NM_004810,22
NM_004811,11
NM_004813,11
NM_004814,1
NM_004815,1
NM_004816,9
NM_004817,9
NM_004818,12
NM_004819,19
NM_004820,8
NM_004821,5
NM_004822,17
NM_004823,19
NM_004825,Y
NM_004826,2
NM_004827,4
NM_004828,6
NM_004829,19
NM_004830,6
NM_004831,19
NM_004832,10
NM_004833,1
NM_004836,2
NM_004837,1
NM_004838,19
NM_004840,X
NM_004843,19
NM_004844,3
NM_004845,X
NM_004846,2
NM_004847,6
NM_004848,1
NM_004849,6
NM_004850,2
NM_004851,19
NM_004852,18
NM_004853,17
NM_004854,2
NM_004855,15
NM_004857,14
NM_004858,12
NM_004859,17
NM_004860,17
NM_004861,22
NM_004862,16
NM_004863,14
NM_004864,19
NM_004865,6
NM_004866,5
NM_004867,X
NM_004869,18
NM_004870,17
NM_004871,17
NM_004872,1
NM_004874,8
NM_004875,6
NM_004876,19
NM_004877,19
NM_004878,9
NM_004879,11
NM_004881,2
NM_004882,2
NM_004883,5
NM_004884,15
NM_004886,19
NM_004887,5
NM_004888,9
NM_004889,7
NM_004890,17
NM_004891,2
NM_004892,1
NM_004894,14
NM_004895,1
NM_004896,10
NM_004897,10
NM_004898,4
NM_004899,2
NM_004900,22
NM_004901,8
NM_004905,1
NM_004906,6
NM_004907,19
NM_004910,11
NM_004911,7
NM_004913,16
NM_004914,22
NM_004917,19
NM_004921,1
NM_004922,10
NM_004923,11
NM_004924,19
NM_004925,9
NM_004926,14
NM_004927,11
NM_004928,21
NM_004929,8
NM_004930,1
NM_004932,5
NM_004933,16
NM_004934,5
NM_004935,7
NM_004936,9
NM_004937,17
NM_004938,9
NM_004939,2
NM_004941,17
NM_004942,8
NM_004943,19
NM_004944,3
NM_004946,5
NM_004947,3
NM_004948,18
NM_004950,12
NM_004951,13
NM_004952,1
NM_004954,11
NM_004955,6
NM_004956,7
NM_004957,9
NM_004958,1
NM_004959,9
NM_004960,16
NM_004962,10
NM_004963,12
NM_004964,1
NM_004965,21
NM_004966,10
NM_004967,4
NM_004968,7
NM_004969,10
NM_004970,16
NM_004972,9
NM_004973,6
NM_004974,1
NM_004975,20
NM_004976,11
NM_004977,19
NM_004979,HSCHRX_3_CTG3
NM_004980,1
NM_004982,12
NM_004983,1
NM_004984,12
NM_004986,14
NM_004987,2
NM_004988,X
NM_004990,12
NM_004991,3
NM_004992,X
NM_004993,14
NM_004994,20
NM_004995,14
NM_004997,1
NM_004998,15
NM_004999,6
NM_005000,7
NM_005001,19
NM_005002,12
NM_005003,16
NM_005004,10
NM_005005,8
NM_005006,2
NM_005007,6
NM_005008,22
NM_005009,16
NM_005010,7
NM_005011,7
NM_005012,1
NM_005013,11
NM_005014,9
NM_005015,14
NM_005016,12
NM_005017,3
NM_005018,2
NM_005020,7
NM_005021,6
NM_005022,17
NM_005023,5
NM_005024,18
NM_005025,3
NM_005026,1
NM_005027,19
NM_005028,10
NM_005029,10
NM_005030,16
NM_005031,19
NM_005032,X
NM_005033,4
NM_005034,8
NM_005035,19
NM_005036,22
NM_005038,4
NM_005039,12
NM_005041,10
NM_005042,12
NM_005044,X
NM_005045,7
NM_005046,19
NM_005047,9
NM_005048,2
NM_005049,21
NM_005050,14
NM_005051,3
NM_005052,17
NM_005053,19
NM_005054,2
NM_005056,12
NM_005057,1
NM_005059,9
NM_005060,1
NM_005061,16
NM_005063,10
NM_005064,17
NM_005065,14
NM_005066,1
NM_005067,3
NM_005068,6
NM_005069,21
NM_005070,2
NM_005071,19
NM_005072,16
NM_005073,13
NM_005074,6
NM_005075,12
NM_005076,1
NM_005077,9
NM_005078,15
NM_005079,8
NM_005080,22
NM_005082,17
NM_005084,6
NM_005085,9
NM_005086,12
NM_005088,X
NM_005089,X
NM_005090,15
NM_005091,19
NM_005092,1
NM_005093,20
NM_005094,9
NM_005095,1
NM_005096,X
NM_005097,10
NM_005098,8
NM_005099,1
NM_005101,1
NM_005102,2
NM_005103,11
NM_005104,6
NM_005105,1
NM_005107,3
NM_005108,3
NM_005109,3
NM_005110,5
NM_005113,14
NM_005114,4
NM_005117,11
NM_005118,9
NM_005119,1
NM_005120,X
NM_005121,17
NM_005122,1
NM_005123,12
NM_005124,6
NM_005125,11
NM_005126,3
NM_005127,12
NM_005128,21
NM_005130,4
NM_005131,18
NM_005132,14
NM_005133,11
NM_005134,18
NM_005135,15
NM_005137,22
NM_005138,22
NM_005139,4
NM_005140,X
NM_005141,4
NM_005142,11
NM_005143,16
NM_005144,8
NM_005146,11
NM_005147,16
NM_005148,17
NM_005149,1
NM_005151,18
NM_005153,16
NM_005154,15
NM_005155,6
NM_005156,9
NM_005157,9
NM_005159,15
NM_005160,22
NM_005161,11
NM_005163,14
NM_005164,12
NM_005165,17
NM_005166,19
NM_005167,1
NM_005168,2
NM_005169,11
NM_005170,11
NM_005171,12
NM_005172,4
NM_005174,10
NM_005175,17
NM_005177,17
NM_005178,19
NM_005180,10
NM_005181,8
NM_005183,X
NM_005184,19
NM_005185,10
NM_005186,11
NM_005187,16
NM_005188,11
NM_005190,6
NM_005191,3
NM_005192,14
NM_005193,X
NM_005194,20
NM_005195,8
NM_005197,14
NM_005198,22
NM_005199,2
NM_005201,3
NM_005202,1
NM_005203,10
NM_005204,10
NM_005205,16
NM_005207,22
NM_005208,17
NM_005210,2
NM_005211,5
NM_005212,4
NM_005213,3
NM_005214,2
NM_005215,18
NM_005216,1
NM_005217,8
NM_005218,8
NM_005219,5
NM_005220,17
NM_005221,7
NM_005222,7
NM_005223,16
NM_005224,19
NM_005225,20
NM_005226,9
NM_005227,1
NM_005228,7
NM_005229,X
NM_005230,12
NM_005231,11
NM_005232,7
NM_005233,3
NM_005234,19
NM_005235,2
NM_005236,16
NM_005238,11
NM_005239,21
NM_005240,1
NM_005241,3
NM_005242,5
NM_005245,4
NM_005246,5
NM_005247,11
NM_005248,1
NM_005249,14
NM_005250,16
NM_005251,16
NM_005252,14
NM_005253,2
NM_005254,15
NM_005255,4
NM_005256,11
NM_005257,18
NM_005258,15
NM_005259,2
NM_005260,5
NM_005261,8
NM_005262,16
NM_005263,1
NM_005264,10
NM_005265,22
NM_005266,1
NM_005267,1
NM_005268,1
NM_005269,12
NM_005270,2
NM_005271,10
NM_005272,1
NM_005273,7
NM_005274,1
NM_005275,6
NM_005276,12
NM_005279,2
NM_005281,1
NM_005282,19
NM_005283,3
NM_005284,6
NM_005285,8
NM_005286,HSCHR20_1_CTG3
NM_005288,13
NM_005290,3
NM_005291,2
NM_005292,13
NM_005293,HSCHR8_5_CTG7
NM_005294,9
NM_005295,7
NM_005296,X
NM_005297,22
NM_005298,1
NM_005299,6
NM_005300,X
NM_005301,2
NM_005302,7
NM_005303,19
NM_005305,19
NM_005306,19
NM_005308,10
NM_005309,8
NM_005310,17
NM_005313,15
NM_005314,X
NM_005315,22
NM_005316,11
NM_005317,19
NM_005318,22
NM_005319,6
NM_005320,6
NM_005321,6
NM_005322,6
NM_005323,6
NM_005324,17
NM_005325,6
NM_005326,16
NM_005327,4
NM_005328,8
NM_005329,16
NM_005330,11
NM_005331,16
NM_005332,16
NM_005333,X
NM_005334,X
NM_005335,3
NM_005336,2
NM_005337,12
NM_005338,7
NM_005339,4
NM_005340,5
NM_005341,1
NM_005342,X
NM_005343,11
NM_005345,HSCHR6_MHC_QBL_CTG1
NM_005347,9
NM_005348,14
NM_005353,16
NM_005354,19
NM_005356,1
NM_005357,19
NM_005358,13
NM_005359,18
NM_005360,16
NM_005362,X
NM_005364,X
NM_005365,X
NM_005366,X
NM_005367,X
NM_005369,X
NM_005370,19
NM_005371,12
NM_005372,8
NM_005373,1
NM_005374,17
NM_005375,6
NM_005376,1
NM_005378,2
NM_005379,12
NM_005381,2
NM_005382,8
NM_005383,2
NM_005384,9
NM_005386,20
NM_005387,11
NM_005388,9
NM_005389,6
NM_005390,4
NM_005391,X
NM_005392,9
NM_005393,X
NM_005395,7
NM_005396,10
NM_005397,7
NM_005398,10
NM_005399,1
NM_005400,2
NM_005401,1
NM_005402,7
NM_005406,18
NM_005407,14
NM_005408,17
NM_005409,4
NM_005410,5
NM_005411,10
NM_005412,12
NM_005413,2
NM_005414,3
NM_005415,2
NM_005416,1
NM_005417,20
NM_005418,11
NM_005419,12
NM_005420,4
NM_005421,9
NM_005422,11
NM_005423,21
NM_005424,1
NM_005425,16
NM_005426,1
NM_005427,1
NM_005428,19
NM_005429,4
NM_005430,12
NM_005431,7
NM_005432,14
NM_005433,18
NM_005434,2
NM_005435,7
NM_005436,10
NM_005437,10
NM_005438,11
NM_005439,12
NM_005440,17
NM_005441,21
NM_005442,3
NM_005443,4
NM_005444,2
NM_005445,10
NM_005446,22
NM_005447,12
NM_005448,X
NM_005449,1
NM_005450,17
NM_005451,5
NM_005452,6
NM_005453,6
NM_005454,9
NM_005455,1
NM_005456,11
NM_005458,9
NM_005459,3
NM_005460,5
NM_005461,20
NM_005462,X
NM_005465,1
NM_005466,14
NM_005467,11
NM_005468,11
NM_005469,20
NM_005470,10
NM_005471,5
NM_005472,11
NM_005475,12
NM_005476,9
NM_005477,15
NM_005478,1
NM_005479,10
NM_005480,12
NM_005481,19
NM_005482,1
NM_005483,19
NM_005484,14
NM_005486,17
NM_005487,22
NM_005488,22
NM_005489,9
NM_005490,19
NM_005491,X
NM_005492,20
NM_005493,6
NM_005494,7
NM_005495,6
NM_005496,3
NM_005497,17
NM_005498,19
NM_005499,19
NM_005500,19
NM_005502,9
NM_005503,15
NM_005504,12
NM_005505,12
NM_005506,4
NM_005507,11
NM_005508,3
NM_005509,5
NM_005510,6
NM_005511,9
NM_005512,11
NM_005513,3
NM_005514,6
NM_005515,7
NM_005516,6
NM_005517,1
NM_005518,1
NM_005519,10
NM_005520,5
NM_005521,10
NM_005522,7
NM_005523,7
NM_005524,3
NM_005526,8
NM_005527,6
NM_005528,11
NM_005529,1
NM_005530,15
NM_005531,1
NM_005532,14
NM_005533,17
NM_005534,21
NM_005535,19
NM_005536,8
NM_005538,12
NM_005539,10
NM_005540,1
NM_005543,19
NM_005544,2
NM_005545,15
NM_005546,5
NM_005547,1
NM_005548,16
NM_005549,1
NM_005550,16
NM_005551,19
NM_005553,11
NM_005555,12
NM_005556,12
NM_005557,17
NM_005558,1
NM_005559,18
NM_005560,20
NM_005561,13
NM_005562,1
NM_005564,9
NM_005565,5
NM_005566,11
NM_005567,17
NM_005568,17
NM_005570,18
NM_005572,1
NM_005573,5
NM_005574,11
NM_005575,5
NM_005576,15
NM_005577,6
NM_005578,3
NM_005581,19
NM_005582,5
NM_005583,19
NM_005584,13
NM_005585,15
NM_005586,6
NM_005587,15
NM_005588,6
NM_005589,14
NM_005590,11
NM_005592,9
NM_005593,12
NM_005594,12
NM_005595,1
NM_005596,9
NM_005597,19
NM_005598,1
NM_005599,1
NM_005600,1
NM_005601,19
NM_005602,3
NM_005603,18
NM_005604,6
NM_005605,8
NM_005608,11
NM_005609,11
NM_005610,1
NM_005611,16
NM_005612,4
NM_005613,1
NM_005614,7
NM_005615,14
NM_005617,5
NM_005618,6
NM_005619,19
NM_005620,1
NM_005621,1
NM_005623,17
NM_005624,19
NM_005625,8
NM_005626,1
NM_005627,6
NM_005628,19
NM_005629,X
NM_005630,3
NM_005631,7
NM_005632,16
NM_005633,2
NM_005634,X
NM_005635,X
NM_005636,X
NM_005638,X
NM_005639,12
NM_005641,7
NM_005642,5
NM_005643,6
NM_005644,1
NM_005645,1
NM_005646,1
NM_005647,X
NM_005648,8
NM_005649,5
NM_005650,22
NM_005651,4
NM_005652,16
NM_005653,12
NM_005654,5
NM_005655,8
NM_005656,21
NM_005657,15
NM_005658,9
NM_005659,22
NM_005660,X
NM_005662,8
NM_005663,4
NM_005664,15
NM_005665,1
NM_005666,1
NM_005667,2
NM_005668,5
NM_005669,5
NM_005670,6
NM_005671,8
NM_005672,8
NM_005674,10
NM_005675,22
NM_005676,X
NM_005679,16
NM_005680,2
NM_005681,1
NM_005683,2
NM_005684,1
NM_005685,7
NM_005686,1
NM_005687,2
NM_005688,3
NM_005689,2
NM_005691,12
NM_005692,7
NM_005693,11
NM_005694,3
NM_005697,15
NM_005701,15
NM_005702,17
NM_005704,1
NM_005706,11
NM_005707,15
NM_005708,13
NM_005709,11
NM_005710,HSCHRX_3_CTG3
NM_005711,5
NM_005712,8
NM_005713,5
NM_005715,6
NM_005716,19
NM_005717,1
NM_005718,3
NM_005720,7
NM_005721,2
NM_005723,4
NM_005724,15
NM_005725,1
NM_005726,12
NM_005727,1
NM_005729,10
NM_005730,12
NM_005732,5
NM_005733,5
NM_005734,11
NM_005735,2
NM_005736,10
NM_005737,2
NM_005738,7
NM_005739,15
NM_005740,22
NM_005741,16
NM_005742,2
NM_005744,15
NM_005745,X
NM_005746,7
NM_005747,1
NM_005749,17
NM_005750,4
NM_005752,16
NM_005754,5
NM_005755,19
NM_005756,X
NM_005759,2
NM_005760,2
NM_005761,12
NM_005762,19
NM_005763,7
NM_005764,1
NM_005765,X
NM_005766,13
NM_005767,13
NM_005768,12
NM_005769,16
NM_005771,2
NM_005772,9
NM_005773,19
NM_005775,8
NM_005776,14
NM_005777,3
NM_005778,3
NM_005779,5
NM_005780,13
NM_005781,3
NM_005782,17
NM_005783,2
NM_005786,18
NM_005787,3
NM_005788,11
NM_005789,17
NM_005791,2
NM_005792,16
NM_005793,3
NM_005795,2
NM_005796,16
NM_005797,11
NM_005800,13
NM_005801,17
NM_005802,9
NM_005803,6
NM_005804,19
NM_005805,2
NM_005806,21
NM_005807,1
NM_005809,19
NM_005810,12
NM_005811,12
NM_005813,2
NM_005814,1
NM_005815,19
NM_005817,19
NM_005819,1
NM_005821,17
NM_005822,6
NM_005823,16
NM_005824,7
NM_005825,11
NM_005826,1
NM_005827,17
NM_005828,17
NM_005829,15
NM_005830,13
NM_005831,17
NM_005833,9
NM_005834,X
NM_005835,6
NM_005836,8
NM_005837,7
NM_005838,11
NM_005839,1
NM_005840,X
NM_005842,13
NM_005843,2
NM_005844,HSCHR6_MHC_QBL_CTG1
NM_005845,13
NM_005848,15
NM_005849,16
NM_005850,1
NM_005851,11
NM_005853,16
NM_005854,17
NM_005855,2
NM_005856,7
NM_005857,1
NM_005858,19
NM_005859,5
NM_005860,19
NM_005861,16
NM_005862,3
NM_005863,10
NM_005864,14
NM_005865,6
NM_005866,9
NM_005867,21
NM_005868,7
NM_005869,5
NM_005870,13
NM_005871,10
NM_005872,1
NM_005873,20
NM_005874,19
NM_005875,3
NM_005876,2
NM_005877,22
NM_005879,3
NM_005880,16
NM_005881,16
NM_005883,19
NM_005884,19
NM_005885,5
NM_005886,16
NM_005887,13
NM_005891,6
NM_005892,17
NM_005893,9
NM_005894,1
NM_005895,12
NM_005896,2
NM_005897,1
NM_005898,11
NM_005900,4
NM_005901,18
NM_005902,15
NM_005904,18
NM_005905,13
NM_005906,6
NM_005907,6
NM_005908,4
NM_005909,5
NM_005911,2
NM_005912,18
NM_005913,18
NM_005914,8
NM_005915,2
NM_005917,2
NM_005918,7
NM_005920,1
NM_005922,6
NM_005923,6
NM_005924,7
NM_005925,18
NM_005926,15
NM_005927,5
NM_005928,15
NM_005929,3
NM_005931,6
NM_005932,13
NM_005933,11
NM_005934,19
NM_005935,4
NM_005936,6
NM_005937,17
NM_005938,X
NM_005940,22
NM_005941,8
NM_005942,6
NM_005943,6
NM_005946,16
NM_005947,16
NM_005949,16
NM_005950,16
NM_005951,16
NM_005952,16
NM_005953,16
NM_005954,16
NM_005955,1
NM_005956,14
NM_005957,1
NM_005958,4
NM_005959,11
NM_005963,17
NM_005964,17
NM_005966,2
NM_005967,12
NM_005968,19
NM_005969,11
NM_005971,19
NM_005972,10
NM_005973,1
NM_005975,20
NM_005977,13
NM_005978,1
NM_005979,1
NM_005980,4
NM_005981,12
NM_005982,14
NM_005984,22
NM_005985,20
NM_005986,13
NM_005987,1
NM_005989,7
NM_005990,5
NM_005993,17
NM_005994,17
NM_005995,11
NM_005997,1
NM_005998,1
NM_005999,1
NM_006000,2
NM_006002,13
NM_006003,19
NM_006004,1
NM_006005,4
NM_006006,11
NM_006007,9
NM_006009,12
NM_006010,3
NM_006011,15
NM_006012,19
NM_006013,X
NM_006014,X
NM_006015,1
NM_006016,6
NM_006017,4
NM_006018,12
NM_006019,11
NM_006020,14
NM_006021,13
NM_006023,10
NM_006024,7
NM_006025,12
NM_006026,3
NM_006028,11
NM_006029,14
NM_006031,21
NM_006032,14
NM_006033,18
NM_006035,14
NM_006036,2
NM_006037,2
NM_006038,20
NM_006039,17
NM_006040,16
NM_006041,17
NM_006042,17
NM_006043,16
NM_006044,X
NM_006045,20
NM_006047,20
NM_006048,1
NM_006049,15
NM_006051,5
NM_006052,21
NM_006054,11
NM_006055,2
NM_006056,2
NM_006058,5
NM_006059,9
NM_006060,7
NM_006061,6
NM_006062,2
NM_006063,2
NM_006065,20
NM_006066,1
NM_006067,16
NM_006068,4
NM_006070,3
NM_006071,22
NM_006072,7
NM_006073,6
NM_006074,11
NM_006076,7
NM_006077,10
NM_006078,22
NM_006079,6
NM_006080,7
NM_006082,12
NM_006083,5
NM_006084,14
NM_006085,1
NM_006086,16
NM_006087,19
NM_006088,9
NM_006089,X
NM_006091,15
NM_006092,7
NM_006093,11
NM_006095,4
NM_006096,8
NM_006098,5
NM_006099,1
NM_006100,3
NM_006101,18
NM_006105,12
NM_006106,11
NM_006107,17
NM_006108,11
NM_006109,14
NM_006110,16
NM_006111,18
NM_006112,1
NM_006113,1
NM_006114,19
NM_006116,22
NM_006118,1
NM_006120,6
NM_006121,12
NM_006122,15
NM_006123,X
NM_006125,X
NM_006128,8
NM_006129,8
NM_006133,11
NM_006134,21
NM_006135,1
NM_006136,7
NM_006137,17
NM_006138,11
NM_006139,2
NM_006140,X
NM_006141,16
NM_006142,1
NM_006143,12
NM_006144,5
NM_006145,19
NM_006147,1
NM_006148,17
NM_006149,19
NM_006150,X
NM_006151,17
NM_006152,12
NM_006153,3
NM_006154,15
NM_006156,14
NM_006157,11
NM_006158,8
NM_006159,12
NM_006160,17
NM_006161,5
NM_006163,12
NM_006164,2
NM_006165,11
NM_006166,12
NM_006167,8
NM_006168,4
NM_006169,11
NM_006170,12
NM_006172,1
NM_006174,4
NM_006176,11
NM_006177,14
NM_006178,17
NM_006179,19
NM_006180,9
NM_006181,16
NM_006183,12
NM_006184,19
NM_006185,11
NM_006186,2
NM_006187,12
NM_006188,7
NM_006189,11
NM_006190,2
NM_006191,12
NM_006192,20
NM_006193,7
NM_006194,14
NM_006195,9
NM_006196,2
NM_006197,8
NM_006198,21
NM_006200,9
NM_006202,19
NM_006203,5
NM_006204,10
NM_006205,12
NM_006206,4
NM_006207,8
NM_006208,6
NM_006209,8
NM_006210,19
NM_006211,8
NM_006212,1
NM_006213,7
NM_006214,10
NM_006215,14
NM_006216,2
NM_006217,3
NM_006218,3
NM_006219,3
NM_006221,19
NM_006223,X
NM_006224,17
NM_006225,3
NM_006226,2
NM_006227,20
NM_006228,8
NM_006229,10
NM_006230,7
NM_006231,12
NM_006232,3
NM_006233,19
NM_006234,7
NM_006235,11
NM_006236,2
NM_006237,13
NM_006238,6
NM_006239,4
NM_006240,X
NM_006241,3
NM_006242,20
NM_006243,1
NM_006244,11
NM_006246,14
NM_006247,19
NM_006248,12
NM_006249,12
NM_006252,1
NM_006253,12
NM_006254,3
NM_006255,14
NM_006256,1
NM_006257,10
NM_006258,10
NM_006259,4
NM_006260,13
NM_006261,5
NM_006262,12
NM_006263,14
NM_006265,8
NM_006266,9
NM_006267,2
NM_006268,11
NM_006269,8
NM_006270,19
NM_006271,1
NM_006272,21
NM_006273,17
NM_006274,9
NM_006275,20
NM_006276,2
NM_006277,2
NM_006278,11
NM_006280,X
NM_006281,8
NM_006282,20
NM_006283,8
NM_006284,11
NM_006285,9
NM_006286,3
NM_006287,2
NM_006288,11
NM_006289,9
NM_006290,6
NM_006291,14
NM_006292,11
NM_006293,15
NM_006294,8
NM_006295,6
NM_006296,2
NM_006297,19
NM_006298,6
NM_006299,6
NM_006300,19
NM_006301,12
NM_006302,2
NM_006303,7
NM_006304,7
NM_006305,15
NM_006306,X
NM_006307,X
NM_006308,5
NM_006309,3
NM_006310,17
NM_006311,17
NM_006312,12
NM_006313,12
NM_006314,1
NM_006315,4
NM_006317,5
NM_006319,16
NM_006320,4
NM_006321,3
NM_006322,13
NM_006323,4
NM_006324,16
NM_006325,12
NM_006327,10
NM_006328,11
NM_006329,14
NM_006330,8
NM_006331,12
NM_006332,19
NM_006333,2
NM_006334,9
NM_006335,1
NM_006336,9
NM_006337,12
NM_006339,19
NM_006340,17
NM_006341,1
NM_006342,4
NM_006344,17
NM_006345,4
NM_006346,13
NM_006347,1
NM_006348,7
NM_006349,7
NM_006351,19
NM_006352,1
NM_006353,6
NM_006354,3
NM_006355,6
NM_006356,17
NM_006357,2
NM_006358,22
NM_006359,X
NM_006360,11
NM_006361,17
NM_006362,11
NM_006364,14
NM_006365,1
NM_006366,6
NM_006367,1
NM_006368,9
NM_006369,1
NM_006370,14
NM_006371,3
NM_006372,6
NM_006373,17
NM_006374,2
NM_006377,9
NM_006378,9
NM_006379,7
NM_006380,17
NM_006382,17
NM_006383,15
NM_006384,15
NM_006386,22
NM_006387,19
NM_006388,11
NM_006389,11
NM_006390,12
NM_006391,11
NM_006392,20
NM_006393,10
NM_006395,3
NM_006396,11
NM_006397,19
NM_006398,HSCHR6_MHC_QBL_CTG1
NM_006399,14
NM_006400,12
NM_006401,9
NM_006402,1
NM_006403,6
NM_006404,20
NM_006405,14
NM_006406,X
NM_006407,3
NM_006408,7
NM_006409,7
NM_006410,11
NM_006411,6
NM_006412,9
NM_006413,10
NM_006415,9
NM_006416,6
NM_006417,1
NM_006418,13
NM_006419,4
NM_006420,20
NM_006421,8
NM_006422,12
NM_006423,19
NM_006424,4
NM_006425,5
NM_006426,10
NM_006427,14
NM_006428,16
NM_006429,2
NM_006430,2
NM_006431,12
NM_006432,14
NM_006433,2
NM_006434,10
NM_006435,11
NM_006437,13
NM_006438,8
NM_006439,4
NM_006440,22
NM_006441,15
NM_006442,11
NM_006443,6
NM_006444,9
NM_006445,17
NM_006446,12
NM_006447,21
NM_006449,2
NM_006451,5
NM_006452,4
NM_006453,16
NM_006454,4
NM_006455,17
NM_006456,17
NM_006457,4
NM_006458,11
NM_006459,10
NM_006460,17
NM_006461,17
NM_006464,2
NM_006465,15
NM_006466,20
NM_006467,5
NM_006468,1
NM_006470,17
NM_006471,18
NM_006472,1
NM_006473,11
NM_006474,1
NM_006475,13
NM_006476,11
NM_006479,12
NM_006480,5
NM_006481,17
NM_006482,12
NM_006485,22
NM_006486,22
NM_006491,14
NM_006492,1
NM_006493,13
NM_006494,19
NM_006495,17
NM_006496,1
NM_006497,17
NM_006498,22
NM_006499,1
NM_006500,11
NM_006502,6
NM_006503,19
NM_006504,10
NM_006505,19
NM_006506,3
NM_006507,2
NM_006509,19
NM_006510,6
NM_006511,1
NM_006512,11
NM_006513,1
NM_006514,3
NM_006515,3
NM_006516,1
NM_006517,X
NM_006519,6
NM_006520,X
NM_006521,X
NM_006522,2
NM_006524,7
NM_006526,20
NM_006527,4
NM_006528,7
NM_006529,4
NM_006530,12
NM_006532,19
NM_006533,19
NM_006536,1
NM_006537,15
NM_006539,16
NM_006540,8
NM_006541,10
NM_006544,14
NM_006545,3
NM_006546,17
NM_006547,7
NM_006548,3
NM_006549,12
NM_006550,8
NM_006551,11
NM_006552,11
NM_006553,18
NM_006555,7
NM_006556,1
NM_006557,9
NM_006558,8
NM_006559,1
NM_006561,10
NM_006562,10
NM_006563,19
NM_006564,3
NM_006565,16
NM_006566,18
NM_006567,6
NM_006568,14
NM_006569,2
NM_006570,9
NM_006571,8
NM_006572,17
NM_006573,13
NM_006574,3
NM_006576,12
NM_006577,2
NM_006579,X
NM_006580,3
NM_006581,6
NM_006582,1
NM_006583,4
NM_006584,17
NM_006585,21
NM_006586,6
NM_006587,4
NM_006588,2
NM_006589,1
NM_006590,2
NM_006591,11
NM_006593,2
NM_006594,1
NM_006595,11
NM_006596,3
NM_006597,11
NM_006598,5
NM_006600,1
NM_006601,12
NM_006602,20
NM_006603,X
NM_006604,22
NM_006605,22
NM_006606,20
NM_006607,4
NM_006608,1
NM_006609,2
NM_006610,1
NM_006613,17
NM_006614,3
NM_006615,1
NM_006617,1
NM_006618,1
NM_006620,6
NM_006621,1
NM_006622,5
NM_006623,1
NM_006624,10
NM_006625,1
NM_006626,9
NM_006627,19
NM_006628,15
NM_006629,18
NM_006630,19
NM_006631,19
NM_006632,6
NM_006633,5
NM_006634,2
NM_006636,2
NM_006637,11
NM_006638,6
NM_006639,X
NM_006640,17
NM_006641,3
NM_006642,1
NM_006643,9
NM_006644,13
NM_006645,11
NM_006646,13
NM_006647,9
NM_006648,9
NM_006649,X
NM_006650,5
NM_006651,4
NM_006653,6
NM_006654,12
NM_006656,11
NM_006658,7
NM_006659,10
NM_006660,15
NM_006661,6
NM_006662,16
NM_006663,19
NM_006664,9
NM_006665,4
NM_006666,19
NM_006667,X
NM_006668,14
NM_006669,19
NM_006670,6
NM_006671,1
NM_006673,2
NM_006675,12
NM_006677,3
NM_006678,17
NM_006681,4
NM_006682,7
NM_006683,14
NM_006684,1
NM_006685,4
NM_006686,9
NM_006687,9
NM_006688,17
NM_006690,20
NM_006691,11
NM_006693,7
NM_006694,1
NM_006695,17
NM_006696,5
NM_006697,1
NM_006698,20
NM_006699,1
NM_006700,12
NM_006701,18
NM_006702,19
NM_006703,6
NM_006704,13
NM_006705,9
NM_006706,5
NM_006708,6
NM_006709,HSCHR6_MHC_QBL_CTG1
NM_006711,16
NM_006712,7
NM_006713,5
NM_006714,6
NM_006715,15
NM_006716,7
NM_006717,9
NM_006718,6
NM_006725,11
NM_006726,4
NM_006727,5
NM_006729,X
NM_006730,X
NM_006731,9
NM_006732,19
NM_006733,X
NM_006734,6
NM_006735,7
NM_006736,2
NM_006737,19
NM_006738,15
NM_006739,22
NM_006741,12
NM_006742,16
NM_006744,10
NM_006745,4
NM_006746,X
NM_006748,8
NM_006749,8
NM_006750,16
NM_006751,2
NM_006752,9
NM_006753,9
NM_006755,11
NM_006756,8
NM_006757,11
NM_006758,21
NM_006759,2
NM_006760,11
NM_006761,17
NM_006762,1
NM_006763,1
NM_006764,3
NM_006766,8
NM_006767,22
NM_006768,12
NM_006769,1
NM_006770,2
NM_006771,17
NM_006772,6
NM_006773,2
NM_006774,7
NM_006775,6
NM_006777,X
NM_006778,6
NM_006779,11
NM_006781,6
NM_006782,11
NM_006783,13
NM_006784,1
NM_006785,18
NM_006788,18
NM_006789,6
NM_006790,5
NM_006793,10
NM_006794,2
NM_006795,11
NM_006796,18
NM_006798,4
NM_006799,16
NM_006801,19
NM_006802,1
NM_006803,8
NM_006804,17
NM_006805,5
NM_006806,HSCHR21_6_CTG1_1
NM_006807,17
NM_006808,9
NM_006809,20
NM_006810,3
NM_006811,20
NM_006812,12
NM_006813,6
NM_006814,20
NM_006815,12
NM_006816,5
NM_006817,12
NM_006818,1
NM_006819,11
NM_006820,1
NM_006821,14
NM_006822,17
NM_006823,8
NM_006824,1
NM_006825,12
NM_006826,2
NM_006827,14
NM_006828,6
NM_006829,10
NM_006830,19
NM_006831,11
NM_006832,14
NM_006833,7
NM_006834,6
NM_006835,4
NM_006836,12
NM_006837,8
NM_006838,12
NM_006839,2
NM_006840,19
NM_006841,3
NM_006842,11
NM_006843,12
NM_006844,19
NM_006845,1
NM_006846,5
NM_006847,19
NM_006848,11
NM_006849,16
NM_006850,1
NM_006851,12
NM_006852,17
NM_006854,7
NM_006856,12
NM_006857,2
NM_006858,19
NM_006859,4
NM_006860,22
NM_006861,12
NM_006862,1
NM_006863,19
NM_006864,19
NM_006865,HSCHR19_4_CTG3_1
NM_006866,19
NM_006868,18
NM_006869,7
NM_006871,14
NM_006873,2
NM_006875,X
NM_006876,11
NM_006877,6
NM_006879,12
NM_006883,X
NM_006884,3
NM_006885,16
NM_006886,20
NM_006887,2
NM_006888,14
NM_006889,3
NM_006890,19
NM_006891,2
NM_006893,1
NM_006895,2
NM_006896,7
NM_006897,12
NM_006898,2
NM_006901,15
NM_006902,1
NM_006904,8
NM_006905,19
NM_006906,11
NM_006907,17
NM_006909,5
NM_006910,16
NM_006911,9
NM_006912,1
NM_006913,6
NM_006914,9
NM_006915,X
NM_006916,2
NM_006917,1
NM_006918,11
NM_006919,18
NM_006920,2
NM_006922,2
NM_006923,17
NM_006924,17
NM_006925,14
NM_006927,16
NM_006928,12
NM_006929,6
NM_006930,5
NM_006931,12
NM_006933,21
NM_006936,21
NM_006937,17
NM_006938,18
NM_006941,22
NM_006942,17
NM_006943,20
NM_006944,2
NM_006945,1
NM_006946,11
NM_006947,4
NM_006948,21
NM_006949,19
NM_006950,X
NM_006951,10
NM_006952,3
NM_006953,22
NM_006954,10
NM_006955,10
NM_006958,8
NM_006959,19
NM_006961,16
NM_006962,X
NM_006963,10
NM_006965,18
NM_006969,19
NM_006974,10
NM_006977,14
NM_006978,X
NM_006979,6
NM_006980,7
NM_006982,12
NM_006983,1
NM_006985,16
NM_006987,17
NM_006988,21
NM_006989,7
NM_006990,1
NM_006991,3
NM_006992,12
NM_006993,10
NM_006994,6
NM_006996,1
NM_006998,6
NM_006999,5
NM_007000,19
NM_007001,9
NM_007002,20
NM_007003,X
NM_007005,9
NM_007006,16
NM_007007,12
NM_007009,7
NM_007011,15
NM_007013,8
NM_007015,13
NM_007018,9
NM_007019,20
NM_007021,10
NM_007022,3
NM_007023,2
NM_007024,3
NM_007026,17
NM_007027,3
NM_007029,8
NM_007030,5
NM_007031,21
NM_007032,22
NM_007033,1
NM_007034,1
NM_007035,12
NM_007036,5
NM_007037,11
NM_007038,21
NM_007039,14
NM_007040,19
NM_007042,3
NM_007043,12
NM_007044,6
NM_007045,6
NM_007046,2
NM_007047,6
NM_007048,6
NM_007051,1
NM_007052,X
NM_007053,1
NM_007054,5
NM_007055,10
NM_007056,19
NM_007058,6
NM_007059,19
NM_007062,12
NM_007063,2
NM_007065,19
NM_007067,17
NM_007068,22
NM_007069,11
NM_007070,1
NM_007071,1
NM_007072,3
NM_007074,16
NM_007075,X
NM_007076,12
NM_007077,14
NM_007080,4
NM_007082,2
NM_007084,13
NM_007085,3
NM_007086,14
NM_007096,9
NM_007097,5
NM_007098,22
NM_007100,4
NM_007101,9
NM_007102,1
NM_007103,11
NM_007104,6
NM_007105,11
NM_007106,13
NM_007107,3
NM_007108,16
NM_007109,HSCHR6_MHC_SSTO_CTG1
NM_007110,14
NM_007111,13
NM_007112,1
NM_007114,3
NM_007115,2
NM_007117,3
NM_007118,5
NM_007121,19
NM_007122,1
NM_007123,1
NM_007124,6
NM_007125,Y
NM_007126,9
NM_007127,2
NM_007128,22
NM_007129,13
NM_007131,X
NM_007135,9
NM_007136,3
NM_007139,7
NM_007144,17
NM_007145,19
NM_007146,17
NM_007147,19
NM_007148,17
NM_007149,6
NM_007150,X
NM_007151,6
NM_007152,11
NM_007153,19
NM_007155,7
NM_007156,X
NM_007159,3
NM_007160,HSCHR6_MHC_QBL_CTG1
NM_007161,6
NM_007162,6
NM_007163,18
NM_007165,19
NM_007166,11
NM_007167,1
NM_007168,17
NM_007169,17
NM_007170,1
NM_007171,9
NM_007172,22
NM_007173,11
NM_007174,12
NM_007175,8
NM_007176,14
NM_007177,3
NM_007178,12
NM_007179,9
NM_007180,11
NM_007181,19
NM_007183,11
NM_007184,3
NM_007185,1
NM_007186,20
NM_007187,13
NM_007188,7
NM_007189,7
NM_007190,10
NM_007191,12
NM_007192,14
NM_007193,4
NM_007195,18
NM_007197,12
NM_007198,8
NM_007199,12
NM_007202,17
NM_007204,1
NM_007207,1
NM_007208,3
NM_007209,9
NM_007210,12
NM_007211,12
NM_007212,1
NM_007213,X
NM_007214,6
NM_007215,17
NM_007217,3
NM_007218,8
NM_007219,20
NM_007220,X
NM_007221,1
NM_007223,15
NM_007224,12
NM_007225,17
NM_007226,2
NM_007227,2
NM_007229,22
NM_007231,X
NM_007232,20
NM_007233,7
NM_007234,9
NM_007235,12
NM_007236,15
NM_007237,2
NM_007238,20
NM_007240,1
NM_007241,17
NM_007242,16
NM_007243,6
NM_007244,12
NM_007245,16
NM_007246,4
NM_007247,17
NM_007249,13
NM_007250,X
NM_007252,7
NM_007253,19
NM_007254,19
NM_007255,5
NM_007256,11
NM_007257,8
NM_007259,1
NM_007260,1
NM_007261,17
NM_007262,1
NM_007263,19
NM_007264,12
NM_007265,10
NM_007266,2
NM_007267,17
NM_007268,X
NM_007269,1
NM_007270,7
NM_007271,6
NM_007272,1
NM_007274,1
NM_007275,3
NM_007277,5
NM_007278,17
NM_007279,19
NM_007280,15
NM_007281,4
NM_007282,3
NM_007283,3
NM_007284,3
NM_007285,16
NM_007286,5
NM_007289,3
NM_007295,17
NM_007308,4
NM_007309,X
NM_007311,22
NM_007313,9
NM_007314,1
NM_007315,2
NM_007317,16
NM_007319,14
NM_007320,19
NM_007323,1
NM_007326,22
NM_007327,9
NM_007328,12
NM_007329,10
NM_007331,4
NM_007332,8
NM_007333,12
NM_007335,3
NM_007337,3
NM_007341,21
NM_007342,7
NM_007344,9
NM_007345,18
NM_007346,20
NM_007347,15
NM_007348,1
NM_007349,7
NM_007350,12
NM_007351,4
NM_007352,1
NM_007353,7
NM_007354,3
NM_007355,6
NM_007356,7
NM_007357,1
NM_007358,1
NM_007359,17
NM_007360,12
NM_007361,14
NM_007362,3
NM_007363,X
NM_007364,15
NM_007365,1
NM_007366,2
NM_007369,1
NM_007371,9
NM_007372,17
NM_007373,10
NM_007374,14
NM_007375,1
NM_009586,21
NM_009587,17
NM_009589,X
NM_012062,12
NM_012063,12
NM_012064,12
NM_012067,1
NM_012068,19
NM_012069,X
NM_012071,10
NM_012072,20
NM_012073,5
NM_012074,14
NM_012075,16
NM_012079,8
NM_012080,X
NM_012081,5
NM_012082,8
NM_012083,10
NM_012084,X
NM_012086,2
NM_012087,9
NM_012088,19
NM_012089,1
NM_012090,1
NM_012091,16
NM_012092,2
NM_012094,11
NM_012096,3
NM_012097,2
NM_012098,9
NM_012099,19
NM_012100,2
NM_012101,11
NM_012102,1
NM_012104,11
NM_012105,21
NM_012106,16
NM_012108,4
NM_012109,19
NM_012110,4
NM_012111,14
NM_012112,20
NM_012113,1
NM_012114,19
NM_012115,6
NM_012116,19
NM_012117,12
NM_012118,4
NM_012120,6
NM_012121,17
NM_012123,6
NM_012124,11
NM_012125,15
NM_012127,9
NM_012128,1
NM_012129,7
NM_012131,21
NM_012133,7
NM_012134,1
NM_012135,6
NM_012137,1
NM_012138,17
NM_012139,11
NM_012140,17
NM_012141,13
NM_012144,9
NM_012145,2
NM_012147,4
NM_012151,X
NM_012152,1
NM_012153,11
NM_012154,8
NM_012155,19
NM_012156,20
NM_012157,3
NM_012158,13
NM_012160,6
NM_012162,8
NM_012163,16
NM_012164,9
NM_012167,2
NM_012168,1
NM_012170,15
NM_012171,5
NM_012175,11
NM_012176,5
NM_012177,6
NM_012179,22
NM_012180,4
NM_012181,19
NM_012182,15
NM_012183,1
NM_012184,2
NM_012186,1
NM_012188,5
NM_012189,18
NM_012190,3
NM_012191,3
NM_012192,11
NM_012193,11
NM_012197,9
NM_012198,2
NM_012199,1
NM_012200,11
NM_012201,16
NM_012202,11
NM_012203,9
NM_012204,9
NM_012205,2
NM_012206,5
NM_012207,10
NM_012208,5
NM_012210,9
NM_012212,9
NM_012213,16
NM_012214,2
NM_012215,10
NM_012216,X
NM_012217,16
NM_012218,19
NM_012219,3
NM_012222,1
NM_012223,2
NM_012224,4
NM_012225,16
NM_012227,X
NM_012228,10
NM_012229,10
NM_012231,1
NM_012232,17
NM_012233,2
NM_012234,3
NM_012235,3
NM_012236,1
NM_012237,19
NM_012238,10
NM_012239,11
NM_012240,12
NM_012241,6
NM_012242,10
NM_012243,1
NM_012245,14
NM_012247,10
NM_012248,16
NM_012249,2
NM_012250,11
NM_012252,7
NM_012253,X
NM_012254,19
NM_012255,20
NM_012256,7
NM_012257,7
NM_012258,8
NM_012259,6
NM_012260,3
NM_012261,20
NM_012262,1
NM_012264,22
NM_012265,22
NM_012266,9
NM_012267,19
NM_012268,19
NM_012269,7
NM_012271,3
NM_012272,12
NM_012275,2
NM_012276,19
NM_012278,X
NM_012279,5
NM_012280,X
NM_012281,7
NM_012282,X
NM_012283,18
NM_012284,12
NM_012285,17
NM_012286,X
NM_012287,3
NM_012288,6
NM_012290,2
NM_012291,12
NM_012292,19
NM_012293,2
NM_012294,7
NM_012295,22
NM_012296,11
NM_012298,3
NM_012300,5
NM_012301,7
NM_012302,1
NM_012304,5
NM_012305,11
NM_012306,12
NM_012307,18
NM_012308,11
NM_012309,11
NM_012310,X
NM_012311,10
NM_012312,HSCHR19KIR_RSH_BA2_HAP_CTG3_1
NM_012313,HSCHR19KIR_GRC212_AB_HAP_CTG3_1
NM_012314,19
NM_012315,19
NM_012316,1
NM_012317,X
NM_012318,4
NM_012319,18
NM_012320,16
NM_012321,19
NM_012322,7
NM_012323,22
NM_012324,22
NM_012325,20
NM_012326,2
NM_012328,7
NM_012329,17
NM_012330,10
NM_012331,8
NM_012332,X
NM_012333,1
NM_012334,5
NM_012335,19
NM_012336,17
NM_012337,1
NM_012338,7
NM_012339,10
NM_012340,20
NM_012341,10
NM_012342,10
NM_012344,2
NM_012345,13
NM_012351,1
NM_012352,17
NM_012353,1
NM_012360,16
NM_012363,9
NM_012364,9
NM_012367,6
NM_012368,16
NM_012369,7
NM_012373,17
NM_012374,17
NM_012375,11
NM_012377,19
NM_012378,11
NM_012382,5
NM_012383,9
NM_012384,20
NM_012385,16
NM_012387,1
NM_012388,15
NM_012390,4
NM_012391,6
NM_012392,1
NM_012393,17
NM_012394,1
NM_012395,7
NM_012396,1
NM_012397,18
NM_012398,19
NM_012399,22
NM_012400,1
NM_012402,11
NM_012404,12
NM_012405,1
NM_012406,12
NM_012407,22
NM_012408,20
NM_012409,20
NM_012411,1
NM_012412,7
NM_012413,2
NM_012414,1
NM_012415,8
NM_012416,9
NM_012417,17
NM_012418,17
NM_012419,6
NM_012420,10
NM_012421,1
NM_012423,19
NM_012424,1
NM_012425,10
NM_012426,16
NM_012427,19
NM_012428,15
NM_012429,22
NM_012430,3
NM_012431,7
NM_012432,1
NM_012433,2
NM_012434,6
NM_012436,9
NM_012437,1
NM_012443,10
NM_012444,20
NM_012445,4
NM_012446,5
NM_012447,7
NM_012448,17
NM_012449,7
NM_012450,7
NM_012451,19
NM_012452,17
NM_012453,7
NM_012454,6
NM_012455,2
NM_012456,11
NM_012458,19
NM_012459,11
NM_012460,14
NM_012461,14
NM_012463,12
NM_012464,4
NM_012465,10
NM_012466,19
NM_012467,16
NM_012469,20
NM_012470,7
NM_012471,X
NM_012472,8
NM_012473,22
NM_012474,1
NM_012475,1
NM_012476,2
NM_012477,2
NM_012478,17
NM_012479,7
NM_012481,17
NM_012482,1
NM_012484,5
NM_012486,1
NM_013227,15
NM_013230,6
NM_013231,14
NM_013232,5
NM_013233,2
NM_013234,19
NM_013235,5
NM_013236,22
NM_013237,5
NM_013238,13
NM_013239,X
NM_013240,21
NM_013241,16
NM_013242,16
NM_013243,15
NM_013244,12
NM_013245,16
NM_013246,11
NM_013247,2
NM_013248,20
NM_013249,11
NM_013250,11
NM_013252,7
NM_013254,12
NM_013255,7
NM_013256,19
NM_013257,8
NM_013258,16
NM_013259,3
NM_013260,17
NM_013261,4
NM_013262,6
NM_013263,16
NM_013264,11
NM_013265,11
NM_013266,10
NM_013267,12
NM_013268,19
NM_013269,12
NM_013270,3
NM_013271,X
NM_013272,15
NM_013274,10
NM_013275,16
NM_013276,17
NM_013277,12
NM_013278,16
NM_013279,11
NM_013280,11
NM_013282,19
NM_013284,7
NM_013285,1
NM_013286,3
NM_013289,19
NM_013290,17
NM_013291,8
NM_013292,16
NM_013293,7
NM_013296,1
NM_013299,11
NM_013300,12
NM_013301,19
NM_013302,16
NM_013304,16
NM_013305,18
NM_013306,11
NM_013308,3
NM_013309,15
NM_013310,2
NM_013312,19
NM_013313,22
NM_013314,10
NM_013316,7
NM_013319,1
NM_013320,12
NM_013321,7
NM_013322,7
NM_013326,18
NM_013328,1
NM_013329,HSCHR21_3_CTG1_1
NM_013330,1
NM_013332,7
NM_013333,19
NM_013335,2
NM_013336,3
NM_013337,17
NM_013338,13
NM_013339,1
NM_013340,5
NM_013341,2
NM_013342,19
NM_013345,14
NM_013346,X
NM_013347,X
NM_013349,1
NM_013351,17
NM_013352,6
NM_013353,1
NM_013354,8
NM_013355,9
NM_013356,22
NM_013357,8
NM_013358,1
NM_013359,19
NM_013360,19
NM_013361,19
NM_013362,19
NM_013363,3
NM_013364,X
NM_013366,9
NM_013367,4
NM_013369,21
NM_013370,16
NM_013372,15
NM_013373,22
NM_013374,3
NM_013375,6
NM_013376,19
NM_013377,12
NM_013378,22
NM_013379,9
NM_013380,19
NM_013381,12
NM_013382,14
NM_013385,22
NM_013388,2
NM_013389,7
NM_013390,9
NM_013391,5
NM_013392,2
NM_013393,7
NM_013396,21
NM_013397,6
NM_013398,19
NM_013399,16
NM_013401,11
NM_013402,11
NM_013403,19
NM_013409,5
NM_013411,1
NM_013412,2
NM_013417,9
NM_013422,X
NM_013431,12
NM_013432,8
NM_013433,19
NM_013434,2
NM_013435,18
NM_013437,8
NM_013438,9
NM_013440,7
NM_013441,1
NM_013442,9
NM_013443,9
NM_013444,X
NM_013445,2
NM_013446,7
NM_013447,19
NM_013448,14
NM_013449,12
NM_013450,2
NM_013451,10
NM_013452,X
NM_013453,X
NM_013936,HSCHR6_MHC_SSTO_CTG1
NM_013937,HSCHR6_MHC_QBL_CTG1
NM_013938,19
NM_013939,19
NM_013940,19
NM_013941,HSCHR6_MHC_QBL_CTG1
NM_013942,2
NM_013943,1
NM_013945,1
NM_013954,X
NM_013955,X
NM_013959,8
NM_013960,8
NM_013962,8
NM_013974,6
NM_013975,17
NM_013976,19
NM_013978,5
NM_013982,5
NM_013986,22
NM_013989,14
NM_013992,2
NM_013993,6
NM_013994,6
NM_013995,X
NM_014000,10
NM_014002,1
NM_014003,16
NM_014004,5
NM_014005,5
NM_014007,9
NM_014008,X
NM_014009,X
NM_014010,9
NM_014012,20
NM_014014,2
NM_014015,16
NM_014016,3
NM_014017,1
NM_014018,8
NM_014020,7
NM_014021,1
NM_014023,10
NM_014026,11
NM_014028,6
NM_014030,17
NM_014033,12
NM_014034,6
NM_014035,5
NM_014037,19
NM_014038,7
NM_014039,11
NM_014041,3
NM_014042,11
NM_014043,3
NM_014044,2
NM_014045,14
NM_014046,6
NM_014047,19
NM_014048,16
NM_014049,3
NM_014051,6
NM_014053,1
NM_014055,12
NM_014056,3
NM_014058,4
NM_014059,13
NM_014060,X
NM_014061,X
NM_014062,16
NM_014063,7
NM_014064,9
NM_014065,3
NM_014066,8
NM_014067,11
NM_014068,6
NM_014069,6
NM_014070,6
NM_014071,20
NM_014077,19
NM_014078,8
NM_014079,3
NM_014080,15
NM_014089,13
NM_014106,15
NM_014109,8
NM_014112,8
NM_014117,16
NM_014138,X
NM_014139,3
NM_014140,2
NM_014141,7
NM_014142,10
NM_014143,9
NM_014149,7
NM_014153,16
NM_014155,11
NM_014157,16
NM_014159,3
NM_014160,3
NM_014161,6
NM_014162,20
NM_014165,6
NM_014166,13
NM_014167,12
NM_014168,2
NM_014169,14
NM_014170,3
NM_014171,2
NM_014172,9
NM_014173,19
NM_014175,8
NM_014176,1
NM_014177,18
NM_014178,14
NM_014181,2
NM_014182,12
NM_014183,20
NM_014184,1
NM_014186,11
NM_014187,16
NM_014188,1
NM_014189,4
NM_014191,12
NM_014203,19
NM_014205,11
NM_014206,11
NM_014207,11
NM_014208,4
NM_014209,19
NM_014211,5
NM_014212,12
NM_014213,2
NM_014214,18
NM_014215,1
NM_014216,14
NM_014218,19
NM_014219,HSCHR19LRC_PGF2_CTG3_1
NM_014220,3
NM_014221,X
NM_014222,9
NM_014223,1
NM_014224,11
NM_014225,19
NM_014226,14
NM_014227,22
NM_014228,5
NM_014229,3
NM_014230,17
NM_014232,17
NM_014233,17
NM_014234,6
NM_014235,X
NM_014236,1
NM_014237,8
NM_014238,17
NM_014239,14
NM_014240,3
NM_014241,10
NM_014242,13
NM_014243,4
NM_014244,5
NM_014245,3
NM_014246,22
NM_014248,22
NM_014249,15
NM_014251,7
NM_014252,13
NM_014253,X
NM_014254,12
NM_014255,12
NM_014256,19
NM_014258,20
NM_014260,6
NM_014261,19
NM_014262,12
NM_014264,4
NM_014265,8
NM_014266,19
NM_014267,11
NM_014268,18
NM_014269,4
NM_014270,19
NM_014271,X
NM_014272,15
NM_014276,20
NM_014278,4
NM_014279,9
NM_014280,1
NM_014281,8
NM_014282,9
NM_014284,1
NM_014285,9
NM_014286,9
NM_014287,16
NM_014288,1
NM_014289,X
NM_014290,9
NM_014291,22
NM_014292,22
NM_014293,22
NM_014294,8
NM_014296,3
NM_014297,19
NM_014298,16
NM_014299,19
NM_014300,15
NM_014301,12
NM_014302,7
NM_014303,22
NM_014305,13
NM_014306,22
NM_014308,17
NM_014309,22
NM_014310,22
NM_014311,12
NM_014312,11
NM_014313,1
NM_014314,9
NM_014315,14
NM_014316,16
NM_014317,10
NM_014319,12
NM_014320,6
NM_014321,16
NM_014322,1
NM_014323,22
NM_014324,5
NM_014325,12
NM_014326,15
NM_014328,1
NM_014329,16
NM_014330,19
NM_014331,4
NM_014332,X
NM_014333,11
NM_014334,9
NM_014335,15
NM_014336,17
NM_014337,22
NM_014338,22
NM_014339,22
NM_014341,6
NM_014342,11
NM_014343,7
NM_014344,11
NM_014345,6
NM_014346,22
NM_014347,19
NM_014350,5
NM_014351,22
NM_014352,11
NM_014353,16
NM_014354,6
NM_014357,1
NM_014358,12
NM_014359,1
NM_014360,14
NM_014361,11
NM_014362,2
NM_014363,13
NM_014364,19
NM_014365,12
NM_014366,3
NM_014367,3
NM_014368,9
NM_014369,2
NM_014370,X
NM_014371,19
NM_014372,1
NM_014373,3
NM_014374,7
NM_014375,3
NM_014376,5
NM_014377,7
NM_014379,8
NM_014380,X
NM_014381,14
NM_014382,3
NM_014383,19
NM_014384,11
NM_014385,19
NM_014386,5
NM_014387,16
NM_014388,1
NM_014389,17
NM_014390,7
NM_014391,10
NM_014392,4
NM_014393,8
NM_014394,10
NM_014395,4
NM_014396,7
NM_014397,9
NM_014398,3
NM_014399,7
NM_014400,19
NM_014402,5
NM_014404,17
NM_014405,17
NM_014406,22
NM_014408,1
NM_014409,1
NM_014410,18
NM_014411,7
NM_014412,1
NM_014413,7
NM_014415,3
NM_014417,19
NM_014419,19
NM_014420,8
NM_014421,4
NM_014422,22
NM_014423,5
NM_014424,1
NM_014425,9
NM_014426,20
NM_014427,16
NM_014428,19
NM_014429,3
NM_014430,14
NM_014431,10
NM_014432,6
NM_014433,22
NM_014434,9
NM_014435,4
NM_014437,1
NM_014439,2
NM_014440,2
NM_014441,19
NM_014442,19
NM_014443,5
NM_014444,15
NM_014445,3
NM_014446,19
NM_014447,4
NM_014448,1
NM_014450,9
NM_014452,6
NM_014453,19
NM_014454,6
NM_014455,1
NM_014458,1
NM_014459,13
NM_014460,22
NM_014461,3
NM_014462,8
NM_014463,3
NM_014464,6
NM_014465,4
NM_014466,1
NM_014467,X
NM_014468,10
NM_014469,11
NM_014470,12
NM_014471,9
NM_014472,10
NM_014473,5
NM_014475,19
NM_014476,4
NM_014477,20
NM_014478,7
NM_014479,8
NM_014480,19
NM_014481,X
NM_014482,2
NM_014483,3
NM_014484,20
NM_014485,4
NM_014487,4
NM_014488,11
NM_014489,11
NM_014491,7
NM_014494,16
NM_014495,1
NM_014496,X
NM_014497,2
NM_014498,3
NM_014499,X
NM_014500,X
NM_014501,19
NM_014502,11
NM_014503,12
NM_014504,7
NM_014505,12
NM_014506,9
NM_014507,22
NM_014508,22
NM_014509,22
NM_014511,19
NM_014512,HSCHR19LRC_LRC_J_CTG3_1
NM_014515,12
NM_014516,19
NM_014517,3
NM_014518,19
NM_014519,17
NM_014520,17
NM_014521,2
NM_014522,X
NM_014547,15
NM_014548,15
NM_014550,22
NM_014551,22
NM_014553,2
NM_014554,12
NM_014555,11
NM_014556,4
NM_014562,2
NM_014564,9
NM_014565,17
NM_014567,16
NM_014568,2
NM_014569,7
NM_014570,22
NM_014571,1
NM_014572,13
NM_014573,17
NM_014574,14
NM_014575,3
NM_014577,22
NM_014578,11
NM_014579,14
NM_014580,9
NM_014581,9
NM_014582,9
NM_014583,3
NM_014584,14
NM_014585,2
NM_014586,21
NM_014587,16
NM_014588,20
NM_014589,1
NM_014590,7
NM_014592,5
NM_014593,18
NM_014594,5
NM_014595,17
NM_014597,1
NM_014598,17
NM_014600,2
NM_014601,19
NM_014602,3
NM_014603,17
NM_014604,17
NM_014606,4
NM_014607,2
NM_014608,15
NM_014611,6
NM_014612,9
NM_014613,5
NM_014614,2
NM_014615,16
NM_014616,3
NM_014617,2
NM_014618,9
NM_014619,11
NM_014620,12
NM_014621,2
NM_014622,11
NM_014623,6
NM_014624,1
NM_014625,1
NM_014626,6
NM_014629,8
NM_014630,15
NM_014631,10
NM_014632,11
NM_014633,11
NM_014634,22
NM_014636,9
NM_014637,8
NM_014638,1
NM_014639,5
NM_014640,2
NM_014641,6
NM_014642,3
NM_014644,1
NM_014646,18
NM_014647,16
NM_014648,3
NM_014649,19
NM_014650,19
NM_014652,1
NM_014653,12
NM_014655,1
NM_014656,1
NM_014657,20
NM_014659,15
NM_014660,7
NM_014661,10
NM_014662,22
NM_014663,1
NM_014665,8
NM_014666,5
NM_014667,3
NM_014668,2
NM_014669,16
NM_014670,2
NM_014671,7
NM_014672,14
NM_014673,8
NM_014674,3
NM_014675,1
NM_014676,1
NM_014677,8
NM_014678,22
NM_014679,11
NM_014680,17
NM_014681,19
NM_014682,8
NM_014683,17
NM_014685,16
NM_014686,19
NM_014689,2
NM_014690,7
NM_014691,15
NM_014693,3
NM_014694,9
NM_014696,10
NM_014697,1
NM_014698,1
NM_014699,16
NM_014700,16
NM_014701,15
NM_014702,6
NM_014703,3
NM_014704,1
NM_014705,7
NM_014706,12
NM_014707,7
NM_014708,12
NM_014709,2
NM_014710,X
NM_014711,16
NM_014712,16
NM_014713,2
NM_014714,16
NM_014715,11
NM_014716,17
NM_014717,19
NM_014718,12
NM_014719,7
NM_014720,10
NM_014721,6
NM_014723,20
NM_014724,6
NM_014725,X
NM_014726,17
NM_014727,19
NM_014728,X
NM_014729,8
NM_014730,12
NM_014731,20
NM_014732,16
NM_014733,5
NM_014734,14
NM_014735,X
NM_014736,15
NM_014737,20
NM_014738,17
NM_014739,6
NM_014740,17
NM_014741,11
NM_014742,20
NM_014743,4
NM_014744,3
NM_014746,2
NM_014747,1
NM_014748,2
NM_014749,14
NM_014750,14
NM_014751,8
NM_014752,11
NM_014753,10
NM_014754,8
NM_014755,2
NM_014757,5
NM_014758,11
NM_014759,8
NM_014760,3
NM_014761,16
NM_014762,1
NM_014763,2
NM_014764,12
NM_014765,1
NM_014766,7
NM_014767,10
NM_014770,12
NM_014771,16
NM_014772,18
NM_014773,5
NM_014774,1
NM_014777,1
NM_014779,3
NM_014780,6
NM_014781,8
NM_014782,X
NM_014783,15
NM_014786,11
NM_014787,1
NM_014788,9
NM_014789,8
NM_014790,5
NM_014791,9
NM_014792,14
NM_014793,15
NM_014795,2
NM_014797,6
NM_014798,17
NM_014799,X
NM_014800,7
NM_014801,1
NM_014802,12
NM_014803,10
NM_014804,17
NM_014805,3
NM_014806,9
NM_014807,11
NM_014808,2
NM_014809,6
NM_014810,1
NM_014811,9
NM_014812,1
NM_014813,1
NM_014814,3
NM_014815,17
NM_014817,7
NM_014819,5
NM_014820,3
NM_014822,4
NM_014824,11
NM_014826,1
NM_014827,1
NM_014828,14
NM_014829,5
NM_014830,12
NM_014832,13
NM_014836,10
NM_014838,22
NM_014839,1
NM_014840,12
NM_014841,6
NM_014844,14
NM_014845,6
NM_014846,8
NM_014847,1
NM_014848,15
NM_014849,1
NM_014850,3
NM_014851,1
NM_014853,17
NM_014855,7
NM_014857,1
NM_014858,1
NM_014859,17
NM_014860,2
NM_014861,16
NM_014862,15
NM_014864,1
NM_014865,12
NM_014867,8
NM_014868,12
NM_014869,3
NM_014870,1
NM_014871,12
NM_014872,9
NM_014873,1
NM_014874,1
NM_014875,1
NM_014876,22
NM_014877,17
NM_014878,9
NM_014879,3
NM_014880,2
NM_014881,10
NM_014883,4
NM_014884,19
NM_014885,4
NM_014886,5
NM_014887,13
NM_014888,7
NM_014889,10
NM_014891,7
NM_014892,6
NM_014893,Y
NM_014895,6
NM_014897,17
NM_014898,19
NM_014899,5
NM_014900,2
NM_014901,5
NM_014902,20
NM_014903,12
NM_014904,10
NM_014905,2
NM_014906,17
NM_014907,9
NM_014908,9
NM_014909,14
NM_014910,19
NM_014911,2
NM_014912,10
NM_014913,18
NM_014914,2
NM_014915,10
NM_014916,7
NM_014917,1
NM_014918,15
NM_014923,13
NM_014924,14
NM_014925,12
NM_014926,3
NM_014929,2
NM_014930,9
NM_014931,19
NM_014932,3
NM_014933,4
NM_014935,1
NM_014936,6
NM_014937,10
NM_014938,12
NM_014939,18
NM_014940,16
NM_014941,22
NM_014942,6
NM_014943,8
NM_014945,5
NM_014946,2
NM_014947,1
NM_014948,20
NM_014949,1
NM_014950,14
NM_014951,10
NM_014952,15
NM_014953,13
NM_014956,11
NM_014957,8
NM_014959,19
NM_014960,17
NM_014961,4
NM_014962,20
NM_014963,19
NM_014964,17
NM_014965,3
NM_014966,3
NM_014967,15
NM_014969,1
NM_014970,1
NM_014972,16
NM_014974,10
NM_014975,19
NM_014977,14
NM_014978,10
NM_014982,14
NM_014984,17
NM_014985,15
NM_014988,4
NM_014989,6
NM_014990,14
NM_014991,4
NM_014992,14
NM_014994,15
NM_014996,3
NM_014997,7
NM_014999,12
NM_015000,12
NM_015001,1
NM_015004,3
NM_015005,14
NM_015008,3
NM_015009,3
NM_015011,13
NM_015012,11
NM_015013,1
NM_015014,1
NM_015015,19
NM_015017,1
NM_015020,16
NM_015023,1
NM_015024,8
NM_015025,2
NM_015026,12
NM_015027,16
NM_015029,8
NM_015030,4
NM_015032,13
NM_015033,9
NM_015035,20
NM_015039,1
NM_015040,2
NM_015042,15
NM_015044,16
NM_015045,10
NM_015046,9
NM_015047,1
NM_015049,2
NM_015050,6
NM_015051,9
NM_015052,7
NM_015053,1
NM_015054,12
NM_015055,11
NM_015056,21
NM_015057,13
NM_015058,13
NM_015059,15
NM_015060,7
NM_015061,9
NM_015062,10
NM_015063,19
NM_015065,11
NM_015069,16
NM_015070,13
NM_015071,5
NM_015072,14
NM_015073,19
NM_015074,1
NM_015075,X
NM_015076,6
NM_015077,17
NM_015078,3
NM_015079,15
NM_015082,5
NM_015084,5
NM_015085,17
NM_015086,12
NM_015087,13
NM_015088,22
NM_015089,6
NM_015091,14
NM_015092,16
NM_015093,6
NM_015094,22
NM_015097,3
NM_015099,17
NM_015100,1
NM_015101,1
NM_015102,1
NM_015103,3
NM_015104,11
NM_015106,3
NM_015107,X
NM_015110,9
NM_015111,5
NM_015112,1
NM_015113,17
NM_015116,13
NM_015117,8
NM_015120,2
NM_015122,19
NM_015124,22
NM_015125,19
NM_015127,1
NM_015130,4
NM_015132,7
NM_015133,16
NM_015134,17
NM_015135,7
NM_015136,3
NM_015137,8
NM_015138,15
NM_015139,1
NM_015140,22
NM_015141,3
NM_015143,4
NM_015144,16
NM_015147,2
NM_015148,2
NM_015149,1
NM_015150,3
NM_015151,21
NM_015153,6
NM_015154,15
NM_015155,10
NM_015156,14
NM_015157,11
NM_015160,9
NM_015161,16
NM_015162,15
NM_015163,14
NM_015166,22
NM_015167,17
NM_015169,8
NM_015170,8
NM_015171,16
NM_015172,1
NM_015173,4
NM_015176,1
NM_015178,8
NM_015179,10
NM_015180,14
NM_015184,3
NM_015185,X
NM_015186,9
NM_015187,4
NM_015190,10
NM_015191,11
NM_015192,20
NM_015193,8
NM_015194,17
NM_015196,4
NM_015197,14
NM_015198,7
NM_015199,3
NM_015200,4
NM_015201,8
NM_015202,16
NM_015203,1
NM_015205,13
NM_015208,18
NM_015209,1
NM_015213,11
NM_015214,8
NM_015215,1
NM_015216,5
NM_015224,3
NM_015225,9
NM_015226,16
NM_015227,21
NM_015229,17
NM_015230,4
NM_015231,11
NM_015232,12
NM_015234,6
NM_015235,10
NM_015236,4
NM_015238,5
NM_015239,9
NM_015243,8
NM_015245,6
NM_015246,16
NM_015247,16
NM_015250,9
NM_015251,16
NM_015252,2
NM_015253,17
NM_015254,8
NM_015255,6
NM_015257,12
NM_015259,21
NM_015260,19
NM_015261,11
NM_015262,10
NM_015263,15
NM_015264,22
NM_015265,2
NM_015266,20
NM_015267,12
NM_015268,3
NM_015270,12
NM_015271,4
NM_015272,16
NM_015274,4
NM_015275,12
NM_015277,18
NM_015278,6
NM_015282,2
NM_015284,1
NM_015285,18
NM_015288,5
NM_015289,15
NM_015291,1
NM_015292,12
NM_015294,17
NM_015296,13
NM_015299,14
NM_015305,14
NM_015308,11
NM_015310,8
NM_015313,11
NM_015314,7
NM_015316,14
NM_015317,2
NM_015318,19
NM_015319,12
NM_015320,2
NM_015322,15
NM_015323,6
NM_015324,11
NM_015326,1
NM_015327,1
NM_015328,7
NM_015329,19
NM_015330,22
NM_015331,1
NM_015332,7
NM_015335,12
NM_015336,12
NM_015338,20
NM_015339,20
NM_015340,3
NM_015341,2
NM_015342,5
NM_015343,17
NM_015344,8
NM_015345,6
NM_015346,14
NM_015347,12
NM_015349,6
NM_015350,1
NM_015352,20
NM_015353,17
NM_015354,9
NM_015355,17
NM_015358,21
NM_015359,8
NM_015360,5
NM_015361,2
NM_015363,19
NM_015364,8
NM_015365,X
NM_015366,22
NM_015367,22
NM_015368,11
NM_015369,16
NM_015370,22
NM_015371,22
NM_015374,22
NM_015375,1
NM_015378,1
NM_015379,7
NM_015380,22
NM_015381,22
NM_015382,14
NM_015383,1
NM_015384,5
NM_015386,16
NM_015387,2
NM_015388,6
NM_015391,3
NM_015392,9
NM_015393,4
NM_015394,12
NM_015395,7
NM_015396,3
NM_015397,9
NM_015398,4
NM_015399,11
NM_015401,12
NM_015404,9
NM_015407,3
NM_015409,12
NM_015411,7
NM_015412,3
NM_015414,19
NM_015415,1
NM_015416,12
NM_015417,20
NM_015419,X
NM_015420,8
NM_015421,16
NM_015423,11
NM_015424,11
NM_015425,2
NM_015426,3
NM_015428,19
NM_015429,3
NM_015430,11
NM_015431,1
NM_015432,16
NM_015434,1
NM_015436,4
NM_015439,6
NM_015440,6
NM_015441,1
NM_015442,3
NM_015443,17
NM_015444,3
NM_015446,1
NM_015447,9
NM_015448,10
NM_015450,7
NM_015453,3
NM_015455,5
NM_015456,9
NM_015457,11
NM_015458,8
NM_015459,11
NM_015460,3
NM_015461,18
NM_015462,17
NM_015463,2
NM_015464,7
NM_015465,5
NM_015466,3
NM_015469,9
NM_015470,2
NM_015471,1
NM_015472,3
NM_015474,20
NM_015475,2
NM_015476,18
NM_015477,15
NM_015478,20
NM_015480,3
NM_015481,12
NM_015483,7
NM_015484,1
NM_015485,1
NM_015488,2
NM_015490,10
NM_015493,19
NM_015496,8
NM_015497,15
NM_015500,21
NM_015503,16
NM_015506,1
NM_015507,X
NM_015508,3
NM_015509,12
NM_015510,17
NM_015511,20
NM_015512,3
NM_015513,3
NM_015515,17
NM_015516,11
NM_015517,11
NM_015522,2
NM_015523,11
NM_015525,6
NM_015526,19
NM_015527,16
NM_015528,17
NM_015529,6
NM_015530,2
NM_015531,11
NM_015532,15
NM_015533,11
NM_015534,1
NM_015535,2
NM_015537,9
NM_015540,15
NM_015541,3
NM_015544,17
NM_015545,7
NM_015547,1
NM_015548,6
NM_015549,14
NM_015550,7
NM_015553,6
NM_015554,15
NM_015555,6
NM_015556,14
NM_015557,1
NM_015559,18
NM_015564,5
NM_015565,21
NM_015567,13
NM_015568,20
NM_015569,1
NM_015570,7
NM_015571,6
NM_015575,2
NM_015576,3
NM_015577,5
NM_015578,19
NM_015584,17
NM_015585,20
NM_015589,14
NM_015594,17
NM_015595,3
NM_015596,19
NM_015599,6
NM_015600,20
NM_015602,1
NM_015603,19
NM_015605,10
NM_015607,1
NM_015608,10
NM_015610,7
NM_015613,10
NM_015617,15
NM_015621,5
NM_015622,7
NM_015626,17
NM_015627,1
NM_015629,19
NM_015630,2
NM_015631,10
NM_015633,12
NM_015634,10
NM_015635,9
NM_015638,20
NM_015640,1
NM_015642,3
NM_015644,3
NM_015645,11
NM_015646,12
NM_015649,19
NM_015650,2
NM_015651,9
NM_015652,10
NM_015653,22
NM_015654,17
NM_015655,20
NM_015658,1
NM_015659,16
NM_015660,7
NM_015662,2
NM_015665,12
NM_015666,20
NM_015668,8
NM_015669,5
NM_015670,17
NM_015675,19
NM_015677,2
NM_015678,13
NM_015679,9
NM_015680,2
NM_015681,17
NM_015683,19
NM_015684,14
NM_015686,X
NM_015687,6
NM_015689,7
NM_015690,2
NM_015691,X
NM_015692,19
NM_015693,4
NM_015694,7
NM_015695,6
NM_015696,1
NM_015697,4
NM_015698,X
NM_015700,2
NM_015701,2
NM_015702,2
NM_015703,22
NM_015704,22
NM_015705,22
NM_015710,19
NM_015711,19
NM_015713,8
NM_015714,1
NM_015715,22
NM_015717,2
NM_015718,6
NM_015719,19
NM_015720,3
NM_015721,17
NM_015722,10
NM_015723,7
NM_015725,19
NM_015726,1
NM_015727,2
NM_015831,7
NM_015832,18
NM_015833,21
NM_015845,18
NM_015846,18
NM_015848,12
NM_015849,1
NM_015853,11
NM_015855,11
NM_015859,14
NM_015864,6
NM_015865,18
NM_015866,1
NM_015871,1
NM_015873,3
NM_015878,8
NM_015879,18
NM_015881,11
NM_015884,X
NM_015885,11
NM_015886,8
NM_015888,1
NM_015891,6
NM_015892,10
NM_015893,2
NM_015894,20
NM_015895,6
NM_015896,3
NM_015897,19
NM_015898,19
NM_015899,12
NM_015900,3
NM_015901,10
NM_015902,8
NM_015904,2
NM_015905,7
NM_015907,4
NM_015909,2
NM_015910,2
NM_015911,1
NM_015912,8
NM_015913,1
NM_015914,16
NM_015915,14
NM_015916,10
NM_015917,7
NM_015918,12
NM_015919,19
NM_015920,15
NM_015921,6
NM_015922,X
NM_015926,3
NM_015927,16
NM_015931,3
NM_015932,13
NM_015933,3
NM_015934,2
NM_015935,1
NM_015936,12
NM_015937,20
NM_015938,3
NM_015939,20
NM_015941,8
NM_015942,8
NM_015944,16
NM_015946,5
NM_015947,10
NM_015948,6
NM_015949,7
NM_015950,6
NM_015953,19
NM_015954,12
NM_015955,2
NM_015956,19
NM_015957,11
NM_015958,1
NM_015959,11
NM_015960,10
NM_015962,14
NM_015963,2
NM_015965,19
NM_015966,20
NM_015967,1
NM_015969,7
NM_015971,17
NM_015972,13
NM_015973,11
NM_015974,13
NM_015975,X
NM_015976,1
NM_015978,1
NM_015979,6
NM_015980,5
NM_015981,5
NM_015982,17
NM_015983,7
NM_015984,1
NM_015985,20
NM_015986,17
NM_015987,12
NM_015989,12
NM_015990,4
NM_015991,1
NM_015993,16
NM_015994,14
NM_015995,15
NM_015996,11
NM_015997,1
NM_015999,1
NM_016000,3
NM_016001,17
NM_016002,1
NM_016004,20
NM_016006,3
NM_016008,2
NM_016009,1
NM_016010,8
NM_016011,1
NM_016013,15
NM_016014,9
NM_016015,16
NM_016016,17
NM_016018,8
NM_016019,7
NM_016020,6
NM_016021,6
NM_016022,1
NM_016023,8
NM_016024,X
NM_016025,16
NM_016026,14
NM_016027,8
NM_016028,11
NM_016029,14
NM_016030,2
NM_016032,X
NM_016033,8
NM_016034,9
NM_016035,9
NM_016037,1
NM_016038,7
NM_016039,14
NM_016040,1
NM_016041,17
NM_016042,9
NM_016044,2
NM_016045,20
NM_016046,10
NM_016047,2
NM_016048,5
NM_016049,14
NM_016050,11
NM_016052,1
NM_016053,12
NM_016055,11
NM_016056,12
NM_016057,12
NM_016058,2
NM_016059,6
NM_016060,17
NM_016061,2
NM_016062,16
NM_016063,6
NM_016065,10
NM_016066,1
NM_016067,4
NM_016068,7
NM_016069,16
NM_016070,17
NM_016071,7
NM_016072,12
NM_016073,15
NM_016074,1
NM_016075,13
NM_016076,1
NM_016078,17
NM_016079,2
NM_016080,17
NM_016081,4
NM_016082,20
NM_016084,17
NM_016085,2
NM_016086,7
NM_016089,3
NM_016090,11
NM_016091,22
NM_016093,5
NM_016094,3
NM_016095,16
NM_016096,8
NM_016097,18
NM_016098,6
NM_016100,20
NM_016101,16
NM_016102,1
NM_016103,5
NM_016104,6
NM_016105,2
NM_016106,14
NM_016107,5
NM_016108,6
NM_016109,19
NM_016111,16
NM_016112,10
NM_016113,17
NM_016114,2
NM_016115,2
NM_016116,7
NM_016118,7
NM_016120,X
NM_016121,1
NM_016122,12
NM_016123,12
NM_016124,1
NM_016125,17
NM_016126,1
NM_016127,8
NM_016128,3
NM_016129,4
NM_016131,2
NM_016132,15
NM_016133,2
NM_016134,8
NM_016135,6
NM_016138,16
NM_016139,7
NM_016140,16
NM_016141,3
NM_016142,11
NM_016143,20
NM_016144,5
NM_016145,19
NM_016146,11
NM_016147,11
NM_016148,19
NM_016150,14
NM_016151,16
NM_016153,X
NM_016154,19
NM_016155,12
NM_016157,X
NM_016161,3
NM_016162,12
NM_016166,15
NM_016167,6
NM_016169,10
NM_016170,2
NM_016172,9
NM_016173,3
NM_016174,9
NM_016175,5
NM_016176,1
NM_016178,1
NM_016179,13
NM_016180,5
NM_016183,1
NM_016184,12
NM_016186,14
NM_016188,7
NM_016190,1
NM_016192,2
NM_016194,15
NM_016195,10
NM_016196,12
NM_016199,19
NM_016200,7
NM_016201,3
NM_016202,19
NM_016203,7
NM_016204,10
NM_016205,4
NM_016206,3
NM_016207,2
NM_016209,16
NM_016210,3
NM_016212,16
NM_016213,15
NM_016216,3
NM_016217,6
NM_016218,5
NM_016219,9
NM_016220,7
NM_016221,5
NM_016222,5
NM_016223,11
NM_016224,6
NM_016225,1
NM_016226,12
NM_016227,1
NM_016228,4
NM_016229,11
NM_016230,6
NM_016231,17
NM_016232,2
NM_016233,1
NM_016235,16
NM_016237,12
NM_016238,12
NM_016239,17
NM_016240,8
NM_016242,4
NM_016243,1
NM_016245,4
NM_016246,19
NM_016247,3
NM_016248,13
NM_016249,X
NM_016252,2
NM_016255,6
NM_016256,16
NM_016257,1
NM_016258,1
NM_016260,2
NM_016261,17
NM_016262,6
NM_016263,19
NM_016264,19
NM_016265,7
NM_016267,X
NM_016269,4
NM_016270,19
NM_016271,18
NM_016272,22
NM_016274,1
NM_016275,3
NM_016277,6
NM_016279,5
NM_016281,12
NM_016282,9
NM_016284,16
NM_016286,17
NM_016287,1
NM_016289,2
NM_016290,5
NM_016291,3
NM_016292,16
NM_016293,12
NM_016297,2
NM_016298,3
NM_016299,10
NM_016300,3
NM_016301,12
NM_016302,3
NM_016303,X
NM_016304,15
NM_016305,3
NM_016306,3
NM_016307,9
NM_016308,1
NM_016309,16
NM_016310,16
NM_016312,12
NM_016315,2
NM_016316,2
NM_016319,12
NM_016320,11
NM_016321,15
NM_016322,9
NM_016323,4
NM_016327,22
NM_016331,3
NM_016332,16
NM_016333,16
NM_016334,1
NM_016335,22
NM_016337,14
NM_016338,5
NM_016339,17
NM_016340,5
NM_016341,10
NM_016343,1
NM_016350,14
NM_016352,7
NM_016353,8
NM_016354,20
NM_016355,12
NM_016356,6
NM_016357,12
NM_016358,5
NM_016359,15
NM_016360,17
NM_016361,1
NM_016362,3
NM_016363,19
NM_016366,11
NM_016368,19
NM_016369,3
NM_016370,X
NM_016371,1
NM_016372,3
NM_016373,16
NM_016374,1
NM_016376,17
NM_016377,6
NM_016378,X
NM_016379,X
NM_016381,3
NM_016382,1
NM_016383,X
NM_016388,3
NM_016389,1
NM_016390,9
NM_016391,5
NM_016395,15
NM_016396,15
NM_016399,12
NM_016400,15
NM_016401,11
NM_016403,11
NM_016404,11
NM_016406,1
NM_016407,20
NM_016410,9
NM_016412,11
NM_016413,13
NM_016417,14
NM_016422,11
NM_016423,14
NM_016424,17
NM_016426,22
NM_016427,18
NM_016428,17
NM_016429,17
NM_016433,12
NM_016434,20
NM_016436,20
NM_016437,17
NM_016438,17
NM_016440,19
NM_016441,2
NM_016442,5
NM_016445,14
NM_016446,9
NM_016447,7
NM_016448,1
NM_016449,22
NM_016451,11
NM_016454,15
NM_016456,1
NM_016457,19
NM_016458,8
NM_016459,5
NM_016462,6
NM_016463,5
NM_016464,11
NM_016466,2
NM_016467,2
NM_016468,14
NM_016470,20
NM_016472,14
NM_016474,3
NM_016475,14
NM_016478,7
NM_016479,3
NM_016480,5
NM_016481,9
NM_016484,X
NM_016485,6
NM_016486,1
NM_016487,6
NM_016488,12
NM_016489,7
NM_016490,2
NM_016491,1
NM_016492,17
NM_016494,2
NM_016495,6
NM_016496,19
NM_016497,12
NM_016498,22
NM_016499,11
NM_016500,X
NM_016504,17
NM_016505,1
NM_016506,11
NM_016507,17
NM_016508,5
NM_016509,12
NM_016510,2
NM_016511,12
NM_016512,8
NM_016513,6
NM_016516,2
NM_016518,17
NM_016519,4
NM_016520,9
NM_016521,X
NM_016522,11
NM_016523,12
NM_016524,16
NM_016525,9
NM_016526,11
NM_016529,13
NM_016530,15
NM_016531,4
NM_016533,12
NM_016535,19
NM_016536,19
NM_016538,17
NM_016539,19
NM_016540,11
NM_016541,16
NM_016542,X
NM_016543,19
NM_016544,2
NM_016545,1
NM_016546,12
NM_016548,9
NM_016551,12
NM_016552,2
NM_016558,20
NM_016559,3
NM_016561,16
NM_016562,X
NM_016563,15
NM_016564,11
NM_016565,11
NM_016568,5
NM_016569,12
NM_016570,12
NM_016571,6
NM_016573,19
NM_016575,12
NM_016577,3
NM_016578,11
NM_016579,19
NM_016580,5
NM_016581,19
NM_016582,11
NM_016583,20
NM_016584,12
NM_016585,19
NM_016586,14
NM_016587,7
NM_016588,6
NM_016589,3
NM_016591,5
NM_016592,20
NM_016593,6
NM_016594,12
NM_016598,3
NM_016599,4
NM_016602,17
NM_016603,5
NM_016604,5
NM_016605,5
NM_016606,5
NM_016607,X
NM_016608,X
NM_016609,14
NM_016610,X
NM_016611,11
NM_016612,8
NM_016613,4
NM_016614,6
NM_016615,12
NM_016616,7
NM_016617,13
NM_016618,2
NM_016619,4
NM_016621,11
NM_016622,2
NM_016623,8
NM_016625,3
NM_016626,18
NM_016627,17
NM_016630,15
NM_016632,17
NM_016633,16
NM_016639,16
NM_016640,5
NM_016641,16
NM_016642,15
NM_016643,16
NM_016644,5
NM_016645,15
NM_016647,8
NM_016648,4
NM_016649,20
NM_016651,14
NM_016652,20
NM_016653,2
NM_016656,X
NM_016657,22
NM_016725,11
NM_016732,20
NM_016733,22
NM_016734,9
NM_016817,12
NM_016819,3
NM_016823,17
NM_016824,10
NM_016828,3
NM_016830,12
NM_016831,1
NM_016835,17
NM_016836,2
NM_016848,9
NM_016929,6
NM_016930,4
NM_016931,11
NM_016932,2
NM_016936,16
NM_016937,X
NM_016938,11
NM_016940,21
NM_016941,19
NM_016943,7
NM_016944,7
NM_016945,7
NM_016947,HSCHR6_MHC_QBL_CTG1
NM_016948,16
NM_016950,4
NM_016951,16
NM_016952,11
NM_016953,2
NM_016954,X
NM_016955,4
NM_017409,12
NM_017410,12
NM_017412,8
NM_017413,X
NM_017414,22
NM_017415,5
NM_017416,X
NM_017417,12
NM_017418,9
NM_017419,4
NM_017420,14
NM_017421,6
NM_017422,10
NM_017423,4
NM_017424,22
NM_017425,11
NM_017426,4
NM_017429,16
NM_017431,2
NM_017432,19
NM_017433,10
NM_017434,15
NM_017435,12
NM_017436,22
NM_017437,14
NM_017438,21
NM_017440,12
NM_017442,3
NM_017443,9
NM_017444,8
NM_017445,21
NM_017446,21
NM_017447,21
NM_017450,17
NM_017451,17
NM_017453,20
NM_017458,16
NM_017459,1
NM_017460,7
NM_017481,11
NM_017482,2
NM_017488,2
NM_017489,8
NM_017490,11
NM_017491,4
NM_017492,16
NM_017493,4
NM_017495,20
NM_017503,9
NM_017506,19
NM_017508,11
NM_017509,19
NM_017510,5
NM_017512,18
NM_017514,X
NM_017515,11
NM_017516,11
NM_017518,X
NM_017519,6
NM_017520,13
NM_017521,2
NM_017523,17
NM_017525,11
NM_017526,1
NM_017527,8
NM_017528,7
NM_017530,16
NM_017533,17
NM_017534,17
NM_017539,16
NM_017541,3
NM_017542,1
NM_017544,X
NM_017545,20
NM_017547,11
NM_017548,3
NM_017549,7
NM_017550,19
NM_017551,10
NM_017553,15
NM_017554,3
NM_017556,1
NM_017558,16
NM_017559,17
NM_017563,3
NM_017564,12
NM_017565,17
NM_017566,16
NM_017567,2
NM_017569,13
NM_017570,8
NM_017572,19
NM_017573,19
NM_017575,17
NM_017576,9
NM_017577,3
NM_017578,3
NM_017580,10
NM_017581,4
NM_017582,1
NM_017583,11
NM_017584,22
NM_017585,9
NM_017586,9
NM_017588,9
NM_017589,11
NM_017590,22
NM_017592,19
NM_017593,4
NM_017594,9
NM_017596,1
NM_017599,12
NM_017600,12
NM_017602,X
NM_017607,19
NM_017609,10
NM_017610,15
NM_017612,12
NM_017613,21
NM_017614,5
NM_017615,10
NM_017617,9
NM_017619,1
NM_017621,7
NM_017622,17
NM_017623,2
NM_017625,1
NM_017626,10
NM_017628,4
NM_017629,1
NM_017631,4
NM_017632,4
NM_017633,6
NM_017634,8
NM_017635,11
NM_017636,19
NM_017637,9
NM_017638,1
NM_017639,4
NM_017640,6
NM_017641,12
NM_017643,17
NM_017644,3
NM_017645,9
NM_017646,1
NM_017647,17
NM_017649,10
NM_017650,7
NM_017651,6
NM_017652,19
NM_017653,18
NM_017654,7
NM_017655,1
NM_017656,19
NM_017657,2
NM_017659,19
NM_017660,19
NM_017661,15
NM_017662,9
NM_017664,13
NM_017665,5
NM_017666,X
NM_017667,7
NM_017668,16
NM_017670,11
NM_017671,20
NM_017672,15
NM_017673,1
NM_017675,5
NM_017676,5
NM_017677,X
NM_017678,11
NM_017679,17
NM_017680,9
NM_017681,X
NM_017682,19
NM_017684,15
NM_017686,1
NM_017688,9
NM_017691,15
NM_017693,13
NM_017694,2
NM_017697,8
NM_017699,3
NM_017700,4
NM_017702,16
NM_017703,19
NM_017704,11
NM_017705,15
NM_017706,5
NM_017707,1
NM_017708,19
NM_017709,1
NM_017711,X
NM_017712,19
NM_017714,20
NM_017716,11
NM_017719,3
NM_017721,19
NM_017722,19
NM_017723,9
NM_017724,3
NM_017725,1
NM_017726,15
NM_017727,2
NM_017730,3
NM_017732,3
NM_017733,4
NM_017734,1
NM_017735,2
NM_017736,16
NM_017737,1
NM_017738,9
NM_017739,1
NM_017740,16
NM_017741,4
NM_017742,18
NM_017743,15
NM_017744,1
NM_017745,X
NM_017746,9
NM_017747,5
NM_017748,17
NM_017749,11
NM_017750,2
NM_017752,X
NM_017754,6
NM_017755,5
NM_017757,18
NM_017758,17
NM_017759,2
NM_017760,7
NM_017761,1
NM_017762,15
NM_017763,17
NM_017765,1
NM_017766,1
NM_017767,8
NM_017768,1
NM_017769,14
NM_017770,6
NM_017771,3
NM_017772,6
NM_017773,1
NM_017774,6
NM_017775,17
NM_017776,X
NM_017777,17
NM_017778,8
NM_017779,1
NM_017780,8
NM_017781,7
NM_017784,3
NM_017785,5
NM_017786,8
NM_017787,10
NM_017789,2
NM_017790,9
NM_017791,14
NM_017793,15
NM_017794,9
NM_017797,19
NM_017798,20
NM_017799,14
NM_017801,3
NM_017802,7
NM_017803,16
NM_017804,16
NM_017805,19
NM_017806,20
NM_017807,14
NM_017809,X
NM_017810,16
NM_017811,9
NM_017812,7
NM_017813,8
NM_017814,19
NM_017815,14
NM_017816,4
NM_017817,13
NM_017818,1
NM_017819,3
NM_017820,9
NM_017821,1
NM_017822,12
NM_017823,1
NM_017824,10
NM_017825,1
NM_017826,13
NM_017827,19
NM_017828,15
NM_017830,4
NM_017831,18
NM_017832,9
NM_017833,HSCHR21_4_CTG1_1
NM_017836,3
NM_017837,1
NM_017838,5
NM_017839,16
NM_017840,11
NM_017841,11
NM_017842,12
NM_017844,2
NM_017845,4
NM_017846,1
NM_017847,1
NM_017848,X
NM_017849,2
NM_017850,1
NM_017851,15
NM_017852,19
NM_017853,16
NM_017854,19
NM_017855,4
NM_017856,X
NM_017857,11
NM_017858,15
NM_017859,20
NM_017860,1
NM_017861,3
NM_017863,X
NM_017864,8
NM_017865,1
NM_017866,8
NM_017867,4
NM_017868,11
NM_017869,16
NM_017870,11
NM_017871,1
NM_017872,5
NM_017873,9
NM_017875,3
NM_017876,19
NM_017877,2
NM_017878,11
NM_017879,19
NM_017880,2
NM_017881,9
NM_017882,15
NM_017883,X
NM_017884,8
NM_017885,16
NM_017887,1
NM_017888,16
NM_017890,8
NM_017891,1
NM_017893,10
NM_017894,15
NM_017895,20
NM_017896,20
NM_017897,3
NM_017898,1
NM_017899,12
NM_017900,1
NM_017901,12
NM_017902,10
NM_017904,1
NM_017905,13
NM_017906,6
NM_017907,11
NM_017908,19
NM_017909,6
NM_017910,2
NM_017911,22
NM_017912,4
NM_017913,9
NM_017914,19
NM_017915,12
NM_017916,19
NM_017917,14
NM_017918,4
NM_017919,9
NM_017920,7
NM_017921,17
NM_017922,14
NM_017923,4
NM_017924,14
NM_017925,9
NM_017926,14
NM_017927,3
NM_017928,17
NM_017929,22
NM_017931,22
NM_017933,2
NM_017934,6
NM_017935,4
NM_017936,14
NM_017938,X
NM_017939,16
NM_017941,17
NM_017943,14
NM_017944,11
NM_017945,3
NM_017946,7
NM_017947,18
NM_017948,9
NM_017951,2
NM_017952,2
NM_017953,1
NM_017954,7
NM_017955,14
NM_017956,8
NM_017957,17
NM_017958,2
NM_017964,2
NM_017966,11
NM_017967,19
NM_017969,2
NM_017971,1
NM_017975,15
NM_017977,1
NM_017979,15
NM_017980,2
NM_017982,1
NM_017983,17
NM_017984,7
NM_017985,9
NM_017986,17
NM_017987,10
NM_017988,12
NM_017990,16
NM_017991,2
NM_017993,13
NM_017994,7
NM_017996,15
NM_017998,9
NM_017999,14
NM_018000,2
NM_018004,3
NM_018006,22
NM_018008,3
NM_018009,12
NM_018010,3
NM_018011,13
NM_018013,6
NM_018015,X
NM_018017,10
NM_018018,12
NM_018019,17
NM_018022,1
NM_018023,3
NM_018024,8
NM_018025,19
NM_018026,11
NM_018027,10
NM_018028,19
NM_018029,3
NM_018031,3
NM_018034,5
NM_018035,19
NM_018036,14
NM_018037,1
NM_018039,11
NM_018040,1
NM_018042,17
NM_018043,11
NM_018045,1
NM_018046,5
NM_018047,5
NM_018048,12
NM_018049,19
NM_018050,12
NM_018051,7
NM_018052,16
NM_018053,1
NM_018055,10
NM_018056,1
NM_018057,12
NM_018058,10
NM_018059,7
NM_018060,1
NM_018061,1
NM_018062,2
NM_018063,10
NM_018064,6
NM_018066,1
NM_018067,1
NM_018068,8
NM_018069,18
NM_018071,14
NM_018072,1
NM_018073,11
NM_018074,19
NM_018075,3
NM_018076,10
NM_018077,7
NM_018078,4
NM_018079,2
NM_018081,17
NM_018082,12
NM_018083,19
NM_018084,2
NM_018085,1
NM_018086,2
NM_018087,1
NM_018088,12
NM_018089,2
NM_018090,1
NM_018091,8
NM_018092,16
NM_018093,11
NM_018094,X
NM_018097,15
NM_018098,3
NM_018099,12
NM_018100,6
NM_018101,1
NM_018103,1
NM_018105,8
NM_018106,7
NM_018107,14
NM_018109,10
NM_018110,16
NM_018111,19
NM_018112,9
NM_018113,12
NM_018114,3
NM_018115,4
NM_018116,1
NM_018117,10
NM_018119,16
NM_018120,8
NM_018121,10
NM_018122,1
NM_018124,16
NM_018125,1
NM_018126,4
NM_018127,17
NM_018128,17
NM_018129,17
NM_018130,3
NM_018131,10
NM_018132,6
NM_018133,3
NM_018134,1
NM_018135,6
NM_018136,1
NM_018137,1
NM_018138,3
NM_018139,14
NM_018140,5
NM_018141,6
NM_018142,8
NM_018143,17
NM_018144,10
NM_018145,15
NM_018146,17
NM_018147,3
NM_018148,15
NM_018149,17
NM_018150,1
NM_018151,2
NM_018152,20
NM_018154,19
NM_018155,3
NM_018157,12
NM_018158,2
NM_018159,X
NM_018161,11
NM_018163,15
NM_018164,12
NM_018166,1
NM_018167,14
NM_018168,14
NM_018169,12
NM_018170,18
NM_018171,12
NM_018172,11
NM_018173,12
NM_018174,19
NM_018176,4
NM_018177,4
NM_018178,1
NM_018179,12
NM_018180,10
NM_018181,18
NM_018182,17
NM_018183,12
NM_018184,3
NM_018185,13
NM_018186,1
NM_018188,1
NM_018189,3
NM_018190,4
NM_018191,13
NM_018192,3
NM_018193,15
NM_018194,1
NM_018195,11
NM_018196,X
NM_018197,20
NM_018198,1
NM_018199,14
NM_018200,15
NM_018201,9
NM_018202,1
NM_018203,1
NM_018204,13
NM_018205,10
NM_018206,16
NM_018207,1
NM_018208,1
NM_018210,13
NM_018211,1
NM_018212,1
NM_018214,6
NM_018215,19
NM_018216,1
NM_018217,20
NM_018218,2
NM_018219,11
NM_018221,2
NM_018222,11
NM_018223,12
NM_018224,7
NM_018225,9
NM_018226,2
NM_018227,4
NM_018228,14
NM_018229,14
NM_018230,1
NM_018231,16
NM_018233,16
NM_018235,18
NM_018237,10
NM_018238,7
NM_018240,1
NM_018241,4
NM_018242,17
NM_018243,4
NM_018244,20
NM_018245,10
NM_018246,8
NM_018247,6
NM_018248,4
NM_018249,9
NM_018250,8
NM_018252,1
NM_018254,1
NM_018255,18
NM_018256,2
NM_018257,20
NM_018259,11
NM_018260,19
NM_018261,4
NM_018262,3
NM_018263,2
NM_018264,7
NM_018265,1
NM_018266,3
NM_018267,12
NM_018268,5
NM_018269,2
NM_018270,20
NM_018271,2
NM_018272,12
NM_018273,19
NM_018275,7
NM_018276,11
NM_018277,21
NM_018279,12
NM_018281,1
NM_018283,13
NM_018284,1
NM_018285,15
NM_018286,17
NM_018287,10
NM_018288,6
NM_018289,17
NM_018290,4
NM_018291,1
NM_018292,6
NM_018293,3
NM_018294,10
NM_018295,7
NM_018296,16
NM_018297,3
NM_018298,1
NM_018300,19
NM_018301,X
NM_018302,4
NM_018303,6
NM_018304,17
NM_018306,3
NM_018307,17
NM_018308,2
NM_018309,3
NM_018310,8
NM_018312,11
NM_018313,3
NM_018314,11
NM_018316,19
NM_018317,4
NM_018318,12
NM_018319,14
NM_018320,11
NM_018321,5
NM_018322,6
NM_018323,4
NM_018324,10
NM_018325,9
NM_018326,7
NM_018327,20
NM_018330,10
NM_018332,16
NM_018334,7
NM_018335,14
NM_018337,19
NM_018338,3
NM_018339,9
NM_018340,16
NM_018341,6
NM_018342,4
NM_018343,5
NM_018344,10
NM_018346,17
NM_018347,20
NM_018348,16
NM_018349,15
NM_018351,12
NM_018352,4
NM_018353,14
NM_018354,20
NM_018355,19
NM_018356,5
NM_018357,15
NM_018358,3
NM_018359,4
NM_018360,X
NM_018361,8
NM_018362,11
NM_018364,1
NM_018365,15
NM_018366,4
NM_018367,11
NM_018368,6
NM_018369,5
NM_018370,12
NM_018371,8
NM_018372,1
NM_018373,14
NM_018374,7
NM_018375,14
NM_018376,9
NM_018378,16
NM_018379,1
NM_018380,16
NM_018381,19
NM_018383,2
NM_018384,7
NM_018385,3
NM_018386,13
NM_018387,9
NM_018388,X
NM_018389,11
NM_018390,X
NM_018393,11
NM_018394,3
NM_018396,7
NM_018397,3
NM_018398,3
NM_018399,6
NM_018400,11
NM_018401,4
NM_018402,12
NM_018403,3
NM_018404,17
NM_018405,17
NM_018406,3
NM_018407,8
NM_018409,4
NM_018410,2
NM_018412,7
NM_018413,12
NM_018414,17
NM_018416,12
NM_018417,1
NM_018418,14
NM_018419,20
NM_018420,1
NM_018421,9
NM_018423,12
NM_018424,9
NM_018425,10
NM_018426,6
NM_018427,16
NM_018428,17
NM_018429,5
NM_018430,16
NM_018431,20
NM_018433,2
NM_018434,5
NM_018436,2
NM_018437,9
NM_018438,1
NM_018439,18
NM_018440,8
NM_018441,2
NM_018442,1
NM_018443,19
NM_018444,8
NM_018445,15
NM_018447,3
NM_018448,12
NM_018449,9
NM_018451,13
NM_018452,6
NM_018453,14
NM_018455,16
NM_018456,3
NM_018460,2
NM_018461,10
NM_018462,3
NM_018463,12
NM_018464,10
NM_018465,9
NM_018466,X
NM_018467,19
NM_018469,17
NM_018470,10
NM_018471,2
NM_018473,6
NM_018474,20
NM_018475,4
NM_018476,X
NM_018477,14
NM_018478,20
NM_018479,6
NM_018480,11
NM_018482,8
NM_018484,11
NM_018485,19
NM_018486,X
NM_018487,7
NM_018488,17
NM_018489,1
NM_018490,11
NM_018492,8
NM_018494,11
NM_018502,5
NM_018509,17
NM_018527,13
NM_018530,17
NM_018534,2
NM_018553,17
NM_018555,19
NM_018556,20
NM_018557,2
NM_018558,X
NM_018559,13
NM_018560,16
NM_018561,6
NM_018566,1
NM_018569,4
NM_018571,2
NM_018579,8
NM_018584,1
NM_018590,10
NM_018593,6
NM_018602,15
NM_018607,2
NM_018622,3
NM_018638,12
NM_018639,12
NM_018640,12
NM_018641,7
NM_018643,6
NM_018644,11
NM_018645,2
NM_018646,7
NM_018647,13
NM_018648,15
NM_018649,10
NM_018650,1
NM_018651,3
NM_018652,15
NM_018654,12
NM_018655,1
NM_018656,12
NM_018657,3
NM_018659,4
NM_018660,8
NM_018661,HSCHR8_3_CTG1
NM_018662,1
NM_018663,12
NM_018664,1
NM_018665,6
NM_018666,X
NM_018667,16
NM_018668,15
NM_018670,15
NM_018671,15
NM_018672,17
NM_018674,2
NM_018676,13
NM_018677,20
NM_018679,6
NM_018682,7
NM_018683,20
NM_018684,X
NM_018685,7
NM_018686,12
NM_018687,19
NM_018688,8
NM_018689,15
NM_018690,16
NM_018691,5
NM_018693,2
NM_018694,12
NM_018695,5
NM_018696,18
NM_018697,7
NM_018698,X
NM_018699,4
NM_018700,5
NM_018702,10
NM_018704,1
NM_018706,10
NM_018708,19
NM_018710,8
NM_018711,12
NM_018712,11
NM_018713,1
NM_018714,17
NM_018715,1
NM_018717,4
NM_018718,7
NM_018719,7
NM_018722,11
NM_018723,16
NM_018724,1
NM_018725,3
NM_018728,15
NM_018833,6
NM_018835,9
NM_018836,1
NM_018837,20
NM_018838,12
NM_018840,20
NM_018841,1
NM_018842,7
NM_018843,7
NM_018845,1
NM_018846,7
NM_018847,9
NM_018850,7
NM_018891,1
NM_018896,17
NM_018897,2
NM_018902,5
NM_018930,5
NM_018931,5
NM_018932,5
NM_018933,5
NM_018934,5
NM_018935,5
NM_018936,5
NM_018937,5
NM_018938,5
NM_018939,5
NM_018940,5
NM_018941,8
NM_018942,4
NM_018943,22
NM_018944,21
NM_018945,6
NM_018946,9
NM_018947,7
NM_018948,1
NM_018949,17
NM_018950,6
NM_018951,7
NM_018952,17
NM_018953,12
NM_018955,17
NM_018956,9
NM_018957,22
NM_018958,15
NM_018960,6
NM_018961,21
NM_018962,21
NM_018963,21
NM_018964,21
NM_018965,6
NM_018968,2
NM_018969,X
NM_018970,7
NM_018971,3
NM_018972,8
NM_018973,1
NM_018974,6
NM_018975,16
NM_018976,12
NM_018977,X
NM_018979,12
NM_018980,7
NM_018981,2
NM_018982,1
NM_018983,4
NM_018984,12
NM_018986,4
NM_018987,3
NM_018988,6
NM_018990,X
NM_018991,7
NM_018992,16
NM_018993,20
NM_018994,1
NM_018995,22
NM_018996,17
NM_018998,9
NM_018999,10
NM_019000,5
NM_019001,3
NM_019002,2
NM_019005,7
NM_019006,15
NM_019007,X
NM_019008,22
NM_019009,11
NM_019010,17
NM_019012,12
NM_019013,17
NM_019014,2
NM_019015,7
NM_019016,17
NM_019018,5
NM_019021,11
NM_019022,18
NM_019023,16
NM_019024,2
NM_019026,1
NM_019027,4
NM_019028,11
NM_019029,7
NM_019030,5
NM_019032,1
NM_019034,12
NM_019035,4
NM_019036,6
NM_019037,8
NM_019039,5
NM_019040,11
NM_019041,6
NM_019042,7
NM_019043,10
NM_019044,2
NM_019045,X
NM_019048,2
NM_019049,1
NM_019051,9
NM_019052,6
NM_019053,10
NM_019054,10
NM_019055,11
NM_019056,X
NM_019057,5
NM_019058,10
NM_019059,7
NM_019060,1
NM_019061,5
NM_019062,1
NM_019063,2
NM_019064,17
NM_019065,16
NM_019066,15
NM_019067,X
NM_019069,3
NM_019070,19
NM_019071,7
NM_019072,5
NM_019073,1
NM_019074,15
NM_019076,2
NM_019079,1
NM_019080,13
NM_019082,7
NM_019083,1
NM_019084,10
NM_019087,5
NM_019088,19
NM_019089,1
NM_019091,2
NM_019095,20
NM_019096,6
NM_019098,8
NM_019099,1
NM_019100,1
NM_019101,6
NM_019102,7
NM_019103,22
NM_019104,19
NM_019105,6
NM_019107,19
NM_019108,19
NM_019109,16
NM_019110,6
NM_019111,6
NM_019112,19
NM_019113,19
NM_019114,9
NM_019116,16
NM_019118,1
NM_019119,5
NM_019120,5
NM_019555,3
NM_019556,X
NM_019557,1
NM_019558,2
NM_019590,10
NM_019591,12
NM_019592,9
NM_019593,20
NM_019594,9
NM_019596,21
NM_019597,X
NM_019599,5
NM_019600,15
NM_019601,22
NM_019602,6
NM_019604,11
NM_019605,1
NM_019606,7
NM_019607,8
NM_019609,20
NM_019610,1
NM_019612,19
NM_019613,17
NM_019617,2
NM_019618,2
NM_019619,10
NM_019625,12
NM_019644,7
NM_019839,14
NM_019841,7
NM_019842,6
NM_019843,22
NM_019844,12
NM_019845,2
NM_019848,X
NM_019849,19
NM_019850,2
NM_019851,8
NM_019852,14
NM_019854,12
NM_019855,19
NM_019858,12
NM_019859,10
NM_019862,16
NM_019863,X
NM_019884,19
NM_019885,2
NM_019886,X
NM_019887,12
NM_019888,20
NM_019891,1
NM_019892,9
NM_019893,10
NM_019894,11
NM_019895,3
NM_019896,2
NM_019897,9
NM_020038,17
NM_020039,12
NM_020040,4
NM_020056,HSCHR6_MHC_QBL_CTG1
NM_020061,X
NM_020062,20
NM_020063,1
NM_020064,9
NM_020066,1
NM_020070,22
NM_020116,4
NM_020117,5
NM_020119,7
NM_020120,2
NM_020121,13
NM_020122,2
NM_020123,10
NM_020124,9
NM_020125,1
NM_020126,19
NM_020127,1
NM_020128,12
NM_020130,8
NM_020131,1
NM_020132,21
NM_020133,6
NM_020134,2
NM_020137,X
NM_020139,4
NM_020141,1
NM_020142,12
NM_020143,2
NM_020144,7
NM_020145,9
NM_020147,15
NM_020148,18
NM_020150,10
NM_020151,2
NM_020152,21
NM_020153,11
NM_020154,15
NM_020155,11
NM_020156,7
NM_020157,20
NM_020158,19
NM_020159,4
NM_020161,2
NM_020162,17
NM_020163,3
NM_020165,3
NM_020166,3
NM_020167,5
NM_020168,15
NM_020169,3
NM_020170,19
NM_020175,19
NM_020177,5
NM_020178,17
NM_020179,11
NM_020180,18
NM_020181,14
NM_020182,20
NM_020183,12
NM_020184,2
NM_020185,6
NM_020186,7
NM_020188,16
NM_020189,8
NM_020190,1
NM_020191,3
NM_020192,7
NM_020193,11
NM_020194,2
NM_020195,14
NM_020196,19
NM_020197,1
NM_020198,17
NM_020199,5
NM_020200,10
NM_020201,17
NM_020202,3
NM_020203,4
NM_020204,1
NM_020205,1
NM_020207,9
NM_020208,3
NM_020209,19
NM_020210,15
NM_020211,15
NM_020212,15
NM_020214,15
NM_020215,14
NM_020216,1
NM_020219,19
NM_020223,7
NM_020225,4
NM_020226,4
NM_020227,5
NM_020230,19
NM_020232,18
NM_020233,17
NM_020234,15
NM_020235,3
NM_020236,4
NM_020237,8
NM_020238,11
NM_020239,1
NM_020240,5
NM_020242,3
NM_020243,22
NM_020244,12
NM_020245,6
NM_020246,7
NM_020247,1
NM_020248,1
NM_020297,12
NM_020298,12
NM_020299,7
NM_020307,3
NM_020309,19
NM_020310,17
NM_020311,2
NM_020312,16
NM_020313,16
NM_020314,16
NM_020315,22
NM_020317,1
NM_020318,1
NM_020319,7
NM_020320,6
NM_020322,7
NM_020326,14
NM_020328,12
NM_020336,20
NM_020337,4
NM_020338,10
NM_020340,6
NM_020341,20
NM_020342,2
NM_020343,20
NM_020344,9
NM_020345,3
NM_020346,11
NM_020347,3
NM_020348,10
NM_020349,10
NM_020350,1
NM_020353,3
NM_020354,10
NM_020356,20
NM_020357,3
NM_020358,11
NM_020359,3
NM_020360,17
NM_020361,8
NM_020362,1
NM_020365,1
NM_020366,14
NM_020367,12
NM_020368,4
NM_020369,7
NM_020370,12
NM_020371,15
NM_020373,12
NM_020374,12
NM_020375,12
NM_020376,11
NM_020377,13
NM_020378,19
NM_020379,1
NM_020380,15
NM_020381,6
NM_020382,12
NM_020383,10
NM_020384,X
NM_020385,9
NM_020386,3
NM_020387,1
NM_020388,6
NM_020389,5
NM_020390,3
NM_020393,1
NM_020394,1
NM_020395,4
NM_020396,15
NM_020397,10
NM_020399,6
NM_020400,12
NM_020401,12
NM_020402,11
NM_020403,13
NM_020404,11
NM_020405,17
NM_020406,19
NM_020407,1
NM_020408,6
NM_020409,3
NM_020410,19
NM_020412,18
NM_020414,14
NM_020415,19
NM_020416,4
NM_020417,7
NM_020421,14
NM_020422,16
NM_020423,1
NM_020424,16
NM_020425,6
NM_020426,17
NM_020427,8
NM_020428,19
NM_020429,7
NM_020432,7
NM_020433,20
NM_020435,1
NM_020436,20
NM_020437,22
NM_020438,9
NM_020439,1
NM_020440,1
NM_020441,11
NM_020442,6
NM_020443,1
NM_020444,5
NM_020445,7
NM_020448,1
NM_020451,1
NM_020452,1
NM_020453,4
NM_020455,6
NM_020456,13
NM_020457,16
NM_020458,2
NM_020462,5
NM_020463,2
NM_020466,6
NM_020469,9
NM_020470,11
NM_020474,18
NM_020478,8
NM_020482,6
NM_020485,1
NM_020524,1
NM_020525,12
NM_020526,1
NM_020528,21
NM_020529,14
NM_020530,22
NM_020531,20
NM_020532,2
NM_020533,19
NM_020535,HSCHR19KIR_GRC212_AB_HAP_CTG3_1
NM_020536,20
NM_020546,5
NM_020547,12
NM_020548,2
NM_020549,10
NM_020630,10
NM_020632,7
NM_020633,19
NM_020634,12
NM_020637,19
NM_020638,12
NM_020639,21
NM_020640,3
NM_020641,9
NM_020642,11
NM_020643,11
NM_020644,11
NM_020645,11
NM_020646,11
NM_020647,8
NM_020648,18
NM_020649,17
NM_020650,19
NM_020651,2
NM_020652,17
NM_020653,17
NM_020654,3
NM_020655,16
NM_020657,19
NM_020659,19
NM_020660,15
NM_020661,12
NM_020662,6
NM_020663,14
NM_020664,16
NM_020665,X
NM_020666,5
NM_020672,1
NM_020673,20
NM_020674,2
NM_020675,2
NM_020676,3
NM_020677,16
NM_020678,3
NM_020679,17
NM_020680,11
NM_020682,10
NM_020683,1
NM_020684,7
NM_020685,3
NM_020686,16
NM_020689,20
NM_020690,5
NM_020692,14
NM_020693,11
NM_020695,19
NM_020696,3
NM_020697,8
NM_020698,12
NM_020699,1
NM_020701,3
NM_020702,9
NM_020703,1
NM_020704,7
NM_020705,16
NM_020706,21
NM_020707,3
NM_020708,20
NM_020710,1
NM_020711,2
NM_020713,20
NM_020714,19
NM_020715,14
NM_020717,X
NM_020724,4
NM_020726,5
NM_020727,21
NM_020728,7
NM_020729,1
NM_020731,5
NM_020734,12
NM_020737,6
NM_020738,2
NM_020739,15
NM_020740,17
NM_020742,X
NM_020744,2
NM_020745,6
NM_020746,20
NM_020747,5
NM_020748,17
NM_020750,6
NM_020751,13
NM_020752,10
NM_020753,17
NM_020754,3
NM_020755,6
NM_020760,2
NM_020761,17
NM_020762,12
NM_020764,16
NM_020765,1
NM_020766,X
NM_020768,5
NM_020769,X
NM_020770,1
NM_020771,6
NM_020772,17
NM_020773,4
NM_020774,18
NM_020775,1
NM_020776,18
NM_020777,4
NM_020778,15
NM_020781,7
NM_020782,12
NM_020783,18
NM_020784,14
NM_020786,16
NM_020787,17
NM_020789,1
NM_020791,17
NM_020792,3
NM_020794,1
NM_020795,17
NM_020796,5
NM_020799,10
NM_020800,3
NM_020801,5
NM_020802,11
NM_020803,4
NM_020804,6
NM_020805,18
NM_020806,14
NM_020807,16
NM_020808,1
NM_020809,11
NM_020810,14
NM_020812,19
NM_020813,19
NM_020814,2
NM_020815,4
NM_020816,1
NM_020817,3
NM_020818,14
NM_020819,6
NM_020820,20
NM_020821,15
NM_020822,9
NM_020824,10
NM_020825,16
NM_020826,11
NM_020828,19
NM_020830,2
NM_020831,22
NM_020832,1
NM_020834,14
NM_020836,14
NM_020839,3
NM_020841,12
NM_020843,15
NM_020844,8
NM_020845,12
NM_020850,16
NM_020851,15
NM_020853,12
NM_020854,18
NM_020856,19
NM_020857,15
NM_020859,4
NM_020860,4
NM_020861,6
NM_020863,8
NM_020865,3
NM_020866,13
NM_020868,2
NM_020870,4
NM_020871,X
NM_020872,3
NM_020873,3
NM_020877,17
NM_020879,7
NM_020880,19
NM_020882,20
NM_020884,20
NM_020886,11
NM_020888,1
NM_020889,17
NM_020890,3
NM_020892,7
NM_020893,9
NM_020894,4
NM_020895,19
NM_020896,11
NM_020897,1
NM_020898,12
NM_020899,17
NM_020901,11
NM_020903,19
NM_020904,19
NM_020905,2
NM_020909,2
NM_020912,16
NM_020914,17
NM_020917,19
NM_020918,10
NM_020919,2
NM_020920,14
NM_020921,14
NM_020922,X
NM_020924,9
NM_020925,1
NM_020926,X
NM_020927,16
NM_020929,11
NM_020931,6
NM_020932,X
NM_020933,19
NM_020935,2
NM_020936,12
NM_020937,14
NM_020939,6
NM_020940,10
NM_020943,2
NM_020944,9
NM_020946,9
NM_020947,16
NM_020948,1
NM_020949,3
NM_020951,19
NM_020954,17
NM_020956,19
NM_020957,5
NM_020958,14
NM_020959,19
NM_020960,9
NM_020961,4
NM_020962,15
NM_020963,1
NM_020964,18
NM_020965,1
NM_020967,20
NM_020970,2
NM_020971,19
NM_020972,4
NM_020973,4
NM_020974,11
NM_020978,1
NM_020979,7
NM_020980,15
NM_020981,2
NM_020982,16
NM_020987,10
NM_020988,16
NM_020989,2
NM_020990,15
NM_020992,10
NM_020993,12
NM_020994,X
NM_020995,16
NM_020996,12
NM_020997,1
NM_020998,3
NM_020999,10
NM_021002,9
NM_021003,14
NM_021004,14
NM_021005,15
NM_021007,2
NM_021008,11
NM_021009,12
NM_021010,8
NM_021012,17
NM_021013,17
NM_021014,X
NM_021015,X
NM_021016,19
NM_021018,6
NM_021020,8
NM_021021,8
NM_021023,1
NM_021025,5
NM_021026,22
NM_021029,X
NM_021030,19
NM_021033,13
NM_021034,11
NM_021035,20
NM_021036,5
NM_021038,3
NM_021044,12
NM_021045,10
NM_021046,11
NM_021047,19
NM_021052,6
NM_021057,9
NM_021058,6
NM_021061,8
NM_021062,6
NM_021063,6
NM_021064,6
NM_021065,6
NM_021066,6
NM_021067,20
NM_021068,9
NM_021069,4
NM_021070,11
NM_021071,12
NM_021072,5
NM_021073,6
NM_021074,18
NM_021075,21
NM_021076,22
NM_021077,15
NM_021078,17
NM_021079,17
NM_021080,1
NM_021081,20
NM_021082,3
NM_021083,X
NM_021088,2
NM_021089,19
NM_021090,22
NM_021093,17
NM_021095,2
NM_021096,22
NM_021097,2
NM_021098,16
NM_021100,20
NM_021101,3
NM_021102,19
NM_021103,2
NM_021104,12
NM_021105,3
NM_021107,19
NM_021109,X
NM_021110,8
NM_021111,9
NM_021114,4
NM_021115,22
NM_021116,7
NM_021117,11
NM_021118,X
NM_021120,X
NM_021127,18
NM_021128,11
NM_021129,10
NM_021130,7
NM_021132,10
NM_021133,1
NM_021134,11
NM_021135,6
NM_021136,14
NM_021137,17
NM_021138,9
NM_021139,4
NM_021140,X
NM_021141,2
NM_021143,19
NM_021144,9
NM_021145,7
NM_021146,1
NM_021147,5
NM_021148,7
NM_021149,16
NM_021151,7
NM_021153,18
NM_021155,19
NM_021156,20
NM_021158,20
NM_021159,4
NM_021160,6
NM_021161,14
NM_021163,7
NM_021165,1
NM_021167,7
NM_021168,16
NM_021170,1
NM_021173,11
NM_021174,8
NM_021175,19
NM_021176,2
NM_021177,6
NM_021178,14
NM_021179,1
NM_021181,1
NM_021182,5
NM_021183,X
NM_021184,HSCHR6_MHC_QBL_CTG1
NM_021186,1
NM_021187,19
NM_021188,14
NM_021189,1
NM_021190,1
NM_021191,12
NM_021192,2
NM_021193,2
NM_021194,1
NM_021195,16
NM_021196,2
NM_021197,16
NM_021198,2
NM_021199,15
NM_021200,11
NM_021201,11
NM_021202,20
NM_021203,3
NM_021204,4
NM_021205,1
NM_021209,2
NM_021210,17
NM_021211,11
NM_021212,11
NM_021213,17
NM_021215,20
NM_021216,19
NM_021217,19
NM_021218,9
NM_021219,21
NM_021220,20
NM_021221,6
NM_021222,1
NM_021223,7
NM_021224,9
NM_021225,4
NM_021226,10
NM_021227,4
NM_021228,19
NM_021229,12
NM_021232,19
NM_021233,1
NM_021235,19
NM_021237,3
NM_021238,12
NM_021239,14
NM_021240,9
NM_021242,X
NM_021244,6
NM_021245,10
NM_021247,16
NM_021248,20
NM_021249,14
NM_021252,10
NM_021253,6
NM_021254,21
NM_021255,14
NM_021257,14
NM_021258,1
NM_021259,16
NM_021260,14
NM_021268,9
NM_021269,19
NM_021569,9
NM_021570,9
NM_021571,11
NM_021572,6
NM_021599,5
NM_021603,11
NM_021614,5
NM_021615,16
NM_021619,9
NM_021620,6
NM_021624,18
NM_021626,17
NM_021627,3
NM_021628,17
NM_021629,3
NM_021630,8
NM_021632,19
NM_021633,1
NM_021634,4
NM_021635,6
NM_021637,X
NM_021638,4
NM_021639,1
NM_021640,12
NM_021641,10
NM_021642,1
NM_021643,2
NM_021645,13
NM_021646,16
NM_021647,4
NM_021648,6
NM_021649,5
NM_021652,5
NM_021706,19
NM_021721,7
NM_021723,7
NM_021724,17
NM_021727,11
NM_021728,14
NM_021729,11
NM_021731,19
NM_021732,10
NM_021733,19
NM_021734,17
NM_021738,10
NM_021777,8
NM_021783,X
NM_021784,20
NM_021785,X
NM_021794,1
NM_021796,X
NM_021797,1
NM_021800,10
NM_021801,11
NM_021803,4
NM_021804,X
NM_021805,11
NM_021806,X
NM_021807,7
NM_021808,12
NM_021809,20
NM_021810,20
NM_021812,3
NM_021813,6
NM_021814,6
NM_021815,2
NM_021817,1
NM_021818,14
NM_021819,15
NM_021820,6
NM_021821,12
NM_021822,22
NM_021823,15
NM_021824,2
NM_021825,11
NM_021826,20
NM_021827,11
NM_021828,10
NM_021830,10
NM_021831,2
NM_021833,4
NM_021871,4
NM_021873,20
NM_021874,20
NM_021913,19
NM_021914,14
NM_021915,19
NM_021916,22
NM_021920,11
NM_021922,6
NM_021924,11
NM_021925,2
NM_021926,11
NM_021927,4
NM_021928,4
NM_021930,7
NM_021931,20
NM_021932,11
NM_021933,1
NM_021934,12
NM_021935,3
NM_021937,3
NM_021938,19
NM_021939,17
NM_021940,6
NM_021942,4
NM_021943,6
NM_021944,14
NM_021945,6
NM_021946,X
NM_021947,17
NM_021948,1
NM_021949,X
NM_021951,9
NM_021952,1
NM_021954,13
NM_021955,7
NM_021956,6
NM_021957,12
NM_021958,1
NM_021959,6
NM_021960,1
NM_021961,11
NM_021962,17
NM_021963,X
NM_021964,3
NM_021965,9
NM_021966,14
NM_021968,6
NM_021969,1
NM_021970,4
NM_021971,3
NM_021972,17
NM_021973,4
NM_021974,22
NM_021976,6
NM_021977,6
NM_021978,11
NM_021979,14
NM_021982,5
NM_021983,HSCHR6_MHC_SSTO_CTG1
NM_021990,X
NM_021991,17
NM_021992,X
NM_021994,7
NM_021995,1
NM_021996,9
NM_021998,X
NM_021999,13
NM_022003,11
NM_022006,19
NM_022034,10
NM_022036,17
NM_022037,2
NM_022039,10
NM_022041,16
NM_022042,4
NM_022044,22
NM_022045,8
NM_022046,19
NM_022047,6
NM_022048,15
NM_022049,1
NM_022051,1
NM_022052,X
NM_022054,14
NM_022055,2
NM_022058,2
NM_022059,17
NM_022060,14
NM_022061,11
NM_022062,11
NM_022063,10
NM_022064,3
NM_022065,2
NM_022066,17
NM_022067,14
NM_022068,18
NM_022070,17
NM_022071,8
NM_022072,3
NM_022073,14
NM_022074,11
NM_022076,X
NM_022077,20
NM_022078,1
NM_022080,20
NM_022081,22
NM_022082,20
NM_022085,6
NM_022086,20
NM_022087,7
NM_022089,1
NM_022090,5
NM_022091,6
NM_022092,16
NM_022093,1
NM_022094,3
NM_022095,20
NM_022096,20
NM_022097,16
NM_022098,22
NM_022100,1
NM_022101,X
NM_022102,6
NM_022103,19
NM_022104,20
NM_022105,20
NM_022106,20
NM_022107,6
NM_022110,6
NM_022111,1
NM_022112,11
NM_022113,6
NM_022114,1
NM_022115,21
NM_022116,7
NM_022117,X
NM_022118,13
NM_022119,16
NM_022120,1
NM_022121,6
NM_022122,11
NM_022123,14
NM_022124,10
NM_022126,10
NM_022127,9
NM_022128,2
NM_022129,10
NM_022130,5
NM_022131,3
NM_022132,5
NM_022133,8
NM_022134,2
NM_022135,3
NM_022136,21
NM_022137,14
NM_022138,6
NM_022139,20
NM_022140,5
NM_022141,22
NM_022142,19
NM_022143,7
NM_022144,X
NM_022145,5
NM_022146,10
NM_022147,3
NM_022149,3
NM_022150,7
NM_022151,14
NM_022152,2
NM_022153,10
NM_022154,4
NM_022156,17
NM_022157,1
NM_022158,17
NM_022160,9
NM_022161,20
NM_022162,16
NM_022163,15
NM_022164,1
NM_022165,19
NM_022166,16
NM_022167,17
NM_022168,2
NM_022169,11
NM_022170,7
NM_022171,3
NM_022173,2
NM_022304,5
NM_022334,2
NM_022336,2
NM_022337,11
NM_022338,11
NM_022340,3
NM_022342,3
NM_022343,9
NM_022344,17
NM_022346,4
NM_022347,1
NM_022349,11
NM_022350,5
NM_022351,8
NM_022353,2
NM_022354,1
NM_022355,16
NM_022356,1
NM_022357,16
NM_022358,20
NM_022359,1
NM_022360,14
NM_022361,6
NM_022362,10
NM_022363,12
NM_022365,10
NM_022366,1
NM_022367,1
NM_022368,X
NM_022369,15
NM_022370,11
NM_022371,1
NM_022372,16
NM_022373,7
NM_022374,2
NM_022436,2
NM_022437,2
NM_022443,3
NM_022444,7
NM_022445,7
NM_022447,16
NM_022449,2
NM_022450,16
NM_022451,10
NM_022452,16
NM_022453,2
NM_022454,8
NM_022455,5
NM_022457,1
NM_022458,7
NM_022459,13
NM_022460,2
NM_022461,3
NM_022462,19
NM_022463,17
NM_022464,5
NM_022465,12
NM_022467,19
NM_022468,16
NM_022469,1
NM_022470,3
NM_022473,15
NM_022474,14
NM_022475,4
NM_022478,14
NM_022479,7
NM_022480,15
NM_022481,5
NM_022482,20
NM_022483,5
NM_022484,7
NM_022485,3
NM_022486,9
NM_022487,10
NM_022488,3
NM_022489,14
NM_022490,9
NM_022491,12
NM_022492,2
NM_022493,16
NM_022494,10
NM_022495,14
NM_022496,12
NM_022497,3
NM_022550,5
NM_022551,6
NM_022553,HSCHR6_MHC_QBL_CTG1
NM_022555,HSCHR6_MHC_QBL_CTG1
NM_022558,17
NM_022564,8
NM_022566,15
NM_022567,X
NM_022568,6
NM_022569,4
NM_022571,14
NM_022573,Y
NM_022574,7
NM_022579,17
NM_022581,17
NM_022640,17
NM_022644,17
NM_022648,2
NM_022658,12
NM_022659,8
NM_022661,X
NM_022662,2
NM_022663,HSCHR18_5_CTG1_1
NM_022664,1
NM_022717,12
NM_022719,22
NM_022720,22
NM_022725,11
NM_022726,6
NM_022727,22
NM_022728,7
NM_022730,2
NM_022731,1
NM_022733,1
NM_022734,14
NM_022735,1
NM_022736,3
NM_022737,19
NM_022739,17
NM_022740,7
NM_022742,7
NM_022743,1
NM_022744,16
NM_022745,1
NM_022746,1
NM_022748,7
NM_022749,8
NM_022750,7
NM_022751,18
NM_022752,19
NM_022753,1
NM_022754,5
NM_022755,9
NM_022756,1
NM_022757,3
NM_022759,17
NM_022760,20
NM_022761,11
NM_022762,5
NM_022763,3
NM_022764,16
NM_022765,6
NM_022766,22
NM_022767,15
NM_022768,1
NM_022769,15
NM_022770,16
NM_022771,12
NM_022772,11
NM_022773,16
NM_022774,1
NM_022776,3
NM_022777,7
NM_022778,1
NM_022779,9
NM_022780,2
NM_022782,12
NM_022783,8
NM_022784,15
NM_022785,22
NM_022786,1
NM_022787,1
NM_022788,3
NM_022789,14
NM_022802,10
NM_022803,11
NM_022804,15
NM_022807,15
NM_022817,2
NM_022818,16
NM_022819,1
NM_022820,7
NM_022821,1
NM_022822,11
NM_022823,2
NM_022826,2
NM_022827,17
NM_022828,5
NM_022830,11
NM_022831,1
NM_022832,4
NM_022833,9
NM_022834,1
NM_022835,19
NM_022836,1
NM_022838,X
NM_022839,15
NM_022840,18
NM_022841,15
NM_022842,3
NM_022843,13
NM_022845,16
NM_022873,1
NM_022877,5
NM_022893,2
NM_022894,2
NM_022895,12
NM_022896,20
NM_022897,5
NM_022899,3
NM_022900,7
NM_022901,9
NM_022902,5
NM_022903,3
NM_022905,15
NM_022908,3
NM_022909,5
NM_022910,16
NM_022911,3
NM_022912,2
NM_022913,5
NM_022914,16
NM_022915,2
NM_022916,12
NM_022917,9
NM_022918,11
NM_022970,10
NM_022978,5
NM_023002,19
NM_023003,15
NM_023004,22
NM_023005,7
NM_023007,1
NM_023008,19
NM_023009,1
NM_023011,13
NM_023013,1
NM_023014,1
NM_023015,1
NM_023016,2
NM_023018,1
NM_023028,10
NM_023034,8
NM_023036,17
NM_023037,13
NM_023038,5
NM_023039,5
NM_023067,3
NM_023068,20
NM_023070,1
NM_023071,12
NM_023073,5
NM_023074,19
NM_023075,18
NM_023077,1
NM_023078,8
NM_023079,17
NM_023080,8
NM_023083,2
NM_023087,2
NM_023089,2
NM_023107,8
NM_023108,8
NM_023109,8
NM_023110,8
NM_023111,8
NM_023112,14
NM_023914,3
NM_023915,3
NM_023917,12
NM_023918,12
NM_023919,12
NM_023920,12
NM_023921,12
NM_023922,12
NM_023923,1
NM_023924,5
NM_023925,12
NM_023926,19
NM_023927,5
NM_023928,12
NM_023929,8
NM_023930,11
NM_023931,16
NM_023933,16
NM_023934,X
NM_023935,20
NM_023936,16
NM_023937,19
NM_023938,1
NM_023940,4
NM_023942,7
NM_023943,3
NM_023944,19
NM_023945,11
NM_023946,8
NM_023947,11
NM_023948,7
NM_024003,X
NM_024007,5
NM_024009,1
NM_024010,5
NM_024012,7
NM_024013,9
NM_024014,7
NM_024015,17
NM_024016,17
NM_024017,17
NM_024018,6
NM_024019,4
NM_024021,11
NM_024023,16
NM_024025,8
NM_024026,13
NM_024028,5
NM_024029,19
NM_024031,16
NM_024032,17
NM_024033,7
NM_024034,20
NM_024035,8
NM_024036,11
NM_024037,1
NM_024038,19
NM_024039,17
NM_024040,10
NM_024042,16
NM_024043,16
NM_024045,10
NM_024046,3
NM_024047,4
NM_024048,16
NM_024050,19
NM_024051,7
NM_024052,17
NM_024053,22
NM_024054,7
NM_024055,5
NM_024056,12
NM_024057,12
NM_024059,20
NM_024060,11
NM_024063,15
NM_024065,2
NM_024066,1
NM_024067,7
NM_024068,12
NM_024069,19
NM_024070,7
NM_024071,14
NM_024072,12
NM_024074,19
NM_024075,19
NM_024076,19
NM_024077,9
NM_024078,12
NM_024080,2
NM_024081,11
NM_024082,X
NM_024083,17
NM_024085,2
NM_024086,17
NM_024087,X
NM_024089,13
NM_024090,4
NM_024091,5
NM_024092,11
NM_024093,2
NM_024094,8
NM_024095,12
NM_024096,16
NM_024097,1
NM_024098,11
NM_024099,11
NM_024100,19
NM_024101,2
NM_024102,1
NM_024103,19
NM_024104,19
NM_024105,22
NM_024106,19
NM_024108,19
NM_024109,16
NM_024110,17
NM_024111,15
NM_024112,9
NM_024114,11
NM_024116,11
NM_024119,17
NM_024120,20
NM_024122,X
NM_024165,6
NM_024292,19
NM_024293,2
NM_024294,6
NM_024295,8
NM_024296,1
NM_024297,17
NM_024298,19
NM_024299,20
NM_024301,19
NM_024302,17
NM_024303,19
NM_024306,16
NM_024307,16
NM_024308,17
NM_024309,4
NM_024310,19
NM_024311,17
NM_024312,12
NM_024313,22
NM_024315,7
NM_024316,19
NM_024317,19
NM_024319,1
NM_024320,17
NM_024321,19
NM_024322,2
NM_024323,19
NM_024324,22
NM_024325,20
NM_024326,10
NM_024327,19
NM_024328,14
NM_024329,1
NM_024330,1
NM_024331,20
NM_024333,19
NM_024334,3
NM_024335,16
NM_024336,16
NM_024337,5
NM_024339,16
NM_024341,19
NM_024345,9
NM_024407,19
NM_024408,1
NM_024409,2
NM_024410,8
NM_024411,20
NM_024415,5
NM_024417,17
NM_024419,17
NM_024420,1
NM_024422,18
NM_024423,18
NM_024424,11
NM_024426,11
NM_024430,18
NM_024490,15
NM_024491,3
NM_024492,6
NM_024493,6
NM_024496,14
NM_024501,2
NM_024503,1
NM_024504,8
NM_024505,15
NM_024506,2
NM_024508,3
NM_024509,19
NM_024510,17
NM_024511,4
NM_024512,3
NM_024513,3
NM_024514,11
NM_024515,14
NM_024516,16
NM_024517,9
NM_024518,6
NM_024519,16
NM_024520,2
NM_024522,1
NM_024523,7
NM_024525,1
NM_024526,1
NM_024527,19
NM_024528,X
NM_024529,1
NM_024531,8
NM_024532,2
NM_024533,16
NM_024534,4
NM_024535,16
NM_024536,2
NM_024537,13
NM_024541,10
NM_024544,1
NM_024545,2
NM_024546,13
NM_024548,3
NM_024549,12
NM_024551,12
NM_024552,19
NM_024553,7
NM_024554,1
NM_024556,11
NM_024557,11
NM_024558,14
NM_024560,12
NM_024561,13
NM_024563,5
NM_024565,5
NM_024567,8
NM_024570,13
NM_024571,16
NM_024572,2
NM_024573,6
NM_024574,4
NM_024575,1
NM_024576,6
NM_024577,5
NM_024578,19
NM_024579,1
NM_024580,15
NM_024581,6
NM_024583,2
NM_024584,2
NM_024585,17
NM_024587,1
NM_024588,22
NM_024589,16
NM_024590,4
NM_024591,17
NM_024592,4
NM_024593,8
NM_024594,5
NM_024595,1
NM_024596,8
NM_024598,16
NM_024599,17
NM_024600,16
NM_024602,1
NM_024603,1
NM_024604,12
NM_024605,4
NM_024607,8
NM_024608,15
NM_024610,3
NM_024611,15
NM_024612,17
NM_024613,8
NM_024615,5
NM_024616,3
NM_024617,9
NM_024619,17
NM_024620,19
NM_024621,3
NM_024622,2
NM_024623,12
NM_024624,2
NM_024625,7
NM_024626,1
NM_024627,22
NM_024628,3
NM_024629,4
NM_024631,11
NM_024632,5
NM_024633,14
NM_024635,9
NM_024636,7
NM_024637,7
NM_024638,3
NM_024640,1
NM_024641,6
NM_024642,9
NM_024643,14
NM_024644,14
NM_024645,8
NM_024646,1
NM_024648,17
NM_024649,11
NM_024650,11
NM_024652,15
NM_024653,7
NM_024654,1
NM_024656,19
NM_024657,X
NM_024658,14
NM_024660,19
NM_024661,3
NM_024662,11
NM_024663,20
NM_024664,1
NM_024665,3
NM_024666,15
NM_024667,12
NM_024668,5
NM_024669,5
NM_024670,10
NM_024671,16
NM_024672,4
NM_024674,1
NM_024675,16
NM_024676,1
NM_024677,4
NM_024678,11
NM_024680,11
NM_024681,22
NM_024682,19
NM_024683,17
NM_024684,11
NM_024685,12
NM_024686,1
NM_024687,3
NM_024688,10
NM_024689,X
NM_024690,19
NM_024691,19
NM_024692,2
NM_024693,10
NM_024697,3
NM_024698,11
NM_024699,8
NM_024700,1
NM_024701,10
NM_024702,17
NM_024704,20
NM_024705,13
NM_024706,16
NM_024707,19
NM_024708,15
NM_024709,1
NM_024710,19
NM_024711,7
NM_024712,16
NM_024713,15
NM_024715,5
NM_024717,5
NM_024718,9
NM_024719,13
NM_024721,8
NM_024722,17
NM_024725,11
NM_024726,2
NM_024727,3
NM_024728,7
NM_024729,19
NM_024730,12
NM_024731,16
NM_024733,19
NM_024734,14
NM_024735,16
NM_024736,8
NM_024738,12
NM_024740,11
NM_024741,11
NM_024742,16
NM_024743,4
NM_024744,2
NM_024745,16
NM_024746,1
NM_024747,10
NM_024749,1
NM_024750,3
NM_024751,4
NM_024753,2
NM_024754,5
NM_024755,15
NM_024756,10
NM_024757,9
NM_024758,1
NM_024759,8
NM_024760,19
NM_024761,9
NM_024762,19
NM_024763,1
NM_024764,14
NM_024766,2
NM_024767,8
NM_024768,3
NM_024769,11
NM_024770,2
NM_024771,11
NM_024772,1
NM_024773,16
NM_024775,2
NM_024778,X
NM_024779,12
NM_024780,16
NM_024781,18
NM_024782,2
NM_024783,11
NM_024784,11
NM_024785,2
NM_024786,5
NM_024787,8
NM_024788,7
NM_024789,10
NM_024790,8
NM_024791,11
NM_024792,17
NM_024793,16
NM_024794,19
NM_024795,2
NM_024798,15
NM_024800,3
NM_024803,10
NM_024804,1
NM_024805,18
NM_024806,11
NM_024807,6
NM_024808,13
NM_024809,12
NM_024810,X
NM_024811,11
NM_024812,8
NM_024813,1
NM_024814,7
NM_024815,8
NM_024816,16
NM_024817,15
NM_024819,17
NM_024820,9
NM_024821,22
NM_024824,14
NM_024825,19
NM_024826,4
NM_024827,3
NM_024828,9
NM_024829,12
NM_024830,5
NM_024831,8
NM_024832,14
NM_024833,19
NM_024834,10
NM_024835,17
NM_024836,1
NM_024837,15
NM_024839,6
NM_024840,19
NM_024841,11
NM_024843,2
NM_024844,17
NM_024845,16
NM_024847,16
NM_024848,1
NM_024850,5
NM_024852,1
NM_024854,12
NM_024855,20
NM_024857,17
NM_024859,X
NM_024860,16
NM_024861,2
NM_024863,X
NM_024864,17
NM_024865,12
NM_024866,22
NM_024867,5
NM_024869,1
NM_024871,3
NM_024872,5
NM_024873,4
NM_024874,1
NM_024875,10
NM_024876,19
NM_024877,19
NM_024881,19
NM_024884,14
NM_024885,X
NM_024886,10
NM_024887,1
NM_024888,19
NM_024889,10
NM_024891,11
NM_024893,20
NM_024894,2
NM_024895,10
NM_024896,9
NM_024897,1
NM_024898,19
NM_024899,18
NM_024900,4
NM_024901,1
NM_024902,12
NM_024906,4
NM_024907,19
NM_024908,15
NM_024909,6
NM_024910,7
NM_024911,1
NM_024913,7
NM_024915,8
NM_024917,X
NM_024918,20
NM_024919,6
NM_024920,4
NM_024921,X
NM_024922,16
NM_024923,3
NM_024924,19
NM_024926,7
NM_024927,17
NM_024928,10
NM_024930,5
NM_024933,2
NM_024935,18
NM_024938,1
NM_024939,16
NM_024940,8
NM_024941,5
NM_024942,10
NM_024943,4
NM_024944,21
NM_024945,9
NM_024946,16
NM_024947,3
NM_024948,10
NM_024949,4
NM_024952,14
NM_024953,12
NM_024954,10
NM_024955,22
NM_024956,15
NM_024958,20
NM_024959,12
NM_024963,7
NM_024966,15
NM_024967,19
NM_024969,2
NM_024974,17
NM_024979,13
NM_024986,16
NM_024989,2
NM_024993,2
NM_024996,3
NM_024997,16
NM_025000,2
NM_025002,6
NM_025004,11
NM_025009,4
NM_025010,3
NM_025015,10
NM_025021,19
NM_025027,19
NM_025029,2
NM_025031,7
NM_025040,19
NM_025041,3
NM_025045,22
NM_025047,3
NM_025048,6
NM_025049,15
NM_025052,2
NM_025054,8
NM_025057,14
NM_025058,1
NM_025059,6
NM_025061,19
NM_025063,1
NM_025065,1
NM_025069,8
NM_025073,1
NM_025074,4
NM_025075,3
NM_025076,2
NM_025077,1
NM_025078,18
NM_025079,1
NM_025080,11
NM_025082,16
NM_025083,15
NM_025087,4
NM_025090,17
NM_025092,11
NM_025097,4
NM_025099,17
NM_025103,9
NM_025104,17
NM_025106,1
NM_025107,6
NM_025108,16
NM_025109,17
NM_025112,3
NM_025113,13
NM_025114,12
NM_025115,8
NM_025124,11
NM_025125,10
NM_025128,11
NM_025129,19
NM_025130,10
NM_025132,4
NM_025133,2
NM_025134,16
NM_025135,18
NM_025136,19
NM_025137,15
NM_025138,13
NM_025139,2
NM_025140,12
NM_025144,4
NM_025145,10
NM_025146,3
NM_025147,2
NM_025149,17
NM_025150,1
NM_025152,14
NM_025154,7
NM_025155,11
NM_025158,5
NM_025159,X
NM_025160,1
NM_025161,17
NM_025163,3
NM_025164,11
NM_025165,15
NM_025169,3
NM_025176,20
NM_025179,1
NM_025180,3
NM_025181,2
NM_025182,9
NM_025184,X
NM_025187,16
NM_025188,1
NM_025189,19
NM_025191,1
NM_025193,16
NM_025194,19
NM_025195,8
NM_025196,4
NM_025198,12
NM_025201,15
NM_025202,2
NM_025203,2
NM_025204,22
NM_025205,4
NM_025207,1
NM_025208,11
NM_025209,10
NM_025211,9
NM_025212,4
NM_025213,19
NM_025214,18
NM_025215,12
NM_025216,2
NM_025217,6
NM_025218,6
NM_025219,20
NM_025220,20
NM_025222,3
NM_025224,20
NM_025225,22
NM_025227,20
NM_025228,1
NM_025230,14
NM_025231,6
NM_025232,8
NM_025233,17
NM_025234,15
NM_025235,10
NM_025236,HSCHR6_MHC_MANN_CTG1
NM_025237,17
NM_025238,15
NM_025239,9
NM_025240,15
NM_025241,19
NM_025243,2
NM_025244,2
NM_025245,19
NM_025246,3
NM_025247,12
NM_025248,17
NM_025249,19
NM_025250,7
NM_025251,8
NM_025252,2
NM_025256,HSCHR6_MHC_QBL_CTG1
NM_025257,6
NM_025258,HSCHR6_MHC_MCF_CTG1
NM_025261,HSCHR6_MHC_MCF_CTG1
NM_025262,HSCHR6_MHC_QBL_CTG1
NM_025263,6
NM_025264,2
NM_025265,3
NM_025267,17
NM_025268,14
NM_030379,2
NM_030567,5
NM_030568,6
NM_030569,10
NM_030570,7
NM_030571,5
NM_030572,12
NM_030573,22
NM_030576,17
NM_030577,2
NM_030578,19
NM_030579,16
NM_030580,8
NM_030581,16
NM_030582,21
NM_030583,8
NM_030588,1
NM_030594,15
NM_030613,5
NM_030615,6
NM_030622,19
NM_030623,2
NM_030624,X
NM_030626,10
NM_030627,5
NM_030628,11
NM_030630,17
NM_030631,14
NM_030633,4
NM_030634,1
NM_030636,7
NM_030637,14
NM_030639,X
NM_030640,12
NM_030641,22
NM_030642,HSCHR22_1_CTG4
NM_030643,22
NM_030645,1
NM_030647,7
NM_030648,4
NM_030649,1
NM_030650,2
NM_030651,6
NM_030652,6
NM_030653,12
NM_030657,19
NM_030662,19
NM_030663,1
NM_030665,17
NM_030666,6
NM_030667,12
NM_030672,18
NM_030674,12
NM_030751,10
NM_030752,6
NM_030753,17
NM_030754,11
NM_030755,14
NM_030756,10
NM_030758,22
NM_030759,10
NM_030760,19
NM_030761,1
NM_030762,12
NM_030763,X
NM_030764,1
NM_030765,12
NM_030766,12
NM_030767,9
NM_030769,1
NM_030770,11
NM_030771,11
NM_030772,1
NM_030773,20
NM_030774,11
NM_030775,12
NM_030776,20
NM_030777,20
NM_030779,17
NM_030780,8
NM_030781,18
NM_030782,5
NM_030783,11
NM_030784,6
NM_030785,19
NM_030786,1
NM_030787,1
NM_030788,8
NM_030790,16
NM_030791,14
NM_030792,11
NM_030793,5
NM_030794,13
NM_030795,8
NM_030796,7
NM_030797,2
NM_030798,7
NM_030799,5
NM_030800,15
NM_030801,X
NM_030802,17
NM_030803,2
NM_030805,2
NM_030806,1
NM_030807,22
NM_030808,17
NM_030809,12
NM_030811,20
NM_030812,1
NM_030813,11
NM_030814,9
NM_030815,20
NM_030817,12
NM_030818,19
NM_030819,16
NM_030820,6
NM_030821,4
NM_030824,19
NM_030876,HSCHR6_MHC_QBL_CTG1
NM_030877,20
NM_030883,6
NM_030891,21
NM_030893,1
NM_030895,8
NM_030899,6
NM_030900,7
NM_030901,19
NM_030903,HSCHR6_MHC_QBL_CTG1
NM_030905,HSCHR6_MHC_QBL_CTG1
NM_030906,11
NM_030907,1
NM_030911,13
NM_030912,10
NM_030913,1
NM_030914,9
NM_030915,2
NM_030916,1
NM_030917,4
NM_030918,1
NM_030919,20
NM_030920,1
NM_030922,15
NM_030923,2
NM_030924,19
NM_030925,13
NM_030926,2
NM_030927,10
NM_030928,16
NM_030929,10
NM_030930,11
NM_030931,20
NM_030932,13
NM_030933,1
NM_030934,1
NM_030935,7
NM_030936,7
NM_030938,17
NM_030939,6
NM_030940,9
NM_030941,16
NM_030943,14
NM_030946,HSCHR6_MHC_SSTO_CTG1
NM_030948,6
NM_030949,6
NM_030952,1
NM_030953,5
NM_030954,8
NM_030955,5
NM_030956,4
NM_030957,19
NM_030958,8
NM_030959,HSCHR6_MHC_SSTO_CTG1
NM_030960,6
NM_030961,7
NM_030962,11
NM_030963,6
NM_030964,5
NM_030965,1
NM_030966,17
NM_030967,17
NM_030969,6
NM_030971,10
NM_030973,19
NM_030974,8
NM_030978,9
NM_030979,13
NM_030980,1
NM_030981,11
NM_030984,7
NM_031157,12
NM_031205,12
NM_031206,X
NM_031207,1
NM_031208,16
NM_031209,19
NM_031210,14
NM_031211,16
NM_031212,10
NM_031213,19
NM_031215,20
NM_031216,18
NM_031217,11
NM_031219,9
NM_031220,17
NM_031226,15
NM_031229,20
NM_031232,20
NM_031244,6
NM_031246,19
NM_031262,9
NM_031264,11
NM_031267,7
NM_031272,17
NM_031273,X
NM_031274,X
NM_031275,11
NM_031277,13
NM_031279,4
NM_031280,1
NM_031281,1
NM_031282,1
NM_031283,2
NM_031284,15
NM_031286,1
NM_031287,6
NM_031288,2
NM_031289,12
NM_031290,13
NM_031291,4
NM_031292,12
NM_031293,16
NM_031294,17
NM_031296,4
NM_031297,9
NM_031299,12
NM_031300,5
NM_031301,15
NM_031302,12
NM_031303,18
NM_031304,19
NM_031305,4
NM_031306,1
NM_031307,11
NM_031308,8
NM_031309,8
NM_031310,19
NM_031311,7
NM_031313,2
NM_031314,14
NM_031370,4
NM_031372,4
NM_031407,X
NM_031409,6
NM_031410,5
NM_031412,12
NM_031415,HSCHR8_7_CTG7
NM_031417,19
NM_031418,11
NM_031419,3
NM_031420,1
NM_031421,17
NM_031422,18
NM_031427,14
NM_031429,19
NM_031430,17
NM_031431,13
NM_031432,9
NM_031433,11
NM_031434,7
NM_031435,12
NM_031436,10
NM_031438,5
NM_031439,8
NM_031440,3
NM_031442,X
NM_031443,7
NM_031444,22
NM_031445,2
NM_031446,18
NM_031448,19
NM_031449,7
NM_031450,11
NM_031451,19
NM_031452,15
NM_031453,10
NM_031454,22
NM_031455,10
NM_031456,17
NM_031457,11
NM_031458,3
NM_031459,1
NM_031460,6
NM_031461,8
NM_031462,X
NM_031463,16
NM_031464,14
NM_031466,8
NM_031467,5
NM_031468,7
NM_031469,6
NM_031472,11
NM_031473,12
NM_031474,12
NM_031475,1
NM_031476,16
NM_031477,16
NM_031478,16
NM_031479,12
NM_031480,6
NM_031481,22
NM_031482,5
NM_031483,20
NM_031484,10
NM_031485,19
NM_031490,16
NM_031491,12
NM_031492,11
NM_031498,17
NM_031501,5
NM_031844,1
NM_031846,2
NM_031850,3
NM_031854,17
NM_031856,5
NM_031858,17
NM_031866,10
NM_031882,5
NM_031883,5
NM_031885,16
NM_031886,19
NM_031889,4
NM_031890,22
NM_031891,18
NM_031892,X
NM_031894,X
NM_031895,19
NM_031896,19
NM_031897,19
NM_031898,17
NM_031899,3
NM_031900,5
NM_031901,1
NM_031902,2
NM_031903,7
NM_031904,11
NM_031905,7
NM_031907,X
NM_031908,5
NM_031909,11
NM_031910,22
NM_031911,4
NM_031914,14
NM_031915,13
NM_031916,5
NM_031917,19
NM_031918,19
NM_031919,9
NM_031920,12
NM_031921,1
NM_031922,6
NM_031924,6
NM_031925,7
NM_031933,5
NM_031934,17
NM_031935,1
NM_031936,1
NM_031937,22
NM_031938,11
NM_031939,18
NM_031940,8
NM_031941,19
NM_031942,2
NM_031943,13
NM_031944,1
NM_031945,17
NM_031946,7
NM_031947,5
NM_031948,16
NM_031949,6
NM_031950,4
NM_031952,5
NM_031953,4
NM_031954,12
NM_031955,3
NM_031956,4
NM_031957,17
NM_031958,17
NM_031959,17
NM_031961,17
NM_031962,17
NM_031964,17
NM_031965,17
NM_031966,5
NM_031989,12
NM_031991,19
NM_031992,7
NM_032009,5
NM_032011,5
NM_032012,9
NM_032013,20
NM_032014,7
NM_032015,11
NM_032016,7
NM_032017,1
NM_032018,1
NM_032019,22
NM_032020,6
NM_032021,11
NM_032023,10
NM_032024,10
NM_032025,3
NM_032026,8
NM_032027,1
NM_032028,5
NM_032029,1
NM_032034,20
NM_032036,14
NM_032037,19
NM_032038,16
NM_032039,16
NM_032040,19
NM_032041,8
NM_032042,5
NM_032043,17
NM_032044,1
NM_032046,11
NM_032047,3
NM_032048,18
NM_032051,22
NM_032054,5
NM_032087,5
NM_032088,5
NM_032089,5
NM_032094,5
NM_032095,5
NM_032096,5
NM_032097,5
NM_032098,5
NM_032100,5
NM_032101,5
NM_032102,11
NM_032103,1
NM_032105,1
NM_032107,20
NM_032108,19
NM_032109,5
NM_032111,6
NM_032112,10
NM_032115,6
NM_032116,13
NM_032117,4
NM_032118,2
NM_032119,5
NM_032120,7
NM_032121,X
NM_032123,19
NM_032124,18
NM_032125,1
NM_032126,1
NM_032127,11
NM_032128,4
NM_032129,1
NM_032130,12
NM_032131,6
NM_032132,1
NM_032133,17
NM_032134,17
NM_032135,14
NM_032136,4
NM_032137,3
NM_032138,13
NM_032139,19
NM_032140,16
NM_032141,17
NM_032142,18
NM_032143,2
NM_032145,6
NM_032146,3
NM_032147,12
NM_032148,12
NM_032149,4
NM_032151,5
NM_032152,19
NM_032153,3
NM_032160,18
NM_032164,7
NM_032165,12
NM_032166,3
NM_032167,16
NM_032168,2
NM_032169,3
NM_032172,7
NM_032174,1
NM_032175,5
NM_032177,5
NM_032178,16
NM_032179,1
NM_032180,2
NM_032181,2
NM_032182,10
NM_032188,16
NM_032189,13
NM_032192,17
NM_032193,11
NM_032194,6
NM_032195,21
NM_032196,15
NM_032199,10
NM_032204,22
NM_032205,8
NM_032206,16
NM_032207,19
NM_032208,2
NM_032211,10
NM_032213,2
NM_032214,20
NM_032217,4
NM_032219,4
NM_032221,20
NM_032222,7
NM_032226,9
NM_032227,X
NM_032228,11
NM_032229,13
NM_032230,12
NM_032231,15
NM_032233,14
NM_032236,1
NM_032237,8
NM_032239,4
NM_032242,3
NM_032243,18
NM_032246,15
NM_032251,11
NM_032255,19
NM_032256,12
NM_032257,1
NM_032258,17
NM_032259,16
NM_032261,HSCHR21_5_CTG2
NM_032262,22
NM_032263,3
NM_032264,1
NM_032265,17
NM_032266,2
NM_032267,1
NM_032268,16
NM_032269,16
NM_032270,1
NM_032271,16
NM_032272,8
NM_032273,11
NM_032276,2
NM_032279,3
NM_032280,5
NM_032281,19
NM_032283,1
NM_032284,1
NM_032285,19
NM_032286,5
NM_032287,22
NM_032289,5
NM_032290,5
NM_032291,1
NM_032292,1
NM_032293,9
NM_032294,17
NM_032295,7
NM_032296,16
NM_032298,19
NM_032299,11
NM_032300,12
NM_032301,19
NM_032302,7
NM_032303,9
NM_032304,16
NM_032305,1
NM_032306,19
NM_032307,9
NM_032308,17
NM_032309,2
NM_032310,9
NM_032311,22
NM_032312,2
NM_032313,4
NM_032314,12
NM_032315,1
NM_032316,3
NM_032317,7
NM_032319,2
NM_032320,11
NM_032322,17
NM_032323,1
NM_032324,1
NM_032325,11
NM_032326,4
NM_032328,1
NM_032329,2
NM_032330,16
NM_032331,3
NM_032332,19
NM_032333,10
NM_032334,8
NM_032335,X
NM_032336,8
NM_032338,12
NM_032339,17
NM_032340,6
NM_032342,9
NM_032343,3
NM_032344,11
NM_032345,12
NM_032346,19
NM_032347,18
NM_032348,1
NM_032349,16
NM_032350,7
NM_032351,17
NM_032352,14
NM_032353,17
NM_032354,17
NM_032355,3
NM_032356,17
NM_032357,2
NM_032358,12
NM_032359,3
NM_032360,1
NM_032361,5
NM_032364,12
NM_032366,16
NM_032367,5
NM_032368,1
NM_032369,12
NM_032370,19
NM_032372,10
NM_032373,10
NM_032375,19
NM_032376,17
NM_032377,19
NM_032378,8
NM_032380,5
NM_032382,16
NM_032383,3
NM_032385,5
NM_032387,17
NM_032389,11
NM_032390,2
NM_032391,17
NM_032401,21
NM_032402,5
NM_032405,21
NM_032406,5
NM_032407,5
NM_032408,7
NM_032409,1
NM_032410,8
NM_032411,2
NM_032412,5
NM_032413,15
NM_032414,1
NM_032415,7
NM_032417,X
NM_032420,5
NM_032422,10
NM_032423,19
NM_032424,11
NM_032427,11
NM_032429,10
NM_032430,19
NM_032432,4
NM_032433,19
NM_032434,2
NM_032435,1
NM_032436,13
NM_032437,1
NM_032438,6
NM_032439,10
NM_032440,10
NM_032442,17
NM_032444,16
NM_032445,15
NM_032446,5
NM_032447,19
NM_032448,6
NM_032449,1
NM_032451,16
NM_032454,6
NM_032456,4
NM_032457,4
NM_032458,X
NM_032463,7
NM_032464,7
NM_032466,8
NM_032467,8
NM_032470,6
NM_032476,21
NM_032477,9
NM_032478,17
NM_032479,5
NM_032482,19
NM_032483,8
NM_032484,17
NM_032486,16
NM_032487,3
NM_032488,19
NM_032489,12
NM_032490,14
NM_032492,3
NM_032493,19
NM_032494,2
NM_032496,12
NM_032497,19
NM_032498,X
NM_032499,15
NM_032501,20
NM_032503,6
NM_032505,3
NM_032507,6
NM_032508,X
NM_032509,8
NM_032510,18
NM_032511,6
NM_032512,X
NM_032514,20
NM_032515,2
NM_032517,10
NM_032518,4
NM_032520,16
NM_032521,20
NM_032522,1
NM_032523,2
NM_032524,17
NM_032525,18
NM_032526,1
NM_032528,2
NM_032529,8
NM_032531,11
NM_032532,6
NM_032534,7
NM_032536,9
NM_032539,X
NM_032545,2
NM_032546,2
NM_032547,4
NM_032549,7
NM_032550,10
NM_032551,19
NM_032552,9
NM_032553,X
NM_032554,12
NM_032556,2
NM_032557,4
NM_032558,9
NM_032559,17
NM_032560,14
NM_032561,22
NM_032562,10
NM_032563,1
NM_032564,11
NM_032565,13
NM_032566,5
NM_032567,5
NM_032569,16
NM_032571,19
NM_032572,14
NM_032573,12
NM_032574,2
NM_032575,16
NM_032578,10
NM_032579,3
NM_032580,17
NM_032581,7
NM_032582,17
NM_032584,19
NM_032587,5
NM_032588,1
NM_032590,12
NM_032591,X
NM_032592,11
NM_032593,9
NM_032594,14
NM_032595,17
NM_032596,9
NM_032597,11
NM_032598,17
NM_032599,7
NM_032600,3
NM_032601,2
NM_032602,6
NM_032603,2
NM_032604,2
NM_032606,12
NM_032607,19
NM_032608,22
NM_032609,20
NM_032611,8
NM_032621,X
NM_032622,4
NM_032623,4
NM_032625,7
NM_032626,16
NM_032627,19
NM_032630,14
NM_032631,19
NM_032632,14
NM_032634,9
NM_032635,19
NM_032636,1
NM_032637,5
NM_032638,3
NM_032639,7
NM_032641,12
NM_032644,22
NM_032645,11
NM_032646,17
NM_032647,17
NM_032648,1
NM_032649,18
NM_032656,12
NM_032663,12
NM_032664,8
NM_032667,11
NM_032673,2
NM_032679,19
NM_032680,12
NM_032681,11
NM_032682,3
NM_032683,19
NM_032687,8
NM_032689,19
NM_032701,19
NM_032704,12
NM_032705,1
NM_032706,7
NM_032709,10
NM_032711,17
NM_032714,14
NM_032717,4
NM_032718,2
NM_032725,11
NM_032726,2
NM_032727,10
NM_032728,9
NM_032730,6
NM_032731,17
NM_032735,12
NM_032737,19
NM_032738,1
NM_032740,2
NM_032744,6
NM_032747,10
NM_032750,3
NM_032752,1
NM_032753,19
NM_032756,1
NM_032758,22
NM_032765,5
NM_032770,10
NM_032772,10
NM_032773,3
NM_032775,22
NM_032776,10
NM_032777,8
NM_032778,3
NM_032779,2
NM_032780,11
NM_032781,11
NM_032782,5
NM_032783,4
NM_032784,6
NM_032785,1
NM_032786,12
NM_032787,3
NM_032788,2
NM_032789,8
NM_032790,HG2047_PATCH
NM_032792,19
NM_032793,1
NM_032795,11
NM_032796,X
NM_032797,10
NM_032799,9
NM_032800,1
NM_032801,11
NM_032802,15
NM_032803,X
NM_032804,10
NM_032805,16
NM_032806,3
NM_032808,15
NM_032809,9
NM_032810,10
NM_032811,11
NM_032812,10
NM_032813,13
NM_032814,12
NM_032815,16
NM_032816,19
NM_032818,9
NM_032819,20
NM_032821,16
NM_032822,2
NM_032823,9
NM_032824,2
NM_032825,19
NM_032826,7
NM_032827,2
NM_032828,19
NM_032829,12
NM_032830,16
NM_032831,7
NM_032832,6
NM_032833,1
NM_032834,12
NM_032836,19
NM_032837,17
NM_032838,19
NM_032839,3
NM_032840,12
NM_032842,7
NM_032843,9
NM_032844,10
NM_032845,2
NM_032846,14
NM_032847,8
NM_032848,12
NM_032849,13
NM_032850,15
NM_032852,1
NM_032853,19
NM_032854,17
NM_032855,19
NM_032856,15
NM_032858,1
NM_032859,13
NM_032860,6
NM_032861,6
NM_032862,HSCHR8_3_CTG7
NM_032863,4
NM_032864,1
NM_032865,17
NM_032866,15
NM_032867,11
NM_032868,19
NM_032869,8
NM_032870,6
NM_032871,11
NM_032872,1
NM_032873,11
NM_032874,9
NM_032875,17
NM_032876,14
NM_032880,1
NM_032881,1
NM_032882,X
NM_032883,20
NM_032884,1
NM_032885,19
NM_032886,11
NM_032888,9
NM_032889,12
NM_032890,1
NM_032892,15
NM_032895,17
NM_032898,3
NM_032899,8
NM_032900,10
NM_032901,12
NM_032902,8
NM_032905,10
NM_032906,4
NM_032907,15
NM_032918,12
NM_032924,7
NM_032927,4
NM_032928,9
NM_032930,11
NM_032932,17
NM_032933,18
NM_032935,16
NM_032936,7
NM_032937,9
NM_032940,16
NM_032941,12
NM_032943,11
NM_032944,7
NM_032945,20
NM_032946,X
NM_032947,5
NM_032950,17
NM_032951,7
NM_032954,7
NM_032958,7
NM_032959,7
NM_032961,4
NM_032965,17
NM_032966,11
NM_032970,3
NM_032972,Y
NM_032973,Y
NM_032974,2
NM_032977,2
NM_032982,7
NM_032985,20
NM_032986,20
NM_032988,7
NM_032995,2
NM_032998,1
NM_032999,7
NM_033004,17
NM_033010,3
NM_033014,9
NM_033017,7
NM_033018,X
NM_033020,1
NM_033025,19
NM_033027,3
NM_033028,15
NM_033029,3
NM_033030,2
NM_033031,X
NM_033033,12
NM_033034,11
NM_033035,5
NM_033036,11
NM_033044,1
NM_033045,12
NM_033046,2
NM_033048,X
NM_033049,3
NM_033050,3
NM_033051,9
NM_033052,19
NM_033053,X
NM_033054,7
NM_033055,1
NM_033056,10
NM_033057,6
NM_033059,17
NM_033060,17
NM_033061,17
NM_033062,17
NM_033063,11
NM_033064,19
NM_033066,2
NM_033067,1
NM_033069,6
NM_033070,22
NM_033071,6
NM_033081,20
NM_033082,12
NM_033083,3
NM_033084,3
NM_033085,X
NM_033086,9
NM_033087,9
NM_033088,1
NM_033089,20
NM_033092,11
NM_033100,10
NM_033101,11
NM_033102,1
NM_033103,19
NM_033104,14
NM_033105,8
NM_033106,19
NM_033107,7
NM_033109,2
NM_033111,13
NM_033112,6
NM_033113,19
NM_033114,12
NM_033115,4
NM_033116,14
NM_033117,9
NM_033118,20
NM_033119,16
NM_033120,5
NM_033121,12
NM_033122,4
NM_033123,12
NM_033124,12
NM_033125,6
NM_033126,8
NM_033127,1
NM_033128,7
NM_033129,20
NM_033130,19
NM_033131,1
NM_033132,13
NM_033133,17
NM_033138,7
NM_033141,14
NM_033142,19
NM_033148,2
NM_033151,16
NM_033160,9
NM_033161,9
NM_033163,10
NM_033173,21
NM_033177,6
NM_033178,4
NM_033179,11
NM_033180,11
NM_033181,6
NM_033183,19
NM_033184,17
NM_033185,17
NM_033188,17
NM_033191,17
NM_033194,17
NM_033195,15
NM_033196,19
NM_033197,20
NM_033198,17
NM_033199,3
NM_033200,22
NM_033201,16
NM_033204,19
NM_033207,10
NM_033208,16
NM_033210,3
NM_033211,5
NM_033212,16
NM_033213,1
NM_033214,4
NM_033215,X
NM_033219,9
NM_033222,9
NM_033223,15
NM_033224,7
NM_033225,8
NM_033226,16
NM_033228,5
NM_033229,6
NM_033238,15
NM_033244,15
NM_033247,15
NM_033251,16
NM_033254,3
NM_033255,13
NM_033256,19
NM_033257,22
NM_033258,19
NM_033259,3
NM_033260,6
NM_033261,10
NM_033266,16
NM_033271,14
NM_033272,2
NM_033274,5
NM_033276,12
NM_033277,12
NM_033280,18
NM_033281,5
NM_033282,10
NM_033284,Y
NM_033285,8
NM_033290,X
NM_033292,11
NM_033296,4
NM_033297,19
NM_033300,1
NM_033301,8
NM_033304,8
NM_033305,9
NM_033306,11
NM_033309,16
NM_033310,11
NM_033312,1
NM_033313,1
NM_033315,17
NM_033316,3
NM_033317,19
NM_033318,22
NM_033319,1
NM_033326,11
NM_033328,12
NM_033331,9
NM_033337,3
NM_033338,10
NM_033339,10
NM_033341,19
NM_033342,5
NM_033343,1
NM_033345,1
NM_033346,2
NM_033347,11
NM_033355,2
NM_033357,2
NM_033358,2
NM_033360,12
NM_033364,3
NM_033375,17
NM_033377,19
NM_033378,19
NM_033380,X
NM_033386,22
NM_033387,9
NM_033388,11
NM_033393,4
NM_033394,2
NM_033396,11
NM_033397,10
NM_033400,14
NM_033401,16
NM_033402,8
NM_033405,20
NM_033406,11
NM_033407,1
NM_033409,20
NM_033410,16
NM_033411,6
NM_033412,9
NM_033413,17
NM_033414,5
NM_033415,19
NM_033416,2
NM_033417,19
NM_033418,1
NM_033419,17
NM_033420,19
NM_033421,20
NM_033423,14
NM_033426,14
NM_033427,7
NM_033428,9
NM_033429,15
NM_033430,4
NM_033438,1
NM_033439,9
NM_033440,1
NM_033445,1
NM_033446,9
NM_033448,12
NM_033449,5
NM_033450,6
NM_033452,17
NM_033453,20
NM_033467,1
NM_033468,19
NM_033480,6
NM_033481,6
NM_033487,1
NM_033489,1
NM_033495,X
NM_033497,10
NM_033500,10
NM_033502,6
NM_033504,1
NM_033505,2
NM_033506,7
NM_033508,7
NM_033510,15
NM_033512,8
NM_033513,19
NM_033514,2
NM_033515,6
NM_033516,9
NM_033518,X
NM_033520,19
NM_033532,1
NM_033540,3
NM_033542,20
NM_033543,19
NM_033544,15
NM_033546,18
NM_033547,11
NM_033548,7
NM_033549,5
NM_033550,20
NM_033551,5
NM_033553,1
NM_033554,6
NM_033557,19
NM_033624,12
NM_033625,4
NM_033626,X
NM_033631,1
NM_033632,4
NM_033637,10
NM_033641,X
NM_033647,12
NM_033655,9
NM_033656,21
NM_033657,1
NM_033660,3
NM_033661,21
NM_033663,3
NM_033671,X
NM_037370,15
NM_044472,1
NM_048368,18
NM_052813,9
NM_052817,X
NM_052818,13
NM_052819,17
NM_052828,6
NM_052831,6
NM_052832,8
NM_052836,10
NM_052837,1
NM_052838,16
NM_052839,22
NM_052840,15
NM_052841,1
NM_052843,1
NM_052844,9
NM_052845,12
NM_052846,20
NM_052847,19
NM_052848,19
NM_052849,15
NM_052850,19
NM_052853,7
NM_052854,11
NM_052855,17
NM_052857,17
NM_052858,16
NM_052859,3
NM_052860,5
NM_052861,4
NM_052862,1
NM_052863,5
NM_052864,4
NM_052865,20
NM_052866,9
NM_052867,13
NM_052868,1
NM_052870,5
NM_052872,6
NM_052873,14
NM_052874,16
NM_052875,11
NM_052876,19
NM_052878,19
NM_052880,22
NM_052882,19
NM_052884,19
NM_052885,12
NM_052886,8
NM_052888,17
NM_052889,11
NM_052890,19
NM_052891,1
NM_052892,16
NM_052896,1
NM_052897,12
NM_052898,8
NM_052899,5
NM_052900,8
NM_052902,2
NM_052903,15
NM_052904,6
NM_052905,2
NM_052906,22
NM_052907,12
NM_052909,5
NM_052910,13
NM_052911,18
NM_052913,6
NM_052916,17
NM_052917,2
NM_052918,10
NM_052923,6
NM_052924,8
NM_052925,19
NM_052926,X
NM_052928,17
NM_052931,1
NM_052932,11
NM_052933,7
NM_052934,1
NM_052935,17
NM_052937,8
NM_052938,1
NM_052939,1
NM_052940,1
NM_052941,1
NM_052942,1
NM_052943,1
NM_052945,22
NM_052946,2
NM_052947,18
NM_052948,19
NM_052949,19
NM_052950,13
NM_052951,20
NM_052953,3
NM_052954,21
NM_052955,15
NM_052956,16
NM_052957,X
NM_052958,8
NM_052959,11
NM_052960,1
NM_052961,6
NM_052962,6
NM_052963,8
NM_052965,1
NM_052966,1
NM_052967,HSCHR6_MHC_QBL_CTG1
NM_052968,11
NM_052969,3
NM_052970,20
NM_052971,5
NM_052972,19
NM_052978,14
NM_052987,16
NM_052995,3
NM_052996,16
NM_052997,10
NM_052998,1
NM_052999,16
NM_053001,8
NM_053002,3
NM_053003,19
NM_053004,22
NM_053005,11
NM_053006,22
NM_053016,9
NM_053017,11
NM_053023,11
NM_053024,3
NM_053025,3
NM_053031,3
NM_053034,2
NM_053036,4
NM_053039,4
NM_053041,20
NM_053042,4
NM_053043,7
NM_053044,4
NM_053045,9
NM_053049,10
NM_053050,2
NM_053051,17
NM_053052,1
NM_053053,1
NM_053054,11
NM_053055,1
NM_053056,11
NM_053064,14
NM_053067,9
NM_053274,1
NM_053275,12
NM_053276,2
NM_053277,21
NM_053278,6
NM_053279,8
NM_053280,11
NM_053281,X
NM_053282,1
NM_053283,12
NM_053284,16
NM_053285,17
NM_054012,9
NM_054013,5
NM_054014,20
NM_054016,1
NM_054021,X
NM_054022,17
NM_054023,5
NM_054024,14
NM_054025,11
NM_054026,8
NM_054027,5
NM_054028,8
NM_054030,11
NM_054031,11
NM_054032,11
NM_054033,2
NM_054034,2
NM_054107,9
NM_054108,11
NM_054110,3
NM_054111,6
NM_054112,20
NM_054113,19
NM_054114,6
NM_057088,12
NM_057089,7
NM_057091,1
NM_057096,7
NM_057157,10
NM_057159,9
NM_057161,6
NM_057162,X
NM_057166,2
NM_057168,7
NM_057169,12
NM_057175,4
NM_057176,1
NM_057178,17
NM_057179,2
NM_057180,12
NM_057749,8
NM_058163,X
NM_058164,19
NM_058165,2
NM_058168,4
NM_058169,12
NM_058170,1
NM_058172,4
NM_058173,12
NM_058175,21
NM_058176,7
NM_058177,7
NM_058179,9
NM_058181,21
NM_058182,21
NM_058184,21
NM_058186,21
NM_058187,21
NM_058188,21
NM_058189,21
NM_058190,21
NM_058191,HSCHR21_3_CTG1_1
NM_058192,16
NM_058197,9
NM_058199,9
NM_058203,8
NM_058219,16
NM_058222,10
NM_058229,8
NM_058230,5
NM_058237,14
NM_058238,22
NM_058241,2
NM_058243,19
NM_058244,5
NM_058246,7
NM_078467,6
NM_078468,10
NM_078469,10
NM_078470,10
NM_078471,17
NM_078474,15
NM_078476,6
NM_078481,19
NM_078483,5
NM_078487,9
NM_078625,6
NM_078626,1
NM_078628,X
NM_078629,X
NM_079420,2
NM_079422,2
NM_079423,12
NM_079834,19
NM_079836,13
NM_079837,16
NM_080282,17
NM_080283,17
NM_080284,17
NM_080385,7
NM_080386,2
NM_080387,12
NM_080388,1
NM_080389,8
NM_080390,X
NM_080391,1
NM_080392,1
NM_080414,20
NM_080422,18
NM_080423,18
NM_080425,20
NM_080429,1
NM_080430,22
NM_080431,1
NM_080473,20
NM_080474,18
NM_080475,18
NM_080476,20
NM_080489,20
NM_080538,3
NM_080542,3
NM_080546,9
NM_080552,20
NM_080574,20
NM_080588,1
NM_080593,6
NM_080596,6
NM_080597,18
NM_080599,10
NM_080600,19
NM_080603,20
NM_080604,6
NM_080605,1
NM_080606,20
NM_080607,20
NM_080608,20
NM_080610,20
NM_080611,20
NM_080612,X
NM_080614,20
NM_080616,20
NM_080617,20
NM_080618,20
NM_080621,20
NM_080622,20
NM_080625,20
NM_080626,12
NM_080629,1
NM_080632,X
NM_080646,22
NM_080647,22
NM_080649,14
NM_080650,15
NM_080651,8
NM_080652,3
NM_080653,2
NM_080654,11
NM_080655,9
NM_080656,5
NM_080657,2
NM_080658,11
NM_080659,11
NM_080660,7
NM_080661,11
NM_080662,19
NM_080663,16
NM_080664,14
NM_080665,19
NM_080667,2
NM_080668,11
NM_080669,17
NM_080670,5
NM_080671,2
NM_080672,20
NM_080674,20
NM_080675,20
NM_080676,20
NM_080677,17
NM_080678,2
NM_080680,6
NM_080685,4
NM_080686,6
NM_080701,X
NM_080706,17
NM_080718,12
NM_080723,6
NM_080725,20
NM_080731,12
NM_080732,19
NM_080733,20
NM_080734,20
NM_080736,20
NM_080737,X
NM_080738,1
NM_080739,20
NM_080740,22
NM_080741,2
NM_080742,6
NM_080743,6
NM_080744,7
NM_080746,14
NM_080747,12
NM_080748,20
NM_080749,20
NM_080751,20
NM_080752,20
NM_080753,20
NM_080758,16
NM_080759,13
NM_080764,22
NM_080789,19
NM_080792,20
NM_080797,20
NM_080816,20
NM_080817,X
NM_080818,13
NM_080819,4
NM_080820,20
NM_080821,20
NM_080822,17
NM_080823,20
NM_080825,20
NM_080827,20
NM_080828,20
NM_080829,20
NM_080831,20
NM_080832,X
NM_080833,20
NM_080834,20
NM_080836,20
NM_080838,8
NM_080839,22
NM_080859,9
NM_080860,21
NM_080861,16
NM_080862,3
NM_080863,17
NM_080864,19
NM_080865,3
NM_080866,11
NM_080868,1
NM_080869,20
NM_080870,HSCHR6_MHC_QBL_CTG1
NM_080871,7
NM_080872,8
NM_080873,X
NM_080874,4
NM_080875,1
NM_080876,2
NM_080877,9
NM_080878,1
NM_080879,X
NM_080881,5
NM_080912,17
NM_080916,2
NM_080920,20
NM_080927,3
NM_100264,10
NM_130385,11
NM_130387,3
NM_130388,X
NM_130390,11
NM_130395,6
NM_130396,6
NM_130434,15
NM_130436,21
NM_130438,21
NM_130439,10
NM_130441,12
NM_130443,11
NM_130446,3
NM_130459,9
NM_130463,6
NM_130467,X
NM_130468,15
NM_130469,14
NM_130759,7
NM_130760,19
NM_130766,17
NM_130767,5
NM_130768,7
NM_130769,11
NM_130770,3
NM_130771,19
NM_130772,5
NM_130773,2
NM_130775,X
NM_130776,X
NM_130777,X
NM_130781,5
NM_130782,1
NM_130783,11
NM_130786,19
NM_130787,19
NM_130791,16
NM_130794,20
NM_130797,7
NM_130803,11
NM_130806,13
NM_130807,19
NM_130808,3
NM_130809,5
NM_130810,15
NM_130830,3
NM_130837,3
NM_130839,15
NM_130844,16
NM_130845,16
NM_130847,11
NM_130848,5
NM_130849,8
NM_130853,19
NM_130896,20
NM_130897,16
NM_130898,1
NM_130899,5
NM_130901,15
NM_130902,4
NM_131916,2
NM_133170,20
NM_133175,5
NM_133177,1
NM_133180,19
NM_133259,2
NM_133261,19
NM_133263,5
NM_133264,17
NM_133265,X
NM_133266,11
NM_133267,4
NM_133280,19
NM_133326,1
NM_133328,19
NM_133329,2
NM_133330,4
NM_133334,4
NM_133336,4
NM_133337,10
NM_133367,6
NM_133369,5
NM_133370,4
NM_133371,5
NM_133372,5
NM_133373,17
NM_133374,9
NM_133375,15
NM_133376,10
NM_133377,5
NM_133378,2
NM_133379,2
NM_133431,X
NM_133433,5
NM_133439,17
NM_133443,16
NM_133444,19
NM_133445,9
NM_133446,10
NM_133448,12
NM_133450,16
NM_133452,19
NM_133455,22
NM_133456,5
NM_133457,7
NM_133458,16
NM_133459,18
NM_133460,19
NM_133462,3
NM_133463,7
NM_133464,9
NM_133466,19
NM_133467,1
NM_133468,7
NM_133473,19
NM_133474,4
NM_133476,12
NM_133479,2
NM_133483,12
NM_133484,2
NM_133486,X
NM_133489,12
NM_133490,16
NM_133491,17
NM_133492,19
NM_133493,6
NM_133494,1
NM_133496,1
NM_133497,9
NM_133498,19
NM_133499,X
NM_133502,19
NM_133509,14
NM_133510,14
NM_133625,3
NM_133627,17
NM_133629,17
NM_133631,3
NM_133634,21
NM_133635,21
NM_133636,4
NM_133637,2
NM_133638,5
NM_133639,15
NM_133640,9
NM_133644,19
NM_133646,2
NM_134260,15
NM_134264,17
NM_134266,8
NM_134268,17
NM_134269,22
NM_134323,12
NM_134421,2
NM_134423,12
NM_134424,12
NM_134425,4
NM_134427,9
NM_134428,9
NM_134431,12
NM_134442,2
NM_134444,19
NM_134470,3
NM_138271,X
NM_138276,HSCHR6_MHC_QBL_CTG1
NM_138278,1
NM_138279,1
NM_138281,17
NM_138283,20
NM_138284,13
NM_138285,2
NM_138286,19
NM_138287,3
NM_138288,14
NM_138289,X
NM_138290,7
NM_138294,11
NM_138295,7
NM_138296,6
NM_138300,1
NM_138322,15
NM_138325,15
NM_138326,2
NM_138327,6
NM_138328,17
NM_138329,11
NM_138330,19
NM_138331,14
NM_138333,9
NM_138334,19
NM_138335,4
NM_138336,2
NM_138337,12
NM_138340,18
NM_138341,12
NM_138342,11
NM_138343,6
NM_138344,14
NM_138346,1
NM_138347,19
NM_138348,5
NM_138349,17
NM_138352,19
NM_138353,19
NM_138355,17
NM_138356,15
NM_138357,10
NM_138358,19
NM_138360,14
NM_138361,9
NM_138362,X
NM_138363,17
NM_138364,4
NM_138368,11
NM_138369,5
NM_138370,2
NM_138371,12
NM_138373,19
NM_138375,18
NM_138376,14
NM_138379,5
NM_138381,3
NM_138383,16
NM_138384,10
NM_138385,4
NM_138386,4
NM_138387,17
NM_138389,4
NM_138390,2
NM_138391,1
NM_138392,19
NM_138393,19
NM_138394,2
NM_138395,2
NM_138396,12
NM_138399,3
NM_138400,7
NM_138401,19
NM_138402,2
NM_138408,6
NM_138409,6
NM_138410,3
NM_138411,19
NM_138412,19
NM_138413,10
NM_138414,16
NM_138415,22
NM_138417,1
NM_138418,16
NM_138419,6
NM_138421,11
NM_138422,19
NM_138423,15
NM_138424,9
NM_138425,12
NM_138426,7
NM_138428,1
NM_138430,13
NM_138431,8
NM_138432,12
NM_138433,22
NM_138435,22
NM_138436,8
NM_138439,16
NM_138440,16
NM_138441,6
NM_138442,19
NM_138443,18
NM_138444,13
NM_138445,7
NM_138446,7
NM_138447,16
NM_138448,2
NM_138450,13
NM_138451,12
NM_138452,14
NM_138453,5
NM_138454,19
NM_138455,8
NM_138456,11
NM_138458,2
NM_138459,6
NM_138461,3
NM_138462,9
NM_138463,17
NM_138465,8
NM_138467,1
NM_138468,2
NM_138471,11
NM_138473,12
NM_138476,14
NM_138477,15
NM_138479,1
NM_138492,5
NM_138493,6
NM_138499,10
NM_138501,19
NM_138553,2
NM_138554,9
NM_138555,15
NM_138558,1
NM_138564,19
NM_138567,11
NM_138568,19
NM_138569,6
NM_138570,17
NM_138571,6
NM_138572,6
NM_138573,15
NM_138574,6
NM_138575,12
NM_138576,14
NM_138578,20
NM_138608,18
NM_138610,5
NM_138612,16
NM_138614,3
NM_138617,1
NM_138619,17
NM_138620,9
NM_138621,2
NM_138622,2
NM_138632,22
NM_138639,19
NM_138689,11
NM_138690,19
NM_138691,9
NM_138693,7
NM_138694,6
NM_138697,1
NM_138698,4
NM_138699,4
NM_138700,6
NM_138701,7
NM_138702,X
NM_138703,X
NM_138704,15
NM_138705,1
NM_138706,11
NM_138707,7
NM_138709,9
NM_138711,3
NM_138714,16
NM_138715,8
NM_138724,12
NM_138726,21
NM_138729,1
NM_138730,6
NM_138731,14
NM_138732,11
NM_138733,6
NM_138736,16
NM_138738,1
NM_138740,1
NM_138763,19
NM_138764,19
NM_138768,11
NM_138769,16
NM_138771,7
NM_138773,5
NM_138774,19
NM_138775,11
NM_138777,9
NM_138778,9
NM_138779,13
NM_138780,X
NM_138782,5
NM_138783,19
NM_138785,6
NM_138786,3
NM_138787,11
NM_138788,11
NM_138789,11
NM_138790,14
NM_138791,14
NM_138792,15
NM_138793,17
NM_138794,1
NM_138795,1
NM_138796,1
NM_138797,22
NM_138798,2
NM_138799,2
NM_138800,2
NM_138801,2
NM_138802,2
NM_138803,2
NM_138804,2
NM_138805,3
NM_138806,3
NM_138807,3
NM_138809,5
NM_138810,6
NM_138811,7
NM_138812,10
NM_138813,19
NM_138814,22
NM_138815,3
NM_138817,8
NM_138818,9
NM_138819,X
NM_138820,5
NM_138822,5
NM_138924,19
NM_138927,21
NM_138928,6
NM_138931,3
NM_138933,10
NM_138938,2
NM_138939,3
NM_138957,22
NM_138959,1
NM_138961,11
NM_138962,17
NM_138964,2
NM_138966,18
NM_138967,15
NM_138969,8
NM_138980,4
NM_138983,21
NM_138994,16
NM_138995,2
NM_138996,2
NM_138998,19
NM_138999,18
NM_139002,6
NM_139004,6
NM_139005,6
NM_139013,6
NM_139015,12
NM_139016,20
NM_139017,5
NM_139018,17
NM_139021,8
NM_139022,11
NM_139024,11
NM_139025,9
NM_139027,9
NM_139033,17
NM_139045,9
NM_139048,3
NM_139054,16
NM_139055,11
NM_139056,5
NM_139057,15
NM_139058,X
NM_139067,12
NM_139071,12
NM_139072,2
NM_139073,2
NM_139074,20
NM_139075,11
NM_139076,4
NM_139078,12
NM_139118,1
NM_139125,3
NM_139126,6
NM_139136,12
NM_139137,12
NM_139155,10
NM_139158,2
NM_139159,19
NM_139160,11
NM_139162,17
NM_139163,2
NM_139164,5
NM_139165,6
NM_139166,8
NM_139167,8
NM_139168,5
NM_139169,10
NM_139170,16
NM_139171,18
NM_139172,19
NM_139173,4
NM_139174,16
NM_139175,7
NM_139176,19
NM_139177,17
NM_139178,11
NM_139179,7
NM_139201,12
NM_139207,12
NM_139208,1
NM_139209,3
NM_139211,4
NM_139214,Y
NM_139215,17
NM_139238,9
NM_139239,19
NM_139240,1
NM_139241,12
NM_139242,15
NM_139243,4
NM_139244,6
NM_139245,3
NM_139246,9
NM_139247,14
NM_139248,3
NM_139249,11
NM_139250,X
NM_139264,9
NM_139265,15
NM_139266,2
NM_139275,17
NM_139278,8
NM_139279,2
NM_139280,17
NM_139281,5
NM_139282,X
NM_139283,12
NM_139284,19
NM_139285,17
NM_139286,9
NM_139312,10
NM_139313,10
NM_139314,19
NM_139318,14
NM_139319,12
NM_139321,20
NM_139322,20
NM_139346,2
NM_139354,19
NM_139355,19
NM_144490,13
NM_144492,21
NM_144497,6
NM_144498,20
NM_144503,1
NM_144505,19
NM_144563,2
NM_144564,19
NM_144566,19
NM_144567,1
NM_144568,14
NM_144569,1
NM_144570,16
NM_144571,4
NM_144573,1
NM_144575,2
NM_144576,12
NM_144577,19
NM_144578,14
NM_144579,2
NM_144580,1
NM_144581,14
NM_144582,2
NM_144583,2
NM_144584,1
NM_144585,11
NM_144586,2
NM_144587,10
NM_144589,10
NM_144590,10
NM_144591,10
NM_144593,12
NM_144594,12
NM_144595,13
NM_144596,14
NM_144597,15
NM_144598,15
NM_144599,15
NM_144600,16
NM_144601,16
NM_144602,16
NM_144603,16
NM_144604,16
NM_144605,16
NM_144606,17
NM_144607,17
NM_144608,17
NM_144609,17
NM_144610,17
NM_144611,17
NM_144612,18
NM_144613,19
NM_144614,19
NM_144615,19
NM_144616,19
NM_144617,19
NM_144618,1
NM_144620,1
NM_144622,1
NM_144623,1
NM_144625,1
NM_144626,1
NM_144627,1
NM_144628,20
NM_144629,2
NM_144631,2
NM_144632,2
NM_144633,3
NM_144634,3
NM_144635,3
NM_144636,3
NM_144638,3
NM_144639,3
NM_144641,3
NM_144642,3
NM_144643,4
NM_144644,4
NM_144645,4
NM_144646,4
NM_144647,5
NM_144648,7
NM_144649,8
NM_144650,8
NM_144651,8
NM_144652,8
NM_144653,9
NM_144654,9
NM_144657,X
NM_144658,X
NM_144659,21
NM_144660,10
NM_144661,10
NM_144662,18
NM_144663,11
NM_144664,11
NM_144665,11
NM_144666,11
NM_144667,12
NM_144668,12
NM_144669,12
NM_144670,12
NM_144671,12
NM_144672,16
NM_144673,16
NM_144674,16
NM_144675,16
NM_144676,16
NM_144677,17
NM_144678,17
NM_144679,17
NM_144680,17
NM_144681,17
NM_144682,17
NM_144683,17
NM_144684,19
NM_144685,19
NM_144686,19
NM_144688,19
NM_144689,19
NM_144690,19
NM_144691,19
NM_144692,19
NM_144693,19
NM_144694,19
NM_144695,1
NM_144696,1
NM_144697,1
NM_144698,1
NM_144699,1
NM_144701,1
NM_144702,1
NM_144703,20
NM_144704,22
NM_144705,2
NM_144706,2
NM_144707,2
NM_144708,2
NM_144709,2
NM_144710,2
NM_144711,2
NM_144712,2
NM_144713,2
NM_144714,3
NM_144715,3
NM_144716,3
NM_144717,3
NM_144718,3
NM_144720,4
NM_144721,4
NM_144722,5
NM_144723,5
NM_144724,5
NM_144725,5
NM_144726,5
NM_144727,7
NM_144733,19
NM_144765,11
NM_144770,21
NM_144772,1
NM_144773,20
NM_144775,17
NM_144777,13
NM_144778,13
NM_144779,19
NM_144780,1
NM_144947,19
NM_144949,2
NM_144957,16
NM_144962,8
NM_144963,8
NM_144964,9
NM_144965,9
NM_144966,9
NM_144967,X
NM_144968,X
NM_144969,X
NM_144970,X
NM_144972,11
NM_144973,12
NM_144974,13
NM_144975,17
NM_144976,19
NM_144977,1
NM_144978,2
NM_144979,4
NM_144980,6
NM_144981,11
NM_144982,12
NM_144984,10
NM_144987,19
NM_144988,1
NM_144990,1
NM_144991,21
NM_144992,2
NM_144994,2
NM_144997,17
NM_144998,17
NM_144999,17
NM_145000,5
NM_145001,5
NM_145003,8
NM_145004,8
NM_145005,9
NM_145006,9
NM_145007,19
NM_145008,11
NM_145010,10
NM_145011,10
NM_145012,10
NM_145013,11
NM_145014,11
NM_145015,11
NM_145016,11
NM_145017,11
NM_145018,11
NM_145019,13
NM_145020,18
NM_145023,10
NM_145024,16
NM_145025,6
NM_145026,6
NM_145027,6
NM_145028,6
NM_145029,6
NM_145030,7
NM_145032,7
NM_145034,1
NM_145035,3
NM_145036,17
NM_145037,3
NM_145038,2
NM_145039,16
NM_145040,11
NM_145041,17
NM_145043,8
NM_145044,3
NM_145045,19
NM_145046,19
NM_145047,1
NM_145048,4
NM_145049,5
NM_145051,9
NM_145052,X
NM_145053,11
NM_145054,17
NM_145055,18
NM_145056,19
NM_145057,19
NM_145058,12
NM_145059,16
NM_145060,18
NM_145062,6
NM_145063,6
NM_145064,12
NM_145065,11
NM_145068,17
NM_145071,3
NM_145074,2
NM_145080,16
NM_145109,17
NM_145110,17
NM_145111,7
NM_145113,14
NM_145114,14
NM_145115,7
NM_145119,X
NM_145161,15
NM_145162,15
NM_145165,14
NM_145166,3
NM_145167,1
NM_145168,16
NM_145169,6
NM_145170,10
NM_145171,14
NM_145172,1
NM_145173,19
NM_145174,22
NM_145175,2
NM_145176,6
NM_145177,X
NM_145178,10
NM_145185,19
NM_145189,16
NM_145197,2
NM_145200,11
NM_145201,8
NM_145202,10
NM_145203,13
NM_145204,15
NM_145205,1
NM_145206,10
NM_145207,4
NM_145208,19
NM_145212,2
NM_145213,2
NM_145214,1
NM_145230,7
NM_145231,14
NM_145232,19
NM_145233,19
NM_145234,X
NM_145235,10
NM_145236,2
NM_145238,1
NM_145239,16
NM_145243,1
NM_145244,4
NM_145245,19
NM_145247,10
NM_145248,13
NM_145250,14
NM_145251,14
NM_145252,16
NM_145253,16
NM_145254,16
NM_145256,19
NM_145257,1
NM_145258,1
NM_145259,2
NM_145260,2
NM_145261,3
NM_145262,3
NM_145263,4
NM_145265,5
NM_145266,5
NM_145267,6
NM_145268,7
NM_145269,8
NM_145270,16
NM_145271,16
NM_145272,17
NM_145273,17
NM_145274,17
NM_145275,19
NM_145276,19
NM_145278,1
NM_145279,1
NM_145280,2
NM_145282,5
NM_145283,9
NM_145284,X
NM_145285,10
NM_145286,13
NM_145287,18
NM_145288,19
NM_145290,4
NM_145291,4
NM_145292,7
NM_145294,16
NM_145295,19
NM_145296,19
NM_145297,19
NM_145298,22
NM_145300,2
NM_145301,17
NM_145303,6
NM_145304,7
NM_145305,X
NM_145306,10
NM_145307,10
NM_145308,11
NM_145309,11
NM_145312,10
NM_145313,10
NM_145314,10
NM_145315,6
NM_145316,6
NM_145323,7
NM_145325,7
NM_145326,19
NM_145341,10
NM_145342,6
NM_145343,22
NM_145344,22
NM_145345,1
NM_145348,16
NM_145637,22
NM_145641,22
NM_145644,2
NM_145646,2
NM_145647,8
NM_145648,12
NM_145649,6
NM_145650,11
NM_145651,11
NM_145652,20
NM_145654,17
NM_145657,13
NM_145658,15
NM_145659,16
NM_145663,17
NM_145664,X
NM_145685,14
NM_145686,2
NM_145690,8
NM_145691,17
NM_145693,2
NM_145695,7
NM_145696,14
NM_145697,1
NM_145698,10
NM_145699,22
NM_145702,2
NM_145714,16
NM_145715,4
NM_145716,1
NM_145719,11
NM_145720,4
NM_145725,14
NM_145727,6
NM_145728,15
NM_145729,1
NM_145733,22
NM_145735,13
NM_145738,22
NM_145740,6
NM_145748,22
NM_145753,3
NM_145754,8
NM_145755,3
NM_145756,18
NM_145762,20
NM_145791,12
NM_145793,10
NM_145798,17
NM_145799,X
NM_145802,X
NM_145803,11
NM_145804,11
NM_145805,15
NM_145806,10
NM_145807,19
NM_145808,7
NM_145811,17
NM_145814,19
NM_145818,16
NM_145858,21
NM_145865,16
NM_145867,5
NM_145869,10
NM_145870,14
NM_145893,16
NM_145894,19
NM_145904,6
NM_145906,18
NM_145910,3
NM_145911,16
NM_145912,22
NM_145913,12
NM_145914,7
NM_146421,1
NM_147127,4
NM_147128,7
NM_147129,3
NM_147130,6
NM_147133,9
NM_147147,6
NM_147148,1
NM_147150,9
NM_147152,2
NM_147156,10
NM_147161,1
NM_147162,9
NM_147164,9
NM_147166,7
NM_147171,7
NM_147174,X
NM_147180,9
NM_147182,4
NM_147188,15
NM_147189,8
NM_147190,12
NM_147191,10
NM_147192,1
NM_147193,1
NM_147194,7
NM_147195,9
NM_147196,3
NM_147197,20
NM_147198,20
NM_147199,11
NM_147202,9
NM_147204,12
NM_147223,2
NM_147233,2
NM_147686,6
NM_147777,11
NM_147780,8
NM_148170,11
NM_148175,22
NM_148179,9
NM_148672,5
NM_148674,22
NM_148675,21
NM_148676,21
NM_148842,7
NM_148887,17
NM_148888,19
NM_148894,4
NM_148896,17
NM_148897,12
NM_148900,7
NM_148901,1
NM_148902,1
NM_148903,2
NM_148909,1
NM_148910,11
NM_148914,7
NM_148920,16
NM_148936,7
NM_148956,7
NM_148957,13
NM_148959,6
NM_148960,1
NM_148961,2
NM_148962,2
NM_148963,6
NM_148965,1
NM_148968,1
NM_148976,11
NM_148977,10
NM_148979,15
NM_152219,17
NM_152221,22
NM_152230,10
NM_152232,1
NM_152236,22
NM_152237,22
NM_152243,22
NM_152244,17
NM_152246,22
NM_152247,22
NM_152250,8
NM_152251,8
NM_152255,20
NM_152257,20
NM_152259,15
NM_152260,15
NM_152261,12
NM_152262,19
NM_152263,1
NM_152264,11
NM_152266,19
NM_152267,22
NM_152268,1
NM_152269,12
NM_152270,17
NM_152271,8
NM_152272,8
NM_152274,X
NM_152275,2
NM_152277,5
NM_152278,X
NM_152279,19
NM_152280,1
NM_152281,1
NM_152282,3
NM_152284,8
NM_152285,9
NM_152286,9
NM_152287,16
NM_152288,16
NM_152289,19
NM_152290,1
NM_152291,4
NM_152292,4
NM_152295,5
NM_152296,19
NM_152299,22
NM_152300,17
NM_152301,4
NM_152303,19
NM_152304,1
NM_152305,3
NM_152306,9
NM_152307,14
NM_152308,16
NM_152309,10
NM_152310,10
NM_152311,10
NM_152312,11
NM_152313,11
NM_152315,11
NM_152316,11
NM_152317,12
NM_152318,12
NM_152319,12
NM_152320,12
NM_152321,12
NM_152322,12
NM_152323,12
NM_152324,13
NM_152325,13
NM_152326,14
NM_152327,14
NM_152329,14
NM_152330,14
NM_152331,14
NM_152332,14
NM_152333,14
NM_152334,15
NM_152335,15
NM_152336,15
NM_152337,16
NM_152338,16
NM_152339,16
NM_152341,16
NM_152342,16
NM_152343,17
NM_152344,17
NM_152345,17
NM_152346,17
NM_152347,17
NM_152348,17
NM_152349,17
NM_152350,17
NM_152351,17
NM_152352,18
NM_152353,19
NM_152354,19
NM_152355,19
NM_152356,19
NM_152357,19
NM_152358,19
NM_152359,19
NM_152360,19
NM_152361,19
NM_152362,19
NM_152363,19
NM_152365,1
NM_152367,1
NM_152369,1
NM_152371,1
NM_152372,1
NM_152373,1
NM_152374,1
NM_152375,1
NM_152376,1
NM_152377,1
NM_152378,1
NM_152379,1
NM_152380,1
NM_152381,2
NM_152382,2
NM_152383,2
NM_152384,2
NM_152385,2
NM_152386,2
NM_152387,2
NM_152388,2
NM_152389,2
NM_152390,2
NM_152391,2
NM_152392,2
NM_152393,3
NM_152394,3
NM_152395,3
NM_152396,3
NM_152397,3
NM_152399,4
NM_152400,4
NM_152401,4
NM_152402,4
NM_152403,5
NM_152404,5
NM_152405,5
NM_152406,5
NM_152407,5
NM_152408,5
NM_152409,5
NM_152410,6
NM_152411,7
NM_152412,8
NM_152413,8
NM_152414,8
NM_152415,8
NM_152416,8
NM_152417,8
NM_152418,8
NM_152420,9
NM_152421,9
NM_152423,X
NM_152424,X
NM_152425,X
NM_152426,22
NM_152428,10
NM_152429,10
NM_152430,11
NM_152431,11
NM_152434,11
NM_152435,12
NM_152436,12
NM_152437,12
NM_152439,12
NM_152440,12
NM_152441,12
NM_152442,12
NM_152443,14
NM_152444,14
NM_152445,14
NM_152446,14
NM_152447,14
NM_152448,15
NM_152449,15
NM_152450,15
NM_152451,15
NM_152453,15
NM_152454,15
NM_152455,15
NM_152456,16
NM_152457,16
NM_152458,16
NM_152459,16
NM_152460,17
NM_152461,17
NM_152462,17
NM_152463,17
NM_152464,17
NM_152465,17
NM_152466,17
NM_152467,17
NM_152468,17
NM_152470,18
NM_152472,19
NM_152473,19
NM_152474,19
NM_152475,19
NM_152476,19
NM_152477,19
NM_152478,19
NM_152480,19
NM_152481,19
NM_152482,19
NM_152484,19
NM_152485,1
NM_152486,1
NM_152487,1
NM_152488,1
NM_152489,1
NM_152490,1
NM_152491,1
NM_152492,1
NM_152493,1
NM_152494,1
NM_152495,1
NM_152496,1
NM_152497,1
NM_152498,1
NM_152499,1
NM_152500,1
NM_152503,20
NM_152504,20
NM_152505,21
NM_152506,21
NM_152507,21
NM_152509,22
NM_152510,22
NM_152511,22
NM_152512,22
NM_152513,22
NM_152515,2
NM_152516,2
NM_152517,2
NM_152519,2
NM_152520,2
NM_152522,2
NM_152523,2
NM_152524,2
NM_152525,2
NM_152526,2
NM_152527,2
NM_152528,2
NM_152529,2
NM_152531,3
NM_152533,3
NM_152536,3
NM_152538,3
NM_152539,3
NM_152540,4
NM_152542,4
NM_152543,4
NM_152544,4
NM_152545,4
NM_152546,5
NM_152547,5
NM_152548,5
NM_152550,5
NM_152551,6
NM_152552,6
NM_152553,6
NM_152554,6
NM_152556,7
NM_152557,7
NM_152558,7
NM_152559,7
NM_152562,8
NM_152564,8
NM_152565,8
NM_152568,8
NM_152569,9
NM_152570,9
NM_152571,9
NM_152572,9
NM_152573,9
NM_152574,9
NM_152577,X
NM_152578,X
NM_152579,X
NM_152581,X
NM_152586,10
NM_152587,11
NM_152588,12
NM_152589,12
NM_152590,12
NM_152591,12
NM_152592,14
NM_152594,15
NM_152595,15
NM_152596,15
NM_152597,15
NM_152598,17
NM_152599,17
NM_152600,19
NM_152601,19
NM_152602,19
NM_152603,19
NM_152604,19
NM_152605,19
NM_152606,19
NM_152607,1
NM_152608,1
NM_152609,1
NM_152610,1
NM_152611,20
NM_152612,22
NM_152613,22
NM_152614,2
NM_152615,3
NM_152616,3
NM_152617,3
NM_152618,4
NM_152619,4
NM_152620,4
NM_152621,4
NM_152622,5
NM_152623,5
NM_152624,5
NM_152625,5
NM_152628,8
NM_152630,X
NM_152631,X
NM_152632,X
NM_152633,X
NM_152635,10
NM_152636,11
NM_152637,12
NM_152638,12
NM_152640,12
NM_152641,12
NM_152643,10
NM_152644,10
NM_152647,15
NM_152649,16
NM_152652,16
NM_152653,3
NM_152654,19
NM_152655,19
NM_152657,19
NM_152658,19
NM_152660,1
NM_152663,1
NM_152665,1
NM_152666,1
NM_152667,20
NM_152670,2
NM_152672,3
NM_152673,3
NM_152675,17
NM_152676,18
NM_152677,19
NM_152678,3
NM_152679,4
NM_152680,4
NM_152681,4
NM_152682,4
NM_152683,4
NM_152684,4
NM_152685,5
NM_152686,5
NM_152687,5
NM_152688,6
NM_152689,7
NM_152692,X
NM_152694,X
NM_152695,X
NM_152696,1
NM_152697,1
NM_152698,2
NM_152699,3
NM_152701,7
NM_152703,7
NM_152704,13
NM_152706,7
NM_152707,10
NM_152709,10
NM_152710,10
NM_152713,11
NM_152716,11
NM_152717,11
NM_152718,11
NM_152719,13
NM_152721,18
NM_152722,11
NM_152723,11
NM_152725,10
NM_152726,13
NM_152727,16
NM_152728,18
NM_152729,6
NM_152730,6
NM_152731,6
NM_152732,6
NM_152733,6
NM_152734,6
NM_152735,6
NM_152736,6
NM_152737,6
NM_152739,7
NM_152740,7
NM_152742,7
NM_152743,7
NM_152744,7
NM_152745,7
NM_152748,7
NM_152749,7
NM_152750,7
NM_152751,10
NM_152753,6
NM_152754,7
NM_152755,7
NM_152756,5
NM_152758,8
NM_152759,12
NM_152760,11
NM_152761,X
NM_152762,11
NM_152763,1
NM_152764,16
NM_152765,8
NM_152766,17
NM_152769,19
NM_152770,4
NM_152771,19
NM_152772,12
NM_152773,3
NM_152774,7
NM_152775,4
NM_152777,14
NM_152778,4
NM_152779,12
NM_152780,X
NM_152781,17
NM_152782,7
NM_152783,2
NM_152784,19
NM_152786,9
NM_152787,X
NM_152788,12
NM_152789,7
NM_152791,19
NM_152792,2
NM_152793,7
NM_152794,19
NM_152828,6
NM_152829,7
NM_152831,17
NM_152832,11
NM_152834,2
NM_152835,1
NM_152840,22
NM_152852,11
NM_152858,6
NM_152860,12
NM_152862,2
NM_152864,20
NM_152866,11
NM_152868,22
NM_152869,X
NM_152879,2
NM_152888,8
NM_152889,3
NM_152890,1
NM_152891,16
NM_152892,7
NM_152896,9
NM_152897,20
NM_152898,7
NM_152901,16
NM_152902,1
NM_152903,13
NM_152904,17
NM_152905,12
NM_152906,22
NM_152908,17
NM_152909,19
NM_152910,13
NM_152911,10
NM_152912,13
NM_152913,7
NM_152914,17
NM_152930,20
NM_152933,4
NM_152945,2
NM_152989,12
NM_152990,6
NM_152991,11
NM_152992,7
NM_152994,2
NM_152995,4
NM_152996,1
NM_152997,4
NM_152999,7
NM_153000,18
NM_153002,3
NM_153005,6
NM_153006,17
NM_153007,17
NM_153008,4
NM_153010,18
NM_153013,5
NM_153015,8
NM_153018,17
NM_153020,6
NM_153021,2
NM_153022,12
NM_153023,13
NM_153025,16
NM_153026,12
NM_153027,4
NM_153028,16
NM_153029,16
NM_153031,2
NM_153032,17
NM_153033,7
NM_153034,10
NM_153035,1
NM_153036,6
NM_153038,2
NM_153040,15
NM_153041,2
NM_153042,6
NM_153043,7
NM_153044,22
NM_153045,9
NM_153046,14
NM_153051,22
NM_153183,X
NM_153184,3
NM_153186,9
NM_153187,6
NM_153189,7
NM_153200,9
NM_153201,11
NM_153206,11
NM_153207,12
NM_153208,16
NM_153209,17
NM_153211,18
NM_153212,1
NM_153213,1
NM_153214,2
NM_153215,3
NM_153216,5
NM_153217,5
NM_153218,13
NM_153219,19
NM_153221,19
NM_153223,5
NM_153225,8
NM_153226,10
NM_153228,17
NM_153229,17
NM_153230,17
NM_153231,19
NM_153232,19
NM_153234,5
NM_153235,6
NM_153236,7
NM_153237,9
NM_153238,16
NM_153239,16
NM_153240,3
NM_153244,10
NM_153246,6
NM_153247,7
NM_153251,13
NM_153252,X
NM_153253,11
NM_153254,1
NM_153255,6
NM_153256,10
NM_153257,19
NM_153259,1
NM_153260,15
NM_153261,16
NM_153262,1
NM_153263,19
NM_153264,3
NM_153265,11
NM_153266,11
NM_153267,9
NM_153268,3
NM_153269,20
NM_153270,X
NM_153271,15
NM_153273,3
NM_153274,1
NM_153277,11
NM_153284,3
NM_153320,6
NM_153323,20
NM_153324,20
NM_153325,20
NM_153328,20
NM_153329,19
NM_153330,3
NM_153331,3
NM_153332,8
NM_153333,X
NM_153334,22
NM_153335,17
NM_153336,10
NM_153338,17
NM_153339,1
NM_153340,1
NM_153341,1
NM_153342,2
NM_153343,4
NM_153344,6
NM_153345,7
NM_153346,X
NM_153347,11
NM_153348,12
NM_153350,16
NM_153353,3
NM_153354,5
NM_153355,6
NM_153356,15
NM_153357,17
NM_153358,19
NM_153359,19
NM_153360,20
NM_153361,5
NM_153362,6
NM_153364,12
NM_153365,4
NM_153366,9
NM_153367,10
NM_153368,10
NM_153369,6
NM_153370,6
NM_153371,13
NM_153373,5
NM_153374,15
NM_153375,19
NM_153376,4
NM_153377,12
NM_153379,22
NM_153380,X
NM_153381,5
NM_153425,16
NM_153426,4
NM_153437,9
NM_153442,10
NM_153443,19
NM_153444,11
NM_153445,11
NM_153446,17
NM_153447,19
NM_153448,X
NM_153450,11
NM_153451,11
NM_153453,6
NM_153456,13
NM_153461,3
NM_153479,HSCHRX_1_CTG14
NM_153483,3
NM_153485,5
NM_153486,16
NM_153487,6
NM_153488,X
NM_153498,10
NM_153603,16
NM_153604,17
NM_153605,3
NM_153606,1
NM_153607,5
NM_153608,19
NM_153609,22
NM_153610,5
NM_153611,11
NM_153612,6
NM_153613,15
NM_153614,11
NM_153615,22
NM_153618,15
NM_153620,7
NM_153631,7
NM_153634,12
NM_153635,3
NM_153638,20
NM_153646,14
NM_153649,1
NM_153681,21
NM_153682,21
NM_153683,13
NM_153684,22
NM_153685,12
NM_153686,4
NM_153687,12
NM_153688,16
NM_153689,2
NM_153690,3
NM_153691,4
NM_153692,8
NM_153693,12
NM_153694,12
NM_153695,9
NM_153696,11
NM_153697,2
NM_153698,9
NM_153699,6
NM_153700,15
NM_153701,19
NM_153702,4
NM_153703,1
NM_153704,8
NM_153705,11
NM_153706,5
NM_153707,9
NM_153708,3
NM_153709,1
NM_153710,9
NM_153711,6
NM_153712,2
NM_153713,1
NM_153714,10
NM_153716,Y
NM_153717,4
NM_153719,19
NM_153746,6
NM_153750,21
NM_153754,21
NM_153756,1
NM_153757,4
NM_153758,1
NM_153763,1
NM_153767,11
NM_153809,9
NM_153810,10
NM_153811,14
NM_153812,1
NM_153813,16
NM_153816,6
NM_153818,1
NM_153822,1
NM_153824,17
NM_153827,17
NM_153831,8
NM_153832,1
NM_153833,3
NM_153834,X
NM_153835,2
NM_153836,2
NM_153837,16
NM_153838,6
NM_153840,6
NM_156036,17
NM_156039,1
NM_170587,8
NM_170589,15
NM_170601,11
NM_170603,19
NM_170604,19
NM_170606,7
NM_170607,17
NM_170610,6
NM_170662,3
NM_170664,16
NM_170672,2
NM_170676,15
NM_170677,15
NM_170678,19
NM_170679,5
NM_170681,5
NM_170683,12
NM_170685,17
NM_170692,1
NM_170693,20
NM_170694,22
NM_170695,18
NM_170697,15
NM_170699,2
NM_170705,1
NM_170710,4
NM_170711,19
NM_170713,3
NM_170717,3
NM_170720,19
NM_170721,17
NM_170722,11
NM_170724,6
NM_170725,1
NM_170726,1
NM_170735,11
NM_170736,21
NM_170740,6
NM_170741,17
NM_170743,1
NM_170744,10
NM_170745,6
NM_170746,11
NM_170752,6
NM_170776,16
NM_170783,6
NM_170784,20
NM_171825,5
NM_171828,3
NM_171846,15
NM_171982,8
NM_171997,11
NM_171998,X
NM_171999,18
NM_172000,1
NM_172002,22
NM_172003,2
NM_172004,12
NM_172005,20
NM_172006,20
NM_172016,6
NM_172020,7
NM_172027,3
NM_172037,8
NM_172056,7
NM_172069,2
NM_172070,2
NM_172071,1
NM_172082,7
NM_172088,17
NM_172095,15
NM_172097,15
NM_172098,1
NM_172099,2
NM_172102,2
NM_172109,HSCHR20_1_CTG4
NM_172113,20
NM_172127,4
NM_172138,19
NM_172139,19
NM_172140,19
NM_172164,1
NM_172171,10
NM_172174,4
NM_172178,12
NM_172193,14
NM_172194,14
NM_172195,2
NM_172196,2
NM_172200,10
NM_172201,21
NM_172207,17
NM_172208,6
NM_172209,6
NM_172210,1
NM_172212,1
NM_172215,12
NM_172217,15
NM_172229,16
NM_172230,11
NM_172231,19
NM_172234,3
NM_172236,20
NM_172238,6
NM_172240,12
NM_172241,HSCHR18_5_CTG1_1
NM_172242,10
NM_172244,5
NM_172247,X
NM_172249,X
NM_172250,4
NM_172251,19
NM_172311,2
NM_172312,9
NM_172313,1
NM_172318,20
NM_172341,19
NM_172345,17
NM_172347,16
NM_172350,1
NM_172362,1
NM_172364,12
NM_172365,14
NM_172366,8
NM_172367,17
NM_172369,1
NM_172370,13
NM_172373,13
NM_172374,19
NM_172376,14
NM_172387,18
NM_172390,18
NM_173039,11
NM_173042,11
NM_173044,11
NM_173050,22
NM_173054,7
NM_173059,7
NM_173060,5
NM_173065,1
NM_173075,4
NM_173076,2
NM_173077,2
NM_173078,X
NM_173079,17
NM_173080,1
NM_173081,10
NM_173082,6
NM_173083,1
NM_173084,3
NM_173086,12
NM_173091,20
NM_173092,17
NM_173156,1
NM_173158,12
NM_173159,14
NM_173160,10
NM_173162,2
NM_173164,16
NM_173167,17
NM_173174,8
NM_173178,2
NM_173179,20
NM_173197,10
NM_173198,9
NM_173199,9
NM_173201,16
NM_173206,18
NM_173213,17
NM_173215,16
NM_173216,3
NM_173341,3
NM_173342,10
NM_173352,12
NM_173353,12
NM_173354,21
NM_173355,2
NM_173358,X
NM_173359,3
NM_173362,5
NM_173457,15
NM_173462,14
NM_173463,4
NM_173464,18
NM_173465,5
NM_173466,2
NM_173467,22
NM_173468,4
NM_173469,15
NM_173470,X
NM_173471,3
NM_173472,3
NM_173473,10
NM_173474,16
NM_173475,16
NM_173476,16
NM_173477,17
NM_173478,17
NM_173479,19
NM_173480,19
NM_173481,19
NM_173482,19
NM_173483,19
NM_173484,1
NM_173485,20
NM_173486,2
NM_173487,4
NM_173488,5
NM_173489,5
NM_173490,5
NM_173491,5
NM_173492,9
NM_173493,X
NM_173494,X
NM_173495,X
NM_173496,10
NM_173497,10
NM_173499,15
NM_173500,15
NM_173501,16
NM_173502,16
NM_173503,17
NM_173505,18
NM_173507,1
NM_173508,1
NM_173509,1
NM_173510,22
NM_173511,2
NM_173512,2
NM_173513,2
NM_173514,5
NM_173515,6
NM_173516,6
NM_173517,7
NM_173518,8
NM_173519,8
NM_173521,9
NM_173522,X
NM_173523,X
NM_173525,11
NM_173526,14
NM_173527,14
NM_173528,15
NM_173529,18
NM_173530,19
NM_173531,19
NM_173532,1
NM_173533,1
NM_173535,2
NM_173536,4
NM_173537,7
NM_173538,8
NM_173539,8
NM_173540,10
NM_173542,12
NM_173543,3
NM_173544,19
NM_173545,2
NM_173546,3
NM_173547,17
NM_173548,19
NM_173549,8
NM_173550,9
NM_173551,9
NM_173552,3
NM_173553,4
NM_173554,10
NM_173555,10
NM_173556,11
NM_173557,18
NM_173558,6
NM_173559,6
NM_173560,6
NM_173561,6
NM_173562,6
NM_173563,6
NM_173564,7
NM_173565,7
NM_173566,22
NM_173567,1
NM_173568,21
NM_173570,3
NM_173571,X
NM_173572,10
NM_173573,11
NM_173574,1
NM_173575,10
NM_173576,10
NM_173578,11
NM_173582,11
NM_173583,11
NM_173584,11
NM_173586,11
NM_173587,11
NM_173588,11
NM_173589,11
NM_173590,11
NM_173591,12
NM_173593,12
NM_173596,12
NM_173598,12
NM_173602,12
NM_173607,14
NM_173608,14
NM_173613,15
NM_173616,16
NM_173618,16
NM_173620,17
NM_173621,17
NM_173622,17
NM_173623,17
NM_173624,17
NM_173625,17
NM_173626,17
NM_173627,17
NM_173628,17
NM_173629,18
NM_173630,18
NM_173631,19
NM_173632,19
NM_173633,19
NM_173635,19
NM_173636,19
NM_173637,19
NM_173638,1
NM_173639,1
NM_173640,1
NM_173641,1
NM_173642,1
NM_173645,2
NM_173646,2
NM_173647,2
NM_173648,2
NM_173649,2
NM_173650,2
NM_173651,2
NM_173652,2
NM_173653,3
NM_173654,3
NM_173656,3
NM_173657,3
NM_173658,3
NM_173659,3
NM_173660,4
NM_173662,4
NM_173664,5
NM_173665,5
NM_173666,5
NM_173670,5
NM_173671,6
NM_173672,6
NM_173674,6
NM_173677,7
NM_173678,7
NM_173680,7
NM_173682,7
NM_173683,8
NM_173685,8
NM_173688,8
NM_173689,9
NM_173690,9
NM_173691,9
NM_173694,X
NM_173695,X
NM_173698,X
NM_173699,X
NM_173728,17
NM_173791,10
NM_173793,22
NM_173794,X
NM_173795,1
NM_173797,5
NM_173798,X
NM_173799,3
NM_173800,5
NM_173801,11
NM_173802,12
NM_173803,16
NM_173804,19
NM_173806,16
NM_173807,1
NM_173808,1
NM_173810,11
NM_173811,11
NM_173812,12
NM_173813,12
NM_173814,15
NM_173815,16
NM_173821,2
NM_173822,2
NM_173823,3
NM_173824,3
NM_173825,3
NM_173826,3
NM_173827,4
NM_173828,5
NM_173829,5
NM_173830,6
NM_173831,8
NM_173832,8
NM_173833,8
NM_173834,X
NM_173842,2
NM_173846,14
NM_173847,17
NM_173848,8
NM_173849,14
NM_173850,14
NM_173851,8
NM_173852,1
NM_173853,2
NM_173854,1
NM_173855,12
NM_173856,19
NM_173857,19
NM_173858,1
NM_173860,12
NM_173872,4
NM_174855,20
NM_174856,20
NM_174858,1
NM_174873,12
NM_174878,3
NM_174880,3
NM_174881,19
NM_174882,19
NM_174887,17
NM_174889,5
NM_174890,10
NM_174891,14
NM_174892,17
NM_174893,17
NM_174894,19
NM_174895,19
NM_174896,1
NM_174897,20
NM_174898,2
NM_174899,2
NM_174900,4
NM_174901,X
NM_174902,11
NM_174903,16
NM_174905,19
NM_174907,3
NM_174908,3
NM_174909,5
NM_174910,6
NM_174911,8
NM_174912,X
NM_174913,14
NM_174914,5
NM_174916,15
NM_174917,16
NM_174918,19
NM_174919,17
NM_174920,17
NM_174921,4
NM_174922,8
NM_174923,9
NM_174924,16
NM_174926,11
NM_174927,11
NM_174928,13
NM_174931,2
NM_174932,22
NM_174933,9
NM_174934,11
NM_174936,1
NM_174937,10
NM_174938,9
NM_174939,11
NM_174940,11
NM_174941,12
NM_174942,12
NM_174943,14
NM_174944,14
NM_174945,19
NM_174947,19
NM_174951,X
NM_174952,4
NM_174953,17
NM_174958,17
NM_174959,7
NM_174961,X
NM_174962,X
NM_174963,1
NM_174975,22
NM_174976,14
NM_174977,22
NM_174978,14
NM_174981,21
NM_174983,19
NM_175039,9
NM_175052,5
NM_175053,12
NM_175054,12
NM_175055,1
NM_175056,3
NM_175057,6
NM_175058,11
NM_175060,14
NM_175061,7
NM_175062,5
NM_175063,19
NM_175064,7
NM_175065,1
NM_175066,12
NM_175067,6
NM_175068,12
NM_175073,9
NM_175075,8
NM_175078,12
NM_175081,17
NM_175085,HSCHR21_4_CTG1_1
NM_175569,X
NM_175571,7
NM_175575,17
NM_175605,13
NM_175607,3
NM_175609,20
NM_175613,3
NM_175614,19
NM_175616,5
NM_175617,16
NM_175619,4
NM_175623,12
NM_175629,2
NM_175630,2
NM_175698,X
NM_175709,22
NM_175711,X
NM_175725,3
NM_175733,11
NM_175734,17
NM_175735,2
NM_175736,12
NM_175737,4
NM_175738,17
NM_175739,14
NM_175741,15
NM_175744,1
NM_175745,6
NM_175747,6
NM_175748,14
NM_175768,6
NM_175769,2
NM_175834,12
NM_175839,20
NM_175850,20
NM_175851,12
NM_175852,1
NM_175854,13
NM_175856,5
NM_175857,21
NM_175858,21
NM_175859,X
NM_175861,12
NM_175864,20
NM_175866,1
NM_175868,X
NM_175871,19
NM_175872,19
NM_175873,5
NM_175874,12
NM_175875,19
NM_175876,1
NM_175878,22
NM_175881,15
NM_175882,17
NM_175883,19
NM_175884,7
NM_175885,11
NM_175886,7
NM_175887,7
NM_175888,3
NM_175892,11
NM_175895,12
NM_175900,16
NM_175907,18
NM_175908,19
NM_175910,19
NM_175911,1
NM_175913,20
NM_175921,5
NM_175922,6
NM_175924,3
NM_175929,13
NM_175932,11
NM_176072,11
NM_176095,17
NM_176677,16
NM_176782,1
NM_176786,X
NM_176787,18
NM_176789,X
NM_176792,10
NM_176794,10
NM_176798,11
NM_176799,2
NM_176800,6
NM_176801,4
NM_176810,19
NM_176811,19
NM_176812,20
NM_176813,7
NM_176814,7
NM_176815,3
NM_176816,5
NM_176817,7
NM_176818,12
NM_176820,19
NM_176821,11
NM_176822,11
NM_176823,1
NM_176824,4
NM_176825,2
NM_176863,17
NM_176869,4
NM_176870,16
NM_176871,8
NM_176875,11
NM_176877,1
NM_176880,19
NM_176881,7
NM_176882,7
NM_176883,7
NM_176884,12
NM_176885,12
NM_176886,HSCHR12_2_CTG2
NM_176887,12
NM_176888,12
NM_176889,12
NM_176890,12
NM_176891,9
NM_176895,5
NM_177398,1
NM_177400,10
NM_177401,19
NM_177402,1
NM_177403,1
NM_177405,22
NM_177417,19
NM_177423,11
NM_177424,1
NM_177435,6
NM_177437,7
NM_177438,14
NM_177439,X
NM_177441,17
NM_177444,12
NM_177452,14
NM_177453,4
NM_177454,2
NM_177455,7
NM_177457,8
NM_177458,8
NM_177478,5
NM_177483,6
NM_177528,16
NM_177529,16
NM_177531,8
NM_177533,14
NM_177538,2
NM_177542,19
NM_177543,19
NM_177549,20
NM_177550,17
NM_177551,12
NM_177554,2
NM_177559,20
NM_177924,8
NM_177925,12
NM_177951,14
NM_177963,11
NM_177964,2
NM_177965,8
NM_177966,3
NM_177967,13
NM_177968,2
NM_177974,15
NM_177978,3
NM_177983,2
NM_177986,18
NM_177987,10
NM_177995,9
NM_177998,4
NM_178001,9
NM_178006,13
NM_178009,13
NM_178011,10
NM_178012,6
NM_178013,14
NM_178014,6
NM_178019,5
NM_178026,20
NM_178033,1
NM_178034,15
NM_178040,12
NM_178042,3
NM_178043,4
NM_178120,2
NM_178121,19
NM_178122,1
NM_178123,2
NM_178125,7
NM_178126,17
NM_178127,11
NM_178128,17
NM_178129,X
NM_178130,3
NM_178134,1
NM_178135,4
NM_178138,9
NM_178140,5
NM_178148,6
NM_178150,10
NM_178154,14
NM_178160,17
NM_178161,10
NM_178167,16
NM_178168,11
NM_178169,12
NM_178170,17
NM_178171,17
NM_178172,8
NM_178173,3
NM_178174,6
NM_178175,X
NM_178176,7
NM_178177,3
NM_178181,3
NM_178191,1
NM_178226,9
NM_178229,1
NM_178231,2
NM_178232,15
NM_178233,17
NM_178234,8
NM_178271,X
NM_178273,7
NM_178275,1
NM_178276,5
NM_178310,16
NM_178313,2
NM_178314,12
NM_178324,9
NM_178326,2
NM_178332,20
NM_178335,3
NM_178339,3
NM_178348,1
NM_178349,1
NM_178351,1
NM_178352,1
NM_178353,1
NM_178354,1
NM_178356,1
NM_178422,1
NM_178423,7
NM_178424,5
NM_178428,1
NM_178429,1
NM_178430,1
NM_178431,1
NM_178432,9
NM_178433,1
NM_178434,1
NM_178435,1
NM_178438,1
NM_178439,2
NM_178443,11
NM_178445,3
NM_178448,9
NM_178449,19
NM_178450,5
NM_178452,16
NM_178453,16
NM_178454,1
NM_178456,20
NM_178460,20
NM_178463,20
NM_178466,20
NM_178468,20
NM_178470,X
NM_178471,X
NM_178483,20
NM_178491,20
NM_178493,17
NM_178494,19
NM_178495,2
NM_178496,3
NM_178497,4
NM_178498,11
NM_178499,12
NM_178500,17
NM_178502,12
NM_178504,3
NM_178505,10
NM_178507,11
NM_178508,6
NM_178509,17
NM_178510,11
NM_178514,13
NM_178516,16
NM_178517,17
NM_178518,17
NM_178520,17
NM_178525,19
NM_178526,19
NM_178527,1
NM_178532,5
NM_178536,9
NM_178537,11
NM_178539,12
NM_178540,13
NM_178542,17
NM_178543,17
NM_178544,19
NM_178545,1
NM_178546,1
NM_178547,1
NM_178548,1
NM_178549,1
NM_178552,22
NM_178553,2
NM_178554,3
NM_178555,4
NM_178556,4
NM_178557,4
NM_178558,7
NM_178559,7
NM_178562,7
NM_178564,8
NM_178565,8
NM_178566,9
NM_178568,17
NM_178570,11
NM_178571,17
NM_178580,20
NM_178582,20
NM_178583,4
NM_178588,14
NM_178812,8
NM_178813,X
NM_178814,2
NM_178815,10
NM_178817,21
NM_178818,16
NM_178819,8
NM_178820,19
NM_178821,2
NM_178822,3
NM_178823,6
NM_178824,3
NM_178826,12
NM_178827,7
NM_178828,9
NM_178829,7
NM_178830,19
NM_178831,7
NM_178832,10
NM_178833,4
NM_178834,11
NM_178835,4
NM_178836,17
NM_178837,19
NM_178839,2
NM_178840,1
NM_178841,16
NM_178842,15
NM_178844,16
NM_178850,20
NM_178857,8
NM_178858,10
NM_178859,15
NM_178860,17
NM_178861,13
NM_178862,3
NM_178863,16
NM_178864,11
NM_178865,1
NM_178867,10
NM_178868,3
NM_180976,6
NM_180989,13
NM_180990,17
NM_180991,5
NM_181042,3
NM_181054,14
NM_181076,15
NM_181077,15
NM_181078,16
NM_181291,14
NM_181302,14
NM_181304,14
NM_181334,22
NM_181335,22
NM_181336,6
NM_181337,6
NM_181340,14
NM_181342,2
NM_181354,8
NM_181355,10
NM_181361,3
NM_181425,9
NM_181429,12
NM_181430,17
NM_181435,5
NM_181449,17
NM_181453,2
NM_181458,2
NM_181462,1
NM_181468,20
NM_181471,7
NM_181482,18
NM_181484,20
NM_181485,20
NM_181489,3
NM_181501,5
NM_181502,20
NM_181503,13
NM_181507,11
NM_181512,11
NM_181515,11
NM_181519,10
NM_181521,16
NM_181523,5
NM_181526,20
NM_181531,6
NM_181532,X
NM_181533,14
NM_181534,17
NM_181535,17
NM_181537,17
NM_181538,7
NM_181539,17
NM_181552,7
NM_181558,13
NM_181572,1
NM_181575,2
NM_181578,12
NM_181581,7
NM_181597,7
NM_181598,14
NM_181599,21
NM_181600,21
NM_181605,21
NM_181607,21
NM_181618,14
NM_181621,21
NM_181622,21
NM_181623,21
NM_181641,16
NM_181642,15
NM_181643,1
NM_181644,1
NM_181645,11
NM_181646,7
NM_181654,18
NM_181655,17
NM_181657,14
NM_181659,20
NM_181661,8
NM_181670,12
NM_181671,17
NM_181672,X
NM_181684,21
NM_181686,21
NM_181688,21
NM_181690,1
NM_181698,10
NM_181699,11
NM_181701,9
NM_181705,5
NM_181706,11
NM_181707,17
NM_181708,12
NM_181709,12
NM_181710,19
NM_181711,12
NM_181712,1
NM_181713,2
NM_181714,6
NM_181715,1
NM_181716,17
NM_181718,16
NM_181719,1
NM_181720,1
NM_181721,11
NM_181722,7
NM_181723,8
NM_181724,12
NM_181726,4
NM_181727,3
NM_181738,19
NM_181739,15
NM_181745,10
NM_181746,1
NM_181747,7
NM_181755,1
NM_181756,19
NM_181773,22
NM_181774,5
NM_181775,7
NM_181776,5
NM_181780,3
NM_181782,6
NM_181783,12
NM_181784,2
NM_181785,13
NM_181786,19
NM_181787,8
NM_181788,12
NM_181789,15
NM_181790,17
NM_181791,7
NM_181795,6
NM_181803,20
NM_181805,20
NM_181806,4
NM_181807,11
NM_181808,4
NM_181809,1
NM_181826,22
NM_181831,22
NM_181832,22
NM_181836,5
NM_181837,6
NM_181838,5
NM_181840,10
NM_181842,6
NM_181843,11
NM_181844,17
NM_181846,19
NM_181847,12
NM_181861,12
NM_181862,1
NM_181870,1
NM_181873,1
NM_181874,3
NM_181875,3
NM_181877,15
NM_181879,19
NM_181882,19
NM_181885,1
NM_181886,4
NM_181894,X
NM_181900,15
NM_181985,19
NM_182314,X
NM_182398,14
NM_182470,15
NM_182476,14
NM_182477,19
NM_182483,20
NM_182485,4
NM_182486,22
NM_182487,9
NM_182488,13
NM_182489,7
NM_182490,19
NM_182491,7
NM_182492,22
NM_182493,16
NM_182495,11
NM_182496,12
NM_182497,17
NM_182498,19
NM_182499,1
NM_182500,2
NM_182501,2
NM_182502,4
NM_182503,6
NM_182504,7
NM_182505,9
NM_182506,X
NM_182507,12
NM_182508,13
NM_182511,18
NM_182513,19
NM_182515,19
NM_182516,1
NM_182517,1
NM_182518,1
NM_182519,20
NM_182520,22
NM_182521,2
NM_182522,3
NM_182523,3
NM_182524,4
NM_182525,8
NM_182527,22
NM_182528,2
NM_182529,7
NM_182530,12
NM_182532,1
NM_182533,1
NM_182534,1
NM_182536,2
NM_182537,3
NM_182538,17
NM_182539,6
NM_182540,X
NM_182541,X
NM_182543,10
NM_182546,7
NM_182547,7
NM_182548,6
NM_182549,6
NM_182551,2
NM_182552,6
NM_182553,11
NM_182556,11
NM_182557,11
NM_182558,12
NM_182559,12
NM_182560,14
NM_182562,15
NM_182563,16
NM_182564,17
NM_182565,17
NM_182566,17
NM_182569,17
NM_182572,19
NM_182573,19
NM_182574,19
NM_182575,19
NM_182577,19
NM_182578,1
NM_182580,1
NM_182581,1
NM_182583,20
NM_182587,2
NM_182589,3
NM_182592,4
NM_182594,5
NM_182595,7
NM_182597,7
NM_182603,11
NM_182606,4
NM_182607,X
NM_182608,12
NM_182609,19
NM_182610,3
NM_182612,11
NM_182613,12
NM_182614,13
NM_182616,15
NM_182617,16
NM_182620,17
NM_182623,1
NM_182625,2
NM_182627,3
NM_182628,3
NM_182631,3
NM_182632,5
NM_182633,7
NM_182634,7
NM_182635,9
NM_182639,10
NM_182640,2
NM_182641,17
NM_182642,2
NM_182643,8
NM_182644,3
NM_182645,6
NM_182647,20
NM_182658,20
NM_182660,Y
NM_182663,1
NM_182664,1
NM_182665,1
NM_182679,1
NM_182681,X
NM_182686,1
NM_182687,16
NM_182688,21
NM_182690,1
NM_182691,7
NM_182699,X
NM_182701,6
NM_182702,3
NM_182703,15
NM_182704,19
NM_182705,17
NM_182706,8
NM_182707,19
NM_182715,7
NM_182728,14
NM_182734,20
NM_182739,9
NM_182740,16
NM_182744,1
NM_182751,10
NM_182752,1
NM_182755,10
NM_182757,6
NM_182758,15
NM_182760,3
NM_182761,5
NM_182762,7
NM_182764,20
NM_182765,10
NM_182766,1
NM_182767,12
NM_182772,10
NM_182776,7
NM_182791,15
NM_182795,8
NM_182796,5
NM_182800,7
NM_182802,20
NM_182826,8
NM_182827,7
NM_182830,14
NM_182831,16
NM_182833,11
NM_182848,13
NM_182851,14
NM_182854,16
NM_182896,3
NM_182898,7
NM_182901,11
NM_182903,3
NM_182904,11
NM_182905,9
NM_182906,17
NM_182908,14
NM_182909,3
NM_182910,14
NM_182914,14
NM_182915,2
NM_182917,3
NM_182919,19
NM_182920,3
NM_182922,16
NM_182923,14
NM_182924,7
NM_182925,5
NM_182926,14
NM_182931,7
NM_182935,3
NM_182943,3
NM_182944,14
NM_182947,12
NM_182961,6
NM_182964,11
NM_182970,20
NM_182972,1
NM_182973,19
NM_182974,9
NM_182975,1
NM_182976,1
NM_182977,5
NM_182983,19
NM_182985,15
NM_183001,1
NM_183002,14
NM_183005,10
NM_183008,1
NM_183009,8
NM_183013,10
NM_183040,6
NM_183050,6
NM_183057,8
NM_183058,10
NM_183061,3
NM_183062,1
NM_183063,3
NM_183075,4
NM_183233,11
NM_183239,10
NM_183240,2
NM_183241,9
NM_183242,1
NM_183352,3
NM_183357,3
NM_183360,2
NM_183372,1
NM_183373,6
NM_183376,15
NM_183377,17
NM_183378,12
NM_183393,3
NM_183404,20
NM_183415,12
NM_183416,1
NM_183419,8
NM_183420,8
NM_183421,8
NM_183422,13
NM_184041,16
NM_184086,8
NM_184231,3
NM_184234,20
NM_184244,20
NM_187841,2
NM_194071,7
NM_194072,17
NM_194247,2
NM_194248,2
NM_194249,5
NM_194250,2
NM_194251,5
NM_194252,9
NM_194255,21
NM_194259,16
NM_194270,2
NM_194271,12
NM_194272,15
NM_194277,X
NM_194278,14
NM_194279,14
NM_194280,16
NM_194281,18
NM_194282,4
NM_194283,5
NM_194284,8
NM_194285,11
NM_194286,12
NM_194291,8
NM_194292,1
NM_194293,3
NM_194294,8
NM_194298,10
NM_194301,14
NM_194302,2
NM_194303,10
NM_194312,2
NM_194314,1
NM_194317,2
NM_194324,X
NM_194325,19
NM_194326,22
NM_194328,9
NM_194352,16
NM_194358,12
NM_194430,14
NM_194439,4
NM_194449,18
NM_194455,7
NM_194458,1
NM_194460,19
NM_194463,X
NM_197939,17
NM_197941,5
NM_197947,12
NM_197953,12
NM_197954,12
NM_197956,9
NM_197957,14
NM_197964,7
NM_197965,4
NM_197966,22
NM_197973,9
NM_197975,5
NM_197977,9
NM_198040,1
NM_198041,4
NM_198046,10
NM_198053,1
NM_198055,19
NM_198056,3
NM_198060,10
NM_198061,16
NM_198066,14
NM_198074,1
NM_198075,11
NM_198076,1
NM_198077,1
NM_198081,6
NM_198082,17
NM_198085,7
NM_198097,7
NM_198098,7
NM_198123,8
NM_198129,18
NM_198137,1
NM_198148,10
NM_198149,1
NM_198150,5
NM_198153,6
NM_198154,17
NM_198157,22
NM_198159,3
NM_198173,1
NM_198175,17
NM_198177,3
NM_198179,4
NM_198181,15
NM_198183,11
NM_198184,3
NM_198185,11
NM_198188,9
NM_198189,2
NM_198194,9
NM_198196,3
NM_198216,20
NM_198219,13
NM_198229,4
NM_198232,14
NM_198236,1
NM_198252,9
NM_198253,5
NM_198256,2
NM_198258,2
NM_198261,12
NM_198268,1
NM_198270,X
NM_198271,3
NM_198273,5
NM_198274,2
NM_198275,11
NM_198276,2
NM_198277,11
NM_198278,4
NM_198279,X
NM_198281,4
NM_198282,5
NM_198283,6
NM_198287,12
NM_198315,11
NM_198317,1
NM_198319,19
NM_198321,5
NM_198324,12
NM_198328,1
NM_198329,3
NM_198334,11
NM_198335,11
NM_198336,7
NM_198353,4
NM_198381,11
NM_198389,1
NM_198390,16
NM_198391,20
NM_198393,17
NM_198397,17
NM_198398,20
NM_198399,3
NM_198400,15
NM_198401,8
NM_198402,3
NM_198403,7
NM_198404,13
NM_198427,1
NM_198428,7
NM_198433,20
NM_198439,11
NM_198440,22
NM_198442,15
NM_198443,16
NM_198446,1
NM_198447,1
NM_198449,5
NM_198450,X
NM_198452,X
NM_198457,19
NM_198458,19
NM_198459,1
NM_198460,1
NM_198461,2
NM_198462,11
NM_198464,8
NM_198468,6
NM_198469,9
NM_198471,19
NM_198472,10
NM_198474,11
NM_198477,19
NM_198478,19
NM_198479,19
NM_198480,19
NM_198481,19
NM_198484,3
NM_198485,3
NM_198486,6
NM_198488,8
NM_198489,11
NM_198490,3
NM_198491,16
NM_198492,19
NM_198493,1
NM_198494,1
NM_198499,14
NM_198501,17
NM_198503,1
NM_198504,3
NM_198505,3
NM_198507,5
NM_198510,X
NM_198511,X
NM_198513,8
NM_198514,10
NM_198515,10
NM_198516,11
NM_198517,11
NM_198520,12
NM_198521,12
NM_198525,15
NM_198526,15
NM_198527,15
NM_198531,18
NM_198533,19
NM_198536,19
NM_198538,19
NM_198539,19
NM_198540,19
NM_198541,19
NM_198542,19
NM_198545,1
NM_198547,1
NM_198549,1
NM_198552,1
NM_198555,2
NM_198557,2
NM_198560,3
NM_198562,3
NM_198563,3
NM_198565,3
NM_198566,5
NM_198567,5
NM_198568,6
NM_198569,6
NM_198570,7
NM_198573,9
NM_198576,1
NM_198578,12
NM_198580,19
NM_198581,2
NM_198582,2
NM_198584,8
NM_198585,9
NM_198587,4
NM_198594,17
NM_198679,9
NM_198681,1
NM_198686,14
NM_198700,11
NM_198706,19
NM_198709,5
NM_198712,1
NM_198715,1
NM_198720,1
NM_198721,4
NM_198722,3
NM_198793,3
NM_198794,14
NM_198797,9
NM_198827,12
NM_198828,5
NM_198829,7
NM_198833,18
NM_198839,17
NM_198841,9
NM_198849,13
NM_198853,7
NM_198855,19
NM_198859,3
NM_198867,19
NM_198868,5
NM_198883,1
NM_198887,6
NM_198892,4
NM_198893,19
NM_198897,11
NM_198904,5
NM_198920,6
NM_198923,11
NM_198930,1
NM_198935,20
NM_198939,9
NM_198941,20
NM_198946,9
NM_198947,11
NM_198949,7
NM_198951,20
NM_198956,7
NM_198963,2
NM_198965,12
NM_198968,13
NM_198969,19
NM_198970,19
NM_198974,12
NM_198976,20
NM_198988,19
NM_198990,7
NM_198991,18
NM_198992,12
NM_198993,17
NM_198996,21
NM_198998,2
NM_199000,7
NM_199002,19
NM_199037,19
NM_199040,12
NM_199043,14
NM_199044,1
NM_199045,15
NM_199050,21
NM_199051,1
NM_199052,20
NM_199053,4
NM_199054,19
NM_199071,21
NM_199072,7
NM_199077,10
NM_199124,11
NM_199127,22
NM_199132,19
NM_199133,5
NM_199136,7
NM_199162,13
NM_199163,15
NM_199165,14
NM_199168,10
NM_199173,1
NM_199176,9
NM_199177,9
NM_199180,19
NM_199184,6
NM_199186,7
NM_199188,12
NM_199189,5
NM_199190,12
NM_199194,2
NM_199203,20
NM_199206,14
NM_199227,2
NM_199235,2
NM_199242,17
NM_199243,5
NM_199248,17
NM_199249,19
NM_199254,13
NM_199260,21
NM_199261,21
NM_199265,14
NM_199282,17
NM_199286,12
NM_199290,17
NM_199292,11
NM_199293,11
NM_199297,11
NM_199320,4
NM_199321,17
NM_199324,4
NM_199327,4
NM_199328,21
NM_199329,11
NM_199330,15
NM_199334,17
NM_199336,2
NM_199337,11
NM_199339,17
NM_199340,17
NM_199341,19
NM_199342,1
NM_199344,1
NM_199346,2
NM_199350,9
NM_199352,11
NM_199357,15
NM_199360,20
NM_199367,16
NM_199417,3
NM_199418,11
NM_199420,3
NM_199421,14
NM_199424,16
NM_199427,20
NM_199437,11
NM_199441,20
NM_199444,19
NM_199453,5
NM_199454,1
NM_199456,16
NM_199461,10
NM_199464,13
NM_199484,20
NM_199511,3
NM_201222,X
NM_201253,1
NM_201263,1
NM_201264,2
NM_201266,2
NM_201269,1
NM_201278,11
NM_201280,6
NM_201286,X
NM_201380,8
NM_201382,8
NM_201384,8
NM_201397,3
NM_201400,16
NM_201402,8
NM_201412,16
NM_201430,11
NM_201431,4
NM_201433,17
NM_201434,17
NM_201438,12
NM_201444,12
NM_201446,9
NM_201515,12
NM_201520,17
NM_201523,6
NM_201525,16
NM_201535,14
NM_201542,1
NM_201546,1
NM_201550,12
NM_201553,8
NM_201555,2
NM_201564,10
NM_201566,17
NM_201575,16
NM_201589,8
NM_201591,4
NM_201612,12
NM_201625,12
NM_201626,1
NM_201629,9
NM_201630,1
NM_201631,15
NM_201636,19
NM_201648,11
NM_201649,1
NM_201997,11
NM_201999,4
NM_202000,16
NM_202002,12
NM_203282,19
NM_203284,4
NM_203286,11
NM_203288,7
NM_203297,5
NM_203298,10
NM_203299,9
NM_203301,14
NM_203303,X
NM_203304,19
NM_203305,9
NM_203309,14
NM_203311,X
NM_203314,3
NM_203315,3
NM_203327,20
NM_203330,11
NM_203342,1
NM_203344,19
NM_203347,9
NM_203349,15
NM_203350,1
NM_203351,17
NM_203353,5
NM_203355,14
NM_203356,14
NM_203364,11
NM_203370,3
NM_203371,11
NM_203373,15
NM_203374,19
NM_203376,1
NM_203377,22
NM_203380,10
NM_203390,8
NM_203391,X
NM_203393,7
NM_203394,12
NM_203395,6
NM_203397,7
NM_203400,17
NM_203401,1
NM_203402,14
NM_203403,9
NM_203408,X
NM_203411,17
NM_203412,1
NM_203414,17
NM_203422,11
NM_203423,4
NM_203424,3
NM_203429,21
NM_203434,9
NM_203437,2
NM_203438,10
NM_203446,21
NM_203447,9
NM_203448,9
NM_203451,13
NM_203453,9
NM_203456,1
NM_203458,1
NM_203459,1
NM_203462,4
NM_203463,2
NM_203467,14
NM_203468,9
NM_203471,19
NM_203472,15
NM_203473,X
NM_203486,19
NM_203487,13
NM_203488,14
NM_203497,13
NM_203500,19
NM_203505,4
NM_205545,8
NM_205767,19
NM_205834,19
NM_205836,5
NM_205841,5
NM_205842,2
NM_205848,1
NM_205849,X
NM_205853,3
NM_205854,6
NM_205855,7
NM_205856,X
NM_205859,9
NM_205860,1
NM_205861,1
NM_205863,2
NM_206539,6
NM_206594,1
NM_206808,13
NM_206814,6
NM_206818,19
NM_206819,12
NM_206824,16
NM_206827,13
NM_206831,3
NM_206832,17
NM_206833,19
NM_206834,6
NM_206836,6
NM_206839,15
NM_206841,4
NM_206855,6
NM_206862,10
NM_206866,21
NM_206880,5
NM_206884,7
NM_206886,1
NM_206890,21
NM_206894,19
NM_206898,21
NM_206899,12
NM_206907,5
NM_206914,12
NM_206918,14
NM_206920,9
NM_206921,6
NM_206922,6
NM_206927,11
NM_206933,1
NM_206943,2
NM_206948,9
NM_206949,14
NM_206956,22
NM_206962,21
NM_206965,HSCHR21_5_CTG2
NM_206966,5
NM_206996,1
NM_206997,11
NM_206998,11
NM_206999,16
NM_207006,8
NM_207009,10
NM_207012,10
NM_207013,16
NM_207014,1
NM_207032,20
NM_207038,15
NM_207042,1
NM_207107,X
NM_207111,7
NM_207113,7
NM_207117,14
NM_207118,6
NM_207121,20
NM_207123,4
NM_207173,7
NM_207186,11
NM_207189,1
NM_207191,1
NM_207296,3
NM_207297,3
NM_207299,9
NM_207303,10
NM_207305,9
NM_207306,1
NM_207307,3
NM_207308,1
NM_207309,9
NM_207310,2
NM_207318,X
NM_207320,X
NM_207322,15
NM_207324,19
NM_207325,19
NM_207328,2
NM_207331,5
NM_207332,8
NM_207333,19
NM_207334,1
NM_207335,3
NM_207336,7
NM_207338,15
NM_207339,X
NM_207340,11
NM_207341,11
NM_207345,12
NM_207346,17
NM_207348,1
NM_207349,20
NM_207350,20
NM_207351,3
NM_207352,4
NM_207354,11
NM_207355,15
NM_207356,1
NM_207359,3
NM_207362,2
NM_207365,3
NM_207366,7
NM_207368,17
NM_207370,1
NM_207371,10
NM_207372,10
NM_207373,10
NM_207374,11
NM_207375,12
NM_207376,12
NM_207377,14
NM_207379,14
NM_207380,15
NM_207381,15
NM_207387,17
NM_207391,19
NM_207392,19
NM_207398,1
NM_207401,1
NM_207406,4
NM_207407,4
NM_207409,6
NM_207410,6
NM_207411,8
NM_207413,8
NM_207414,HSCHR8_5_CTG7
NM_207418,1
NM_207419,16
NM_207420,1
NM_207429,11
NM_207430,11
NM_207435,12
NM_207443,14
NM_207446,15
NM_207459,17
NM_207469,20
NM_207474,22
NM_207477,22
NM_207481,2
NM_207482,2
NM_207495,6
NM_207498,6
NM_207511,9
NM_207514,16
NM_207517,15
NM_207578,1
NM_207581,15
NM_207582,6
NM_207585,21
NM_207630,21
NM_207644,22
NM_207645,11
NM_207660,14
NM_212461,12
NM_212465,15
NM_212472,17
NM_212479,10
NM_212482,2
NM_212492,17
NM_212503,1
NM_212543,3
NM_212551,1
NM_212552,2
NM_212554,10
NM_212557,4
NM_212559,X
NM_213566,1
NM_213568,19
NM_213589,2
NM_213590,13
NM_213594,12
NM_213596,12
NM_213598,19
NM_213600,15
NM_213602,18
NM_213604,19
NM_213606,10
NM_213608,2
NM_213609,3
NM_213611,12
NM_213612,12
NM_213621,11
NM_213622,2
NM_213631,20
NM_213633,19
NM_213636,5
NM_213647,5
NM_213649,10
NM_213651,1
NM_213653,1
NM_213654,3
NM_213662,17
NM_213674,9
NM_213720,22
NM_214462,6
NM_214675,19
NM_214710,19
NM_214711,4
NR_000008,11
NR_000011,X
NR_000029,2
NR_000035,11
NR_000039,5
NR_000041,X
NR_001279,20
NR_001280,5
NR_001281,5
NR_001297,5
NR_001298,6
NR_001434,HSCHR6_MHC_MANN_CTG1
NR_001435,HSCHR6_MHC_QBL_CTG1
NR_001442,20
NR_001448,8
NR_001450,22
NR_001458,21
NR_001524,Y
NR_001530,Y
NR_001533,Y
NR_001534,Y
NR_001536,Y
NR_001537,Y
NR_001538,Y
NR_001539,Y
NR_001540,Y
NR_001541,Y
NR_001542,Y
NR_001543,Y
NR_001544,Y
NR_001546,Y
NR_001548,Y
NR_001551,Y
NR_001553,Y
NR_001554,Y
NR_001555,Y
NR_001558,20
NR_001559,X
NR_001564,X
NR_001578,8
NR_001590,6
NR_002158,7
NR_002169,16
NR_002174,6
NR_002177,Y
NR_002182,8
NR_002184,22
NR_002185,2
NR_002187,7
NR_002188,1
NR_002193,Y
NR_002196,11
NR_002223,3
NR_002224,14
NR_002226,X
NR_002323,22
NR_002328,1
NR_002330,7
NR_002451,4
NR_002556,16
NR_002578,1
NR_002603,16
NR_002605,13
NR_002710,17
NR_002713,5
NR_002720,11
NR_002724,10
NR_002729,1
NR_002733,22
NR_002734,8
NR_002763,2
NR_002766,14
NR_002770,14
NR_002773,17
NR_002774,12
NR_002775,11
NR_002776,21
NR_002778,17
NR_002786,3
NR_002788,1
NR_002791,10
NR_002795,7
NR_002798,19
NR_002802,11
NR_002804,19
NR_002809,12
NR_002819,11
NR_002823,9
NR_002923,Y
NR_002929,1
NR_002933,7
NR_002942,9
NR_002947,17
NR_002949,3
NR_003034,11
NR_003038,6
NR_003039,12
NR_003061,19
NR_003062,1
NR_003064,17
NR_003081,22
NR_003083,16
NR_003087,21
NR_003088,21
NR_003090,3
NR_003098,11
NR_003108,17
NR_003110,7
NR_003111,3
NR_003125,11
NR_003127,19
NR_003138,14
NR_003143,2
NR_003148,19
NR_003192,3
NR_003226,16
NR_003239,20
NR_003242,1
NR_003260,15
NR_003263,5
NR_003264,3
NR_003266,3
NR_003267,22
