"REFSEQ","SYMBOL"
"NM_004900","APOBEC3B"
"AA085955",NA
"NM_014616","ATP11B"
"AK092846",NA
"NM_001539","DNAJA1"
"THC2741789",NA
"NM_006709","EHMT2"
"NM_000978","RPL23"
"T12590",NA
"A_24_P704878",NA
"NM_001017","RPS13"
"AK021474",NA
"NM_198527","HDDC3"
"NM_000311","PRNP"
"AK091028",NA
"AK057596",NA
"A_24_P799245",NA
"AY358648",NA
"AK026647",NA
"NM_032445","MEGF11"
"NM_004886","APBA3"
"NM_014478","CRCP"
"BC060889",NA
"NM_016506","KBTBD4"
"AY358224",NA
"NM_002332","LRP1"
"NM_000368","TSC1"
"AT_D_3",NA
"THC2487640",NA
"NM_000677","ADORA3"
"NM_005895","GOLGA3"
"THC2596047",NA
"NM_004932","CDH6"
"NM_031462","CD99L2"
"AI287491",NA
"NM_173156","SMG7"
"AK097214",NA
"NM_080655","MSANTD3"
"NM_018015","RADX"
"THC2648397",NA
"NM_014909","VASH1"
"NM_003131","SRF"
"AK094799",NA
"THC2633633",NA
"NM_020235","BBX"
"NM_003045","SLC7A1"
"A_24_P52168",NA
"A_24_P530900",NA
"ENST00000296149",NA
"NM_145690","YWHAZ"
"NM_006439","MAB21L2"
"ENST00000299903",NA
"NM_004431","EPHA2"
"NM_177402","SYT2"
"NM_014573","TMEM97"
"NM_021945","SLC22A23"
"THC2656968",NA
"NM_003011","SET"
"AA512897",NA
"NM_001003845","SP5"
"NM_000619","IFNG"
"CN479126",NA
"A_32_P156549",NA
"NM_004968","ICA1"
"NM_152703","SAMD9L"
"AT_ssH_TR_5",NA
"NM_001002917","OR8D1"
"NM_032515","BOK"
"BG167701",NA
"NM_001029863","C6orf120"
"NM_001014445","NLE1"
"NM_001033","RRM1"
"AT_ssH_PC_3",NA
"NM_005339","UBE2K"
"AF264621",NA
"NM_024709","C1orf115"
"NM_002156","HSPD1"
"A_24_P50489",NA
"NM_001039362","ATP6V1C2"
"AK022865",NA
"NM_006177","NRL"
"NM_007371","BRD3"
"NM_173827","COX18"
"NM_001018036","TSHR"
"E1A_r60_3",NA
"NM_013936","OR12D2"
"NM_014045","LRP10"
"NM_000951","PRRG2"
"NM_183002","SLC8A3"
"NM_004004","GJB2"
"AF035020",NA
"THC2684625",NA
"NM_178553","PRR30"
"NM_139280","ORMDL3"
"NM_024293","RETREG2"
"A_32_P10665",NA
"NM_022830","TUT1"
"ENST00000343518",NA
"AK130741",NA
"NM_002639","SERPINB5"
"NM_000049","ASPA"
"NM_005603","ATP8B1"
"ETG02_36680",NA
"NM_000773","CYP2E1"
"A_24_P912617",NA
"NM_194259","UBE2I"
"NM_014597","DNTTIP2"
"NM_145028","ARMC12"
"E1A_r60_a97",NA
"AK024670",NA
"ENST00000371534",NA
"NM_000979","RPL18"
"NM_001806","CEBPG"
"NM_003680","YARS1"
"NM_152531","XXYLT1"
"THC2729213",NA
"NM_002124","HLA-DRB1"
"NM_145278","GCSAML"
"AK094167",NA
"AL136901",NA
"NM_001879","MASP1"
"NM_000024","ADRB2"
"NM_019034","RHOF"
"NM_152409","C5orf24"
"NM_004779","CNOT8"
"A_24_P910381",NA
"NM_052860","ZNF300"
"NM_006252","PRKAA2"
"NM_014582","OBP2A"
"ENST00000330330",NA
"NM_004849","ATG5"
"NM_003914","CCNA1"
"THC2702308",NA
"AK090766",NA
"NM_014445","SERP1"
"NM_000898","MAOB"
"NM_022900","CASD1"
"NM_000639","FASLG"
"NM_015045","WAPL"
"NM_015368","PANX1"
"NM_152341","PAQR4"
"NM_000196","HSD11B2"
"NM_004543","NEB"
"AB037781",NA
"AK026266",NA
"ENST00000273353",NA
"NM_004898","CLOCK"
"ENST00000338327",NA
"NM_031213","ABHD17A"
"ENST00000371483",NA
"NM_020156","C1GALT1"
"NM_018700","TRIM36"
"NM_002089","CXCL2"
"AA704487",NA
"NM_022753","S100PBP"
"ENST00000375587",NA
"AF090907",NA
"AK092094",NA
"A_32_P136427",NA
"NM_020773","TBC1D14"
"RC5",NA
"A_32_P230059",NA
"NM_001763","CD1A"
"X75917",NA
"NM_018320","RNF121"
"NM_030939","C6orf62"
"AK094972",NA
"NM_015475","FAM98A"
"NM_001001716","NFKBIB"
"THC2677037",NA
"NM_018212","ENAH"
"ETG10_13482",NA
"NM_207381","TNFAIP8L3"
"DQ786249",NA
"NM_170736","KCNJ15"
"NM_181707","CHCT1"
"NM_001715","BLK"
"H43551",NA
"NM_024967","ZNF556"
"NM_007121","NR1H2"
"ETG04_27747",NA
"NM_198794","MAP4K5"
"NM_145691","ATPAF2"
"NM_020416","PPP2R2C"
"NM_024677","NSUN7"
"NM_003072","SMARCA4"
"NM_015423","AASDHPPT"
"BC108268",NA
"CR594208",NA
"NM_006884","SHOX2"
"NM_005334","HCFC1"
"NM_152744","SDK1"
"NM_000417","IL2RA"
"NM_001001560","GGA1"
"AW451975",NA
"THC2541983",NA
"NM_006609","MAP3K2"
"NM_006520","DYNLT3"
"THC2642694",NA
"NM_007007","CPSF6"
"BC051742",NA
"NM_002692","POLE2"
"NM_000020","ACVRL1"
"XR_019168",NA
"NM_022143","LRRC4"
"NM_053056","CCND1"
"NM_001033503","SAR1B"
"NM_022149","MAGEF1"
"NM_018074","YJU2"
"NM_018285","IMP3"
"BC040290",NA
"BC065737",NA
"AK130716",NA
"NM_007354","LINC01565"
"NM_001025595","ARFIP1"
"NM_000059","BRCA2"
"NM_025140","CCDC92"
"BM684461",NA
"R60067",NA
"NM_201434","RAB5C"
"ENST00000378240",NA
"NM_020831","MRTFA"
"THC2683923",NA
"A_32_P202587",NA
"AK023669",NA
"A_32_P93584",NA
"THC2659414",NA
"BE218351",NA
"THC2615068",NA
"NM_015446","AHCTF1"
"NM_033448","KRT71"
"AK091348",NA
"AK054756",NA
"NM_080672","PHACTR3"
"NR_001530","TTTY9A"
"NM_001077493",NA
"RC1",NA
"NM_001024455","RTL5"
"BC128150",NA
"NM_004300","ACP1"
"NM_002577","PAK2"
"NM_003748","ALDH4A1"
"ENST00000367242",NA
"NM_003787","NOL4"
"NM_033406","FBXO3"
"A_24_P144625",NA
"M55405",NA
"NM_014205","ZNHIT2"
"NM_206880","OR2V2"
"NM_031895","CACNG8"
"NM_022094","CIDEC"
"AI028577",NA
"ENST00000299997",NA
"AF086442",NA
"AF086790",NA
"NR_002815","TPTE2P6"
"NM_002228","JUN"
"THC2520792",NA
"A_23_P113692",NA
"NM_005904","SMAD7"
"NM_002957","RXRA"
"NM_199342","SVBP"
"CR610211",NA
"BC007960",NA
"NM_001017923","DORIP1"
"NM_000618","IGF1"
"NM_001077268","ZFYVE19"
"NM_006600","NUDC"
"NM_001018077","NR3C1"
"NM_145169","SFT2D1"
"NM_018055","NODAL"
"NM_002125","HLA-DRB5"
"NM_005005","NDUFB9"
"NM_013446","MKRN1"
"A_24_P289834",NA
"NM_001008397","GPX8"
"AK000832",NA
"NM_000419","ITGA2B"
"NM_000364","TNNT2"
"NM_004080","DGKB"
"NM_001753","CAV1"
"NM_033540","MFN1"
"THC2660732",NA
"NM_207303","ATRNL1"
"NM_004071","CLK1"
"NM_001733","C1R"
"THC2631984",NA
"NM_033254","BOC"
"NM_004530","MMP2"
"A_24_P876152",NA
"NM_015342","PPWD1"
"NM_006696","BRD8"
"NM_002169","IFNA5"
"NM_014718","CLSTN3"
"NM_002343","LTF"
"THC2657613",NA
"ENST00000374274",NA
"NM_006785","MALT1"
"AF146694",NA
"BC018548",NA
"AT_W_5",NA
"BC007072",NA
"NM_198229","RGS12"
"ENST00000361429",NA
"A_24_P914208",NA
"BC050552",NA
"NM_014729","TOX"
"NM_001010915","HACD4"
"NM_000960","PTGIR"
"A_24_P522399",NA
"NM_205848","SYT6"
"NM_001864","COX7A1"
"NM_207474","BCRP2"
"NM_022129","PBLD"
"NM_058187","EVA1C"
"NM_015534","ZZZ3"
"NM_138473","SP1"
"NM_173544","NIBAN3"
"NM_032338","LLPH"
"THC2637492",NA
"AF116684",NA
"NM_177528","SULT1A2"
"NM_018971","GPR27"
"NM_013448","BAZ1A"
"AI709405",NA
"NM_000486","AQP2"
"NM_033411","RWDD2A"
"ENST00000341249",NA
"NM_022558","GH2"
"AF317680",NA
"A_32_P132169",NA
"ENST00000237763",NA
"AK097528",NA
"NM_153371","LNX2"
"BC053841",NA
"NM_002651","PI4KB"
"NM_002229","JUNB"
"NM_181077","GOLGA8A"
"BX641037",NA
"A_32_P58029",NA
"NM_199180","KIRREL2"
"NM_033244","PML"
"THC2548775",NA
"AK021985",NA
"NM_080869","WFDC12"
"A_32_P86616",NA
"NM_178822","IGSF10"
"AK094947",NA
"NM_014657","TTI1"
"NM_198568","GJB7"
"AF314543",NA
"NM_014372","RNF11"
"NM_016121","KCTD3"
"NR_002727","RFPL1S"
"NM_139167","SGCZ"
"NM_000062","SERPING1"
"NM_032572","RNASE7"
"NM_016732","RALY"
"THC2676635",NA
"NM_005560","LAMA5"
"NM_001031848","SERPINB8"
"A_24_P752362",NA
"NM_032497","ZNF559"
"ENST00000329610",NA
"A_24_P913096",NA
"NM_005314","GRPR"
"THC2518866",NA
"THC2481415",NA
"NM_173464","L3MBTL4"
"AL109704",NA
"NM_005080","XBP1"
"ENST00000356572",NA
"ENST00000302001",NA
"AF335478",NA
"NM_020974","SCUBE2"
"THC2728454",NA
"AK074620",NA
"NM_032112","MRPL43"
"NM_014773","DELE1"
"NM_014106","ZNF770"
"NM_000613","HPX"
"NM_020648","TWSG1"
"AA234275",NA
"NM_003426","ZNF74"
"NM_147189","FAM110B"
"NM_017712","PGPEP1"
"NM_005559","LAMA1"
"A_32_P6107",NA
"AI827739",NA
"AF116651",NA
"BC035312",NA
"NM_020753","CASKIN2"
"ENST00000368646",NA
"NM_018090","NECAP2"
"NM_014415","ZBTB11"
"ENST00000270720",NA
"NM_181659","NCOA3"
"NM_004693","KRT75"
"NM_145177","DHRSX"
"NM_003707","RUVBL1"
"BE671182",NA
"NM_207644","LRRC75B"
"AK055963",NA
"NM_024764","CATSPERB"
"NM_005935","AFF1"
"BC033126",NA
"NM_003810","TNFSF10"
"AL136548",NA
"THC2678509",NA
"NM_139118","YY1AP1"
"NM_004972","JAK2"
"AF015521",NA
"NM_058237","PPP4R4"
"THC2655354",NA
"NM_006260","DNAJC3"
"NM_001009924","TMEM230"
"NM_024519","RIPOR1"
"NM_007005","TLE4"
"A_24_P290188",NA
"NM_003813","ADAM21"
"NM_016619","PLAC8"
"A_32_P8971",NA
"A_23_P68138",NA
"NM_058199","OLFM1"
"NM_001079846","CREBBP"
"THC2510119",NA
"NM_024815","NUDT18"
"NegativeControl",NA
"NM_005249","FOXG1"
"NM_023942","LRRC61"
"NM_006474","PDPN"
"AK022030",NA
"NM_004464","FGF5"
"DB380193",NA
"NM_001335","CTSW"
"A_24_P521544",NA
"NM_016039","RTRAF"
"NM_001237","CCNA2"
"NM_001034954","SORBS1"
"BX108302",NA
"THC2681759",NA
"NM_153003","OFCC1"
"NM_005400","PRKCE"
"AL833372",NA
"NM_022165","LIN7B"
"NM_134323","TARBP2"
"NM_001029997","ZNF181"
"AK025631",NA
"NM_003791","MBTPS1"
"AI192327",NA
"BC035912",NA
"NM_001004419","CLEC2D"
"AF130049",NA
"NM_178175","LHFPL1"
"NM_001076787","TP53I11"
"NM_005745","BCAP31"
"NM_002420","TRPM1"
"AK131269",NA
"NM_031844","HNRNPU"
"NM_004169","SHMT1"
"NM_001008529","MXRA7"
"AK074630",NA
"NM_004742","MAGI1"
"NM_015404","WHRN"
"NM_024598","USB1"
"AK000995",NA
"THC2659198",NA
"NM_145039","CENPBD1P"
"NM_000961","PTGIS"
"RC2",NA
"NM_080789","ACP4"
"NM_001015001","CKMT1A"
"NM_052903","TUBGCP5"
"NM_000222","KIT"
"NR_002205","FTH1P12"
"AK023772",NA
"NM_016116","ASB4"
"NM_014569","ZKSCAN5"
"ENST00000284414",NA
"NM_006441","MTHFS"
"A_32_P209250",NA
"NM_006648","WNK2"
"NM_014827","ZC3H11A"
"NM_005444","CNOT9"
"NM_002208","ITGAE"
"NM_139076","ABRAXAS1"
"NM_130459","TOR2A"
"AF268194",NA
"NM_018845","SLC50A1"
"NM_003466","PAX8"
"NM_032440","LCOR"
"ENST00000309818",NA
"NM_020929","LRRC4C"
"NM_004058","CAPS"
"AK022020",NA
"NM_030752","TCP1"
"NM_152604","ZNF383"
"L27175",NA
"NM_004389","CTNNA2"
"NM_012276","LILRA4"
"NM_001025204","U2AF1"
"NR_002208","MRPL42P5"
"XR_015431",NA
"NM_020744","MTA3"
"NM_178552","CIMIP4"
"NM_173050","SCUBE1"
"NM_001001653","MED8"
"XR_018938",NA
"NM_019062","RNF186"
"NM_174909","TMEM167A"
"THC2694242",NA
"NM_020141","TMEM167B"
"AK093762",NA
"NM_007277","EXOC3"
"THC2650372",NA
"BC015876",NA
"AK027383",NA
"THC2607358",NA
"BC034827",NA
"NM_002560","P2RX4"
"ENST00000373670",NA
"NM_020814","MARCHF4"
"NM_012282","KCNE5"
"NM_015160","PMPCA"
"AK024358",NA
"NM_001042432","CLN3"
"NM_014638","PLCH2"
"ENST00000300590",NA
"NM_021107","MRPS12"
"NM_016161","A4GNT"
"XR_019061",NA
"NM_001655","ARCN1"
"NM_002247","KCNMA1"
"NM_018112","TMEM38B"
"NM_006229","PNLIPRP1"
"BC107109",NA
"NM_000223","KRT12"
"NR_002712","CXCR2P1"
"NM_002667","PLN"
"NM_032199","ARID5B"
"ENST00000379877",NA
"H70813",NA
"NM_145257","CCSAP"
"NM_004152","OAZ1"
"NM_144998","CENPX"
"A_23_P121234",NA
"NM_001013663","PTRHD1"
"AK094748",NA
"NM_015465","GEMIN5"
"AL583429",NA
"AK022016",NA
"NM_006824","EBNA1BP2"
"NM_033663","DRD3"
"NM_000245","MET"
"AK000103",NA
"AK095679",NA
"NM_052861","CTBP1-DT"
"NM_001250","CD40"
"NM_007021","DEPP1"
"AB007940",NA
"NM_001039697","SNAPC3"
"BU627449",NA
"NM_020338","ZMIZ1"
"NM_006412","AGPAT2"
"A_32_P158253",NA
"BC068459",NA
"A_24_P144163",NA
"NM_153708","RTP1"
"NM_152784","CATSPERD"
"NM_019041","MTRF1L"
"AK021840",NA
"NM_030893","CD1E"
"ENST00000360150",NA
"NM_173086","KRT6C"
"ENST00000360638",NA
"NM_015097","CLASP2"
"A_24_P935082",NA
"NM_005114","HS3ST1"
"NM_020346","SLC17A6"
"NM_173678","TCAF2"
"NM_176823","S100A7A"
"NM_022970","FGFR2"
"CR606347",NA
"AF387613",NA
"NM_002246","KCNK3"
"NM_032795","RPUSD4"
"NM_024758","AGMAT"
"ENST00000334564",NA
"NM_203456","PPIE"
"NM_018208","ETNK2"
"NM_013255","MKLN1"
"ENST00000309558",NA
"ENST00000380239",NA
"NM_003139","SRPRA"
"NM_017722","TRMT1"
"NM_001558","IL10RA"
"NM_032927","TMEM128"
"EQC",NA
"ENST00000366862",NA
"NM_001039887","PROSER3"
"NM_004965","HMGN1"
"AK098230",NA
"NM_001012424","YAF2"
"THC2785860",NA
"AK131429",NA
"AK098506",NA
"NM_018930","PCDHB10"
"NM_002880","RAF1"
"NM_013328","PYCR2"
"BC041169",NA
"NM_052854","CREB3L1"
"NM_173493","PASD1"
"BX648958",NA
"NM_145234","CHRDL1"
"A_23_P208582",NA
"NM_018417","ADCY10"
"NM_002760","PRKY"
"NM_178167","ZNF598"
"NM_001063","TF"
"NM_182529","THAP5"
"NM_015984","UCHL5"
"NM_206866","BACH1"
"THC2535753",NA
"NM_005299","GPR31"
"NM_024691","ZNF419"
"NM_024993","LRRTM4"
"NM_139002","HFE"
"BE693409",NA
"NM_001955","EDN1"
"NM_019088","PAF1"
"NM_000718","CACNA1B"
"NM_174914","UGT3A2"
"NM_001042548","FEZ2"
"NM_031440","RTP3"
"NM_014706","SART3"
"AK074153",NA
"NM_001547","IFIT2"
"NM_014649","SAFB2"
"THC2577283",NA
"NM_006778","TRIM10"
"NM_001695","ATP6V1C1"
"NM_058203","SPAG11B"
"NM_000552","VWF"
"A_24_P324074",NA
"A_24_P843552",NA
"NM_203481",NA
"NM_015271","TRIM2"
"NM_207310","CCDC74B"
"THC2550353",NA
"AL833331",NA
"NM_013329","PAXBP1"
"NM_203393","RBAKDN"
"NM_005223","DNASE1"
"THC2739760",NA
"NP511407",NA
"F10112",NA
"THC2762427",NA
"U44029",NA
"BC033366",NA
"NM_032243","TXNDC2"
"NM_145271","ZNF688"
"E1A_r60_a20",NA
"NM_199337","TMEM179B"
"NM_032211","LOXL4"
"NM_178565","RSPO2"
"L31408",NA
"BC006419",NA
"AK075204",NA
"NM_005073","SLC15A1"
"NM_152304","RAB42"
"BC038972",NA
"BC005052",NA
"AT_P_3",NA
"ENST00000358162",NA
"NM_001001556","GALK2"
"NM_030940","ISCA1"
"NM_014141","CNTNAP2"
"NM_006637","OR5I1"
"A_24_P942151",NA
"NM_182761","FAM170A"
"NM_012377","OR7C2"
"X94629",NA
"NM_203282","ZNF254"
"NM_001004441","ANKRD34B"
"NM_012090","MACF1"
"NM_003337","UBE2B"
"NM_198521","C12orf42"
"AK057576",NA
"AB074268",NA
"NM_032329","ING5"
"NM_017542","POGK"
"NM_182507","KRT80"
"NM_014264","PLK4"
"BX105574",NA
"NM_003609","HIRIP3"
"AK131023",NA
"NM_032609","COX4I2"
"NM_002006","FGF2"
"BX337332",NA
"NM_001647","APOD"
"NM_015644","TTLL3"
"NM_004102","FABP3"
"XR_019366",NA
"BX647159",NA
"NM_002046","GAPDH"
"BC035583",NA
"CR626729",NA
"THC2674112",NA
"NM_015909","NBAS"
"NM_006224","PITPNA"
"NM_021645","UTP14C"
"NM_021074","NDUFV2"
"NM_032434","ZNF512"
"AF175767",NA
"NM_005565","LCP2"
"NM_003133","SRP9"
"A_24_P486659",NA
"THC2522889",NA
"NM_003801","GPAA1"
"NM_005885","MARCHF6"
"NM_006734","HIVEP2"
"ENST00000367620",NA
"NM_007000","UPK1A"
"XR_016752",NA
"NM_007148","RNF112"
"A_32_P200490",NA
"NM_032564","DGAT2"
"A_24_P929558",NA
"ETG05_66023",NA
"A_32_P47874",NA
"AI301106",NA
"NM_001010905","C6orf58"
"AK094659",NA
"AA644703",NA
"NM_002063","GLRA2"
"NM_012101","TRIM29"
"NM_152296","ATP1A3"
"A_24_P204604",NA
"NM_005662","VDAC3"
"NM_017785","SPDL1"
"NM_001048218","SCYL1"
"NM_014397","NEK6"
"ENST00000381298",NA
"THC2622100",NA
"NM_021954","GJA3"
"AK097102",NA
"NM_032358","CCDC77"
"NM_024891","KMT2A"
"NM_000135","FANCA"
"NM_018452","TMEM242"
"NM_003046","SLC7A2"
"THC2658864",NA
"NM_014157","CFAP263"
"NM_003978","PSTPIP1"
"NM_003310","EIPR1"
"AB037723",NA
"NM_018047","RBM22"
"NM_004866","SCAMP1"
"NM_006256","PKN2"
"THC2686753",NA
"THC2572820",NA
"NM_017768","LRRC40"
"NM_002721","PPP6C"
"A_24_P32715",NA
"XR_018559",NA
"NM_003432","ZNF131"
"NM_000166","GJB1"
"NM_138999","NETO1"
"A_24_P358305",NA
"XR_016130",NA
"NM_002152","HRC"
"NM_001025300","RAB12"
"NM_006315","PCGF3"
"NM_007285","GABARAPL2"
"NM_020675","SPC25"
"NM_024672","THAP9"
"NM_005513","GTF2E1"
"BC095489",NA
"NM_003686","EXO1"
"THC2699125",NA
"THC2524584",NA
"NM_006157","NELL1"
"NM_012415","RAD54B"
"A_32_P172002",NA
"NM_024721","ZFHX4"
"NM_001008709","PPP1CA"
"NM_003004","SECTM1"
"NM_032354","TMEM107"
"NM_007152","ZNF195"
"THC2655485",NA
"NM_001010977","METTL21C"
"NM_207032","EDN3"
"NM_000371","TTR"
"NM_012425","RSU1"
"NM_004299","ABCB7"
"NM_032259","WDR24"
"NM_024921","POF1B"
"CA420688",NA
"NM_022733","SMAP2"
"NM_032125","TMEM222"
"NM_031246","PSG2"
"AI051572",NA
"NM_004064","CDKN1B"
"A_32_P209365",NA
"NM_144603","NOXO1"
"A_32_P128781",NA
"NM_003396","WNT9B"
"NM_005070","SLC4A3"
"NM_031952","SPATA9"
"NM_013262","MYLIP"
"A_24_P913198",NA
"THC2506685",NA
"NM_033104","STON2"
"NM_002003","FCN1"
"NR_003266","SDHAP4"
"NM_181806","AASDH"
"THC2638025",NA
"NM_023940","RASL11B"
"NM_020664","DECR2"
"BC050328",NA
"NM_002660","PLCG1"
"NM_020630","RET"
"BG571083",NA
"NM_033360","KRAS"
"NM_006025","ENDOU"
"NM_032267","RGSL1"
"AI090167",NA
"A_24_P924118",NA
"CA948108",NA
"NM_024949","WWC2"
"BI262095",NA
"NM_012316","KPNA6"
"THC2540361",NA
"AW029229",NA
"NM_016648","LARP7"
"BX113298",NA
"THC2611277",NA
"NM_001069","TUBB2A"
"NM_153331","KCTD6"
"NM_145235","FANK1"
"NM_018951","HOXA10"
"NM_001744","CAMK4"
"NM_000193","SHH"
"NM_015522","DYNC2LI1"
"BC004179",NA
"NM_007252","POU6F2"
"NM_175834","KRT79"
"NM_144712","SLC23A3"
"BC041364",NA
"NM_021955","GNGT1"
"NM_004853","STX8"
"NM_030925","CAB39L"
"NM_005494","DNAJB6"
"AF231918",NA
"AK056073",NA
"AF161470",NA
"BC001335",NA
"A_24_P632230",NA
"NM_006675","TSPAN9"
"THC2531064",NA
"NM_001031723","DNAJB14"
"NM_139017","IL31RA"
"NM_000610","CD44"
"NM_031461","CRISPLD1"
"NM_014647","MARF1"
"THC2562592",NA
"NM_020655","JPH3"
"NM_005348","HSP90AA1"
"BX647806",NA
"NM_001003714","ATP5MF"
"NM_001040058","SPP1"
"AF498096",NA
"NM_018343","RIOK2"
"BC045676",NA
"NM_016333","SRRM2"
"NM_019016","KRT24"
"NM_005877","SF3A1"
"NM_018555","ZNF331"
"NM_138426","GLCCI1"
"NM_033396","TNKS1BP1"
"NM_000759","CSF3"
"NM_182917","EIF4G1"
"NM_005868","BET1"
"NM_138501","TECR"
"NM_001789","CDC25A"
"BC007809",NA
"NM_017635","KMT5B"
"NM_001813","CENPE"
"A_24_P936637",NA
"NM_002546","TNFRSF11B"
"NM_205856","SPACA5"
"A_32_P211048",NA
"NM_001011553","SEPTIN7"
"BX116720",NA
"NM_001004341","ETV3L"
"NM_018558","GABRQ"
"BQ932036",NA
"AK093821",NA
"NM_020752","GPR158"
"ENST00000377548",NA
"ENST00000300458",NA
"NM_153252","BRWD3"
"NM_018400","SCN3B"
"NM_148170","CTSC"
"A_24_P852983",NA
"NM_000320","QDPR"
"NM_001018122","NPIPB7"
"NM_213653","HJV"
"NM_005612","REST"
"NM_002086","GRB2"
"NM_014790","JAKMIP2"
"NM_017828","COMMD4"
"AF401032",NA
"NM_020159","SMARCAD1"
"AB210019",NA
"NM_181449","CD300E"
"NM_003247","THBS2"
"NM_022786","ARV1"
"NM_033412","SLC25A51"
"BX648116",NA
"XM_376567",NA
"NM_005191","CD80"
"NM_016448","DTL"
"NM_014330","PPP1R15A"
"NM_032268","ZNRF1"
"NM_002888","RARRES1"
"A_24_P930842",NA
"NM_032553","GPR174"
"NM_152391","SLC66A3"
"AK023757",NA
"A_24_P921062",NA
"NM_001040202","PAQR3"
"NM_144498","OSBPL2"
"NM_001231","CASQ1"
"NM_001562","IL18"
"ENST00000331849",NA
"NM_015173","TBC1D1"
"BC006216",NA
"NM_002430","MN1"
"NM_015161","ARL6IP1"
"THC2631233",NA
"NM_017809","NXF2"
"NM_022893","BCL11A"
"NM_000632","ITGAM"
"CR621447",NA
"NM_001010854","TTC7B"
"THC2718728",NA
"THC2632814",NA
"AT_L_3",NA
"NM_001025598","ARHGAP30"
"NM_003956","CH25H"
"NM_013260","SAP30BP"
"AK128263",NA
"A_32_P233769",NA
"AK024243",NA
"NM_152346","SLC43A2"
"CR603272",NA
"NM_203284","RBPJ"
"NM_152458","ZNF785"
"THC2701763",NA
"NM_173482","TEKTL1"
"A_24_P911766",NA
"AK055641",NA
"X90840",NA
"NM_133483","ARHGEF25"
"NM_004514","FOXK2"
"NM_004792","PPIG"
"AL080157",NA
"NM_017790","RGS3"
"A_23_P254288",NA
"NM_032590","KDM2B"
"CR590180",NA
"BC062324",NA
"NM_001039848","GPX4"
"AK127516",NA
"AK026805",NA
"NM_006493","CLN5"
"NM_022445","TPK1"
"NM_144673","CMTM2"
"ETG05_36762",NA
"NM_003177","SYK"
"THC2607337",NA
"ENST00000357301",NA
"NM_022092","CHTF18"
"NM_138424","KIF12"
"NM_015959","TMX2"
"XM_001130195",NA
"NM_206920","MAMDC4"
"NM_019060","CRCT1"
"NM_004433","ELF3"
"NM_152616","TRIM42"
"NM_032859","ABHD13"
"NM_032596","SPMIP6"
"NM_001010851","ZNF766"
"THC2657355",NA
"THC2572633",NA
"NM_007295","BRCA1"
"AK023725",NA
"A_24_P910504",NA
"BC064938",NA
"A_24_P938433",NA
"ENST00000357138",NA
"NM_014602","PIK3R4"
"G43356",NA
"NM_004397","DDX6"
"NM_001018159","NAE1"
"BC028580",NA
"BC015977",NA
"NM_004628","XPC"
"NM_004657","CAVIN2"
"A_24_P936845",NA
"NM_000775","CYP2J2"
"NM_138799","MBOAT2"
"THC2640944",NA
"NM_018179","ATF7IP"
"NM_021731","MFSD12"
"XR_019290",NA
"AI382143",NA
"NM_002337","LRPAP1"
"NM_173797","TENT2"
"XR_019486",NA
"THC2531039",NA
"NM_013374","PDCD6IP"
"BX094773",NA
"NM_014598","SOCS7"
"NR_002323","TUG1"
"AL136717",NA
"AK024190",NA
"NM_001851","COL9A1"
"AK094730",NA
"THC2723388",NA
"NM_032999","GTF2I"
"ENST00000325900",NA
"NM_052892","PKD1L2"
"NM_052849","CCDC32"
"D89479",NA
"NM_152581","MOSPD2"
"NM_002210","ITGAV"
"NM_173682","FLJ40288"
"NM_017719","SNRK"
"THC2537217",NA
"NM_003017","SRSF3"
"CR601458",NA
"A_32_P131583",NA
"AF350419",NA
"NM_007269","STXBP3"
"NM_000996","RPL35A"
"NM_003898","SYNJ2"
"NM_018360","TXLNG"
"NM_001004460","OR10A2"
"NM_002841","PTPRG"
"NM_001042417","RUFY2"
"NM_175737","KLB"
"XR_019191",NA
"NM_138271","ATRX"
"RC7",NA
"THC2520542",NA
"AK023048",NA
"NM_017442","TLR9"
"AF279780",NA
"NM_032972","PCDH11Y"
"NM_021009","UBC"
"AB023230",NA
"NM_004578","RAB4A"
"NM_000594","TNF"
"NM_001261","CDK9"
"NM_006755","TALDO1"
"NM_005601","NKG7"
"E1A_r60_a135",NA
"NM_015678","NBEA"
"NM_207514","DEF8"
"NM_014874","MFN2"
"AF161370",NA
"A_24_P705701",NA
"A_32_P17615",NA
"NM_016076","DESI2"
"NM_012461","TINF2"
"NM_014742","TM9SF4"
"AB037853",NA
"AL832009",NA
"NM_007308","SNCA"
"NM_019109","ALG1"
"NM_002336","LRP6"
"NM_003919","SGCE"
"NM_052998","AZIN2"
"ENST00000354586",NA
"NM_033219","TRIM14"
"NM_016135","ETV7"
"NM_006708","GLO1"
"NM_004594","SLC9A5"
"A_24_P916979",NA
"NM_014840","NUAK1"
"NM_004415","DSP"
"NM_024750","LRRC2"
"NM_002350","LYN"
"NM_006952","UPK1B"
"NM_175744","RHOC"
"NM_004708","PDCD5"
"ENST00000333650",NA
"D42038",NA
"NM_024116","TAF1D"
"NM_002874","RAD23B"
"A_24_P931583",NA
"NM_173174","PTK2B"
"XR_018167",NA
"A_24_P127051",NA
"NM_182606","TMPRSS11A"
"A_24_P152793",NA
"NM_021130","PPIA"
"THC2778685",NA
"AL049782",NA
"NM_024561","NAA16"
"NM_138691","TMC1"
"NM_001307","CLDN7"
"NM_016154","RAB4B"
"NM_144626","TMEM125"
"AK097954",NA
"AB007971",NA
"NM_001376","DYNC1H1"
"NM_138492","PRELID2"
"THC2527647",NA
"NM_017423","GALNT7"
"AL050139",NA
"NM_145297","ZNF626"
"NM_080646","TBX1"
"BQ432543",NA
"XR_015278",NA
"AK056657",NA
"NM_000043","FAS"
"NM_030817","APOLD1"
"A_24_P470794",NA
"THC2646885",NA
"NM_005985","SNAI1"
"RC4",NA
"AK024319",NA
"NM_001013635","CCDC184"
"AL038125",NA
"NM_004569","PIGH"
"NM_001664","RHOA"
"A_24_P110172",NA
"NM_006588","SULT1C4"
"NM_001002034","PHETA2"
"NM_006980","MTERF1"
"E1A_r60_a22",NA
"NM_005455","ZRANB2"
"NM_001043352","TPM3"
"NM_002737","PRKCA"
"THC2715307",NA
"ENST00000370419",NA
"A_23_P1871",NA
"NM_152578","FMR1NB"
"THC2735742",NA
"ENST00000376325",NA
"NM_003489","NRIP1"
"NM_052875","VPS26B"
"E1A_r60_a104",NA
"NM_015288","JADE2"
"NM_000097","CPOX"
"NM_032141","NSRP1"
"NM_130775","XAGE5"
"NM_001040462","BTNL8"
"XR_015191",NA
"NM_012082","ZFPM2"
"THC2714978",NA
"NM_006647","NOXA1"
"ENST00000339968",NA
"NM_001045","SLC6A4"
"NM_030958","SLCO5A1"
"A_32_P138939",NA
"THC2515368",NA
"AK057884",NA
"AB075823",NA
"NM_203463","CERS6"
"ENST00000376752",NA
"THC2649856",NA
"BQ029628",NA
"NM_001874","CPM"
"NM_144711","KLHL23"
"NM_199360","TPD52L2"
"NM_006628","ARPP19"
"AK093002",NA
"NM_004423","DVL3"
"NM_198996","LIPI"
"NM_133376","ITGB1"
"NM_019885","CYP26B1"
"NM_033518","SLC38A5"
"NM_004231","ATP6V1F"
"NM_001005241","OR4N4"
"NM_002658","PLAU"
"NM_004354","CCNG2"
"NM_182594","ZNF454"
"BX537394",NA
"NM_032410","HOOK3"
"NM_020132","AGPAT3"
"NM_004936","CDKN2B"
"NM_001024947","YIPF5"
"E1A_r60_a107",NA
"AB046767",NA
"A_32_P124773",NA
"CR613736",NA
"AK123461",NA
"NM_002533","NVL"
"BE926212",NA
"NM_014916","LMTK2"
"CB049726",NA
"NM_018204","CKAP2"
"E1A_r60_1",NA
"THC2682789",NA
"NM_198181","GOLGA6L9"
"NM_017424","ADA2"
"NM_030760","S1PR5"
"AK095289",NA
"NM_001768","CD8A"
"A_24_P471242",NA
"NM_170606","KMT2C"
"NM_006781","TSBP1"
"NM_014677","RIMS2"
"NM_003282","TNNI2"
"NM_002318","LOXL2"
"NM_012335","MYO1F"
"AF527974",NA
"NM_002504","NFX1"
"AK024035",NA
"NM_001037341","PDE4B"
"NM_001994","F13B"
"AF050199",NA
"AK096309",NA
"M95923",NA
"ENST00000349637",NA
"ENST00000222390",NA
"AI942297",NA
"NM_015056","RRP1B"
"NM_001187","BAGE"
"A_24_P925966",NA
"NM_005466","MED6"
"ENST00000330935",NA
"NM_003344","UBE2H"
"NM_145068","TRPV3"
"NM_002630","PGC"
"NM_017948","NOL8"
"NM_153607","CREBRF"
"NM_007227","GPR45"
"NM_015544","TMEM98"
"NM_000946","PRIM1"
"A_24_P16361",NA
"NM_180976","PPP2R5D"
"A_24_P935864",NA
"NM_173812","DPY19L2"
"NM_145003","TSNARE1"
"BC003583",NA
"NM_152657","GGN"
"NM_002344","LTK"
"THC2703042",NA
"A_24_P930237",NA
"NM_153606","GARIN4"
"AB051436",NA
"NM_024635","NAA35"
"NM_012262","HS2ST1"
"NM_152751","BEND7"
"NM_145715","TIGD2"
"NM_212552","BOLA3"
"NM_032324","NTPCR"
"BI826226",NA
"A_24_P831005",NA
"NM_012280","FTSJ1"
"AK021912",NA
"NM_000224","KRT18"
"THC2718323",NA
"NM_003093","SNRPC"
"NM_000502","EPX"
"NM_017946","FKBP14"
"NM_001018025","MTCP1"
"NM_017716","MS4A12"
"NM_016445","PLEK2"
"NM_013241","FHOD1"
"NM_000801","FKBP1A"
"NM_005884","PAK4"
"BG108194",NA
"NM_015941","ATP6V1H"
"AV737563",NA
"AK131396",NA
"NM_020863","ZFAT"
"NM_015346","ZFYVE26"
"NR_002568",NA
"ENST00000293502",NA
"S80864",NA
"NM_016122","CEP83"
"BC034271",NA
"NM_002204","ITGA3"
"NM_004994","MMP9"
"AK026768",NA
"A_24_P911746",NA
"NM_005163","AKT1"
"NM_003991","EDNRB"
"A_24_P234871",NA
"NM_005836","RIDA"
"NM_018475","TMEM165"
"AU148142",NA
"NM_003679","KMO"
"AT_T_3",NA
"NM_007112","THBS3"
"BC050694",NA
"THC2702250",NA
"XR_015943",NA
"ENST00000299694",NA
"NM_001013398","IGFBP3"
"NR_001546","TTTY20"
"NM_022751","GAREM1"
"NM_005604","POU3F2"
"AK091672",NA
"NM_001045480",NA
"NM_014806","RUSC2"
"ENST00000382794",NA
"NM_025191","EDEM3"
"NM_000252","MTM1"
"A_24_P482124",NA
"NM_005246","FER"
"CR594528",NA
"NM_018128","TSR1"
"NM_031501","PCDHA5"
"NM_138421","SAAL1"
"NM_001443","FABP1"
"BC024231",NA
"AK093713",NA
"A_24_P7565",NA
"NM_000655","SELL"
"ENST00000298858",NA
"BC005077",NA
"BC021806",NA
"THC2624048",NA
"NM_000602","SERPINE1"
"NM_006013","RPL10"
"NM_024557","RIC3"
"NM_013243","SCG3"
"ENST00000382921",NA
"AK098270",NA
"AF338231",NA
"XR_019258",NA
"AB033088",NA
"NM_012079","DGAT1"
"NM_003391","WNT2"
"NM_003931","WASF1"
"ENST00000335995",NA
"NM_032885","ATG4D"
"NM_000132","F8"
"A_24_P703614",NA
"E1A_r60_n9",NA
"NM_183376","ARRDC4"
"NM_012294","RAPGEF5"
"NM_024430","PSTPIP2"
"NM_000015","NAT2"
"ENST00000380960",NA
"NM_153362","PRSS35"
"NM_018409","LRP2BP"
"NM_017621","ALKBH4"
"NM_004823","KCNK6"
"A_32_P11425",NA
"A_24_P749042",NA
"NM_152860","SP7"
"NM_003086","SNAPC4"
"NM_020379","MAN1C1"
"DQ168992",NA
"ENST00000378644",NA
"NM_002119","HLA-DOA"
"NM_058222","TECTB"
"ENST00000370341",NA
"NM_181721","FOXR1"
"THC2681839",NA
"XR_018699",NA
"NM_001028","RPS25"
"AF116688",NA
"NM_153810","CACUL1"
"NM_018215","PNMA8A"
"NM_001029885","CPTP"
"NM_014786","ARHGEF17"
"NM_020821","VPS13C"
"NM_002952","RPS2"
"NM_032221","CHD6"
"NM_015962","FCF1"
"ENST00000374189",NA
"NM_144726","RNF145"
"NM_023007","JMJD4"
"NM_018489","ASH1L"
"NM_178828","SPATA31E1"
"THC2653527",NA
"NM_001363","DKC1"
"NM_172178","MRPL42"
"NM_001987","ETV6"
"A_32_P45087",NA
"NM_024743","UGT2A3"
"NM_058197","CDKN2A"
"A_24_P932598",NA
"BC046475",NA
"NM_182520","C22orf15"
"AA534817",NA
"AF011794",NA
"NM_153831","PTK2"
"NM_198194","STOM"
"NM_016633","AHSP"
"AK057359",NA
"THC2686813",NA
"NM_173674","DCBLD1"
"NM_006017","PROM1"
"NM_018362","LIN7C"
"NM_017867","HPF1"
"NM_021156","TMX4"
"NM_000039","APOA1"
"NM_182896","ARL13B"
"A_24_P383834",NA
"THC2645830",NA
"NM_207398","GBP7"
"NM_015946","PELO"
"AK125910",NA
"NM_006386","DDX17"
"NM_000119","EPB42"
"NM_153029","N4BP1"
"NM_022743","SMYD3"
"A_24_P324644",NA
"NM_000572","IL10"
"NM_006482","DYRK2"
"NM_012203","GRHPR"
"ENST00000344441",NA
"NM_001039127","ZNF718"
"NM_001024656","ASPDH"
"NM_015900","PLA1A"
"THC2780599",NA
"NM_012098","ANGPTL2"
"NM_033131","WNT3A"
"BC017572",NA
"NM_033224","PURB"
"AK092372",NA
"XR_018412",NA
"NM_005427","TP73"
"THC2547732",NA
"AK093078",NA
"BC063875",NA
"THC2519072",NA
"NM_003414","ZNF267"
"NM_015428","ZNF473"
"NM_015033","FNBP1"
"NM_152402","TRAM1L1"
"NM_014450","SIT1"
"AK025225",NA
"THC2512148",NA
"NM_004297","GNA14"
"NM_015254","KIF13B"
"NM_153226","SLC35G1"
"BQ015182",NA
"AK021785",NA
"BC020884",NA
"NM_018334","LRRN3"
"AK023606",NA
"NM_178812","MTDH"
"NM_030911","CDADC1"
"NM_006286","TFDP2"
"AB176708",NA
"NP1165618",NA
"NM_173552","DIPK2A"
"NM_004881","TP53I3"
"NM_177455","BHLHA15"
"BC007306",NA
"THC2515746",NA
"RC9",NA
"AB072358",NA
"NM_020152","MAP3K7CL"
"BX415272",NA
"NM_017931","TTC38"
"THC2689921",NA
"NM_016218","POLK"
"NM_020341","PAK5"
"NM_015426","POC1A"
"NM_021571","CARD18"
"NM_032042","ARB2A"
"A_24_P333112",NA
"NM_000579","CCR5"
"NM_020710","LRRC47"
"NM_139201","GIT2"
"NM_001350","DAXX"
"NR_002767",NA
"NM_152609","CNST"
"THC2760410",NA
"ENST00000356987",NA
"NM_022080","NAPB"
"NM_003429","ZNF85"
"NM_001024676","KLHL30-AS1"
"AK094068",NA
"A_23_P250842",NA
"THC2608133",NA
"NM_182532","TMEM61"
"NM_020458","TTC7A"
"THC2712081",NA
"ENST00000317051",NA
"THC2609288",NA
"NM_024809","TCTN2"
"NM_016605","FAM53C"
"ENST00000361624",NA
"NM_001290","LDB2"
"NM_001928","CFD"
"NM_005551","KLK2"
"BC013679",NA
"NM_017688","BSPRY"
"BC003622",NA
"AK022305",NA
"BC064969",NA
"NM_017758","ALKBH5"
"NM_016038","SBDS"
"NM_030914","URM1"
"NM_001004739","OR5L2"
"NM_000448","RAG1"
"BG194713",NA
"NM_004401","DFFA"
"NM_004605","SULT2B1"
"ENST00000382579",NA
"AL137674",NA
"AA599881",NA
"A_24_P926606",NA
"AK056484",NA
"BC034803",NA
"NM_001040114","MYH11"
"NM_005356","LCK"
"NM_018042","SLFN12"
"NM_015894","STMN3"
"NM_003101","SOAT1"
"NM_014675","CROCC"
"NM_014935","PLEKHA6"
"NM_017679","BCAS3"
"ENST00000359119",NA
"THC2704911",NA
"A_24_P900730",NA
"NM_020375","TIGAR"
"NM_006515","SETMAR"
"AX775899",NA
"CB993898",NA
"BE926198",NA
"XR_018717",NA
"A_32_P13202",NA
"NM_147129","ALS2CL"
"BC029545",NA
"BC012751",NA
"NM_012393","PFAS"
"NM_022978","SERF1B"
"NM_000163","GHR"
"NM_152390","TMEM178A"
"NM_025002","LINC00574"
"NM_002110","HCK"
"NM_002924","RGS7"
"NM_001803","CD52"
"AL536879",NA
"NM_139058","ARX"
"BC016334",NA
"NM_152285","ARRDC1"
"NM_033056","PCDH15"
"NM_001627","ALCAM"
"BX648681",NA
"NM_006362","NXF1"
"NM_017700","ARHGEF38"
"THC2627149",NA
"NM_015025","MYT1L"
"XR_016475",NA
"NM_207480",NA
"NM_144634","LYZL4"
"AK055742",NA
"NM_000384","APOB"
"BC069699",NA
"THC2550463",NA
"NM_023920","TAS2R13"
"ENST00000330255",NA
"NM_145071","CISH"
"THC2660263",NA
"AL117403",NA
"NM_032206","NLRC5"
"NM_004493","HSD17B10"
"NM_001510","GRID2"
"NM_001029859","KCTD21"
"NM_015891","CDC40"
"NM_018221","MOB1A"
"AA917045",NA
"AK123430",NA
"AF116692",NA
"NM_198515","CCDC172"
"A_24_P514814",NA
"NM_000667","ADH1A"
"NM_020964","EPG5"
"A_24_P599225",NA
"CR617018",NA
"NM_005911","MAT2A"
"THC2658666",NA
"NM_031264","CDHR5"
"NM_020131","UBQLN4"
"NM_024604","RPAP3"
"NM_004744","LRAT"
"THC2661428",NA
"ENST00000371655",NA
"DB090170",NA
"NM_152598","MARCHF10"
"NM_001919","ECI1"
"NM_002612","PDK4"
"NM_005345","HSPA1A"
"NM_139266","STAT1"
"NM_005061","RPL3L"
"A_24_P933291",NA
"NM_024915","GRHL2"
"NM_003020","SCG5"
"THC2621084",NA
"X62691",NA
"NM_007355","HSP90AB1"
"NM_004428","EFNA1"
"NM_032498","RHOXF2"
"Z74615",NA
"NM_021258","IL22RA1"
"AK127789",NA
"NM_000851","GSTM5"
"NM_016170","TLX2"
"BQ307884",NA
"AI819757",NA
"A_24_P925786",NA
"A_23_P207881",NA
"NM_003263","TLR1"
"NM_000984","RPL23A"
"A_24_P717586",NA
"NM_005605","PPP3CC"
"NM_002226","JAG2"
"NM_005998","CCT3"
"NM_014926","SLITRK3"
"NM_016357","LIMA1"
"NM_032884","C1orf94"
"AY360464",NA
"BC043153",NA
"AK098660",NA
"AJ406938",NA
"NM_001010931","HGF"
"NM_005375","MYB"
"NM_014238","KSR1"
"AK090554",NA
"AK027057",NA
"THC2654595",NA
"THC2682510",NA
"NM_018132","CENPQ"
"NM_024591","CHMP6"
"AF289593",NA
"NM_001622","AHSG"
"NM_024833","ZNF671"
"NM_021637","TMEM35A"
"THC2635199",NA
"NM_003149","STAC"
"A_24_P910971",NA
"NM_016048","ISOC1"
"BC021569",NA
"BC002828",NA
"NM_001013254","LSP1"
"NM_032778","RIOX2"
"ENST00000371189",NA
"NM_181501","ITGA1"
"NM_031459","SESN2"
"NM_144997","FLCN"
"NM_001973","ELK4"
"NM_004380","CREBBP"
"NM_181489","ZNF445"
"XR_019387",NA
"NM_014868","RNF10"
"NM_014182","ORMDL2"
"H45075",NA
"AK090979",NA
"NM_007362","NCBP2"
"NM_000553","WRN"
"NM_078626","CDKN2C"
"NM_152831","ACE"
"NM_145261","DNAJC19"
"XR_019198",NA
"AW576858",NA
"NM_001000","RPL39"
"THC2747169",NA
"NM_145000","RANBP3L"
"NM_006854","KDELR2"
"AK096056",NA
"NM_016485","VTA1"
"NM_001568","EIF3E"
"A_24_P890995",NA
"NM_015179","RRP12"
"NM_001032","RPS29"
"NM_018376","NIPSNAP3B"
"NM_003875","GMPS"
"NM_003715","USO1"
"NM_024772","ZMYM1"
"NM_006565","CTCF"
"THC2608721",NA
"NM_001736","C5AR1"
"XM_001126863",NA
"A_24_P367326",NA
"AK000013",NA
"NM_138554","TLR4"
"NM_032954","MLXIPL"
"NM_003321","TUFM"
"AF426258",NA
"THC2659953",NA
"NM_000185","SERPIND1"
"NM_002266","KPNA2"
"NM_015355","SUZ12"
"NM_001040057","FAM133B"
"NM_003577","UTF1"
"A_24_P490011",NA
"BC041842",NA
"NM_003234","TFRC"
"NM_024533","CHST5"
"NM_016040","TMED5"
"NM_032740","SFT2D3"
"AK023947",NA
"AL050020",NA
"U61741",NA
"THC2696662",NA
"NR_001443","KRT17P5"
"NM_020676","ABHD6"
"AB011154",NA
"AB007921",NA
"NM_003069","SMARCA1"
"NM_001248","ENTPD3"
"THC2712697",NA
"NM_144614","MBD3L2"
"A_24_P401521",NA
"NM_018157","RIC8B"
"AF119911",NA
"NM_001006636","QTMAN"
"NM_015715","PLA2G3"
"NM_024313","NOL12"
"NM_000525","KCNJ11"
"NM_014588","VSX1"
"THC2657593",NA
"ENST00000374279",NA
"NM_015635","GAPVD1"
"AK090821",NA
"AK055790",NA
"NM_004591","CCL20"
"NM_152663","RALGPS2"
"NM_000927","ABCB1"
"A_24_P922726",NA
"NM_018170","RPRD1A"
"THC2531285",NA
"NM_018467","USE1"
"NM_001012415","SOHLH1"
"NM_015986","CRLF3"
"NM_024309","TNIP2"
"AK023492",NA
"NM_003486","SLC7A5"
"NM_002838","PTPRC"
"NM_003347","UBE2L3"
"NM_005760","CEBPZ"
"NM_000513","OPN1MW"
"NM_032142","CEP192"
"THC2746246",NA
"NM_016396","CTDSPL2"
"NM_004254","SLC22A8"
"BC006271",NA
"AK124281",NA
"NM_003404","YWHAB"
"AK022024",NA
"NM_181710","ZNRF4"
"AK094866",NA
"NM_002915","RFC3"
"BC007354",NA
"AK023264",NA
"BC002831",NA
"NM_023080","C8orf33"
"AB020644",NA
"NM_138701","MPLKIP"
"NM_005553","KRTAP5-9"
"NM_032597","MS4A14"
"A_32_P144381",NA
"A_24_P325533",NA
"NM_145285","NKX2-3"
"NM_004476","FOLH1"
"NM_007117","TRH"
"NM_001007240","GP2"
"NM_021259","PGAP6"
"NM_020641","EQTN"
"NM_002497","NEK2"
"NM_053055","THEM4"
"NM_031911","C1QTNF7"
"NM_000634","CXCR1"
"NM_145686","MAP4K4"
"NM_000179","MSH6"
"NM_000130","F5"
"NM_000567","CRP"
"A_32_P23187",NA
"NM_005331","HBQ1"
"NM_006280","SSR4"
"XR_018407",NA
"NM_001001702","LINC02145"
"AK123446",NA
"AK090398",NA
"NM_002633","PGM1"
"NM_004094","EIF2S1"
"NM_153262","SYT14"
"NM_032373","PCGF5"
"NM_003932","ST13"
"NM_004582","RABGGTB"
"NM_006834","RAB32"
"NM_198484","ZNF621"
"NM_006052","VPS26C"
"NM_022555","HLA-DRB3"
"NM_022154","SLC39A8"
"NM_005146","SART1"
"X05126",NA
"AK094718",NA
"NM_006718","PLAGL1"
"NM_000191","HMGCL"
"NM_005022","PFN1"
"NM_005036","PPARA"
"ENST00000378954",NA
"NM_173078","SLITRK4"
"NM_000603","NOS3"
"XR_018787",NA
"NM_030955","ADAMTS12"
"NM_139244","STXBP5"
"NM_004316","ASCL1"
"NM_001002848","LY6G5C"
"NM_024037","AUNIP"
"A_24_P919629",NA
"A_32_P217271",NA
"AK056731",NA
"NM_012097","ARL5A"
"A_24_P212605",NA
"NM_005593","MYF5"
"ETG09_48764",NA
"NM_002317","LOX"
"NM_015336","ZDHHC17"
"NM_024938","PCNX2"
"NM_004845","PCYT1B"
"NM_021944","C14orf93"
"NM_024942","C10orf88"
"ENST00000334720",NA
"THC2655926",NA
"BG502322",NA
"NM_000141","FGFR2"
"NM_145798","OSBPL7"
"ENST00000323570",NA
"NM_005107","EXOG"
"AF116666",NA
"NM_013453","SPANXA1"
"AF067801",NA
"NM_153329","ALDH16A1"
"NM_145294","WDR90"
"AI248320",NA
"AA747799",NA
"NM_001010883","EEIG2"
"NM_024420","PLA2G4A"
"THC2682291",NA
"NM_002740","PRKCI"
"ENST00000379563",NA
"NM_024003","L1CAM"
"XR_016848",NA
"AF400500",NA
"NM_001045545",NA
"NM_001786","CDK1"
"NM_145867","LTC4S"
"BC037919",NA
"THC2719717",NA
"NM_001012452","GOLGA8F"
"NM_021960","MCL1"
"RC10",NA
"NM_198839","ACACA"
"NM_017609","CFAP46"
"NM_182487","OLFML2A"
"NM_014586","HUNK"
"NM_182616","ARPIN"
"A_32_P73413",NA
"NM_001005354","PRR13"
"NM_032302","PSMG3"
"NM_014683","ULK2"
"NM_001004125","TUSC1"
"NM_016559","PEX5L"
"NM_024663","NPEPL1"
"THC2534507",NA
"NR_002603","NPIPB12"
"NM_146421","GSTM1"
"AK096092",NA
"NM_000038","APC"
"A_24_P392661",NA
"NM_031936","GPR61"
"NM_003211","TDG"
"ENST00000376585",NA
"AK074145",NA
"NM_207123","GAB1"
"ENST00000333984",NA
"BM683477",NA
"NM_001393","ECM2"
"NM_152792","ASPRV1"
"A_24_P930070",NA
"NM_024316","LENG1"
"NM_133334","NSD2"
"NM_007363","NONO"
"THC2718406",NA
"ENST00000331736",NA
"NM_014491","FOXP2"
"AT_nB_5",NA
"L23852",NA
"NM_052885","SLC2A13"
"NM_006453","TBL3"
"THC2729336",NA
"NM_172020","POM121"
"NM_015235","CSTF2T"
"ENST00000359573",NA
"NM_018127","ELAC2"
"NM_018402","IL26"
"NM_014393","STAU2"
"NM_005663","NELFA"
"NM_001009562","SLCO1B7"
"NM_015621","CCDC69"
"NM_018143","KLHL11"
"AA987359",NA
"A_24_P84268",NA
"NM_014902","DLGAP4"
"BC027604",NA
"A_24_P581311",NA
"ENST00000380333",NA
"AF471454",NA
"NM_153228","ANKFN1"
"BE968596",NA
"AI439246",NA
"NM_175863",NA
"NM_030915","LBH"
"THC2639372",NA
"BC128163",NA
"THC2773362",NA
"NM_015980","NSG2"
"AK092127",NA
"THC2676548",NA
"A_24_P910169",NA
"NM_144715","EFHB"
"NM_007209","RPL35"
"AK094364",NA
"AK127450",NA
"NM_001024943","ASL"
"NM_212503","CDK18"
"XR_018034",NA
"NM_054032","MRGPRX4"
"AF130053",NA
"NM_001005567","OR51B5"
"THC2689427",NA
"NM_001838","CCR7"
"THC2620077",NA
"NM_002389","CD46"
"NM_006521","TFE3"
"AT_nX_5",NA
"NM_022658","HOXC8"
"NM_024645","ZMAT4"
"AF116629",NA
"NM_002498","NEK3"
"NM_006312","NCOR2"
"ENST00000376682",NA
"BC007817",NA
"NM_181644","SLC60A1"
"THC2636900",NA
"NM_138788","TMEM45B"
"NM_024769","CLMP"
"CR618523",NA
"NM_144697","CIART"
"NM_004711","SYNGR1"
"AF130044",NA
"THC2651395",NA
"NM_138711","PPARG"
"AK000420",NA
"NM_182851","CCNB1IP1"
"NM_052831","SLC18B1"
"ENST00000312946",NA
"NM_022452","FBRS"
"NM_003613","CILP"
"XM_096733",NA
"NM_024094","DSCC1"
"NM_020165","RAD18"
"NM_015134","MPRIP"
"NM_001005732",NA
"AK095251",NA
"NM_030932","DIAPH3"
"THC2532862",NA
"NM_021965","PGM5"
"BF570090",NA
"NM_002302","LECT2"
"NM_001010846","SHE"
"NM_000968","RPL4"
"NM_018962","RIPPLY3"
"BX648945",NA
"AK097619",NA
"CA424270",NA
"NM_001013660","FRRS1"
"A_24_P922613",NA
"BX329117",NA
"NM_198479","TPRX1"
"NM_173558","FGD2"
"NM_024612","DHX40"
"THC2682146",NA
"NM_018984","SSH1"
"NM_002499","NEO1"
"NM_021932","RIC8A"
"THC2554702",NA
"THC2659440",NA
"NM_133640","MED22"
"NM_016585","SPMAP2"
"NM_016488","PPHLN1"
"NM_002561","P2RX5"
"AF119913",NA
"BC047425",NA
"NM_004290","RNF14"
"BC024020",NA
"NM_025029","MZT2B"
"NM_175884","CCDC71L"
"CK824959",NA
"NM_020298","ABCC9"
"NM_000390","CHM"
"A_24_P127082",NA
"NM_181539","KRT26"
"NM_012100","DNPEP"
"NM_017906","PAK1IP1"
"NM_001014","RPS10"
"CR745430",NA
"NM_014760","TATDN2"
"BQ213856",NA
"THC2478115",NA
"AF490258",NA
"D31765",NA
"NM_000814","GABRB3"
"NM_015176","FBXO28"
"ENST00000378508",NA
"NM_015613","LRIT1"
"NM_015638","TRPC4AP"
"XR_018334",NA
"A_24_P160920",NA
"NM_014607","UBXN4"
"NM_019606","MEPCE"
"NM_005436","CCDC6"
"A_24_P409681",NA
"NM_017493","OTUD4"
"NM_005981","TSPAN31"
"A_24_P932046",NA
"AK022844",NA
"NM_002383","MAZ"
"NM_001437","ESR2"
"AK095544",NA
"NM_000765","CYP3A7"
"NM_002398","MEIS1"
"NM_001885","CRYAB"
"NM_152407","GRPEL2"
"NM_014183","DYNLRB1"
"ENST00000354261",NA
"BG011034",NA
"AK123264",NA
"A_32_P9532",NA
"A_24_P50328",NA
"NM_000069","CACNA1S"
"AK091357",NA
"ENST00000312528",NA
"NM_005577","LPA"
"AJ002785",NA
"NM_002996","CX3CL1"
"NM_206890","DIP2A"
"NM_014301","ISCU"
"AK024304",NA
"NM_018404","ADAP2"
"NM_012413","QPCT"
"NM_014797","ZBTB24"
"THC2488609",NA
"BC059397",NA
"AL832067",NA
"NM_139164","STARD4"
"AT_T_M",NA
"XR_018597",NA
"NM_000387","SLC25A20"
"NM_015493","KANK2"
"NM_080866","SLC22A9"
"NM_052967","MAS1L"
"NM_178566","ZDHHC21"
"A_24_P383751",NA
"ENST00000358378",NA
"AU146514",NA
"A_24_P247303",NA
"NM_152618","BBS12"
"NM_018509","LRRC59"
"NM_007069","PLAAT3"
"NM_006063","KLHL41"
"NM_003626","PPFIA1"
"NM_015366","PRR5"
"CN277024",NA
"NM_004633","IL1R2"
"NM_014138","FAM156A"
"BC033812",NA
"NM_024336","IRX3"
"NM_006185","NUMA1"
"NM_152431","PIWIL4"
"ENST00000292728",NA
"NM_005252","FOS"
"NM_152771","CSNK1G2-AS1"
"BX437418",NA
"NM_000314","PTEN"
"BC104478",NA
"NM_145280","METTL21A"
"NM_014910","ZNF507"
"NM_012121","CDC42EP4"
"AL574249",NA
"NM_172229","KREMEN2"
"NR_002774","HTR7P1"
"NM_000506","F2"
"NM_007266","GPN1"
"THC2662740",NA
"NM_001453","FOXC1"
"BX089701",NA
"BC036465",NA
"THC2643233",NA
"BX100523",NA
"BU565793",NA
"NM_032484","GHDC"
"NM_000201","ICAM1"
"NM_033631","LUZP1"
"NM_021642","FCGR2A"
"NM_024831","TGS1"
"NM_000346","SOX9"
"NM_013354","CNOT7"
"NM_005417","SRC"
"AK094323",NA
"THC2613389",NA
"AJ295276",NA
"NM_000498","CYP11B2"
"NM_181054","HIF1A"
"NM_004833","AIM2"
"AB088847",NA
"THC2481836",NA
"THC2724145",NA
"NM_178545","TMEM52"
"NM_006614","CHL1"
"NM_001039619","PRMT5"
"NM_003552","OR1D4"
"AW405469",NA
"CR614418",NA
"NM_024697","ZNF385D"
"AK098076",NA
"BC089388",NA
"NR_001543","TTTY14"
"NM_000812","GABRB1"
"NM_181531","BTN2A2"
"NM_014631","SH3PXD2A"
"NM_014686","GARRE1"
"NM_033255","EPSTI1"
"NM_198580","SLC27A1"
"NM_138381","OXNAD1"
"BE221781",NA
"NM_005241","MECOM"
"XM_928321",NA
"NM_032602","GJA10"
"NM_005638","VAMP7"
"AK023571",NA
"THC2664145",NA
"ENST00000356931",NA
"A_23_P39277",NA
"CA314451",NA
"NM_178818","CMTM4"
"NM_130830","LRRC15"
"BC048794",NA
"BC054050",NA
"NM_144633","KCNH8"
"NM_006405","TM9SF1"
"NM_004734","DCLK1"
"NM_174931","GPATCH11"
"AK056449",NA
"AT_P_M",NA
"AA989132",NA
"NM_001004127","ALG11"
"NM_021930","RINT1"
"NM_022761","CFAP68"
"NM_175918",NA
"NM_175569","XG"
"BC031919",NA
"NM_006397","RNASEH2A"
"NM_018418","SPATA7"
"NM_012395","CDK14"
"BC006267",NA
"NM_001853","COL9A3"
"NM_001912","CTSL"
"XR_018247",NA
"ENST00000356730",NA
"ENST00000329309",NA
"NM_198501","SMTNL2"
"NM_032606","CAPS2"
"A_32_P218823",NA
"BM680823",NA
"NM_014049","ACAD9"
"THC2713668",NA
"NM_198505","ATP13A5"
"NM_080741","NEU4"
"THC2553947",NA
"AK024653",NA
"NM_000051","ATM"
"NM_004053","BYSL"
"BC042034",NA
"THC2663783",NA
"NM_018264","TYW1"
"A_24_P281175",NA
"NM_207387","LRRC75A"
"AF333077",NA
"NM_012333","MYCBP"
"BX640861",NA
"AF131841",NA
"NM_033195","LDHAL6B"
"NM_005192","CDKN3"
"NM_001037144","CNTROB"
"NM_024544","MUL1"
"AB002454",NA
"THC2753400",NA
"AK130878",NA
"AW389821",NA
"THC2648227",NA
"Z49090",NA
"CR622769",NA
"NM_153034","ZNF488"
"THC2674836",NA
"NM_015088","TNRC6B"
"NM_003286","TOP1"
"NM_003412","ZIC1"
"NM_153838","ADGRF4"
"NM_001188","BAK1"
"NM_207318","FAM199X"
"NM_014948","UBOX5"
"NM_000620","NOS1"
"NM_031449","ZMIZ2"
"A_24_P934306",NA
"A_32_P89277",NA
"AY927536",NA
"BX648133",NA
"NM_001001188","TRPM2"
"NM_145025","AK9"
"BX640843",NA
"NM_000899","KITLG"
"ENST00000380632",NA
"A_23_P50131",NA
"NM_004911","PDIA4"
"NM_020056","HLA-DQA2"
"NM_003194","TBP"
"NM_001048265","PIERCE1"
"AT_D_M",NA
"A_24_P341078",NA
"NM_022767","AEN"
"NM_181462","MRPL55"
"THC2528410",NA
"NM_001084","PLOD3"
"CR608347",NA
"NM_005120","MED12"
"NM_207305","FOXD4"
"AK124936",NA
"NM_003379","EZR"
"NM_015512","DNAH1"
"A_24_P929650",NA
"NM_015700","NFU1"
"NM_183013","CREM"
"NM_015966","ERGIC3"
"ENST00000355710",NA
"NM_015414","RPL36"
"NM_032424","MSANTD4"
"BC002830",NA
"NM_152692","C1GALT1C1"
"NM_005879","TRAIP"
"A_32_P385",NA
"NM_001012423","GOLGA8EP"
"NM_001448","GPC4"
"NM_012088","PGLS"
"NM_001077","UGT2B17"
"AV724325",NA
"ENST00000269477",NA
"NM_032560","PPP4R3A"
"NM_198428","BBS9"
"NM_000437","PAFAH2"
"NM_024713","KATNBL1"
"THC2504595",NA
"NM_015711","BICRA"
"BM670548",NA
"NM_022773","LMF1"
"NM_031941","USHBP1"
"NM_001040078","LGALS9C"
"ENST00000260045",NA
"NM_022070","HEATR6"
"AA703521",NA
"XR_015830",NA
"NM_178580","HM13"
"THC2599576",NA
"NM_005359","SMAD4"
"AK026465",NA
"NM_020482","FHL5"
"A_32_P228356",NA
"NM_003029","SHC1"
"NM_006663","PPP1R13L"
"BG058000",NA
"ENST00000265073",NA
"NM_007118","TRIO"
"BC027978",NA
"THC2614876",NA
"NM_182728","SLC7A8"
"AI885390",NA
"NM_005835","SLC17A2"
"AF242771",NA
"A_24_P913391",NA
"NM_005437","NCOA4"
"ENST00000222396",NA
"NM_022353","OSGEPL1"
"AL566187",NA
"NM_005030","PLK1"
"NM_018040","GPATCH2"
"NM_016126","IFT25"
"CR933606",NA
"NM_006369","LRRC41"
"NM_013274","POLL"
"THC2625884",NA
"AY374131",NA
"NM_144635","FAM131A"
"NM_018207","TRIM62"
"ENST00000380682",NA
"NM_018482","ASAP1"
"NM_181870","DVL1"
"AB033067",NA
"NM_007183","PKP3"
"NM_020796","SEMA6A"
"NM_018249","CDK5RAP2"
"NM_032226","ZCCHC7"
"NM_172341","PSENEN"
"BI752712",NA
"A_24_P798431",NA
"AF090898",NA
"NM_018060","IARS2"
"NM_145055","ARK2N"
"NM_173842","IL1RN"
"NM_001005781","SUMO1"
"BC004969",NA
"BC004943",NA
"NM_015074","KIF1B"
"NM_032124","HDHD2"
"NM_020877","DNAH2"
"AK091978",NA
"AF131798",NA
"A_24_P332441",NA
"ENST00000373656",NA
"CR607811",NA
"NM_152660","FAM76A"
"AL137566",NA
"AF211977",NA
"A_24_P470782",NA
"THC2673303",NA
"NM_014375","FETUB"
"NM_003828","MTMR1"
"AK123066",NA
"NM_031957","KRTAP1-5"
"AF132206",NA
"CD104030",NA
"NM_032355","MON1A"
"A_24_P409933",NA
"NM_018410","HJURP"
"NM_003980","MAP7"
"BC052613",NA
"NM_032977","CASP10"
"NM_207307","EFCAB12"
"NM_133459","CCBE1"
"NM_178500","PHOSPHO1"
"THC2631150",NA
"AK090405",NA
"NM_002578","PAK3"
"AF020589",NA
"NM_000415","IAPP"
"NM_003998","NFKB1"
"A_24_P917001",NA
"NM_001039465","SRSF5"
"NM_020939","CPNE5"
"NM_004721","MAP3K13"
"A_32_P38806",NA
"NM_019851","FGF20"
"NM_003622","PPFIBP1"
"XR_016695",NA
"NM_019001","XRN1"
"ENST00000375672",NA
"NM_052839","PANX2"
"AK027286",NA
"NM_002316","LMX1B"
"NM_006114","TOMM40"
"NM_004054","C3AR1"
"ENST00000325863",NA
"NM_198474","OLFML1"
"ENST00000369042",NA
"NM_080764","ZNF280B"
"NM_001034996","RPL14"
"NM_032378","EEF1D"
"AW874684",NA
"NM_001002912","ERICH3"
"NM_001040404","EMX1"
"BC039117",NA
"NM_032718","SLC67A2"
"NM_005990","STK10"
"NM_003407","ZFP36"
"NM_031291","SLC25A31"
"NM_015677","SH3YL1"
"XR_017653",NA
"NM_080386","TUBA3D"
"A_24_P853410",NA
"NM_199071","C21orf58"
"THC2661509",NA
"NM_022087","GALNT11"
"XR_019052",NA
"NM_176877","PATJ"
"NM_020904","PLEKHA4"
"BC064972",NA
"NM_001708","OPN1SW"
"NM_032351","MRPL45"
"BC038997",NA
"AF316855",NA
"NM_014903","NAV3"
"BC021996",NA
"BC042520",NA
"NM_032261","SPATC1L"
"Z99394",NA
"ENST00000366964",NA
"BQ233868",NA
"ENST00000361200",NA
"NM_013993","DDR1"
"AK124576",NA
"NM_032784","RSPO3"
"THC2576044",NA
"NM_002429","MMP19"
"NM_018229","AP5M1"
"BC030522",NA
"NM_184086","TRIM55"
"NM_002182","IL1RAP"
"NM_198056","SCN5A"
"NM_022365","DNAJC1"
"NM_017798","YTHDF1"
"NM_019596","EPCIP"
"NM_145793","GFRA1"
"NM_001039585","PTGFR"
"NM_033226","ABCC12"
"BC035615",NA
"NM_018269","ADI1"
"NM_152339","SPATA2L"
"NM_014207","CD5"
"NM_000319","PEX5"
"XM_208373",NA
"AK023150",NA
"NM_000422","KRT17"
"NM_001798","CDK2"
"NM_198404","KCTD4"
"AK127156",NA
"NM_004689","MTA1"
"AA279208",NA
"NM_001008270","PRSS37"
"NM_173670","RGMB"
"ENST00000269336",NA
"NM_014708","KNTC1"
"NM_004405","DLX2"
"NM_001013619","HYKK"
"NM_000254","MTR"
"NM_203477","RPL23AP82"
"NM_005733","KIF20A"
"NM_198319","PRMT1"
"NM_080603","ZSWIM1"
"AK075127",NA
"THC2587036",NA
"NM_005706","TSSC4"
"XR_018441",NA
"NM_032476","MRPS6"
"NM_130766","INPP5K"
"NM_021065","H2AC7"
"AK021800",NA
"N90434",NA
"NM_000372","TYR"
"NM_203403","LURAP1L"
"NM_015167","JMJD6"
"NM_002812","PSMD8"
"AK075438",NA
"AK124841",NA
"NM_003688","CASK"
"NM_001014990","MRPL22"
"AK057142",NA
"NM_015509","NECAP1"
"NM_030756","TCF7L2"
"NM_024649","BBS1"
"THC2683265",NA
"AF119875",NA
"A_24_P919502",NA
"NM_144677","MGAT5B"
"NM_000876","IGF2R"
"AA628674",NA
"NM_015666","MTG2"
"BC001743",NA
"NM_005914","MCM4"
"NM_014286","NCS1"
"NM_144571","CNOT6L"
"NM_003341","UBE2E1"
"NM_018702","ADARB2"
"A_24_P922314",NA
"BC035377",NA
"BX093815",NA
"AL136736",NA
"NM_001003690","MAD2L1BP"
"A_24_P922401",NA
"NM_153229","TMEM92"
"XM_001132480",NA
"AK027069",NA
"AF118084",NA
"ENST00000343905",NA
"NM_000063","C2"
"NM_006418","OLFM4"
"THC2657657",NA
"NM_001031617","COX19"
"CR609588",NA
"NM_000211","ITGB2"
"NM_001938","DR1"
"NM_213631","MROH8"
"NM_002439","MSH3"
"NM_016373","WWOX"
"NM_198457","ZNF600"
"NM_145052","UPRT"
"NM_017594","DIRAS2"
"NM_001005472","RPSA2"
"AK026659",NA
"A_24_P585198",NA
"A_23_P123234",NA
"NM_021179","CCDC181"
"AK090442",NA
"NM_001883","CRHR2"
"THC2517184",NA
"CB240572",NA
"NM_005026","PIK3CD"
"A_24_P923553",NA
"NM_017947","MOCOS"
"AK026718",NA
"NM_001048210","CLCC1"
"NM_000779","CYP4B1"
"NM_005653","TFCP2"
"ENST00000307198",NA
"NM_152605","ZNF781"
"AU148296",NA
"NM_177559","CSNK2A1"
"XM_929965",NA
"NM_003646","DGKZ"
"NM_002592","PCNA"
"AF274944",NA
"NM_030819","GFOD2"
"A_32_P119018",NA
"NM_002260","KLRC2"
"THC2749698",NA
"BQ428696",NA
"AL517186",NA
"AA779418",NA
"AL161983",NA
"NM_000435","NOTCH3"
"AW138500",NA
"ENST00000372146",NA
"A_24_P167059",NA
"NM_006638","RPP40"
"ENST00000327386",NA
"NM_015274","MAN2B2"
"A_24_P902764",NA
"NM_001001958","OR7G3"
"AL359650",NA
"NM_014905","GLS"
"AL133110",NA
"NM_138578","BCL2L1"
"BC030757",NA
"AI523154",NA
"NM_017707","ASAP3"
"NM_001875","CPS1"
"BM547933",NA
"NM_001042483","NUPR1"
"NM_004858","SLC4A8"
"A_24_P933940",NA
"NM_001849","COL6A2"
"NM_003442","ZNF143"
"NM_004924","ACTN4"
"NM_030926","ITM2C"
"NM_014235","UBL4A"
"NM_153442","GPR26"
"NM_001124","ADM"
"NM_207378",NA
"AI825645",NA
"AK023797",NA
"NM_020182","PMEPA1"
"NM_005791","MPHOSPH10"
"NM_014997","KLHDC10"
"ENST00000324928",NA
"NM_001618","PARP1"
"NM_144694","ZNF570"
"NM_174894","TRAPPC5"
"ENST00000378770",NA
"A_24_P747721",NA
"NM_024306","FA2H"
"NM_001295","CCR1"
"AY358619",NA
"NM_014366","GNL3"
"NM_172037","RDH10"
"NM_152337","C16orf46"
"NM_024869","FAM110D"
"THC2717828",NA
"ENST00000342584",NA
"NM_015216","PPIP5K2"
"NM_012213","MLYCD"
"BE044472",NA
"R43026",NA
"AX721098",NA
"H41076",NA
"E1A_r60_n11",NA
"NM_032464","LAT2"
"XM_001127698",NA
"THC2717131",NA
"NM_006859","LIAS"
"XR_019032",NA
"A_24_P410000",NA
"XR_018975",NA
"NM_001005234","OR1L3"
"THC2638630",NA
"NM_002977","SCN9A"
"THC2507877",NA
"AF130102",NA
"NM_006794","GPR75"
"NM_032291","SGIP1"
"AK126887",NA
"NM_052953","LRRC3B"
"THC2665223",NA
"NM_030978","ARPC5L"
"NM_203472","SELENOS"
"NM_032477","MRPL41"
"NM_177963","SYT12"
"A_24_P24806",NA
"A_32_P227158",NA
"NM_144582","TEX261"
"NM_182908","DHRS2"
"NM_139282","RHOXF1"
"NM_152322","ABTB3"
"NM_017993","ENOX1"
"AB023202",NA
"A_24_P110541",NA
"A_24_P306968",NA
"Z46632",NA
"NM_004870","MPDU1"
"XM_001133403",NA
"AA912913",NA
"THC2713226",NA
"NM_153698","PRXL2C"
"NM_018556","SIRPG"
"NM_130847","AMOTL1"
"NM_024055","SLC30A5"
"NM_018045","BSDC1"
"NM_022122","MMP27"
"NM_024565","CCNJL"
"CR602022",NA
"A_24_P921871",NA
"NM_152533","C3orf22"
"AI420834",NA
"ENST00000304758",NA
"THC2543854",NA
"A_24_P169807",NA
"NM_024704","KIF16B"
"ENST00000358916",NA
"NM_015846","MBD1"
"NM_015137","EFR3A"
"NM_005105","RBM8A"
"NM_013412","RABL2A"
"NM_006642","SDCCAG8"
"NM_007272","CTRC"
"NM_000770","CYP2C8"
"AJ710526",NA
"NM_006290","TNFAIP3"
"NM_194302","CFAP65"
"NM_002981","CCL1"
"NM_198447","GOLT1A"
"NM_139075","TPCN2"
"NM_053277","CLIC6"
"NM_018485","C5AR2"
"ENST00000380021",NA
"NM_014646","LPIN2"
"L06522",NA
"NM_018843","SLC25A40"
"NM_002280","KRT35"
"NM_001040409",NA
"NM_002290","LAMA4"
"NM_015229","CLUH"
"NM_178510","ANKK1"
"ENST00000306733",NA
"NM_014271","IL1RAPL1"
"NM_012091","ADAT1"
"AL833005",NA
"NM_003717","NPFF"
"NM_021174","CCAR2"
"BE184906",NA
"A_24_P928705",NA
"NM_001031679","MSRB3"
"BE143376",NA
"NM_005707","PDCD7"
"NM_001025390","AMPD3"
"NM_004418","DUSP2"
"A_24_P233560",NA
"NM_018323","PI4K2B"
"NM_005572","LMNA"
"NM_001001965","OR4D5"
"NM_152992","POMZP3"
"NM_002842","PTPRH"
"NM_006197","PCM1"
"A_24_P375586",NA
"NM_017898","MTARC2"
"NM_032105","PPP1R12B"
"THC2708368",NA
"NM_003437","ZNF136"
"BC042853",NA
"NM_181597","UPP1"
"THC2694800",NA
"THC2532504",NA
"NM_018414","ST6GALNAC1"
"NM_019043","APBB1IP"
"NM_014060","MCTS1"
"NM_021966","TCL1A"
"NM_006211","PENK"
"NM_006576","AVIL"
"NM_134442","CREB1"
"NM_002116","HLA-A"
"NM_178349","LCE1B"
"XR_016161",NA
"XR_019531",NA
"A_24_P392833",NA
"NM_032236","USP48"
"NM_014234","HSD17B8"
"NM_004761","RGL2"
"NM_014795","ZEB2"
"NM_022745","ATPAF1"
"BU567141",NA
"NM_000021","PSEN1"
"A_24_P935852",NA
"THC2698970",NA
"AI359055",NA
"BC031973",NA
"NM_013989","DIO2"
"NM_006583","RRH"
"NM_024874","KIAA0319L"
"NM_015714","G0S2"
"CR936609",NA
"AF116714",NA
"AK124426",NA
"NM_175850","DNMT3B"
"XR_019392",NA
"NM_182764","ELMO2"
"BQ130701",NA
"NM_080832","PABPC5"
"NM_001429","EP300"
"NM_024595","AKIRIN1"
"AI457687",NA
"BC040596",NA
"AF220264",NA
"A_24_P238819",NA
"NM_206948","TRPM3"
"NM_002890","RASA1"
"A_32_P46351",NA
"AK074473",NA
"NM_173680","ZNF775"
"NM_002644","PIGR"
"BC013792",NA
"NM_005744","ARIH1"
"NM_020409","MRPL47"
"NM_001048194","RCC1"
"NM_018559","GPALPP1"
"NM_000694","ALDH3B1"
"AK057591",NA
"NM_000932","PLCB3"
"NM_002091","GRP"
"NM_001679","ATP1B3"
"THC2681829",NA
"NM_016399","TRIAP1"
"NM_003031","SIAH1"
"X98562",NA
"NM_001040105","MUC17"
"A_32_P26536",NA
"THC2622086",NA
"AF067420",NA
"NM_181840","KCNK18"
"NM_020443","NAV1"
"XR_018352",NA
"NM_012387","PADI4"
"THC2701654",NA
"AK098414",NA
"THC2501636",NA
"BC107852",NA
"CR620043",NA
"S78695",NA
"NM_001412","EIF1AX"
"NM_007145","ZNF146"
"AF028840",NA
"NM_007372","DDX42"
"AL831839",NA
"NM_199045","HERC2P9"
"A_24_P681563",NA
"DB318193",NA
"BC012036",NA
"THC2503773",NA
"NM_003770","KRT37"
"NM_018660","ZNF395"
"NM_173198","NR4A3"
"NM_024825","PODNL1"
"BC043198",NA
"A_32_P448975",NA
"XR_016678",NA
"NM_018291","FGGY"
"NM_138715","MSR1"
"NM_007124","UTRN"
"NM_014345","ZNF318"
"NM_152754","SEMA3D"
"NM_021173","POLD4"
"AF085848",NA
"NM_001101","ACTB"
"AK055647",NA
"NM_000428","LTBP2"
"AW946823",NA
"A_24_P118411",NA
"L24521",NA
"BC063381",NA
"NM_000101","CYBA"
"NM_013312","HOOK2"
"BC068047",NA
"NM_013377","PDZRN4"
"NM_013449","BAZ2A"
"AK057217",NA
"NM_138450","ARL11"
"NM_001005404","YPEL2"
"NM_002649","PIK3CG"
"A_24_P289865",NA
"NM_002198","IRF1"
"NM_005046","KLK7"
"NM_001344","DAD1"
"NM_001031834","RAB40AL"
"NM_002531","NTSR1"
"A_24_P924791",NA
"NM_032025","EIF2A"
"A_24_P575267",NA
"ENST00000355436",NA
"ENST00000367612",NA
"NM_016085","ATRAID"
"NM_030981","RAB1B"
"NM_003846","PEX11B"
"NM_001024227","ARF1"
"NM_018946","NANS"
"AI369133",NA
"THC2701140",NA
"NM_012252","TFEC"
"NM_031901","MRPS21"
"DQ786228",NA
"NM_023929","ZBTB10"
"NM_001781","CD69"
"THC2540396",NA
"NM_015897","PIAS4"
"NM_015266","SLC9A8"
"ENST00000373989",NA
"AK126966",NA
"NM_001110","ADAM10"
"NM_007177","FAM107A"
"NM_015904","EIF5B"
"NM_021146","ANGPTL7"
"NM_197975","BTNL3"
"AL110179",NA
"A_24_P289854",NA
"NM_182524","ZNF595"
"NM_138619","GGA3"
"AL137653",NA
"RC12",NA
"AK024184",NA
"A_32_P196142",NA
"NM_001033557","PPM1B"
"CN358250",NA
"NM_012418","FSCN2"
"XR_019062",NA
"NM_182314","ENOX2"
"XR_015772",NA
"NM_000999","RPL38"
"NM_005160","GRK3"
"NM_000366","TPM1"
"AK001179",NA
"NM_139067","SMARCC2"
"NM_000820","GAS6"
"NM_003992","CLK3"
"NM_016207","CPSF3"
"BX108033",NA
"CR610949",NA
"BE881987",NA
"NM_152897","SNX21"
"NM_006736","DNAJB2"
"XR_018557",NA
"NM_006711","RNPS1"
"D31888",NA
"A_23_P136595",NA
"THC2529488",NA
"NM_002830","PTPN4"
"NM_014288","ITGB3BP"
"NM_000575","IL1A"
"BC040702",NA
"THC2612796",NA
"NM_016020","TFB1M"
"NM_003777",NA
"NM_006941","SOX10"
"J02940",NA
"NM_022486","SUSD1"
"NM_003262","SEC62"
"AL137569",NA
"NM_000700","ANXA1"
"RC11",NA
"NM_005175","ATP5MC1"
"NM_001079843","CASZ1"
"NM_001988","EVPL"
"NM_015252","EHBP1"
"NM_003742","ABCB11"
"NM_001008391","CCDC73"
"NM_014172","PHPT1"
"AK023447",NA
"A_24_P464963",NA
"NM_203374","ZNF784"
"NM_022783","DEPTOR"
"NM_003190","TAPBP"
"NM_015367","BCL2L13"
"NM_174924","PDILT"
"NM_005941","MMP16"
"A_24_P683553",NA
"AK094893",NA
"AI433842",NA
"A_32_P202778",NA
"NM_007035","KERA"
"A_23_P75129",NA
"NM_181482","LDLRAD4"
"NM_152261","TMEM263"
"NM_006300","ZNF230"
"NM_178006","STARD13"
"NM_012073","CCT5"
"NM_001048249","SMIM15"
"NM_016229","CYB5R2"
"NM_005938","FOXO4"
"NM_000511","FUT2"
"ENST00000370599",NA
"AK022424",NA
"NM_024727","LRRC31"
"NM_020680","SCYL1"
"A_32_P139311",NA
"NM_005716","GIPC1"
"RC6",NA
"THC2527474",NA
"AK021848",NA
"NM_199341","ZSWIM9"
"NM_018259","TTC17"
"M31157",NA
"U35612",NA
"A_23_P207233",NA
"NM_016184","CLEC4A"
"NM_001008274","TRIM72"
"NM_173470","MMGT1"
"THC2579650",NA
"NM_004078","CSRP1"
"NM_001004715","OR4K17"
"NM_058188","LINC01547"
"NM_004502","HOXB7"
"NM_182681","AMELX"
"THC2657554",NA
"CR749800",NA
"AK055302",NA
"NM_003974","DOK2"
"NM_020825","CRAMP1"
"BC010535",NA
"NM_032370","ZNF414"
"NM_032935","MT4"
"A_32_P194740",NA
"NM_032290","SLF1"
"NM_013245","VPS4A"
"NM_001078170","RGPD2"
"NM_152666","PLD5"
"NM_033427","CTTNBP2"
"AF116706",NA
"A_32_P47474",NA
"AK026140",NA
"NM_022754","SFXN1"
"X89399",NA
"A_32_P152696",NA
"NM_005060","RORC"
"NM_018938","PCDHB4"
"NM_005230","ELK3"
"THC2647005",NA
"AX721128",NA
"AK024602",NA
"A_24_P92844",NA
"NM_005558","LAD1"
"ENST00000339700",NA
"NM_016561","BFAR"
"ENST00000361266",NA
"ENST00000375077",NA
"NM_016563","RASL12"
"THC2617409",NA
"ENST00000292357",NA
"NM_014497","ZNF638"
"NM_004622","TSN"
"NM_000202","IDS"
"NM_001922","DCT"
"ENST00000308862",NA
"NM_004656","BAP1"
"NM_006031","PCNT"
"NM_052997","ANKRD30A"
"NM_000143","FH"
"AK026304",NA
"ENST00000166133",NA
"NM_005236","ERCC4"
"NM_003861","DCAF5"
"NM_004519","KCNQ3"
"NM_170603","RASGRP4"
"THC2685029",NA
"BC034623",NA
"NR_000029","RPL23AP7"
"NM_001904","CTNNB1"
"AB210045",NA
"NM_017572","MKNK2"
"NM_016647","THEM6"
"AF193050",NA
"NM_012177","FBXO5"
"ETG10_236652",NA
"CR621132",NA
"NM_002421","MMP1"
"NM_003543","H4C8"
"NM_017708","FAM83E"
"NM_198183","UBE2L6"
"NM_182620","SKA2"
"NM_053041","COMMD7"
"NM_001013685",NA
"NM_152686","DNAJC18"
"A_32_P41594",NA
"NM_015005","CEP170B"
"AK092078",NA
"A_32_P135489",NA
"BC110830",NA
"THC2691276",NA
"AK127132",NA
"XM_928443",NA
"A_24_P916876",NA
"NM_152597","FSIP1"
"THC2738152",NA
"AB046765",NA
"XM_001132784",NA
"A_32_P167723",NA
"NM_000546","TP53"
"NM_012424","RPS6KC1"
"NM_024770","METTL8"
"THC2537928",NA
"NM_032805","ZSCAN10"
"BX647410",NA
"NM_145178","ATOH7"
"NM_001001","RPL36AL"
"AI669361",NA
"D26528",NA
"NM_000557","GDF5"
"NM_005781","TNK2"
"NM_174952","STPG2"
"NM_015610","WIPI2"
"NM_014938","MLXIP"
"NM_000352","ABCC8"
"A_32_P168126",NA
"NM_012344","NTSR2"
"NM_006055","LANCL1"
"NM_001002857","ANXA2"
"NM_005124","NUP153"
"NM_005977","RNF6"
"NM_005294","GPR21"
"NM_018206","VPS35"
"NM_005450","NOG"
"AK098031",NA
"NM_000181","GUSB"
"A_24_P802562",NA
"NM_020924","ZBTB26"
"NM_017699","SIDT1"
"AL582976",NA
"A_24_P834646",NA
"A_32_P120014",NA
"NM_025054","VCPIP1"
"NM_016621","PHF21A"
"NM_004776","B4GALT5"
"NM_025058","TRIM46"
"AK097079",NA
"NM_001033553","SPECC1"
"NM_198472","FUOM"
"NM_006613","GRAP"
"NM_024101","MLPH"
"NM_001386","DPYSL2"
"AK024389",NA
"NM_002844","PTPRK"
"NM_017637","BNC2"
"NM_000930","PLAT"
"NM_007104","RPL10A"
"A_32_P212903",NA
"NM_032406","PCDHGC4"
"THC2675121",NA
"ENST00000370623",NA
"ENST00000371081",NA
"AK092888",NA
"NM_017837","PIGV"
"NM_197947","CLEC7A"
"ETG09_205211",NA
"NM_003014","SFRP4"
"NM_153263","ZNF549"
"AL390181",NA
"AK125884",NA
"NM_030883","OR2H1"
"A_24_P913847",NA
"NM_203288","RP9"
"NM_033050","SUCNR1"
"AA432215",NA
"NM_144581","L3HYPDH"
"NM_018188","ATAD3A"
"A_23_P370707",NA
"NM_004496","FOXA1"
"NM_015264","KIAA0930"
"NM_032549","IMMP2L"
"NM_203349","SHC4"
"NM_130837","OPA1"
"NM_138707","BCL7B"
"NM_001008225","CNOT4"
"BC052334",NA
"NM_007071","ANKRD13C-DT"
"AK074558",NA
"NM_031295",NA
"ENST00000388884",NA
"BC043261",NA
"ENST00000224809",NA
"BX648380",NA
"ENST00000310106",NA
"THC2719233",NA
"NM_004745","DLGAP2"
"BC012026",NA
"NM_006849","PDIA2"
"NM_015213","DENND5A"
"NM_032882","PNMA6A"
"AI467970",NA
"NM_013338","ALG5"
"NM_178275","IGFN1"
"NM_002712","PPP1R7"
"NM_022066","UBE2O"
"NM_001018","RPS15"
"NM_006366","CAP2"
"BC040695",NA
"NM_002955","RREB1"
"NM_052966","NIBAN1"
"BM924037",NA
"NM_078474","TM2D3"
"ENST00000266661",NA
"A_32_P145241",NA
"NM_003857","GALR2"
"NM_006699","MAN1A2"
"THC2730181",NA
"NM_005933","KMT2A"
"DA351082",NA
"A_32_P223292",NA
"NR_002224","ADAM6"
"NM_207349","C20orf204"
"NM_133265","AMOT"
"NM_024857","ATAD5"
"NM_001017534","CARD16"
"NM_030784","GPR63"
"A_24_P929926",NA
"NM_144778","MBNL2"
"NM_152673","MUC20"
"AY831680",NA
"A_32_P206917",NA
"AF086527",NA
"THC2689164",NA
"NM_000893","KNG1"
"NM_016233","PADI3"
"NM_000528","MAN2B1"
"NM_032437","EFCAB7"
"AK096853",NA
"ENST00000344320",NA
"NM_003058","SLC22A2"
"NM_021733","TSKS"
"AL834342",NA
"NM_052995","CLRN1"
"NM_153325","DEFB125"
"ENST00000298129",NA
"THC2693238",NA
"NM_003650","CST7"
"NM_024594","PANK3"
"AA928786",NA
"NM_022107","GPSM3"
"AK023756",NA
"NM_015975","TAF9B"
"NM_005900","SMAD1"
"NM_001042492","NF1"
"NM_198046","ZDHHC16"
"NM_016434","RTEL1"
"NM_001037808","EIF3C"
"NM_002029","FPR1"
"NM_004286","GTPBP1"
"NM_022351","NECAB1"
"AK094156",NA
"NM_014515","CNOT2"
"NP109842",NA
"A_24_P161459",NA
"NM_001545","MRPL58"
"NM_014670","BZW1"
"THC2571677",NA
"AK056032",NA
"NM_001777","CD47"
"AF045583",NA
"NM_000808","GABRA3"
"NM_017694","MFSD6"
"NM_000029","AGT"
"NR_003239","SNHG11"
"NM_174941","CD163L1"
"NM_178449","PTH2"
"XM_114047",NA
"NM_015285","WDR7"
"NM_018191","RCBTB1"
"NM_024835","GGNBP2"
"NM_004164","RBP2"
"NM_031454","SELENOO"
"NM_001040150","ANP32A-IT1"
"NM_020714","ZNF490"
"A_24_P33525",NA
"NM_000294","PHKG2"
"NM_016052","RRP15"
"NM_014495","ANGPTL3"
"NM_199320","JADE1"
"NM_021252","RAB18"
"AL136621",NA
"THC2660562",NA
"AK074178",NA
"NM_145173","DIRAS1"
"CR591764",NA
"AK123168",NA
"NM_002412","MGMT"
"AF130079",NA
"NM_021101","CLDN1"
"NM_005838","GLYAT"
"NM_001014763","ETFB"
"NM_001007553","CSDE1"
"XR_018430",NA
"NM_012302","ADGRL2"
"NM_000894","LHB"
"NM_203314","BDH1"
"BX538303",NA
"AK024169",NA
"THC2652373",NA
"U50555",NA
"BX455755",NA
"NM_022370","ROBO3"
"NM_000576","IL1B"
"BC002463",NA
"NM_001031705","CT55"
"NM_005732","RAD50"
"NM_022787","NMNAT1"
"NM_181336","LEMD2"
"ENST00000378348",NA
"AK090803",NA
"NM_203446","SYNJ1"
"NM_014306","RTCB"
"NM_016487","MTRES1"
"AF113011",NA
"NM_001008224","UACA"
"NM_016831","PER3"
"NM_004441","EPHB1"
"AF090933",NA
"BQ071984",NA
"NM_024622","FASTKD1"
"BC033223",NA
"A_24_P211906",NA
"NM_000686","AGTR2"
"AK129920",NA
"A_24_P914797",NA
"NM_024409","NPPC"
"AK023443",NA
"XR_018783",NA
"NM_175908","SHISA7"
"NM_003986","BBOX1"
"NM_017643","MBTD1"
"NM_016316","REV1"
"BX114764",NA
"NM_138817","SLC7A13"
"NM_003375","VDAC2"
"THC2645586",NA
"NM_138764","BAX"
"A_32_P95051",NA
"NM_001454","FOXJ1"
"CR749856",NA
"A_24_P936067",NA
"A_24_P930372",NA
"NM_032558","SLC71A2"
"NM_002113","CFHR1"
"ENST00000355077",NA
"NM_005128","DOP1B"
"ENST00000383097",NA
"ENST00000323716",NA
"THC2510036",NA
"NM_007198","PLPBP"
"NM_000648",NA
"XR_016224",NA
"NM_003658","BARX2"
"BC011498",NA
"NM_025145","CFAP43"
"NM_014915","ANKRD26"
"NM_005532","IFI27"
"NM_139013","MAPK14"
"NM_017744","ST7L"
"AK128731",NA
"BC032375",NA
"NM_000439","PCSK1"
"NM_001035235","SRA1"
"NM_007111","TFDP1"
"A_23_P170719",NA
"BC065040",NA
"BC015588",NA
"NM_019101","APOM"
"AK026312",NA
"NM_152835","PDIK1L"
"NM_004101","F2RL2"
"AF086214",NA
"NM_004667","HERC2"
"THC2557762",NA
"NM_080654","CCDC34"
"NM_001419","ELAVL1"
"NM_182751","MCM10"
"NM_005840","SPRY3"
"NM_005679","TAF1C"
"THC2740317",NA
"NM_001606","ABCA2"
"AJ009771",NA
"AT_T_5",NA
"NM_020946","DENND1A"
"NR_003003","SCARNA17"
"NM_022567","NYX"
"NM_173495","PTCHD1"
"NM_001030059","PLPP4"
"NM_001964","EGR1"
"BC006080",NA
"AK096957",NA
"NM_080387","CLEC4D"
"NM_002416","CXCL9"
"NM_016467","ORMDL1"
"NM_000041","APOE"
"AK026459",NA
"AW856073",NA
"NM_145869","ANXA11"
"NM_199054","MKNK2"
"AB075516",NA
"NM_001033602","MTUS2"
"NM_017819","TRMT10C"
"ETG10_234183",NA
"NM_001963","EGF"
"NM_001009881","TUT4"
"AB073660",NA
"BM505503",NA
"NM_001003828","PARVB"
"NM_181291","WDR20"
"CR933601",NA
"NM_002785","PSG11"
"NM_001029880","SFMBT2"
"BC015096",NA
"NM_023083","CAPN10"
"NM_080797","DIDO1"
"NM_052813","CARD9"
"NM_024684","AAMDC"
"NM_032489","ACRBP"
"NM_198253","TERT"
"NM_015719","COL5A3"
"NM_018136","ASPM"
"NM_006417","IFI44"
"NM_002490","NDUFA6"
"NM_175613","CNTN4"
"ENST00000368192",NA
"THC2548755",NA
"ENST00000357303",NA
"AF264623",NA
"NM_032900","ARHGAP19"
"NM_001031732","YTHDC1"
"NM_016284","CNOT1"
"NM_004970","IGFALS"
"ENST00000301831",NA
"NM_004200","SYT7"
"A_24_P358578",NA
"AF086548",NA
"ENST00000388775",NA
"BC000922",NA
"NM_005739","RASGRP1"
"THC2624682",NA
"NM_032407","PCDHGC5"
"AK092559",NA
"NM_004486","GOLGA2"
"NM_000663","ABAT"
"NM_004241","JMJD1C"
"NM_138467","TYW3"
"NM_001177","ARL1"
"A_24_P641742",NA
"AK022155",NA
"THC2689504",NA
"BF446608",NA
"NM_003357","SCGB1A1"
"THC2611785",NA
"ENST00000331979",NA
"XR_018852",NA
"NM_004505","USP6"
"NM_016334","GPR89B"
"NM_001701","BAAT"
"A_32_P160388",NA
"NM_022003","FXYD6"
"NM_016312","WBP11"
"NM_213651","SLC25A24"
"A_24_P606835",NA
"NM_199420","POLQ"
"THC2591750",NA
"AK124759",NA
"THC2705799",NA
"NM_020853","FAM234B"
"NM_004922","SEC24C"
"NM_022917","NOL6"
"AK123450",NA
"A_24_P178154",NA
"NM_003420","ZNF35"
"AF289610",NA
"THC2673989",NA
"NM_014637","MTFR1"
"AK096566",NA
"NM_044472","CDC42"
"AF116605",NA
"AF130091",NA
"THC2562611",NA
"NM_173548","ZNF584"
"AI937689",NA
"A_24_P333052",NA
"AA527731",NA
"BC064586",NA
"NM_016124","RHD"
"NM_000989","RPL30"
"BC040961",NA
"AL832208",NA
"NM_182634","DPY19L2P2"
"NM_003062","SLIT3"
"ENST00000312785",NA
"NM_016271","RNF138"
"THC2686110",NA
"NM_001382","DPAGT1"
"AY358263",NA
"NM_153255","MCM9"
"THC2689155",NA
"AT_L_5",NA
"NM_006267","RANBP2"
"NM_003879","CFLAR"
"CR596712",NA
"NM_032364","DNAJC14"
"NM_153702","ELMOD2"
"NM_007185","CELF3"
"NM_032958","POLR2J2"
"NM_001015053","HDAC5"
"BI261159",NA
"NM_032349","NUDT16L1"
"NM_033378","CGB2"
"NM_007062","PWP1"
"THC2614148",NA
"BC002570",NA
"NM_024423","DSC3"
"A_24_P920070",NA
"A_24_P229304",NA
"NM_001917","DAO"
"BC014606",NA
"AK093640",NA
"NM_032336","GINS4"
"NM_015380","SAMM50"
"AK128835",NA
"NM_032951","MLXIPL"
"NM_001018111","PODXL"
"XR_015710",NA
"NM_021806","FAM3A"
"BC007866",NA
"NM_003818","CDS2"
"AK058123",NA
"XR_019503",NA
"NM_003590","CUL3"
"NM_212482","FN1"
"AY336979",NA
"NM_002489","COXFA4"
"AF083118",NA
"AK021889",NA
"NM_031854","KRTAP4-12"
"NM_005183","CACNA1F"
"NM_138791","NOXRED1"
"NM_016406","UFC1"
"NM_019594","LRRC8A"
"THC2496620",NA
"BC092518",NA
"BC002763",NA
"XR_015700",NA
"A_32_P228290",NA
"AF088026",NA
"NM_003320","TUB"
"NM_004339","PTTG1IP"
"NM_004962","GDF10"
"NM_018638","ETNK1"
"NM_000125","ESR1"
"NM_181877","ZSCAN2"
"XM_928198",NA
"NM_147197","WFDC11"
"THC2684294",NA
"NM_007218","RNF139"
"NM_006566","CD226"
"AW365443",NA
"NM_002904","NELFE"
"BC031250",NA
"NM_016475","JKAMP"
"NM_024596","MCPH1"
"NM_014574","STRN3"
"CR602867",NA
"AB007955",NA
"NM_006969","ZNF28"
"ENST00000268714",NA
"NM_001005862","ERBB2"
"AK000146",NA
"AB037728",NA
"NM_005993","TBCD"
"NM_001497","B4GALT1"
"NM_000301","PLG"
"NM_032858","MAEL"
"THC2776730",NA
"NM_170693","SGK2"
"NM_001001974","PLEKHA1"
"NM_030568","KHDC1"
"AY358260",NA
"NM_032534","KRABD3"
"NM_015490","SEC31B"
"THC2740110",NA
"NM_001011537","FYTTD1"
"NM_004165","RRAD"
"ENST00000327026",NA
"NM_014793","LCMT2"
"NM_001005","RPS3"
"NM_033394","TANC1"
"NM_001037872","REV1"
"AY007211",NA
"X64985",NA
"NM_025217","ULBP2"
"NM_000908","NPR3"
"NM_145865","ANKS4B"
"NM_000395","CSF2RB"
"AK021860",NA
"NM_012467","TPSG1"
"AK094571",NA
"NM_181575","AUP1"
"ENST00000323355",NA
"NM_001011724","HNRNPA1L2"
"ENST00000243298",NA
"BC071972",NA
"NM_000860","HPGD"
"NM_018268","WDR41"
"AK096990",NA
"NM_005211","CSF1R"
"A_24_P464238",NA
"NM_003427","ZNF76"
"NM_019007","ARMCX6"
"NM_018141","MRPS10"
"NM_000458","HNF1B"
"THC2786169",NA
"NM_019052","CCHCR1"
"THC2789209",NA
"NM_015107","PHF8"
"NM_022770","GINS3"
"AA887631",NA
"ENST00000379841",NA
"NM_002483","CEACAM6"
"NM_004491","ARHGAP35"
"AT_ssH_GD_3",NA
"NM_178569","IRX2-DT"
"NM_024600","TMEM204"
"AK091347",NA
"AT_P_5",NA
"NM_205836","FBXO38"
"ENST00000304601",NA
"THC2714457",NA
"NM_080604","TJAP1"
"NM_031465",NA
"NM_004759","MAPKAPK2"
"AF233648",NA
"NM_175623","RAB3IP"
"NM_006654","FRS2"
"NM_144658","DOCK11"
"NM_002354","EPCAM"
"NM_000761","CYP1A2"
"NM_207334","FAM43B"
"AF191687",NA
"NM_206914","EEF1AKMT3"
"NM_024708","ASB7"
"A_24_P565540",NA
"NM_001198","PRDM1"
"NM_003047","SLC9A1"
"NM_002804","PSMC3"
"NM_000338","SLC12A1"
"AK056642",NA
"NM_016362","GHRL"
"NM_017553","INO80"
"NM_007190","SEC23IP"
"AK074181",NA
"BC062753",NA
"NM_145270","PRR35"
"AF318344",NA
"NM_004346","CASP3"
"AB020648",NA
"NM_002807","PSMD1"
"NM_004687","MTMR4"
"NM_017870","TMEM132A"
"NM_012064","MIP"
"NM_174963","ST3GAL3"
"NM_018061","PRPF38B"
"NM_015921","CUTA"
"NM_001040022","SIRPA"
"NM_182566","VMO1"
"NM_006028","HTR3B"
"THC2527406",NA
"A_24_P872359",NA
"NM_152348","WDR81"
"NM_138456","BATF2"
"NM_173571","CT47A11"
"NM_002897","RBMS1"
"NM_006088","TUBB4B"
"AF318321",NA
"NM_000217","KCNA1"
"NM_003760","EIF4G3"
"THC2739443",NA
"AK054806",NA
"NM_000617","SLC11A2"
"NM_144685","HIPK4"
"AF116718",NA
"AB045831",NA
"AT_W_3",NA
"NM_014639","SKIC3"
"NM_014160","MKRN2"
"NM_002568","PABPC1"
"THC2651751",NA
"NM_003162","STRN"
"NM_005039","PRB1"
"A_24_P560088",NA
"A_24_P928467",NA
"NM_016613","GASK1B"
"AK094407",NA
"NM_006141","DYNC1LI2"
"AK090761",NA
"NM_020654","SENP7"
"CR600536",NA
"NM_181605","KRTAP6-3"
"BM475547",NA
"A_32_P198552",NA
"NM_016282","AK3"
"NM_003847","PEX11A"
"AF161558",NA
"NM_003636","KCNAB2"
"NM_138296","PTCRA"
"THC2564393",NA
"AK096419",NA
"NM_000089","COL1A2"
"NM_012384","GMEB2"
"BC028842",NA
"NM_006277","ITSN2"
"NM_002492","NDUFB5"
"ENST00000369303",NA
"NR_002229","RPL23AP32"
"XR_018781",NA
"NM_001500","GMDS"
"NM_030641","APOL6"
"A_24_P84482",NA
"AK124344",NA
"AK055470",NA
"NM_017565","FAM20A"
"NM_018436","ALLC"
"A_24_P944275",NA
"NM_013259","TAGLN3"
"NM_152783","D2HGDH"
"NM_153693","HOXC6"
"NM_000095","COMP"
"NM_032809","MIGA2"
"ETG09_35454",NA
"AK090515",NA
"AK098307",NA
"NM_002133","HMOX1"
"NM_018178","GOLPH3L"
"BC030568",NA
"A_23_P395321",NA
"NM_003842","TNFRSF10B"
"NM_018571","STRADB"
"NM_001638","APOF"
"AF462442",NA
"NM_198053","CD247"
"BX444107",NA
"NM_033196","ZNF682"
"NM_194247","HNRNPA3"
"NM_001077489","GNAS"
"NM_148960","CLDN19"
"NM_001039876","SYNE4"
"XM_087499",NA
"THC2523685",NA
"AK024487",NA
"BC048985",NA
"CR597270",NA
"NM_014994","MAPKBP1"
"NM_015978","TNNI3K"
"THC2669805",NA
"THC2512741",NA
"NM_012300","FBXW11"
"BC111484",NA
"BC034937",NA
"ENST00000378179",NA
"NM_000174","GP9"
"NM_030948","PHACTR1"
"NM_020373","ANO2"
"XR_019013",NA
"NM_001029840","TCAIM"
"XR_018641",NA
"NM_015600","ABHD12"
"ENST00000242110",NA
"THC2622633",NA
"AY138548",NA
"THC2578957",NA
"BM984383",NA
"NM_021964","ZNF148"
"THC2532711",NA
"NM_001004303","FYB2"
"NM_002150","HPD"
"BE165955",NA
"NM_014501","UBE2S"
"AL831865",NA
"AF343666",NA
"THC2753543",NA
"NM_016354","SLCO4A1"
"NM_016541","GNG13"
"AI769425",NA
"NM_144573","NEXN"
"AY129015",NA
"ENST00000310822",NA
"AU148042",NA
"NM_005658","TRAF1"
"NM_181642","SPINT1"
"BC006384",NA
"BC022390",NA
"NM_145309","LRRC51"
"NM_018091","ELP3"
"NM_152721","DOK6"
"NM_006607","PTTG2"
"NM_003118","SPARC"
"NM_024688","CCDC7"
"NM_004214","FIBP"
"A_24_P928582",NA
"NM_020698","TMCC3"
"U72516",NA
"ENST00000370857",NA
"BF436529",NA
"NM_178571","TBC1D26"
"BC020812",NA
"BX091769",NA
"NM_032451","SPIRE2"
"A_24_P349869",NA
"NM_148894","BOD1L1"
"AK126431",NA
"NM_001002233","RAB11FIP1"
"NM_007026","DUSP14"
"NM_021072","HCN1"
"A_24_P910471",NA
"NM_014463","LSM3"
"XM_495877",NA
"BE710618",NA
"BC019667",NA
"NM_021871","FGA"
"THC2709151",NA
"NM_001042601","TTC14"
"NM_002709","PPP1CB"
"AK096057",NA
"BC043218",NA
"THC2691928",NA
"ENST00000374106",NA
"THC2519808",NA
"NM_017662","TRPM6"
"NM_004614","TK2"
"L09234",NA
"NM_003416","ZNF7"
"NM_002847","PTPRN2"
"NM_153618","SEMA6D"
"AX721193",NA
"NM_021238","SINHCAF"
"NM_153767","KCNJ1"
"NM_002312","LIG4"
"THC2596018",NA
"NM_001281","TBCB"
"NM_014394","GHITM"
"NM_020972","ZFYVE28"
"NM_017577","GRAMD1C"
"A_24_P926347",NA
"AL122074",NA
"NM_004224","GPR50"
"NM_014169","CHMP4A"
"AK023831",NA
"NM_016245","HSD17B11"
"NM_032806","POMGNT2"
"ENST00000338358",NA
"NM_033315","RASL10B"
"AK094466",NA
"NM_001491","GCNT2"
"NM_018325","C9orf72"
"THC2496213",NA
"BC027847",NA
"NM_177438","DICER1"
"ENST00000329015",NA
"A_24_P476102",NA
"NM_004764","PIWIL1"
"NM_004466","GPC5"
"A_24_P650893",NA
"NM_016570","ERGIC2"
"THC2704994",NA
"NM_152994","PPP1R21"
"NM_030665","RAI1"
"CB114618",NA
"NM_032816","CEP89"
"NM_203429","DSCR8"
"NM_138801","GALM"
"NM_002494","NDUFC1"
"AW182715",NA
"NM_006784","WDR3"
"D86974",NA
"NM_022338","C11orf24"
"NM_015046","SETX"
"THC2656099",NA
"BC034566",NA
"NM_001042454","TGFB1I1"
"BC010094",NA
"AF035040",NA
"NM_032340","UQCC2"
"AB028450",NA
"NM_001287","CLCN7"
"AW612629",NA
"NM_016403","CWC15"
"XR_018907",NA
"NM_012291","ESPL1"
"NM_001112","ADARB1"
"ENST00000341955",NA
"NM_003043","SLC6A6"
"U10072",NA
"NM_000748","CHRNB2"
"NM_001042533","RIOX2"
"NM_003468","FZD5"
"A_24_P918131",NA
"NM_016948","PARD6A"
"NM_003189","TAL1"
"NM_175861","TMTC1"
"NM_005203","COL13A1"
"NM_002209","ITGAL"
"THC2773657",NA
"NM_000421","KRT10"
"THC2770350",NA
"AB058752",NA
"THC2684060",NA
"BC048193",NA
"D87454",NA
"AK023589",NA
"NM_015953","NOSIP"
"THC2525408",NA
"AK091555",NA
"NM_003342","UBE2G1"
"BC047704",NA
"NM_007342","NUP42"
"NM_002434","MPG"
"AF111851",NA
"A_32_P187518",NA
"NM_003795","SNX3"
"NM_024955","FOXRED2"
"NM_001076682","NCAM1"
"NM_130896","WFDC8"
"AB033021",NA
"THC2660977",NA
"NM_003692","TMEFF1"
"NM_003705","SLC25A12"
"NM_000186","CFH"
"BC047417",NA
"NM_001040196","AGTRAP"
"NM_018683","RNF114"
"NM_006228","PNOC"
"BX109999",NA
"THC2510261",NA
"NM_001007540","CDHR4"
"NM_001010935","RAP1A"
"NM_000336","SCNN1B"
"AK056417",NA
"AY358253",NA
"NM_001048173","MUTYH"
"NM_006650","CPLX2"
"NM_005738","ARL4A"
"NM_181790","GPR142"
"XR_018202",NA
"ENST00000317633",NA
"NM_032813","TMTC4"
"NM_198232","RNASE1"
"BC014452",NA
"AK054569",NA
"NM_014977","ACIN1"
"NM_018451","CPAP"
"A_23_P62857",NA
"NM_175924","ILDR1"
"AK090630",NA
"NM_017447","C21orf91"
"THC2706902",NA
"BC007399",NA
"NM_006877","GMPR"
"NM_003264","TLR2"
"NM_030653","DDX11"
"NM_133631","ROBO1"
"AI672067",NA
"NM_001011655","TMEM44"
"A_23_P206135",NA
"NM_007167","ZMYM6"
"NM_004596","SNRPA"
"NM_013316","CNOT4"
"BG151149",NA
"NM_001039769","NKAIN3"
"NM_003525","H2BC10"
"NM_001723","DST"
"NM_001719","BMP7"
"NM_006698","BLCAP"
"NM_198098","AQP1"
"NM_025188","TRIM45"
"AF118089",NA
"A_24_P942036",NA
"NM_018233","OGFOD1"
"NM_002806","PSMC6"
"AK090417",NA
"NM_022553","VPS52"
"THC2740111",NA
"AA928090",NA
"NM_001315","MAPK14"
"DQ287932",NA
"NM_016526","BET1L"
"NM_001001433","STX16"
"THC2505054",NA
"AK128751",NA
"NM_022344","C17orf75"
"NM_005137","DGCR2"
"BC002778",NA
"NM_139025","ADAMTS13"
"NM_006413","RPP30"
"NM_206956","PRAME"
"CR600369",NA
"THC2750782",NA
"NM_023937","MRPL34"
"NM_014464","TINAG"
"NM_182715","SYPL1"
"NM_000194","HPRT1"
"NM_005391","PDK3"
"THC2586905",NA
"A_24_P776036",NA
"AL355687",NA
"NM_015652","LCOR"
"NM_006451","PAIP1"
"A_32_P5205",NA
"A_32_P121640",NA
"NM_000914","OPRM1"
"NM_002013","FKBP3"
"NM_001037442","RUFY3"
"A_24_P814444",NA
"NM_203330","CD59"
"ENST00000272907",NA
"NM_014048","MRTFB"
"CR749256",NA
"NM_178558","ZNF680"
"NM_004892","SEC22B"
"ENST00000334464",NA
"NM_018429","BDP1"
"AY358806",NA
"NM_000429","MAT1A"
"BC030770",NA
"NR_002139","HCG4"
"NM_138793","CANT1"
"NM_012219","MRAS"
"NM_001017535","VDR"
"NM_138957","MAPK1"
"A_24_P911712",NA
"NM_001236","CBR3"
"NM_013398","ZNF224"
"NM_007349","PAXIP1"
"ENST00000326382",NA
"NM_022372","MLST8"
"NM_006419","CXCL13"
"NM_001012643","MYPOP"
"NM_206927","SYTL2"
"NM_182501","MTERF4"
"NM_001007530","CDRT15"
"AK055679",NA
"A_23_P135589",NA
"NM_002032","FTH1"
"NM_001721","BMX"
"THC2694175",NA
"A_24_P204015",NA
"NM_014876","JOSD1"
"A_24_P11980",NA
"NM_133371","MYOZ3"
"NM_001387","DPYSL3"
"NM_016331","ZNF639"
"THC2617352",NA
"NM_015642","ZBTB20"
"AK055496",NA
"NM_153208","IQCK"
"NM_016183","MRTO4"
"NM_207376","C12orf75"
"NM_015441","OLFML2B"
"NP274062",NA
"A_32_P51688",NA
"NM_014446","NMRK2"
"NM_024837","ATP8B4"
"BM929882",NA
"NM_017910","TRMT61B"
"NM_014550","CARD10"
"NM_012329","MMD"
"XR_019277",NA
"CR591289",NA
"XR_019369",NA
"NM_006072","CCL26"
"A_24_P238426",NA
"NM_001533","HNRNPL"
"NM_004072","CMKLR1"
"NM_001032296","STK24"
"NM_173197","KCNIP2"
"NM_016134","CPQ"
"NM_139281","WDR36"
"NM_153719","NUP62"
"BC007549",NA
"NM_030648","SETD7"
"NM_001039617","ZDHHC19"
"THC2648849",NA
"NM_001881","CREM"
"NM_001905","CTPS1"
"AK057179",NA
"XM_938353",NA
"NM_021974","POLR2F"
"ENST00000380749",NA
"NM_002539","ODC1"
"NM_007002","ADRM1"
"NM_004057","S100G"
"THC2551769",NA
"NM_001001701","ARLN"
"NM_022908","NT5DC2"
"NM_001487","BLOC1S1"
"NM_032861","SERAC1"
"AI061292",NA
"X98261",NA
"BX647543",NA
"NM_198157","UBE2L3"
"NM_003196","TCEA3"
"NM_182776","MCM7"
"ENST00000314123",NA
"AT_ssH_RR_3",NA
"NM_003553","OR1E1"
"NM_031210","SLIRP"
"NM_020958","PPP4R4"
"AK025344",NA
"NM_033508","GCK"
"NM_000484","APP"
"NM_020226","PRDM8"
"NM_000136","FANCC"
"CR622189",NA
"NM_003425","ZNF45"
"NM_173530","ZNF610"
"NM_004253","PLAA"
"NM_182972","IRF2BP2"
"NM_153358","ZNF791"
"NP110187",NA
"A_24_P911504",NA
"NM_004772","NREP"
"BC031304",NA
"ENST00000376572",NA
"THC2709990",NA
"NM_173042","IL18BP"
"NM_152489","UBE2U"
"NM_030929","KAZALD1"
"THC2656519",NA
"ENST00000355104",NA
"NM_002192","INHBA"
"BC014312",NA
"A_23_P117943",NA
"NM_021036","GUSBP15"
"BM982926",NA
"NM_138733","PGK2"
"NM_000460","THPO"
"NM_138368","AP5B1"
"BX106115",NA
"THC2532209",NA
"NM_018219","CCDC87"
"NM_017896","GID8"
"NM_001012614","CTBP1"
"NM_000925","PDHB"
"AU148207",NA
"NM_183377","ASIC2"
"NM_002309","LIF"
"AK001001",NA
"NM_004490","GRB14"
"NM_207326","LINC01341"
"NM_001039380","ZNF22-AS1"
"AK090827",NA
"NM_053044","HTRA3"
"NM_000492","CFTR"
"ENST00000379534",NA
"NM_021194","SLC30A1"
"NM_015030","FRYL"
"BC067244",NA
"XM_001126777",NA
"NM_145740","GSTA1"
"NM_032808","LINGO1"
"NM_001037330","TRIM16L"
"NM_012378","OR8B8"
"BC011595",NA
"NM_005279","CMKLR2"
"THC2624901",NA
"NM_130809","PRRC1"
"NM_003494","DYSF"
"NM_003512","H2AC6"
"AB046770",NA
"NM_007249","KLF12"
"NM_001034844","SPDYE7P"
"NM_019013","PIMREG"
"NM_005218","DEFB1"
"NM_018024","NTAQ1"
"RC8",NA
"NM_001880","ATF2"
"AT_nD_3",NA
"A_32_P204126",NA
"NM_144662","PSMA8"
"BC108736",NA
"THC2646741",NA
"THC2662025",NA
"NM_017617","NOTCH1"
"AF274938",NA
"S73887",NA
"XM_932316",NA
"A_32_P68773",NA
"AA687964",NA
"A_23_P30411",NA
"NM_145653","ELOA3P"
"NM_004308","ARHGAP1"
"NM_000321","RB1"
"THC2588507",NA
"BC069077",NA
"NM_006100","ST3GAL6"
"NM_001245","SIGLEC6"
"NM_032330","CAPNS2"
"NM_018035","DMAC2"
"THC2648967",NA
"BG429688",NA
"ETG07_105829",NA
"NM_000475","NR0B1"
"NM_024806","JHY"
"NM_152381","XIRP2"
"NM_000454","SOD1"
"NM_207477","MIRLET7BHG"
"NM_144966","FREM1"
"NM_000660","TGFB1"
"NM_017791","FLVCR2"
"THC2655900",NA
"A_24_P273284",NA
"NM_002882","RANBP1"
"AA903779",NA
"A_24_P110201",NA
"NP500659",NA
"AK027150",NA
"NM_000495","COL4A5"
"AK096537",NA
"A_24_P170283",NA
"NM_175068","KRT73"
"THC2656699",NA
"AF090887",NA
"NM_183041",NA
"THC2682671",NA
"NM_014959","CARD8"
"NM_001079802","FKTN"
"A_32_P119949",NA
"THC2615857",NA
"NM_152421","DIPK1B"
"NM_005078","TLE3"
"NM_033551","LARP1"
"THC2695418",NA
"NM_002177","IFNW1"
"THC2675062",NA
"A_24_P733553",NA
"NM_001516","GTF2H3"
"AK058169",NA
"NM_000476","AK1"
"CD243286",NA
"NM_172365","PPP1R36"
"NM_013937","OR11A1"
"NM_153336","PSTK"
"NM_003170","SUPT6H"
"NM_005594","NACA"
"NM_052871",NA
"NM_014820","TOMM70"
"NM_016454","EMC4"
"NM_000866","HTR1F"
"NM_007315","STAT1"
"NM_012397","SERPINB13"
"NM_006546","IGF2BP1"
"NM_002720","PPP4C"
"AB082524",NA
"ENST00000334770",NA
"A_24_P921285",NA
"NM_015155","LARP4B"
"A_23_P348587",NA
"NM_032932","RAB11FIP4"
"NM_006937","SUMO2"
"A_24_P49860",NA
"NM_021995","UTS2"
"ENST00000292140",NA
"NM_014832","TBC1D4"
"AK026789",NA
"NM_001013699","H3-5"
"NM_014571","HEYL"
"AK023018",NA
"NM_031217","KIF18A"
"BM676597",NA
"BX956036",NA
"A_32_P107859",NA
"XM_001126626",NA
"NM_015912","FAM135B"
"NM_001099","ACP3"
"AK095746",NA
"NM_145038","DRC1"
"CR613436",NA
"NM_005014","OMD"
"ENST00000358335",NA
"CD176148",NA
"AF116624",NA
"NM_000401","EXT2"
"ETG08_142674",NA
"NM_005077","TLE1"
"NM_025181","SLC35F5"
"NM_003095","SNRPF"
"NM_201264","NRP2"
"NM_020854","RELCH"
"NM_005845","ABCC4"
"BC015442",NA
"NM_014945","ABLIM3"
"AF143882",NA
"NM_213662","STAT3"
"AK123157",NA
"NM_006564","CXCR6"
"AK023623",NA
"NM_022776","OSBPL11"
"NM_006826","YWHAQ"
"NM_001042413","GLIS3"
"NM_032638","GATA2"
"DB380247",NA
"NM_014365","HSPB8"
"NM_020971","SPTBN4"
"NM_130853","PTPRS"
"NM_004536","NAIP"
"BX648249",NA
"NM_025258","VWA7"
"NM_016201","AMOTL2"
"NM_199423",NA
"THC2590490",NA
"NM_024610","HSPBAP1"
"NM_152682","RWDD4"
"NM_003092","SNRPB2"
"NM_152649","MLKL"
"NM_005971","FXYD3"
"NM_001079807","PGA3"
"A_24_P187355",NA
"ENST00000342548",NA
"NM_152787","TAB3"
"NM_002854","PVALB"
"NM_016238","ANAPC7"
"XR_018308",NA
"AK000939",NA
"BC036359",NA
"H66958",NA
"NM_144643","SCLT1"
"NM_001033053","NLRP1"
"NM_000230","LEP"
"NM_001030019","SUN3"
"NM_024920","DNAJB14"
"NR_001548","TTTY11"
"NM_018416","FOXJ2"
"NM_016725","FOLR1"
"A_24_P698759",NA
"THC2536227",NA
"NM_030581","WDR59"
"NM_033204","ZNF101"
"BG259015",NA
"NM_001772","CD33"
"NM_000905","NPY"
"NM_005343","HRAS"
"AF076205",NA
"NM_020216","RNPEP"
"NM_003098","SNTA1"
"NM_014067","MACROD1"
"THC2528427",NA
"NM_138458","DNAAF10"
"NM_138452","DHRS1"
"NM_031445","AMMECR1L"
"L26054",NA
"NM_001143","AMELY"
"NM_138393","REEP6"
"CR594732",NA
"ENST00000310391",NA
"NM_173462","PAPLN"
"NM_182901","AKIP1"
"NM_032097","PCDHGB3"
"NM_001374","DNASE1L2"
"NM_007326","CYB5R3"
"NM_017586","CACFD1"
"NM_017877","SLC35F6"
"CA419971",NA
"AL050285",NA
"NM_022110","FKBPL"
"ENST00000380270",NA
"NM_031924","RSPH3"
"NM_013447","ADGRE2"
"NM_014426","SNX5"
"NM_033313","CDC14A"
"NM_002735","PRKAR1B"
"AB040974",NA
"AK094155",NA
"NM_001039846","IZUMO4"
"THC2509446",NA
"THC2699247",NA
"AF267874",NA
"NM_005168","RND3"
"NM_001007537","C1QTNF9B"
"NM_182515","ZNF714"
"AF492470",NA
"AF083120",NA
"NM_005066","SFPQ"
"AL713792",NA
"AB210041",NA
"NM_004059","KYAT1"
"NM_024885","TAF7L"
"A_24_P921069",NA
"NM_001827","CKS2"
"AK095631",NA
"XR_017430",NA
"NM_033661","WDR4"
"NM_152289","ZNF561"
"NM_014435","NAAA"
"NM_145652","WFDC5"
"NM_203299","SPATA31G1"
"NM_002467","MYC"
"NM_004162","RAB5A"
"THC2667954",NA
"THC2505756",NA
"NM_003323","TULP2"
"AL133564",NA
"CR592225",NA
"BG186548",NA
"ENST00000354854",NA
"AK129652",NA
"AT_ssH_TR_3",NA
"AU145408",NA
"NM_213598","ZNF543"
"AI650285",NA
"NM_138575","PGAM5"
"Z25424",NA
"NM_002716","PPP2R1B"
"NM_002609","PDGFRB"
"NM_052963","TOP1MT"
"A_32_P36767",NA
"NM_014564","LHX3"
"AK023328",NA
"AK124333",NA
"NM_001004320","AGMO"
"NM_001372","DNAH9"
"NM_001882","CRHBP"
"NM_139024","TSPAN32"
"NM_006548","IGF2BP2"
"U39099",NA
"NM_032228","FAR1"
"NM_005824","LRRC17"
"NM_001815","CEACAM3"
"NM_001043229","CSKMT"
"NM_017645","HAUS6"
"BC019599",NA
"NM_001077526","MTMR14"
"NM_018252","PACC1"
"NM_006512","SAA4"
"BF509482",NA
"NM_052853","ADCK2"
"THC2695576",NA
"BC007365",NA
"BF089603",NA
"AL598801",NA
"NM_024498",NA
"NM_152681","TMEM192"
"NM_207418","FAM72D"
"NM_175075","TDRP"
"BU676775",NA
"AF075108",NA
"NM_175741","NUTM1"
"AI138440",NA
"NM_014974","DIP2C"
"THC2771124",NA
"AF130108",NA
"BX641669",NA
"NM_016602","CCR10"
"NM_002816","PSMD12"
"NM_013333","EPN1"
"NM_052923","SCAND3"
"NM_018650","MARK1"
"AW875618",NA
"NM_015136","STAB1"
"NM_004729","ZBED1"
"NM_002100","GYPB"
"THC2611373",NA
"XM_210501",NA
"A_24_P186664",NA
"NM_014901","RNF44"
"NM_002274","KRT13"
"NM_152519","KANSL1L"
"NM_001031849","MASP1"
"A_32_P187050",NA
"AK123096",NA
"NM_002293","LAMC1"
"AL833317",NA
"NM_022473","ZNF106"
"AF113687",NA
"NM_001077619","UBXN2B"
"XR_018048",NA
"NM_001012642","GRAMD2A"
"NM_017740","ZDHHC7"
"A_23_P124699",NA
"A_32_P146326",NA
"BX104176",NA
"AK057962",NA
"ENST00000373954",NA
"NM_052917","GALNT13"
"NM_016190","CRNN"
"A_24_P255123",NA
"NM_178842","CERS3"
"BC006438",NA
"NM_002121","HLA-DPB1"
"AK127347",NA
"NM_013939","OR10H2"
"NM_020772","NUFIP2"
"NM_033426","CIPC"
"ENST00000343945",NA
"A_24_P944402",NA
"ENST00000356197",NA
"AK027134",NA
"CK300666",NA
"AK096606",NA
"NM_032449","CC2D1B"
"NM_015087","SPART"
"NM_016176","SDF4"
"NM_005856","RAMP3"
"NM_145651","SCGB1C1"
"NM_018427","RRN3"
"NM_015153","PHF3"
"A_24_P581618",NA
"NM_013299","SAC3D1"
"NM_175856","CHSY3"
"NM_003722","TP63"
"XR_018470",NA
"NM_006303","AIMP2"
"CR601496",NA
"AL833832",NA
"U66047",NA
"NM_199456","SPMIP8"
"NM_145753","PHLDB2"
"NM_007029","STMN2"
"ENST00000383518",NA
"AK057981",NA
"BC063666",NA
"AI161396",NA
"AA995392",NA
"AK023077",NA
"ENST00000333309",NA
"NM_145248","SPACA7"
"NM_201278","MTMR2"
"NM_032121","MAGT1"
"NM_152277","UBTD2"
"ENST00000258451",NA
"NM_030934","TRMT1L"
"BC036018",NA
"A_23_P2032",NA
"AK124806",NA
"NM_213654","ARMC8"
"NM_006322","TUBGCP3"
"NM_012373","OR3A3"
"NM_033086","FGD3"
"NM_024012","HTR5A"
"AI332866",NA
"NM_002166","ID2"
"AK126622",NA
"NM_022640","CSH1"
"NM_032941","RECQL"
"AF247042",NA
"NM_004237","TRIP13"
"THC2538856",NA
"AY063456",NA
"XM_929207",NA
"NM_003146","SSRP1"
"NM_148962","OXER1"
"NM_005957","MTHFR"
"NM_015914","TXNDC11"
"NM_198061","CES2"
"NM_002253","KDR"
"NM_031451","TEX101"
"NM_001030","RPS27"
"AF161361",NA
"NM_003157","NEK4"
"NM_198268","HIPK1"
"NM_006186","NR4A2"
"NM_138417","KTI12"
"NM_031422","CHST9"
"NM_006803","AP3M2"
"AK131036",NA
"NM_004330","BNIP2"
"A_24_P923449",NA
"NM_130439","MXI1"
"NM_031964","KRTAP17-1"
"NM_138325","PCSK6"
"NM_173641","EPHA10"
"BC060806",NA
"NM_080819","GPR78"
"NM_138621","BCL2L11"
"NM_003214","TEAD3"
"XR_019017",NA
"NM_000875","IGF1R"
"ENST00000340005",NA
"NM_015456","NELFB"
"R78502",NA
"NM_002264","KPNA1"
"NM_007246","KLHL2"
"NM_015444","TMEM158"
"THC2651205",NA
"NM_138435","FAM83F"
"AF351616",NA
"NM_003253","TIAM1"
"BC015531",NA
"Y11328",NA
"A_24_P688744",NA
"NM_001040001","AFDN"
"NM_024089","POGLUT2"
"NM_016358","IRX4"
"A_24_P928235",NA
"NM_004143","CITED1"
"NM_030761","WNT4"
"NM_000586","IL2"
"NM_007188","ABCB8"
"A_23_P122485",NA
"AK097861",NA
"NM_006591","POLD3"
"NM_203327","SLC23A2"
"BC034740",NA
"AB033031",NA
"NM_012411","PTPN22"
"AK125482",NA
"THC2662255",NA
"NM_206949","IFI27L1"
"AK024489",NA
"NM_203356","MIA2"
"THC2624002",NA
"NM_001459","FLT3LG"
"A_24_P943740",NA
"NM_198066","GNPNAT1"
"BF978194",NA
"AK025015",NA
"NM_016422","RNF141"
"THC2719547",NA
"NM_021226","ARHGAP22"
"NM_000466","PEX1"
"NM_024503","HIVEP3"
"NM_032632","PAPOLA"
"AK092698",NA
"NM_004220","ZNF213"
"NM_005340","HINT1"
"A_24_P127543",NA
"A_24_P187154",NA
"NM_145870","GSTZ1"
"NM_015417","SPEF1"
"ENST00000278505",NA
"NM_138444","KCTD12"
"NM_017852","NLRP2"
"A_24_P915326",NA
"NM_178564","NRBP2"
"NM_002834","PTPN11"
"THC2678724",NA
"NM_019849","SLC7A10"
"NM_001114","ADCY7"
"NM_153746","ZDHHC14"
"S69027",NA
"NM_201626","USP33"
"NM_022141","PARVG"
"ENST00000327347",NA
"NM_007191","WIF1"
"THC2607954",NA
"AA890136",NA
"NM_004488","GP5"
"A_24_P910277",NA
"NM_014009","FOXP3"
"NM_024841","PRR5L"
"THC2688673",NA
"K03200",NA
"NM_002106","H2AZ1"
"NM_006896","HOXA7"
"THC2484329",NA
"NM_032131","ARMC2"
"NM_139047",NA
"R88965",NA
"NM_007086","WDHD1"
"NM_020448","NIPAL3"
"NM_001001342","BLOC1S2"
"NM_183242","BTBD8"
"THC2664215",NA
"A_32_P65530",NA
"NM_138428","SMIM12"
"NM_017826","SOHLH2"
"NM_021144","PSIP1"
"NM_006396","ZNRD2"
"BQ933774",NA
"NM_024575","TNFAIP8L2"
"AK022299",NA
"NM_181643","CIMAP3"
"NM_000148","FUT1"
"AI961429",NA
"NM_018344","SLC29A3"
"NM_004789","LHX2"
"NM_001008735","HMGB1P1"
"THC2772705",NA
"NM_004751","GCNT3"
"BC044616",NA
"NM_080821","FAM210B"
"THC2743652",NA
"AK000231",NA
"NM_022841","RFX7"
"NM_198681","PLEKHG5"
"THC2746700",NA
"NM_181808","POLN"
"S81294",NA
"AK022204",NA
"NM_016586","MBIP"
"BI828274",NA
"NM_018108",NA
"NM_182923","KLC1"
"NM_152765","VXN"
"NM_001525","HCRTR1"
"NM_153219","ZNF524"
"NM_023914","P2RY13"
"NM_005095","ZMYM4"
"A_24_P818136",NA
"THC2669156",NA
"NM_001011544","MAGEA11"
"AK000270",NA
"NM_152737","RNF182"
"NM_007097","CLTB"
"AK057935",NA
"NM_001004301","ZNF813"
"AF307448",NA
"NM_016371","HSD17B7"
"T87820",NA
"NM_002375","MAP4"
"AL137472",NA
"BC050337",NA
"NM_005035","POLRMT"
"NM_025076","UXS1"
"NM_024323","BRME1"
"A_24_P938357",NA
"NM_015935","METTL13"
"NM_000172","GNAT1"
"NM_005574","LMO2"
"NM_001950","E2F4"
"NM_002254","KIF3C"
"NM_021634","RXFP1"
"AF147412",NA
"BC025971",NA
"T70285",NA
"BC062449",NA
"NM_012141","INTS6"
"NM_000732","CD3D"
"NM_003246","THBS1"
"NM_004168","SDHA"
"NM_139018","CD300LF"
"NM_022363","LHX5"
"THC2724353",NA
"THC2586367",NA
"NM_002410","MGAT5"
"ENST00000377515",NA
"AY203928",NA
"AF130090",NA
"NM_173535","CLEC4F"
"NM_015051","ERP44"
"NM_032167","SNX29"
"L26969",NA
"NM_006530","YEATS4"
"NM_006656","NEU3"
"CR590302",NA
"AK128714",NA
"A_32_P96154",NA
"AF165191",NA
"NM_002611","PDK2"
"NM_005418","DENND2B"
"A_32_P20717",NA
"NM_007027","TOPBP1"
"NM_003913","PRP4K"
"BC009635",NA
"A_32_P144629",NA
"NM_020947","MEAK7"
"NM_178452","DNAAF1"
"X15667",NA
"NM_198892","BMP2K"
"A_24_P923225",NA
"NM_198829","RAC1"
"AL359559",NA
"NM_139239","NFKBID"
"NM_002999","SDC4"
"NM_173618","INO80E"
"NM_172113","EYA2"
"NM_006215","SERPINA4"
"NM_014280","DNAJC8"
"NM_019087","ARL15"
"AF044579",NA
"NM_021927","GUF1"
"NM_205860","NR5A2"
"NM_018296","LRRC36"
"NM_031940","TM2D2"
"AL833303",NA
"AK094853",NA
"A_24_P281285",NA
"NM_006432","NPC2"
"NM_012390","SMR3A"
"ENST00000367932",NA
"NM_016173","HEMK1"
"AK056176",NA
"NM_014223","NFYC"
"ENST00000344771",NA
"A_32_P65371",NA
"NM_000835","GRIN2C"
"NM_012207","HNRNPH3"
"THC2725930",NA
"A_24_P370484",NA
"AK027211",NA
"XR_018494",NA
"BC098294",NA
"NM_003544","H4C2"
"NM_021998","ZNF711"
"NM_020198","CCDC47"
"NM_002075","GNB3"
"NM_144779","FXYD5"
"AF199612",NA
"NM_181705","LYRM7"
"NM_182688","UBE2G2"
"NM_001044305","SMAP1"
"A_32_P125808",NA
"AY358241",NA
"NM_172312","SPAG8"
"NM_006832","FERMT2"
"THC2691117",NA
"NM_020201","NT5M"
"THC2734459",NA
"THC2495785",NA
"THC2511429",NA
"AL117530",NA
"THC2588392",NA
"ENST00000370871",NA
"BC008192",NA
"NM_001740","CALB2"
"NM_005536","IMPA1"
"NM_018346","RSAD1"
"AF308290",NA
"BC032042",NA
"AI918632",NA
"NM_030569","ITIH5"
"NM_016436","PHF20"
"NM_054026","CNOT7"
"NM_032578","MYPN"
"NM_002744","PRKCZ"
"NM_052818","N4BP2L1"
"NM_012120","CD2AP"
"NM_020117","LARS1"
"NM_181704","BAGE4"
"NM_017957","EPN3"
"NM_000963","PTGS2"
"BC039449",NA
"L78132",NA
"NM_001976","ENO3"
"A_32_P107454",NA
"NM_001042583","CD1E"
"A_24_P230313",NA
"BX427435",NA
"NM_001586","TEX28"
"ENST00000308482",NA
"NM_172370","DAOA"
"THC2657348",NA
"A_32_P17882",NA
"NM_024819","DCAKD"
"BC015449",NA
"NM_001968","EIF4E"
"NM_001042368","RALGDS"
"NM_022350","ERAP2"
"NM_031469","SH3BGRL2"
"NM_019843","EIF4ENIF1"
"NM_003279","TNNC2"
"NM_033637","BTRC"
"NM_031279","ETNPPL"
"NM_033544","RCCD1"
"NM_020370","GPR84"
"AK074160",NA
"NM_032387","WNK4"
"NM_024617","TUT7"
"NM_032264","NBPF3"
"NM_006271","S100A1"
"NM_018281","ECHDC2"
"A_32_P41080",NA
"NM_017450","BAIAP2"
"U18197",NA
"NM_016368","ISYNA1"
"NM_000310","PPT1"
"NM_020739","CCPG1"
"NM_021095","SLC5A6"
"NM_001006943","EPHA8"
"NM_004337","OSGIN2"
"THC2682280",NA
"NM_052847","GNG7"
"NM_007212","RNF2"
"NM_001490","GCNT1"
"NM_004771","MMP20"
"W88467",NA
"NM_031491","RBP5"
"AK000144",NA
"BC018099",NA
"NM_015703","RRP7A"
"AK124129",NA
"NM_182578","THEM5"
"NM_015990","KLHL5"
"NM_003681","PDXK"
"NM_018347","AP5S1"
"NM_138357","MCU"
"NM_023079","UBE2Z"
"A_24_P109614",NA
"AI216457",NA
"A_24_P213144",NA
"NM_031313","ALPG"
"NM_152342","CDYL2"
"NM_006927","ST3GAL2"
"NM_024120","NDUFAF5"
"THC2742812",NA
"A_24_P289984",NA
"ENST00000340034",NA
"NM_022340","RBSN"
"NM_194312","ESPNL"
"NM_052959","PANX3"
"AL157466",NA
"NM_025207","FLAD1"
"AA195394",NA
"XR_018617",NA
"NM_004635","MAPKAPK3"
"NM_198490","RAB43"
"THC2672601",NA
"NM_012279","ZNF346"
"NM_170710","WDR17"
"NM_002396","ME2"
"NM_001005785","DAZ2"
"AF086286",NA
"NM_033407","DOCK7"
"A_24_P195257",NA
"NM_020872","CNTN3"
"BX101632",NA
"NM_001008269","TMEM89"
"NM_014377","DNAJC2"
"NM_006568","CGRRF1"
"NM_030636","EEPD1"
"NM_133170","PTPRT"
"AB051444",NA
"NM_004604","STX4"
"NM_005715","UST"
"AK001632",NA
"AK026693",NA
"A_24_P917810",NA
"NM_173699","MAGEB18"
"BC047605",NA
"NM_005460","SNCAIP"
"THC2668270",NA
"NM_012476","VAX2"
"A_23_P44053",NA
"AK131472",NA
"NM_152491","PM20D1"
"NM_000251","MSH2"
"A_24_P827738",NA
"AK094623",NA
"NM_006033","LIPG"
"NM_021103","TMSB10"
"NM_001004346","MTHFD2L"
"THC2631297",NA
"NM_138796","SPATA17"
"NM_001554","CCN1"
"A_24_P332911",NA
"NM_015257","NEMP1"
"NM_024786","ZDHHC11"
"NM_144586","LYPD1"
"A_24_P921636",NA
"BC036637",NA
"NM_057168","WNT16"
"THC2652053",NA
"NM_015393","PARM1"
"NM_001005273","CHD3"
"AF007131",NA
"NM_015507","EGFL6"
"NM_002898","RBMS2"
"NM_005002","NDUFA9"
"NM_032796","SYAP1"
"A_24_P410256",NA
"NM_025152","NUBPL"
"NM_020313","CIAPIN1"
"NM_017844","ANKMY1"
"NM_001032278","MMP28"
"NM_001010908","C1QL3"
"NM_203364","CAPRIN1"
"NM_016145","WDR83OS"
"CB995946",NA
"NM_000288","PEX7"
"NM_007174","CIT"
"THC2659309",NA
"BC035147",NA
"NM_000535","PMS2"
"NM_033049","MUC13"
"NM_181655","C17orf58"
"THC2739236",NA
"NM_031292","PUS7L"
"BC038983",NA
"THC2637707",NA
"AK092942",NA
"DQ179139",NA
"XR_018222",NA
"ENST00000382004",NA
"XR_015255",NA
"NM_022564","MMP16"
"NM_002257","KLK1"
"ENST00000310903",NA
"NM_178011","LRRTM3"
"AK127222",NA
"NM_022804","SNURF"
"AK131525",NA
"NM_002460","IRF4"
"BC027488",NA
"NM_006913","RNF5"
"NM_005313","PDIA3"
"NM_007229","PACSIN2"
"NM_020127","TUFT1"
"NM_002009","FGF7"
"THC2657781",NA
"A_23_P12373",NA
"AT_W_M",NA
"A_23_P154006",NA
"N75427",NA
"A_24_P169903",NA
"NM_144984","VSTM4"
"NM_152230","IPMK"
"NM_014262","P3H3"
"NM_000190","HMBS"
"A_23_P124977",NA
"NM_014753","BMS1"
"NM_005633","SOS1"
"NM_006768","BRAP"
"ENST00000308118",NA
"NM_003502","AXIN1"
"NM_152459","C16orf89"
"NM_005657","TP53BP1"
"AK098497",NA
"AK000368",NA
"NM_024593","CLXN"
"NM_005667","RNF103"
"NM_002787","PSMA2"
"NM_014341","MTCH1"
"CK430712",NA
"THC2679544",NA
"NM_003079","SMARCE1"
"THC2653012",NA
"NM_144967","ARHGAP36"
"A_32_P48329",NA
"ENST00000360514",NA
"NM_005441","CHAF1B"
"AA563626",NA
"NM_006098","RACK1"
"NM_001773","CD34"
"NM_153207","AEBP2"
"AK022971",NA
"NM_001863","COX6B1"
"NM_007147","ZNF175"
"NM_017632","CDKN2AIP"
"NM_024661","CCDC51"
"ENST00000332342",NA
"NR_002211","MEIS3P1"
"NM_182985","TRIM69"
"NM_018955","UBB"
"BE839843",NA
"A_32_P167577",NA
"NM_031886","KCNA7"
"CR625109",NA
"ENST00000359488",NA
"NM_020453","ATP10D"
"NM_144702","LRRC71"
"NM_001483","NIPSNAP2"
"NM_006810","PDIA5"
"NM_207009","DENND10"
"NM_005384","NFIL3"
"NM_207014","DNAI4"
"NM_012068","ATF5"
"A_32_P68516",NA
"AF090909",NA
"XR_019415",NA
"NM_024537","CARS2"
"AB263414",NA
"NM_001004019","FBLN2"
"NM_174938","FRMD3"
"NM_012072","CD93"
"U19144",NA
"NM_012460","TIMM9"
"NM_031483","ITCH"
"NM_014941","MORC2"
"ENST00000264899",NA
"NM_032634","PIGO"
"NM_007068","DMC1"
"NM_017686","GDAP2"
"XR_019288",NA
"NM_032819","ZNF341"
"A_24_P101480",NA
"NM_003435","ZNF134"
"NM_052937","PCMTD1"
"NM_005490","SH2D3A"
"NM_145042",NA
"NM_007102","GUCA2B"
"AF402619",NA
"NM_033355","CASP8"
"NM_013263","BRD7"
"NM_021818","SAV1"
"THC2739153",NA
"A_24_P17437",NA
"NM_030582","COL18A1"
"NM_004598","SPOCK1"
"NM_153603","COG7"
"M13995",NA
"AF086536",NA
"NM_005125","CCS"
"XR_019252",NA
"AI093077",NA
"AA782850",NA
"NM_153271","SNX33"
"AB002439",NA
"AI337612",NA
"THC2652686",NA
"THC2489591",NA
"NM_016350","NIN"
"NM_178435","LCE3E"
"A_24_P272910",NA
"NM_212554","EEF1AKMT2"
"THC2717148",NA
"NM_024040","CUEDC2"
"W92806",NA
"NM_007013","WWP1"
"AI348443",NA
"AK022357",NA
"NM_001031711","ERGIC1"
"NM_145268","SSMEM1"
"NM_032478","MRPL38"
"A_24_P624792",NA
"NM_004186","SEMA3F"
"NM_005950","MT1G"
"NM_001273","CHD4"
"NM_181773","APOBEC3H"
"AK128559",NA
"AK094424",NA
"NM_005934","MLLT1"
"NM_030763","HMGN5"
"NM_152307","TRMT61A"
"AI308948",NA
"NM_198935","SS18L1"
"ENST00000341948",NA
"NM_145304","C7orf33"
"BC043564",NA
"NM_006164","NFE2L2"
"ENST00000379131",NA
"AY007087",NA
"NM_007024","TMEM115"
"NM_004694","SLC16A6"
"NM_031856","PCDHA8"
"NM_001078166","SRSF1"
"NM_017966","VPS37C"
"NM_000967","RPL3"
"NM_030657","LIM2"
"NM_020949","SLC7A14"
"THC2539541",NA
"NM_014454","SESN1"
"NM_001018071","FRMPD2"
"BC037418",NA
"NM_032830","UTP4"
"NM_033251","RPL13"
"NM_017824","MARCHF5"
"NM_004475","FLOT2"
"NM_018349","MCTP2"
"NM_001017389","SULT1A4"
"AB023174",NA
"CR613972",NA
"THC2694860",NA
"BQ354462",NA
"NM_173656","ZNF619"
"NM_000165","GJA1"
"NM_004819","SYMPK"
"AK027337",NA
"A_24_P758926",NA
"NM_004279","PMPCB"
"NM_015594","TBC1D29P"
"CR601196",NA
"NM_019096","GTPBP2"
"NM_021972","SPHK1"
"THC2650005",NA
"NM_005433","YES1"
"NR_002834","DUSP5P1"
"NM_024563","NPR3"
"BC014955",NA
"NM_203377","MB"
"AI830766",NA
"AK093065",NA
"ENST00000368918",NA
"XR_019243",NA
"ENST00000382123",NA
"NM_003451","ZNF177"
"THC2713663",NA
"NM_005517","HMGN2"
"NM_005303","FFAR1"
"BM702886",NA
"NM_014519","ZNF232"
"BU679017",NA
"NM_005082","TRIM25"
"A_24_P880176",NA
"XR_017068",NA
"NM_206943","LTBP1"
"BF433725",NA
"NM_002936","RNASEH1"
"AY239294",NA
"NM_020229",NA
"BQ188788",NA
"NM_015239","AGTPBP1"
"NM_005156","PTBP3"
"BC020242",NA
"CR616033",NA
"AK054626",NA
"NM_001065","TNFRSF1A"
"A_32_P22578",NA
"NM_014064","NTMT1"
"NM_014899","RHOBTB3"
"NM_198321","GALNT10"
"NM_181709","RFLNA"
"NM_014746","RNF144A"
"NM_004624","VIPR1"
"NM_020832","ZNF687"
"NM_014370","SRPK3"
"A_24_P474188",NA
"ENST00000340619",NA
"BC111723",NA
"THC2755341",NA
"ENST00000366874",NA
"AK056698",NA
"NM_175629","DNMT3A"
"THC2606335",NA
"BM806490",NA
"NM_018017","CCDC186"
"NM_138414","SGF29"
"NM_152643","KNDC1"
"NM_001771","CD22"
"NM_001077351","RBM23"
"ENST00000361329",NA
"NM_001364","DLG2"
"NM_005392","PHF2"
"NM_020926","BCOR"
"A_24_P578641",NA
"NM_080392","PTP4A2"
"THC2751803",NA
"NM_016594","FKBP11"
"NM_020997","LEFTY1"
"NM_012237","SIRT2"
"NM_024615","PARP8"
"NM_198256","E2F6"
"XM_497062",NA
"NM_012477","WBP1"
"NM_182612","GATD1"
"A_24_P585659",NA
"NM_005902","SMAD3"
"NM_004626","WNT11"
"XM_001131279",NA
"AL079294",NA
"AB020701",NA
"NM_015530","GORASP2"
"NM_002858","ABCD3"
"A_32_P139842",NA
"BC007606",NA
"AK021561",NA
"NR_003108","NBR2"
"NM_032636","PSRC1"
"NM_145236","B3GNT7"
"NM_005229","ELK1"
"ENST00000371367",NA
"BC029785",NA
"A_32_P233211",NA
"AF318320",NA
"NM_001009991","SYTL3"
"NM_025134","CHD9"
"NM_153189","SPAM1"
"AW844496",NA
"NM_206834","TEX56P"
"NM_173561","UNC5CL"
"NM_032332","WDR83"
"NM_024490","ATP10A"
"NM_173834","YIPF6"
"NM_152480","CIRBP-AS1"
"NM_020704","STRIP2"
"NM_006196","PCBP1"
"NM_020791","TAOK1"
"NM_000725","CACNB3"
"NM_199168","CXCL12"
"NM_024922","CES3"
"NM_001009554","MFAP3L"
"NM_002012","FHIT"
"AF237700",NA
"AW015426",NA
"NM_001837","CCR3"
"NM_003217","TMBIM6"
"BX640887",NA
"NM_001079525","PAICS"
"THC2503530",NA
"NM_145041","TMEM106A"
"A_23_P84974",NA
"NM_002827","PTPN1"
"NM_001042498","SLC35A2"
"THC2690657",NA
"BC069772",NA
"NM_002314","LIMK1"
"THC2655356",NA
"A_32_P55438",NA
"NM_003947","KALRN"
"NM_003403","YY1"
"A_24_P392842",NA
"ENST00000374651",NA
"NM_003841","TNFRSF10C"
"NM_012319","SLC39A6"
"A_24_P401069",NA
"BC035371",NA
"A_24_P161393",NA
"NM_000291","PGK1"
"NM_001615","ACTG2"
"A_23_P147404",NA
"NM_006136","CAPZA2"
"NM_014618","BRINP1"
"NM_013252","CLEC5A"
"NM_003773","HYAL2"
"AK024127",NA
"CR627133",NA
"NM_178352","LCE1D"
"THC2736226",NA
"ENST00000380985",NA
"ENST00000355646",NA
"AW085513",NA
"A_24_P914957",NA
"AF274940",NA
"A_24_P734892",NA
"NM_022873","IFI6"
"NM_002131","HMGA1"
"AK000675",NA
"NM_152930","CPNE1"
"NM_194455","KRIT1"
"BX114970",NA
"NM_007193","ANXA10"
"NM_001037171","ACOT9"
"NM_025040","ZNF614"
"AK057198",NA
"NM_178544","ZNF546"
"NM_030790","ITFG1"
"NM_018833","TAP2"
"RC3",NA
"NM_005347","HSPA5"
"NM_052888","LRRC37B"
"AK022848",NA
"NM_053054","CATSPER1"
"AK055529",NA
"AB046834",NA
"NM_001010983","GLT8D1"
"NM_016232","IL1RL1"
"NM_018480","TMEM126B"
"BC008386",NA
"BI828537",NA
"XM_001126203",NA
"BC024155",NA
"NM_018722","KCNQ1DN"
"NM_014437","SLC39A1"
"NM_030916","NECTIN4"
"CR621399",NA
"A_24_P927553",NA
"BC065547",NA
"NM_145205","HMGB4"
"THC2539554",NA
"NM_012284","KCNH3"
"NM_004093","EFNB2"
"NM_181785","SLC46A3"
"BC034222",NA
"NM_003183","ADAM17"
"NM_000126","ETFA"
"NM_180989","GPR180"
"NM_003216","TEF"
"NM_001458","FLNC"
"NM_004821","HAND1"
"THC2657736",NA
"NM_005475","SH2B3"
"CA440162",NA
"AF089746",NA
"U25433",NA
"THC2677630",NA
"NM_003225","TFF1"
"THC2722577",NA
"NM_006860","IFT27"
"NM_030773","TUBB1"
"NM_006745","MSMO1"
"THC2679484",NA
"NM_032646","TTYH2"
"NM_181519","SYT15"
"NM_002776","KLK10"
"NM_016616","NME8"
"XR_019339",NA
"NM_003295","TPT1"
"NM_172109","KCNQ2"
"NM_194430","RNASE4"
"NM_017670","OTUB1"
"NM_032839","SLC49A4"
"A_32_P149461",NA
"NM_016463","CXXC5"
"A_32_P147734",NA
"THC2639513",NA
"NM_006148","LASP1"
"NM_031961","KRTAP9-2"
"NR_003038","SNHG5"
"NM_194278","MIDEAS"
"NM_017777","MKS1"
"A_24_P916004",NA
"ENST00000369731",NA
"NM_025104","DBF4B"
"AK027541",NA
"THC2693801",NA
"AK094786",NA
"A_24_P930905",NA
"NM_017801","CMTM6"
"THC2738878",NA
"NM_004725","BUB3"
"THC2611110",NA
"THC2633920",NA
"NM_023073","CPLANE1"
"AY358732",NA
"NM_020663","RHOJ"
"BM973223",NA
"NM_007357","COG2"
"NM_001819","CHGB"
"CR610205",NA
"ENST00000340926",NA
"THC2545558",NA
"THC2608608",NA
"AA532655",NA
"A_24_P913961",NA
"XR_019105",NA
"THC2567636",NA
"NM_007220","CA5B"
"NM_139048","HLTF"
"A_24_P307255",NA
"NM_012105","BACE2"
"NM_021110","COL14A1"
"BC033025",NA
"NM_002076","GNS"
"NM_001024921","RPL9"
"NM_001077702","MIER1"
"AK094526",NA
"A_24_P903378",NA
"NM_031883","PCDHAC2"
"NM_024570","RNASEH2B"
"NM_007110","TEP1"
"NM_013264","DDX25"
"NM_016026","RDH11"
"NM_172164","NASP"
"NM_019026","TMCO1"
"ENST00000380304",NA
"NM_001072","UGT1A6"
"NM_207309","UAP1L1"
"AK021716",NA
"NM_005528","DNAJC4"
"NM_182944","NIN"
"A_24_P937489",NA
"NM_001004052","OR52B2"
"ENST00000074056",NA
"NM_000786","CYP51A1"
"NM_002653","PITX1"
"BI521983",NA
"CR611332",NA
"NM_024518","ULBP3"
"S49953",NA
"AK126080",NA
"NM_198494","ZFP69"
"NR_002781","TSPY26P"
"NM_003359","UGDH"
"AF130073",NA
"A_24_P669822",NA
"A_32_P21916",NA
"NM_005924","MEOX2"
"L08961",NA
"NM_024018","BTN2A3P"
"NM_006465","ARID3B"
"A_24_P635355",NA
"BI047192",NA
"NM_016027","LACTB2"
"NM_006422","AKAP3"
"THC2586092",NA
"NM_022162","NOD2"
"NM_032982","CASP2"
"BC027871",NA
"NM_001197","BIK"
"NM_052898","XKR4"
"NM_001048166","STIL"
"NM_000212","ITGB3"
"NM_021814","ELOVL5"
"ENST00000221462",NA
"NM_145913","SLC5A8"
"NM_032824","TMEM87B"
"NM_015424","CHRDL2"
"ENST00000375806",NA
"NM_014590","ERVW-1"
"A_24_P936618",NA
"NM_000982","RPL21"
"NM_016931","NOX4"
"NM_002093","GSK3B"
"NM_017613","DONSON"
"X53943",NA
"NM_003490","SYN3"
"NM_182527","CABP7"
"NM_017878","PLAAT2"
"NM_206833","CTXN1"
"NM_000134","FABP2"
"NM_013364","PNMA3"
"THC2729899",NA
"AA550817",NA
"NM_000883","IMPDH1"
"AK000262",NA
"AF221846",NA
"NM_181722","LINC00174"
"A_24_P927451",NA
"NM_022101","STEEP1"
"THC2563460",NA
"NM_024919","FRMD1"
"BC034571",NA
"NM_002024","FMR1"
"NM_003957","BRSK2"
"NM_178496","MB21D2"
"NM_032272","MAF1"
"NM_031412","GABARAPL1"
"AA507111",NA
"NM_006902","PRRX1"
"NM_019613","WDR45B"
"NM_203401","STMN1"
"A_24_P689479",NA
"NM_003173","SUV39H1"
"NM_002775","HTRA1"
"NM_003481","USP5"
"NM_004190","LIPF"
"NM_173795","RNF207"
"NM_023039","ANKRA2"
"A_24_P920715",NA
"NM_003690","PRKRA"
"NM_012312","KIR2DS2"
"THC2671846",NA
"NM_014765","TOMM20"
"NM_152272","CHMP7"
"THC2691289",NA
"NM_000399","EGR2"
"AT_ssH_AB_3",NA
"ENST00000378263",NA
"U63542",NA
"AF086429",NA
"NM_148901","TNFRSF18"
"NM_022073","EGLN3"
"NM_014897","ZNF652"
"NM_001291","CLK2"
"BC031278",NA
"NM_152996","ST6GALNAC3"
"BC004815",NA
"NM_002066","GML"
"U66046",NA
"NM_005088","AKAP17A"
"NM_005373","MPL"
"NM_030812","ACTL8"
"NM_002543","OLR1"
"NM_181471","RFC2"
"NM_014319","LEMD3"
"NM_016370","RAB9B"
"NM_181838","UBE2D2"
"A_32_P103614",NA
"NM_198920","UBE3D"
"THC2633491",NA
"NM_014294","TRAM1"
"NM_022157","RRAGC"
"NM_018286","TMEM100"
"NM_152379","FSAF1"
"ENST00000366848",NA
"NM_014412","CACYBP"
"XM_928876",NA
"A_32_P200833",NA
"A_24_P930487",NA
"NM_032346","PDCD2L"
"NM_022081","HPS4"
"AK095925",NA
"NM_175883","OR7D2"
"AK000026",NA
"NM_016062","CIAO2B"
"BC047412",NA
"NM_025059","CCDC170"
"NM_021237","SELENOK"
"NM_001038640","GOLGA6A"
"NM_203488","ACYP1"
"A_24_P794892",NA
"NM_020961","METTL14"
"THC2641453",NA
"A_24_P238868",NA
"A_32_P186382",NA
"NM_000813","GABRB2"
"BC031698",NA
"NM_033161","SURF4"
"NM_022461","AZI2"
"NM_003863","DPM2"
"NM_173672","PPIL6"
"THC2626532",NA
"NM_001039462",NA
"AK129879",NA
"NM_002374","MAP2"
"NM_030782","CLPTM1L"
"NM_015910","WDPCP"
"NM_145254","TMEM170A"
"NM_001014765","FBXO44"
"NM_025045","BAIAP2L2"
"NM_152545","RASGEF1B"
"BC035069",NA
"BC012360",NA
"NM_002457","MUC2"
"AK023827",NA
"AK056686",NA
"NM_207341","ZP1"
"NM_005694","COX17"
"NM_001070","TUBG1"
"NM_016641","GDE1"
"NM_032758","PHF5A"
"NM_002610","PDK1"
"NM_024641","MANEA"
"F03017",NA
"NM_015607","CHTOP"
"BF510844",NA
"NM_145047","OSCP1"
"NM_012399","PITPNB"
"NM_004105","EFEMP1"
"NM_198216","SNRPB"
"NM_000532","PCCB"
"BX537874",NA
"NM_030876","OR5V1"
"NM_016606","REEP2"
"NM_033467","MMEL1"
"AB071195",NA
"BC027456",NA
"NM_207012","AP3M1"
"AF070541",NA
"XR_019199",NA
"NM_017913","CDC37L1"
"A_32_P188127",NA
"NM_005800","USPL1"
"THC2697642",NA
"NM_172318","KCNG1"
"NM_144976","ZNF564"
"NM_001033513","GPR34"
"NM_014308","PIK3R5"
"CR622072",NA
"NM_017772","TBC1D22B"
"NM_178499","CCDC60"
"XM_001128998",NA
"NM_001039785","SERTAD4BP"
"NM_005544","IRS1"
"NM_001024736","CD276"
"AK096643",NA
"NM_001037283","EIF3B"
"AK124173",NA
"NM_005382","NEFM"
"NM_152269","MTRFR"
"NM_001569","IRAK1"
"THC2626182",NA
"A_32_P219377",NA
"M36647",NA
"CA337741",NA
"ENST00000283964",NA
"NM_198993","STAC2"
"NM_001018055","BRCC3"
"ENST00000379870",NA
"AK055281",NA
"NM_030931","DEFB126"
"BC035878",NA
"AB020691",NA
"AA778430",NA
"NM_024528","NKAP"
"NM_080282","ABCA10"
"NM_001007074","RPL32"
"BC107586",NA
"NM_001734","C1S"
"NM_182541","TMEM31"
"NM_004991","MECOM"
"BC048983",NA
"BI062366",NA
"ENST00000355788",NA
"BE786351",NA
"XM_001128547",NA
"THC2656595",NA
"AF168717",NA
"A_24_P84408",NA
"NM_002037","FYN"
"BC030084",NA
"NM_031473","IFT81"
"NM_173803","MPV17L"
"NM_014282","HABP4"
"NM_016101","NIP7"
"A_24_P814246",NA
"AF132204",NA
"THC2463424",NA
"AI873070",NA
"NM_000171","GLRA1"
"AA574228",NA
"THC2634465",NA
"NM_031297","RNF208"
"NM_000406","GNRHR"
"NM_019110","ZKSCAN4"
"AB033052",NA
"ENST00000303979",NA
"A_24_P934718",NA
"NM_001461","FMO5"
"AA714537",NA
"NM_198488","FAM83H"
"NM_001560","IL13RA1"
"AF447582",NA
"THC2654534",NA
"THC2724298",NA
"NM_001040431","COA3"
"THC2598478",NA
"NM_030583","MATN2"
"AK125393",NA
"BF813638",NA
"AK000470",NA
"BC071681",NA
"NM_017739","POMGNT1"
"NM_145791","MGST1"
"NM_007267","TMC6"
"NM_018111","C19orf73"
"NM_001018100","MYZAP"
"BC017507",NA
"NM_018353","MIS18BP1"
"U60266",NA
"CR590573",NA
"NM_152658","THAP8"
"NM_002414","CD99"
"NM_032889","SLC61A1"
"NM_022915","MRPL44"
"NM_016457","PRKD2"
"THC2526509",NA
"NM_022091","ASCC3"
"NM_015132","SNX13"
"A_24_P272886",NA
"THC2636875",NA
"NM_001037675","NBPF9"
"AB209345",NA
"NM_005302","GPR37"
"AI762428",NA
"NM_013390","CEMIP2"
"NM_000666","ACY1"
"NM_014387","LAT"
"AA427821",NA
"NM_187841","TRIM54"
"NM_020951","ZNF529"
"NM_022052","NXF3"
"XR_019253",NA
"ENST00000239854",NA
"A_32_P86494",NA
"NM_015702","MMADHC"
"A_24_P144487",NA
"NM_024311","MFSD11"
"NM_001077706","ECT2L"
"NM_024551","ADIPOR2"
"AL359062",NA
"ENST00000265018",NA
"XR_019587",NA
"NM_014506","TOR1B"
"AY358219",NA
"AA233733",NA
"NM_153041","LINC01931"
"NM_152914","NATD1"
"NM_144681","CCDC42"
"THC2750590",NA
"NM_020180","CELF4"
"NM_016188","ACTL6B"
"THC2707266",NA
"NM_014892","SCAF8"
"NM_004716","PCSK7"
"NM_019012","PLEKHA5"
"NM_001032293","ZNF207"
"NM_000521","HEXB"
"NM_025155","PAAF1"
"ENST00000341262",NA
"NM_012094","PRDX5"
"NM_001077419",NA
"AW269819",NA
"THC2651958",NA
"A_32_P169915",NA
"NM_006716","DBF4"
"NM_178443","FERMT3"
"NM_018639","WSB2"
"NM_012224","NEK1"
"NM_001091","AOC1"
"NM_032566","SPINK7"
"NM_007047","BTN3A2"
"NM_020701","ISY1"
"ENST00000381942",NA
"NM_016578","RSF1"
"NM_015202","KATNIP"
"NM_000309","PPOX"
"NM_139173","SLC9B1"
"NM_005543","INSL3"
"NM_024074","TMEM38A"
"NM_001340","CYLC2"
"NM_001013675","LRRC74B"
"NM_021088","ZNF2"
"XM_930141",NA
"NM_006011","ST8SIA2"
"BC071598",NA
"NM_001359","DECR1"
"NM_000104","CYP1B1"
"BC041389",NA
"NM_032246","MEX3B"
"NM_030967","KRTAP1-1"
"NM_001003954","ANXA13"
"A_24_P928830",NA
"A_32_P117908",NA
"NM_014434","NDOR1"
"NM_024114","TRIM48"
"NM_001900","CST5"
"NM_019617","GKN1"
"THC2508177",NA
"NM_001258","CDK3"
"NM_024059","FNDC11"
"A_24_P460887",NA
"CR744880",NA
"NM_022482","GZF1"
"AK054718",NA
"NM_005282","GPR4"
"NM_153045","TMEM268"
"A_24_P288149",NA
"A_32_P25982",NA
"NM_025179","PLXNA2"
"CA840930",NA
"NM_022006","FXYD7"
"NM_178833","SLC9B2"
"NM_001003652","SMAD2"
"NM_025147","COQ10B"
"THC2711029",NA
"NM_022455","NSD1"
"NM_006804","STARD3"
"NM_152259","TICRR"
"ENST00000382914",NA
"ENST00000377221",NA
"THC2660563",NA
"A_24_P722248",NA
"NM_024295","DERL1"
"A_24_P912404",NA
"AB240569",NA
"AK055252",NA
"CF529682",NA
"AI277022",NA
"THC2657737",NA
"NM_015398","FAM149A"
"BC008370",NA
"AK123741",NA
"NM_001194","HCN2"
"NM_178562","TSPAN33"
"NM_024092","TMEM109"
"AF116601",NA
"NM_006068","TLR6"
"NM_000299","PKP1"
"THC2586431",NA
"NM_004172","SLC1A3"
"NM_006727","CDH10"
"A_32_P139021",NA
"ENST00000262795",NA
"NM_152565","ATP6V0D2"
"NM_015075","IQSEC2"
"NM_001343","DAB2"
"NM_017625","ITLN1"
"M20432",NA
"NM_000397","CYBB"
"NM_014368","LHX6"
"AW078987",NA
"NM_016940","RWDD2B"
"NM_006416","SLC35A1"
"AK023737",NA
"A_24_P928689",NA
"NM_015658","NOC2L"
"AK097804",NA
"THC2646402",NA
"NM_014761","IST1"
"AI824599",NA
"NM_015879","ST8SIA3"
"NM_032870","PNISR"
"NM_017821","RHBDL2"
"M90656",NA
"BU631174",NA
"AK074633",NA
"NM_003013","SFRP2"
"NM_019855","CABP5"
"XR_018138",NA
"NM_144611","CYB5D2"
"R78584",NA
"NM_022089","ATP13A2"
"NM_000226","KRT9"
"AF075028",NA
"BC051317",NA
"NM_152334","TARS3"
"NM_005374","MPP2"
"NM_004048","B2M"
"A_23_P207143",NA
"NM_178520","TMEM105"
"NM_014039","BKGD"
"NM_198427","BCAN"
"AB058703",NA
"ENST00000313516",NA
"THC2590522",NA
"NM_181532","ERAS"
"AK074445",NA
"NM_005118","TNFSF15"
"A_24_P916453",NA
"NM_001025290","DPPA5"
"AK097654",NA
"NM_152590","LMNTD1"
"NM_015335","MED13L"
"NM_024712","ELMO3"
"NM_016037","UTP11"
"NM_006713","SUB1"
"NM_144691","CAPN12"
"NM_018084","CCDC88A"
"NM_182470","PKM"
"NM_000074","CD40LG"
"THC2627008",NA
"NM_020374","FERRY3"
"NM_005205","COX6A2"
"NM_020795","NLGN2"
"NM_017672","TRPM7"
"NM_016166","PIAS1"
"BX648834",NA
"THC2754005",NA
"A_32_P153410",NA
"NM_032522","ZBTB37"
"THC2740750",NA
"THC2648739",NA
"ENST00000381577",NA
"NM_014985","CEP152"
"BG462058",NA
"NM_003927","MBD2"
"NM_145058","RILPL2"
"BC041859",NA
"AK098360",NA
"AK022892",NA
"ENST00000379053",NA
"THC2782954",NA
"NM_014328","RUSC1"
"NM_004625","WNT7A"
"ENST00000374536",NA
"NM_177538","CYP20A1"
"NM_001102","ACTN1"
"NM_001042463","TMEM80"
"NM_152594","SPRED1"
"NM_145648","SLC15A4"
"A_24_P686263",NA
"AF334792",NA
"AK123655",NA
"NM_020317","RSRP1"
"NM_012432","SETDB1"
"NM_033292","CASP1"
"AK090444",NA
"NM_003620","PPM1D"
"NM_001008493","ENAH"
"NM_015262","WASHC2C"
"NM_020781","ZNF398"
"NM_004170","SLC1A1"
"NM_144962","PEBP4"
"A_32_P154112",NA
"NM_178470","DCAF12L1"
"A_24_P920483",NA
"NM_003772","JRKL"
"NM_012249","RHOQ"
"A_24_P1873",NA
"AK098185",NA
"NM_007345","ZNF236"
"NM_181342","FKBP7"
"BF802139",NA
"NM_015533","TKFC"
"NM_014612","FAM120A"
"AB037902",NA
"NM_001079519","FAM177A1"
"NM_030923","TMEM163"
"BE612504",NA
"A_24_P93452",NA
"AF469204",NA
"CD518214",NA
"NM_015111","N4BP3"
"AK001063",NA
"BC038960",NA
"ENST00000231198",NA
"NM_002670","PLS1"
"AB029488",NA
"AK128814",NA
"NM_020933","ZNF317"
"BX648855",NA
"NM_173689","CRB2"
"NM_005048","PTH2R"
"AK057719",NA
"NM_000849","GSTM3"
"NM_022648","TNS1"
"NM_145043","NEIL2"
"NM_173555","TYSND1"
"NM_020678","LRTM1"
"AA425812",NA
"BC030122",NA
"NM_152614","TEX44"
"NM_002985","CCL5"
"NM_012391","SPDEF"
"AK093450",NA
"NM_014285","EXOSC2"
"NM_203434","IER5L"
"THC2677326",NA
"NM_005813","PRKD3"
"NM_015523","REXO2"
"ENST00000265149",NA
"NM_000998","RPL37A"
"A_23_P72252",NA
"NM_006464","TGOLN2"
"NM_203395","IYD"
"NM_133451",NA
"NM_152722","HEPACAM"
"NM_005741","ZNF263"
"NM_201997","SF1"
"NM_014850","SRGAP3"
"AK097398",NA
"NM_020121","UGGT2"
"NM_021247","PRM3"
"NM_003314","TTC1"
"NM_003198","ELOA"
"NM_000983","RPL22"
"NM_012247","SEPHS1"
"NM_152311","CLRN3"
"THC2562557",NA
"NM_145023","CCDC7"
"NM_024859","MAGIX"
"NM_020660","GJD2"
"AK055838",NA
"NM_024624","SMC6"
"NM_004365","CETN3"
"A_24_P927782",NA
"NM_152544","TRMT44"
"AK022881",NA
"NM_017915","PARPBP"
"NM_020247","COQ8A"
"NM_014213","HOXD9"
"NM_001042552","TATDN3"
"NM_001037494","DYNLL1"
"NM_001042481","FRMD6"
"NM_032786","ZC3H10"
"BC047111",NA
"NM_002852","PTX3"
"THC2665094",NA
"NM_002214","ITGB8"
"NM_006293","TYRO3"
"XR_019377",NA
"ENST00000250499",NA
"AL516445",NA
"XR_016879",NA
"AV714556",NA
"NM_015156","RCOR1"
"NR_002779","NUDT9P1"
"AL080200",NA
"THC2503819",NA
"BE328135",NA
"NM_172193","KLHDC1"
"NM_014622","VWA5A"
"NM_003063","SLN"
"NM_183360","DTNB"
"CB051804",NA
"NM_182701","GPX6"
"NM_002970","SAT1"
"NM_006660","CLPX"
"NM_001039477","THEMIS2"
"AA076992",NA
"ENST00000337335",NA
"NM_020859","SHROOM3"
"NM_012322","LSM5"
"NM_005157","ABL1"
"NM_000755","CRAT"
"NM_201412","LUC7L"
"NM_016952","CDON"
"AK172833",NA
"NM_003503","CDC7"
"AK090474",NA
"NM_019006","ZFAND6"
"NM_007106","UBL3"
"AI056776",NA
"NM_181622","KRTAP13-3"
"NM_000784","CYP27A1"
"NM_182838","SLC35E2A"
"NM_006390","IPO8"
"L12052",NA
"NM_002815","PSMD11"
"NM_199188","LARP4"
"A_23_P96262",NA
"NM_001404","EEF1G"
"AL713776",NA
"A_24_P916853",NA
"THC2739176",NA
"NM_024675","PALB2"
"THC2667926",NA
"NM_203351","MAP3K3"
"NM_145276","ZNF563"
"NM_172366","FBXO16"
"NM_001007246","BRWD1"
"XR_019095",NA
"NM_005817","PLIN3"
"NM_014462","LSM1"
"ENST00000377223",NA
"ENST00000334165",NA
"NM_182679","GPATCH4"
"NM_004852","ONECUT2"
"NM_001256","CDC27"
"AK130456",NA
"NM_024653","PRKRIP1"
"AK097878",NA
"NM_015888","HOOK1"
"AB051477",NA
"ENST00000344556",NA
"AK096942",NA
"A_24_P357986",NA
"THC2695815",NA
"NM_052933","TSGA13"
"T05214",NA
"NM_001105","ACVR1"
"A_24_P452024",NA
"NM_018473","ACOT13"
"BC005913",NA
"NM_002798","PSMB6"
"NM_014388","UTP25"
"ENST00000372922",NA
"NM_004140","LLGL1"
"CA944758",NA
"NM_002393","MDM4"
"NM_005782","ALYREF"
"CR602592",NA
"BE006554",NA
"NM_004521","KIF5B"
"NM_000559","HBG1"
"NM_032422","ADGRA1"
"NM_018180","DHX32"
"NM_006811","SERINC3"
"AW090036",NA
"NM_018945","PDE7B"
"ENST00000358984",NA
"NM_001346","DGKG"
"NM_080489","SDCBP2"
"NM_024794","EPHX3"
"A_24_P303080",NA
"NM_152716","PATL1"
"NM_152436","GLIPR1L2"
"NM_182398","RPS6KA5"
"NM_000164","GIPR"
"NM_007289","MME"
"AA837799",NA
"NM_004557","NOTCH4"
"NM_016343","CENPF"
"NM_003946","NOL3"
"A_24_P213175",NA
"NM_000285","PEPD"
"BC021210",NA
"A_32_P20040",NA
"A_24_P935755",NA
"AF116620",NA
"A_24_P931653",NA
"NM_002522","NPTX1"
"NM_080651","MED30"
"NM_020936","DDX55"
"A_24_P684274",NA
"NM_006254","PRKCD"
"NM_000562","C8A"
"NM_004566","PFKFB3"
"BC009051",NA
"NM_144628","TBC1D20"
"NM_001001704",NA
"NM_004964","HDAC1"
"A_24_P534243",NA
"NM_000589","IL4"
"ENST00000338106",NA
"BC007749",NA
"A_24_P613108",NA
"THC2643327",NA
"BC104151",NA
"BC035691",NA
"ENST00000379864",NA
"THC2688261",NA
"NM_052944",NA
"NM_178438","LCE5A"
"THC2775001",NA
"NM_007374","SIX6"
"NM_182915","STEAP3"
"XR_017339",NA
"ENST00000339993",NA
"CR602405",NA
"ENST00000356126",NA
"NM_031479","INHBE"
"AB209463",NA
"NM_002802","PSMC1"
"NM_015078","MCF2L2"
"NM_018150","RNF220"
"A_24_P632835",NA
"BF931515",NA
"NM_002388","MCM3"
"NM_032714","INF2"
"NM_175067","TAAR6"
"NM_005545","ISLR"
"NM_025136","OPA3"
"XR_019504",NA
"NM_138765",NA
"BC035106",NA
"NM_033489","CDK11B"
"NM_145807","NTN5"
"NM_021205","RHOU"
"AF130071",NA
"NM_001673","ASNS"
"BC066989",NA
"NM_016304","RSL24D1"
"ENST00000378204",NA
"NM_003930","SKAP2"
"NM_021652","GUSBP14"
"ENST00000308269",NA
"THC2544212",NA
"BF197320",NA
"NM_033112","RRP36"
"A_24_P638453",NA
"NM_003185","TAF4"
"NM_017489","TERF1"
"AK096621",NA
"NM_006760","UPK2"
"NM_182518","SZT2"
"ENST00000288911",NA
"XR_018130",NA
"NM_007001","SLC35D2"
"NM_032172","USP42"
"NM_016001","UTP18"
"NM_016033","RMDN1"
"NM_024546","OBI1"
"THC2532458",NA
"THC2732952",NA
"A_24_P177634",NA
"AK093222",NA
"BF895757",NA
"NM_024083","ASPSCR1"
"BC069658",NA
"XM_001128339",NA
"CA312250",NA
"NM_032417","SPANXD"
"NM_017651","AHI1"
"NM_003240","LEFTY2"
"BC002769",NA
"A_24_P717609",NA
"BC113872",NA
"NM_006258","PRKG1"
"THC2500892",NA
"NM_019862","ABCC1"
"NM_014078","MRPL13"
"A_24_P925818",NA
"THC2615469",NA
"NM_178231","ICA1L"
"THC2687042",NA
"THC2605277",NA
"NM_019557","MTFR1L"
"NM_001023562","SPDYE8"
"NM_198279","BCLAF3"
"NM_006658","PPP1R17"
"NM_018116","MSTO1"
"AK091409",NA
"NM_033120","NKD2"
"NM_003638","ITGA8"
"NM_152912","MTIF3"
"ENST00000369697",NA
"AA420998",NA
"BC013143",NA
"NM_014562","OTX1"
"CD241953",NA
"NM_017530","ZNF821"
"NM_032287","RTL6"
"NM_003473","STAM"
"NM_006846","SPINK5"
"NM_053283","DCD"
"NM_005365","MAGEA9"
"NM_005740","DNAL4"
"AK090670",NA
"NM_001735","C5"
"THC2498220",NA
"XM_001134097",NA
"BC007821",NA
"AK025975",NA
"A_23_P96017",NA
"NM_000265","NCF1"
"NM_006497","HIC1"
"BX114329",NA
"NM_003040","SLC4A2"
"NM_033138","CALD1"
"NM_001021","RPS17"
"NM_030649","ACAP3"
"NM_177951","PPM1A"
"NM_052970","HSPA12B"
"NM_015905","TRIM24"
"NM_175882","SPPL2C"
"NM_020659","TTYH1"
"NM_001268","RCBTB2"
"AK095554",NA
"NM_130806","RXFP2"
"ENST00000379986",NA
"AK128423",NA
"NM_002791","PSMA6"
"AK022183",NA
"NM_003944","SELENBP1"
"A_24_P717305",NA
"ENST00000380291",NA
"THC2781346",NA
"THC2737559",NA
"NM_182914","SYNE2"
"NM_152331","ACOT4"
"A_24_P916116",NA
"NM_001277","CHKA"
"NM_014750","DLGAP5"
"NM_153206","JAML"
"AK095964",NA
"BC037323",NA
"NM_020378","NAT14"
"NM_033259","CAMK2N2"
"NM_001076786","QSER1"
"NM_015026","MON2"
"NM_139022","TSPAN32"
"NM_017660","GATAD2A"
"BC036645",NA
"NM_001040454","SLC26A6"
"NM_002146","HOXB3"
"NM_001040153","SLAIN1"
"Z18824",NA
"NM_001417","EIF4B"
"AY010114",NA
"BC043229",NA
"NM_004798","KIF3B"
"NM_152318","NOPCHAP1"
"NM_002272","KRT4"
"ENST00000357776",NA
"NM_001025366","VEGFA"
"NM_031277","RNF17"
"A_24_P930690",NA
"NM_018280",NA
"NM_017814","TMEM161A"
"BX107836",NA
"THC2643750",NA
"THC2639689",NA
"ENST00000348904",NA
"NM_053067","UBQLN1"
"NM_145274","KRT10-AS1"
"NM_005923","MAP3K5"
"NM_006544","EXOC5"
"AI080703",NA
"ENST00000297423",NA
"NM_207481","NCKAP5"
"XM_926122",NA
"NM_173814","PRTG"
"A_24_P917895",NA
"ENST00000295549",NA
"NM_018184","ARL8B"
"THC2681757",NA
"THC2728035",NA
"NM_006665","HPSE"
"BC032648",NA
"NM_001005910","IP6K2"
"NM_017873","ASB6"
"CB052914",NA
"NM_153377","LRIG3"
"THC2743357",NA
"NM_174930","PMS2P5"
"NR_002734","PTTG3P"
"NM_031216","SEH1L"
"NM_001039643",NA
"AK090988",NA
"AK097197",NA
"BC067767",NA
"NM_031935","HMCN1"
"NM_005596","NFIB"
"NM_003270","TSPAN6"
"A_24_P924230",NA
"NM_005742","PDIA6"
"XR_018765",NA
"AK128192",NA
"NM_001720","BMP8B"
"NM_000195","HPS1"
"BC031013",NA
"NM_019896","POLE4"
"BG950086",NA
"AK095831",NA
"CR610131",NA
"NM_175571","GIMAP8"
"BC008402",NA
"XM_372723",NA
"NM_007085","FSTL1"
"NM_017661","ZNF280D"
"NM_022818","MAP1LC3B"
"NM_030652","EGFL8"
"AK090421",NA
"NM_017541","CRYGS"
"NM_012305","AP2A2"
"AF159295",NA
"CR623684",NA
"BC108665",NA
"THC2649341",NA
"NM_032051","PATZ1"
"A_24_P780319",NA
"NM_152606","ZNF540"
"AB067502",NA
"NM_024334","TMEM43"
"NM_006712","FASTK"
"ENST00000371372",NA
"NM_017842","SLC48A1"
"NM_013231","FLRT2"
"NM_006382","FBXW10B"
"NM_020390","EIF5A2"
"NM_021631","TPT1P8"
"NM_139045","SMARCA2"
"AK097703",NA
"AF090931",NA
"NM_182495","NXPE2"
"NM_006481","HNF1B"
"NM_054022","GOSR2"
"AK094629",NA
"NM_003365","UQCRC1"
"NM_000986","RPL24"
"NM_015047","EMC1"
"NM_005523","HOXA11"
"NM_013237","PRELID1"
"NM_014721","PHACTR2"
"BC041926",NA
"THC2642249",NA
"AB051435",NA
"NM_025049","PIF1"
"NM_003673","TCAP"
"NM_015500","C2CD2"
"THC2678045",NA
"NM_002698","POU2F2"
"NM_019083","TRMT13"
"NM_001037984","SLC38A10"
"A_24_P418106",NA
"NM_025154","SUN1"
"A_24_P401051",NA
"NM_003053","SLC18A1"
"THC2526647",NA
"A_24_P881608",NA
"THC2634909",NA
"NM_138383","MTSS2"
"THC2511028",NA
"AY358240",NA
"NM_001006667","TAC3"
"NM_016337","EVL"
"NM_018297","NGLY1"
"NM_003874","CD84"
"NM_152777","CCDC197"
"A_32_P100475",NA
"BC036624",NA
"ENST00000375606",NA
"NM_138352","SAMD1"
"AK001007",NA
"NM_001022","RPS19"
"THC2662176",NA
"NM_003480","MFAP5"
"NM_198991","KCTD1"
"NM_000969","RPL5"
"NM_133474","ZNF721"
"A_24_P920081",NA
"A_32_P49392",NA
"AK074383",NA
"AK095071",NA
"NM_001642","APLP2"
"ENST00000373014",NA
"NM_013278","IL17C"
"THC2660361",NA
"NM_012288","TRAM2"
"NM_007214","SEC63"
"NM_138395","MARS2"
"CA419778",NA
"NM_018210","NAXD"
"AK021576",NA
"NR_002819","MALAT1"
"XR_018215",NA
"NM_003819","PABPC4"
"AB188491",NA
"NM_014774","EFCAB14"
"NM_003942","RPS6KA4"
"BC028846",NA
"A_32_P3322",NA
"NM_005692","ABCF2-H2BK1"
"NM_001514","GTF2B"
"NM_001012421","ANKRD20A2P"
"BC045781",NA
"AF007149",NA
"NR_002169","OR1F2P"
"AK023129",NA
"NM_022437","ABCG8"
"CR606637",NA
"NM_014498","GOLIM4"
"NM_004289","NFE2L3"
"NM_002582","PARN"
"NM_002114","HIVEP1"
"NM_025057","BBOF1"
"NM_020920","CHD8"
"NM_002360","MAFK"
"NM_021794","ADAM30"
"NM_001480","GALR1"
"XR_018970",NA
"A_24_P281504",NA
"NM_024302","MMP28"
"NM_005242","F2RL1"
"NM_004943","DMWD"
"NM_021097","SLC8A1"
"XR_018989",NA
"NM_003953","MPZL1"
"AW291149",NA
"CR749288",NA
"NM_138698","ZGRF1"
"AW952039",NA
"NM_198531","ATP9B"
"THC2643086",NA
"AK027172",NA
"NM_002197","ACO1"
"NM_199173","BGLAP"
"NM_032382","COG8"
"BF217859",NA
"X56681",NA
"U60873",NA
"AF086305",NA
"A_24_P915079",NA
"NM_000987","RPL26"
"THC2627449",NA
"NM_005310","GRB7"
"NM_181468","EIF6"
"CD242823",NA
"NM_000791","DHFR"
"AK057952",NA
"NM_001042573","ENGASE"
"AK054709",NA
"NM_033415","ARMC6"
"NM_198712","PTGER3"
"NM_024928","STN1"
"NM_014873","LPGAT1"
"AK027082",NA
"AI732190",NA
"AK074590",NA
"NM_031989","PCBP2"
"THC2667890",NA
"NM_020954","RNF213"
"A_24_P724321",NA
"NM_022807","SNRPN"
"NM_138400","NOM1"
"NM_016050","MRPL11"
"BC117438",NA
"BC017654",NA
"A_24_P238377",NA
"ENST00000380622",NA
"A_24_P745883",NA
"NM_153699","GSTA5"
"A_32_P18012",NA
"A_24_P15502",NA
"NM_004304","ALK"
"A_32_P9861",NA
"NM_033010","PCBP4"
"NM_004954","MARK2"
"NM_001943","DSG2"
"NM_000215","JAK3"
"ENST00000380494",NA
"NM_000919","PAM"
"A_32_P8627",NA
"NM_006725","CD6"
"NM_016404","TRMT112"
"ENST00000318117",NA
"NM_015077","SARM1"
"NM_020802","CEP126"
"NM_014300","SEC11A"
"BC022362",NA
"NM_014249","NR2E3"
"NM_173633","TMEM145"
"A_23_P252501",NA
"ENST00000371316",NA
"NM_001039690","CHTF8"
"NM_018177","N4BP2"
"BI910665",NA
"A_24_P936393",NA
"NM_021127","PMAIP1"
"A_24_P926044",NA
"THC2735775",NA
"NM_024861","MAB21L4"
"AK074256",NA
"NM_173587","RCOR2"
"AK074194",NA
"NM_004584","RAD9A"
"A_24_P778928",NA
"THC2693923",NA
"NM_001029888","FAM24A"
"NM_001040458","ERAP1"
"ENST00000238256",NA
"NM_020880","ZNF530"
"A_24_P298886",NA
"AK096082",NA
"NM_006816","LMAN2"
"NM_152513","MEI1"
"NM_025106","SPSB1"
"NM_177551","HCAR2"
"NM_003385","VSNL1"
"ENST00000330947",NA
"A_24_P935747",NA
"NM_000807","GABRA2"
"A_24_P934939",NA
"NM_032811","TBRG1"
"THC2700488",NA
"NM_004778","PTGDR2"
"NM_000457","HNF4A"
"NM_000855","GUCY1A2"
"AF196185",NA
"AK000992",NA
"NM_016148","SHANK1"
"NM_021035","ZNFX1"
"NM_152301","MRFAP1L1"
"NM_206539","DLK2"
"A_32_P183656",NA
"NM_004332","BPHL"
"AK055583",NA
"A_24_P492919",NA
"AW134708",NA
"NM_001045476","WDR38"
"NM_006835","CCNI"
"THC2780053",NA
"NM_001353","AKR1C1"
"AF256215",NA
"ENST00000378679",NA
"THC2667726",NA
"NM_020367","PARP11"
"NM_018079","SRBD1"
"NM_177998","OTOP1"
"NM_019054","SHLD2"
"NM_018990","SASH3"
"NM_024756","MMRN2"
"NM_002856","NECTIN2"
"AL036373",NA
"BC033253",NA
"AK096255",NA
"NM_183049","TMSB4XP8"
"NM_004757","AIMP1"
"NM_000023","SGCA"
"NM_033331","CDC14B"
"NM_178517","PIGW"
"AK054768",NA
"BQ292684",NA
"NM_001620","AHNAK"
"NM_014752","SPCS2"
"NM_018295","TMEM140"
"THC2593596",NA
"AF018283",NA
"BC035471",NA
"NM_021952","ELAVL4"
"AK094885",NA
"AK022059",NA
"NM_032869","NUDCD1"
"AK022609",NA
"AK074778",NA
"NM_203400","RPRML"
"NM_145260","OSR1"
"NM_020474","GALNT1"
"NM_024699","ZFAND1"
"BE830535",NA
"NM_001037637","BTF3"
"A_24_P452326",NA
"NM_004704","RRP9"
"NM_018341","ERMARD"
"A_24_P204144",NA
"NM_145699","APOBEC3A"
"ENST00000359244",NA
"A_24_P110487",NA
"A_32_P132883",NA
"NM_002136","HNRNPA1"
"A_24_P67765",NA
"A_23_P31563",NA
"NM_032266","SPATA31H1"
"A_24_P490109",NA
"NM_025010","KLHL18"
"A_24_P915894",NA
"ENST00000366569",NA
"AL049925",NA
"THC2550202",NA
"NM_173503","EFCAB3"
"THC2565608",NA
"NM_022096","ANKEF1"
"THC2619153",NA
"NM_002831","PTPN6"
"ENST00000330910",NA
"CR624517",NA
"NM_007204","DDX20"
"BC041387",NA
"NM_007234","DCTN3"
"NM_014808","FARP2"
"NM_015556","SIPA1L1"
"NM_201566","SLC16A13"
"A_24_P761490",NA
"NM_003766","BECN1"
"XR_017750",NA
"NM_003212","CRIPTO"
"NM_003383","VLDLR"
"NM_001013667","LOC399900"
"NM_001739","CA5A"
"NM_145325","POLR2J2"
"AK091375",NA
"THC2666431",NA
"NM_016081","PALLD"
"NM_016589","TIMMDC1"
"NM_018241","TMEM184C"
"NM_024545","SAP130"
"NM_020353","PLSCR4"
"NM_198939","PTGES2"
"AF487905",NA
"NM_002164","IDO1"
"A_32_P95502",NA
"NM_003891","PROZ"
"NM_006085","BPNT1"
"BQ014459",NA
"THC2652888",NA
"NM_001235","SERPINH1"
"NP389850",NA
"NM_003475","RASSF7"
"XR_018569",NA
"NM_004436","ENSA"
"THC2755433",NA
"NM_181435","C1QTNF3"
"A_24_P338151",NA
"NM_052956","ACSM1"
"NM_033547","INTS4"
"THC2591546",NA
"NM_001040437","SNHG32"
"NM_139279","MCFD2"
"NM_014419","DKKL1"
"ENST00000312958",NA
"NM_052911","ESCO1"
"NM_173554","CABCOCO1"
"AK026403",NA
"NM_001037288","CMTM5"
"NM_003629","PIK3R3"
"AK075554",NA
"ENST00000378260",NA
"A_32_P131090",NA
"NM_014849","SV2A"
"AI424389",NA
"NM_000631","NCF4"
"A_32_P31206",NA
"A_23_P414771",NA
"XM_929617",NA
"A_24_P918926",NA
"BC026316",NA
"NM_033297","NLRP12"
"THC2631546",NA
"ENST00000221315",NA
"NM_001039933","CD79B"
"XR_019167",NA
"NM_016141","DYNC1LI1"
"NM_022158","FN3K"
"AL390175",NA
"AK091759",NA
"NM_002079","GOT1"
"BC105283",NA
"NM_004474","FOXD2"
"NM_152511","DUSP18"
"THC2623234",NA
"NM_001931","DLAT"
"NM_000434","NEU1"
"AK129982",NA
"A_32_P201785",NA
"NM_152375","KLHDC7A"
"AK091192",NA
"NM_024670","SUV39H2"
"NM_001038","SCNN1A"
"AK124399",NA
"XM_001128309",NA
"NM_001042507","LGALS7B"
"THC2523793",NA
"NM_024852","AGO3"
"NM_002259","KLRC1"
"NM_145894","KLK12"
"THC2521437",NA
"AB014518",NA
"A_32_P194182",NA
"NR_003098","SNHG1"
"NM_001031725","DDX59"
"NM_014165","NDUFAF4"
"AK025116",NA
"NM_181526","MYL9"
"BF923810",NA
"NM_001012267","CENPP"
"NM_207113","SLC37A3"
"AK024437",NA
"THC2645398",NA
"NM_130446","KLHL6"
"NM_033277","LACRT"
"NM_001267","CHAD"
"AK131325",NA
"BC011671",NA
"NM_000068","CACNA1A"
"BX104354",NA
"A_24_P307368",NA
"XM_001130134",NA
"NM_054024","MIA2"
"AF113012",NA
"NM_001933","DLST"
"NM_174893","BACC1"
"AK021734",NA
"NM_001845","COL4A1"
"AK094981",NA
"NM_005669","REEP5"
"BC051298",NA
"ENST00000370855",NA
"A_32_P149735",NA
"NM_145341","PDCD4"
"NM_014751","MTSS1"
"NM_016224","SNX9"
"NM_005239","ETS2"
"NM_000584","CXCL8"
"AA045093",NA
"NM_022903","CCDC71"
"NM_032116","KATNAL1"
"NM_000488","SERPINC1"
"AF068286",NA
"AK026467",NA
"AK023055",NA
"NM_002223","ITPR2"
"NR_002307","MSX2P1"
"NM_006996","SLC19A2"
"NM_005013","NUCB2"
"NM_144580","GLMP"
"THC2704192",NA
"AK074713",NA
"BE175081",NA
"THC2549673",NA
"THC2582296",NA
"NM_020959","ANO8"
"NM_003316","TTC3"
"NM_052909","PLEKHG4B"
"A_24_P913517",NA
"AB209777",NA
"NM_024779","PIP4K2C"
"A_32_P169696",NA
"AT_nX_3",NA
"NM_003530","H3C4"
"NM_018322","SAYSD1"
"CR620532",NA
"A_23_P64962",NA
"THC2697041",NA
"NM_000861","HRH1"
"NM_032525","TUBB6"
"NM_030753","WNT3"
"NM_012089","ABCB10"
"NM_173354","SIK1"
"NM_002867","RAB3B"
"NM_022118","RBM26"
"NM_021148","ZNF273"
"NM_016006","ABHD5"
"NM_031286","SH3BGRL3"
"NM_000548","TSC2"
"NM_001971","CELA1"
"NM_177417","KLC3"
"NM_006702","PNPLA6"
"NM_001136","AGER"
"NM_004804","CIAO1"
"NM_001014795","ILK"
"ENST00000292543",NA
"NM_004189","SOX14"
"NM_005920","MEF2D"
"AK095564",NA
"NM_020441","CORO1B"
"NM_001039614","INSYN1"
"NM_002069","GNAI1"
"A_32_P148683",NA
"NM_032312","YIPF4"
"NM_000679","ADRA1B"
"AY116216",NA
"NM_004469","VEGFD"
"NM_020536","KAT14"
"NM_003774","GALNT4"
"AK074886",NA
"ENST00000369381",NA
"NM_207111","RNF216"
"THC2671126",NA
"NM_003423","ZNF43"
"AK027865",NA
"ENST00000371142",NA
"NM_002540","ODF2"
"NM_152274","CCNQ"
"NM_003523","H2BC6"
"THC2674354",NA
"BU732811",NA
"ENST00000305973",NA
"THC2562062",NA
"NM_017971","MRPL20"
"NM_032483","PLPP5"
"NM_018152","DZANK1"
"BX099682",NA
"NM_022100","MRPS14"
"CR610404",NA
"NM_004830","MED23"
"NM_000992","RPL29"
"XM_371643",NA
"ENST00000382595",NA
"CB243794",NA
"NM_033445","H2AC25"
"NM_020651","PELI1"
"BQ934520",NA
"NM_001012302","ANO9"
"NM_014584","ERO1A"
"AB051431",NA
"XR_018444",NA
"NM_002090","CXCL3"
"NM_025248","SRCIN1"
"A_32_P70027",NA
"NM_000298","PKLR"
"BC035034",NA
"BX419129",NA
"NM_018718","CEP41"
"NM_182848","CLDN10"
"THC2503417",NA
"THC2705431",NA
"A_32_P78285",NA
"NM_000910","NPY2R"
"BM979607",NA
"NM_145301","TVP23C"
"NM_032856","WDR73"
"BC010491",NA
"AL359590",NA
"CF529502",NA
"NM_001008491","SEPTIN2"
"A_24_P417922",NA
"NR_002144","LOC407835"
"NM_004394","DAP"
"NM_020207","ERCC6L2"
"AK001533",NA
"NM_000997","RPL37"
"NM_020179","SMCO4"
"NM_006764","IFRD2"
"NM_020731","AHRR"
"THC2755576",NA
"AK090416",NA
"AL360201",NA
"NM_003392","WNT5A"
"A_23_P141785",NA
"NM_032294","CAMKK1"
"NM_033132","ZIC5"
"ENST00000277575",NA
"AK021593",NA
"BC008091",NA
"A_23_P72434",NA
"NM_022644","CSH2"
"NM_025063","MROH9"
"NM_016212","TP53TG3"
"NM_006861","RAB35"
"A_24_P928119",NA
"BC035260",NA
"NM_003241","TGM4"
"NM_005240","ETV3"
"NM_015412","RMP64"
"NM_017736","THUMPD1"
"NM_014960","ARSG"
"NM_016511","CLEC1A"
"CB050471",NA
"NM_152282","PXYLP1"
"NM_002017","FLI1"
"BC015383",NA
"NM_024625","ZC3HAV1"
"AY358728",NA
"NM_000388","CASR"
"XR_016757",NA
"THC2583272",NA
"NM_004202","TMSB4Y"
"NM_001002760","BPY2B"
"NM_001129","AEBP1"
"NM_033180","OR51B2"
"NM_022068","PIEZO2"
"XR_018971",NA
"NM_181607","KRTAP19-1"
"NM_006158","NEFL"
"NM_002355","M6PR"
"NM_019099","INKA2"
"BC003075",NA
"THC2505819",NA
"AB075501",NA
"THC2650916",NA
"AF088033",NA
"NM_003820","TNFRSF14"
"NM_152359","CPT1C"
"XM_495873",NA
"AK097604",NA
"NM_174947","MIR7-3HG"
"THC2653841",NA
"NM_000715","C4BPA"
"NM_005149","TBX19"
"NM_000605","IFNA2"
"THC2536659",NA
"NM_006227","PLTP"
"AK024868",NA
"BC005136",NA
"NM_015313","ARHGEF12"
"NM_005161","APLNR"
"NM_145238","ZSCAN20"
"CK300181",NA
"NM_058238","WNT7B"
"NM_144503","F11R"
"BX647217",NA
"NM_181775","PLXNA4"
"A_24_P867702",NA
"XM_001131376",NA
"NM_198381","ELF5"
"BX112397",NA
"THC2506535",NA
"AB037766",NA
"BC028229",NA
"NM_198462","DCDC1"
"NM_005274","GNG5"
"NM_198545","DRAXIN"
"NM_145911","ZNF23"
"T82292",NA
"NM_001170","AQP7"
"NM_004857","AKAP5"
"NM_006079","CITED2"
"NM_003121","SPIB"
"NM_018198","DNAJC11"
"NM_080758","TBX6"
"ENST00000330490",NA
"NM_173508","SLC35F3"
"NM_006168","NKX6-1"
"AK027319",NA
"NM_016607","ARMCX3"
"BC030525",NA
"NM_018211","RAVER2"
"NM_198582","KLHL30"
"NM_173536","GABRG1"
"NM_000493","COL10A1"
"NM_152742","GPC2"
"ENST00000341569",NA
"NM_001011515","PDLIM5"
"A_24_P178333",NA
"NM_018186","FIRRM"
"AK026213",NA
"BX648930",NA
"NM_004035","ACOX1"
"NM_018689","CEMIP"
"THC2706921",NA
"A_24_P792988",NA
"NM_001059","TACR3"
"NM_003933","BAIAP3"
"THC2701372",NA
"NM_001002915","IGFL2"
"NM_001004475","OR10T2"
"NM_002921","RGR"
"NM_194285","SPTY2D1"
"NM_012429","SEC14L2"
"BQ000605",NA
"ENST00000272643",NA
"NM_020937","FANCM"
"NM_178126","RETREG3"
"THC2586712",NA
"THC2672083",NA
"ENST00000369615",NA
"NM_173556","CCDC83"
"NM_004257","TGFBRAP1"
"NM_002227","JAK1"
"NM_014906","PPM1E"
"NM_004171","SLC1A2"
"NM_001014279","ANXA2R"
"NM_001031716","NABP1"
"NM_032352","BRMS1L"
"BC070091",NA
"ENST00000319373",NA
"BC048201",NA
"ENST00000325122",NA
"NM_005502","ABCA1"
"NM_182559","TMPRSS12"
"NM_017748","CWC25"
"NM_014186","COMMD9"
"THC2732966",NA
"NM_138795","ARL8A"
"AA235034",NA
"AI051172",NA
"NM_020211","RGMA"
"NM_012223","MYO1B"
"NM_001039360","ZBTB7C"
"NM_015245","ANKS1A"
"NM_030941","REXO5"
"CR749360",NA
"A_24_P483331",NA
"NM_018355","ZNF415"
"BC036669",NA
"NM_022120","OXCT2"
"XR_018826",NA
"BC040018",NA
"NM_006864","LILRB3"
"NM_000633","BCL2"
"THC2679528",NA
"NM_001024924","EXOC1"
"NM_006195","PBX3"
"AI435457",NA
"NM_032895","MIR22HG"
"THC2657587",NA
"NM_022896","LPIN3"
"BC033994",NA
"ENST00000322370",NA
"BU686376",NA
"BC028224",NA
"NM_178493","NOTUM"
"BX090181",NA
"NM_018569","AP1AR"
"NM_001214","GAS8-AS1"
"THC2630983",NA
"NM_024646","ZYG11B"
"NM_013345","GPR132"
"NM_000459","TEK"
"NM_001040441","ZBTB8A"
"NM_152727","CPNE2"
"A_24_P615207",NA
"NM_018688","BIN3"
"NM_017871","INTS11"
"NM_032353","VPS25"
"NM_006319","CDIPT"
"NM_000014","A2M"
"AF113008",NA
"AK124707",NA
"NM_176882","TAS2R40"
"NM_014630","ZNF592"
"NM_000671","ADH5"
"NM_014625","NPHS2"
"AK022038",NA
"NM_017578","ROPN1"
"NM_032270","LRRC8C"
"NM_020813","ZNF471"
"NM_015627","LDLRAP1"
"NM_001004351","SPDYE3"
"NM_001761","CCNF"
"NM_017799","TMEM260"
"NM_172350","CD46"
"NM_033229","TRIM15"
"NM_014056","HIGD1A"
"THC2716965",NA
"NM_080597","OSBPL1A"
"ENST00000258884",NA
"NM_178424","SOX30"
"A_24_P186354",NA
"NM_173546","KLHDC8B"
"NM_001033659","MEIOC"
"NM_012253","TKTL1"
"NM_014051","TMEM14A"
"THC2694186",NA
"AF318327",NA
"NM_006042","HS3ST3A1"
"AB083483",NA
"NM_033440","CELA2A"
"NM_005937","MLLT6"
"AK023690",NA
"BC015370",NA
"NM_016248","AKAP11"
"A_24_P366457",NA
"NM_000042","APOH"
"THC2637155",NA
"NM_001012276","PRAMEF8"
"THC2662703",NA
"NM_015192","PLCB1"
"AL133570",NA
"NM_000430","PAFAH1B1"
"THC2627335",NA
"AK095698",NA
"AY629351",NA
"AW291607",NA
"NM_004527","MEOX1"
"A_32_P169353",NA
"DT220604",NA
"AF334946",NA
"NM_153220",NA
"CR600291",NA
"A_24_P747419",NA
"NM_020382","KMT5A"
"NM_004850","ROCK2"
"A_24_P839075",NA
"NM_003007","SEMG1"
"THC2609891",NA
"NM_005708","GPC6"
"A_24_P887695",NA
"NM_080878","ITLN2"
"THC2701431",NA
"NM_014189","ADD1"
"ENST00000368599",NA
"BC001027",NA
"AY358137",NA
"NM_032594","INSM2"
"THC2683295",NA
"NM_001003693","LY6G6F"
"NM_004973","JARID2"
"NM_007257","PNMA2"
"BC036626",NA
"NM_020157","OTOR"
"NM_001939","DRP2"
"THC2701869",NA
"NM_002846","PTPRN"
"NM_006086","TUBB3"
"AK092748",NA
"NM_004321","KIF1A"
"NM_021046","KRTAP5-8"
"NM_012398","PIP5K1C"
"THC2670311",NA
"NM_003762","VAMP4"
"NM_145019","FAM124A"
"AL109784",NA
"NM_198923","MRGPRD"
"NM_025041","C3orf36"
"NM_033318","SMDT1"
"NM_006391","IPO7"
"AF085902",NA
"NM_006080","SEMA3A"
"CR749708",NA
"THC2656116",NA
"X92493",NA
"NM_016216","DBR1"
"AA843546",NA
"NM_147198","WFDC9"
"A_32_P118969",NA
"XM_941485",NA
"NM_001024210","S100A13"
"THC2705025",NA
"NM_002616","PER1"
"NM_004565","PEX14"
"ENST00000310773",NA
"NM_001712","CEACAM1"
"NM_003023","SH3BP2"
"NM_003125","SPRR1B"
"NM_014030","GIT1"
"THC2679226",NA
"NM_001040630","NCALD"
"NM_145733","SEPTIN3"
"NM_001012334","MDK"
"AK090585",NA
"AK055190",NA
"NM_003727","DNAH17"
"NM_021635","PBOV1"
"NM_133458","ZFP90"
"XR_018461",NA
"AA495894",NA
"NM_015000","STK38L"
"NM_020342","SLC39A10"
"NM_005834","TIMM17B"
"NM_003641","IFITM1"
"NM_080546","SLC44A1"
"NM_020803","KLHL8"
"A_24_P144275",NA
"NM_001002259","CAPRIN2"
"A_32_P31021",NA
"NM_207459","TEX19"
"AK131529",NA
"NM_003651","YBX3"
"NM_002993","CXCL6"
"NM_004523","KIF11"
"NM_014444","TUBGCP4"
"A_32_P331700",NA
"NM_006605","RFPL2"
"X51417",NA
"NM_198550",NA
"ENST00000371256",NA
"BX423609",NA
"NM_000976","RPL12"
"NM_001079559","HNRNPUL2"
"THC2669575",NA
"XM_929407",NA
"NM_002557","OVGP1"
"AK001979",NA
"AK074614",NA
"AK129724",NA
"ENST00000257704",NA
"NM_000026","ADSL"
"NM_012164","FBXW2"
"NM_002287","LAIR1"
"CR592483",NA
"NM_000833","GRIN2A"
"AK055226",NA
"NM_018965","TREM2"
"NM_002699","POU3F1"
"NM_080663","ERI2"
"NM_005822","RCAN2"
"NM_152773","DYNLT2B"
"ETG10_195139",NA
"NM_005228","EGFR"
"NM_006819","STIP1"
"NR_001317","HCG4B"
"A_24_P358534",NA
"AK054645",NA
"NM_020307","CCNL1"
"NM_021784","FOXA2"
"NM_016220","ZNF107"
"NM_198990","NAPEPLD"
"NM_004010","DMD"
"NM_003012","SFRP1"
"NM_000259","MYO5A"
"NM_004585","PLAAT4"
"A_24_P119115",NA
"A_24_P255965",NA
"NM_080870","MUCL3"
"NM_006007","ZFAND5"
"NM_001409","MEGF6"
"NM_020145","SH3GLB2"
"NM_002115","HK3"
"NM_004937","CTNS"
"AK090412",NA
"THC2549847",NA
"AK124946",NA
"NM_052841","TSSK3"
"NM_001199","BMP1"
"NM_022355","DPEP2"
"NM_032405","TMPRSS3"
"NM_001013631","HNRNPCL1"
"NM_032102","SRSF8"
"BX109843",NA
"BC047110",NA
"A_24_P932958",NA
"THC2683527",NA
"NM_015238","WWC1"
"AY358106",NA
"NM_138815","DPPA2"
"ENST00000337102",NA
"A_24_P937402",NA
"AL110263",NA
"AK074565",NA
"BX537520",NA
"NM_000369","TSHR"
"ENST00000362067",NA
"NM_001003683","PDE1A"
"NM_004672","MAP3K6"
"NM_002688","SEPTIN5"
"ENST00000281228",NA
"NM_015102","NPHP4"
"NM_004248","PRLHR"
"T05215",NA
"DB524600",NA
"AF130117",NA
"NM_033532","CDK11A"
"NM_000741","CHRM4"
"AK090397",NA
"NM_152556","SAMTOR"
"NM_033657","DAP3"
"NM_002472","MYH8"
"NM_181657","LTB4R"
"NM_057096","CYP3A43"
"NM_004348",NA
"AK129584",NA
"NM_014245","RNF7"
"NM_023112","OTUB2"
"NM_182664","RASSF5"
"NM_007077","AP4S1"
"NM_001564","ING2"
"NM_133625","SYN2"
"NM_004210","NEURL1"
"NM_033410","ZNF764"
"NM_017827","SARS2"
"NM_004718","COX7A2L"
"Z20144",NA
"AB075848",NA
"THC2665398",NA
"NM_005233","EPHA3"
"A_32_P83411",NA
"AK091796",NA
"BF817421",NA
"AK098479",NA
"NM_015387","MOB4"
"AF143324",NA
"AK024943",NA
"NM_032782","HAVCR2"
"NM_001004195","OR4F4"
"NM_004560","ROR2"
"A_32_P124521",NA
"BC053353",NA
"NM_006454","MXD4"
"NM_005906","MAK"
"NM_004765","BCL7C"
"BC032585",NA
"NM_018110","DOK4"
"AK124328",NA
"NM_000263","NAGLU"
"BX372426",NA
"NM_001861","COX4I1"
"NM_198855","ZNF211"
"NM_000923","PDE4C"
"NM_145206","VTI1A"
"NM_182802","MCM8"
"NM_001042353","FAM110A"
"ENST00000342812",NA
"ENST00000327804",NA
"NM_022451","NOC3L"
"NM_153703","PODN"
"NM_000842","GRM5"
"CA772440",NA
"ENST00000360738",NA
"NM_177533","NUDT14"
"THC2711663",NA
"NM_001007559","SS18"
"NM_004869","VPS4B"
"BX538057",NA
"ENST00000377093",NA
"NM_021211","ZBED5"
"XR_018785",NA
"CR749500",NA
"NR_001536","TTTY2"
"NM_000258","MYL3"
"A_24_P794189",NA
"THC2697442",NA
"AF119909",NA
"NM_005197","FOXN3"
"NM_145308","SHANK2-AS3"
"NM_022918","TMEM135"
"NM_001008540","CXCR4"
"NM_001002905","OR8G1"
"ENST00000372127",NA
"AB082533",NA
"NM_138453","RAB3C"
"THC2557219",NA
"NM_014417","BBC3"
"CR615016",NA
"AK024930",NA
"THC2657989",NA
"BC009264",NA
"NM_005788","PRMT3"
"ENST00000333926",NA
"NM_032687","TMEM276"
"AB040888",NA
"NM_033017","TRIM4"
"NM_001053","SSTR5"
"THC2664371",NA
"THC2722117",NA
"AF293339",NA
"NM_001420","ELAVL3"
"BC111384",NA
"NM_147190","CERS5"
"AK056827",NA
"NM_001012","RPS8"
"A_32_P227496",NA
"NM_199346","PFN4"
"BX413319",NA
"NM_003224","ARFRP1"
"NM_139015","SPPL3"
"NM_138805","FAM3D"
"NM_173828","RELL2"
"NM_001040283","DMRTC2"
"NM_016142","HSD17B12"
"NM_001783","CD79A"
"NM_019072","SGTB"
"NM_203301","FBXO33"
"A_24_P938254",NA
"BC006795",NA
"NM_015459","ATL3"
"BC031274",NA
"NM_003440","ZNF140"
"NM_016513","CILK1"
"NM_025169","ZKSCAN7"
"NM_000831","GRIK3"
"BC063633",NA
"NM_020649","CBX8"
"AA742651",NA
"BC021560",NA
"NM_004623","TTC4"
"THC2651501",NA
"ENST00000375923",NA
"AK130705",NA
"NM_017459","MFAP2"
"AK022953",NA
"NM_145641","APOL3"
"BU616217",NA
"NM_173463","CCDC149"
"NM_002591","PCK1"
"NM_005828","DCAF7"
"BC028228",NA
"R78313",NA
"NM_182497","KRT40"
"NM_014989","RIMS1"
"NM_173476","CCDC78"
"BX099457",NA
"AF070564",NA
"NM_014690","FAM131B"
"NM_033386","MICALL1"
"NM_001040613","TMEM70"
"NM_001014811","ME3"
"NM_022045","MTBP"
"AB075826",NA
"NM_002748","MAPK6"
"NM_003749","IRS2"
"NM_181698","CCNY"
"BX091616",NA
"AF040257",NA
"A_24_P629163",NA
"AK091573",NA
"XR_015409",NA
"NR_001533","TTTY8"
"THC2754061",NA
"AK094046",NA
"NM_005623","CCL8"
"AK058104",NA
"AY040225",NA
"NM_001042430","ZC2HC1C"
"AK130400",NA
"AF343007",NA
"NM_139238","ADAMTSL1"
"THC2646608",NA
"ENST00000377226",NA
"NM_006750","SNTB2"
"AA449494",NA
"AK125510",NA
"A_32_P122089",NA
"NM_021003","PPM1A"
"NM_173567","EPHX4"
"NM_018643","TREM1"
"AK093019",NA
"THC2540497",NA
"NM_153277","SLC22A6"
"XR_018815",NA
"THC2643762",NA
"A_24_P874334",NA
"NM_016410","CHMP5"
"NM_005225","E2F1"
"NM_001012515","FECH"
"NM_033450","ABCC10"
"AK093413",NA
"NM_012239","SIRT3"
"NM_032905","RBM17"
"NM_032649","CNDP1"
"NM_005276","GPD1"
"NM_014992","DAAM1"
"THC2537179",NA
"THC2534012",NA
"AL137354",NA
"NM_005851","CDK2AP2"
"BC031359",NA
"NM_016377","AKAP7"
"BC015210",NA
"NM_198188","ASTN2"
"NM_017453","STAU1"
"XR_018093",NA
"NM_001012968","SPIN4"
"AK096415",NA
"NM_018342","TMEM144"
"NM_053275","RPLP0"
"NM_013261","PPARGC1A"
"NM_022054","KCNK13"
"NM_006693","CPSF4"
"THC2758094",NA
"NM_152448","TERB2"
"NM_013234","EIF3K"
"AK097322",NA
"NM_004122","GHSR"
"NM_000242","MBL2"
"NM_000474","TWIST1"
"NM_057169","GIT2"
"NM_032814","RNFT2"
"NM_001553","IGFBP7"
"NM_015576","ERC2"
"NM_014109","ATAD2"
"ENST00000358618",NA
"NM_000578","SLC11A1"
"NM_031882","PCDHAC1"
"AF086125",NA
"A_24_P938025",NA
"NM_002130","HMGCS1"
"NM_000290","PGAM2"
"A_32_P170436",NA
"NM_024051","GGCT"
"AA385540",NA
"NM_006205","PDE6H"
"NM_016505","ZCCHC17"
"NM_014230","SRP68"
"NM_014966","DHX30"
"NM_001032389","SPDYE8"
"NM_173825","RABL3"
"NM_178540","C1QTNF9"
"NP106190",NA
"NM_002926","RGS12"
"NM_002200",NA
"NR_003034","SEPTIN7P11"
"NM_004987","LIMS1"
"BC013025",NA
"NM_001037161","ACOT1"
"NM_001014764","EMC6"
"NM_016025","METTL9"
"AF087999",NA
"NM_198525","KIF7"
"AK027393",NA
"NM_001011","RPS7"
"NM_018131","CEP55"
"NM_001079675","ETV4"
"AK021445",NA
"NM_001037163","FAM220A"
"ENST00000342888",NA
"NM_057162","KLHL4"
"ENST00000341376",NA
"NM_181713","UBXN2A"
"NM_016239","MYO15A"
"AI038106",NA
"NM_133639","RHOV"
"NM_020935","USP37"
"NM_016194","GNB5"
"AK026896",NA
"THC2643490",NA
"AL110203",NA
"NM_080927","DCBLD2"
"ENST00000356177",NA
"NM_002440","MSH4"
"NM_002982","CCL2"
"NM_030765","B3GNT4"
"NM_173550","CCDC171"
"XR_019115",NA
"NM_024665","TBL1XR1"
"NR_001448","ADAM5"
"AF103312",NA
"THC2553543",NA
"NM_014838","ZBED4"
"AK026485",NA
"NM_014614","PSME4"
"A_32_P100771",NA
"CR606587",NA
"NM_002885","RAP1GAP"
"NM_016147","PPME1"
"BP249121",NA
"THC2507321",NA
"A_32_P1076",NA
"THC2683880",NA
"NM_003206","TCF21"
"NM_018479","ECHDC1"
"THC2646628",NA
"A_24_P925779",NA
"W72519",NA
"NM_152221","CSNK1E"
"NM_022832","USP46"
"A_32_P90178",NA
"AB043587",NA
"NM_005194","CEBPB"
"NM_002306","LGALS3"
"NM_007126","VCP"
"NM_201546","CDCP2"
"XR_019545",NA
"NM_001042475","CEP85L"
"THC2591726",NA
"ENST00000317931",NA
"NM_015531","C2CD3"
"AB062488",NA
"NM_183241","PAXX"
"NM_006715","MAN2C1"
"THC2655336",NA
"NM_020438","DOLPP1"
"THC2612710",NA
"NM_199350","C9orf50"
"NM_005370","RAB8A"
"THC2615429",NA
"NM_152913","TMEM130"
"NM_053016","PALM2AKAP2"
"NM_002406","MGAT1"
"BG009439",NA
"NR_002793","TPTE2P3"
"BE702584",NA
"NM_018321","BRIX1"
"AK024113",NA
"ENST00000374541",NA
"S79672",NA
"NM_014809","KIAA0319"
"THC2589620",NA
"CK818527",NA
"THC2667205",NA
"NM_000624","SERPINA5"
"NM_002927","RGS13"
"ENST00000305749",NA
"BF063428",NA
"NM_001002029","C4B"
"NM_022720","DGCR8"
"NM_003380","VIM"
"NM_001025295","IFITM5"
"NM_014601","EHD2"
"THC2668359",NA
"NM_007270","FKBP9"
"NM_178863","KCTD13"
"NM_006500","MCAM"
"A_24_P930705",NA
"NM_015609",NA
"NM_014911","AAK1"
"THC2526838",NA
"NM_016091","EIF3L"
"NM_003334","UBA1"
"NM_004378","CRABP1"
"NM_001749","CAPNS1"
"NM_012481","IKZF3"
"AL136545",NA
"NM_178865","SERINC2"
"NM_207337",NA
"NM_153816","SNX14"
"ENST00000367169",NA
"NM_002178","IGFBP6"
"NM_001316","CSE1L"
"G36550",NA
"NM_021147","CCNO"
"NM_001039703","NBPF10"
"NM_001009813","MEIS3"
"BG181677",NA
"AJ295984",NA
"NM_001017970","TMEM30B"
"A_32_P212802",NA
"AT_nD_5",NA
"AK001109",NA
"NM_017982","SUSD4"
"NM_032598","SPATA22"
"NM_005442","EOMES"
"NM_021117","CRY2"
"NM_005621","S100A12"
"NM_018222","PARVA"
"DB304731",NA
"NM_032626","RBBP6"
"AB018323",NA
"AK021664",NA
"NM_022150","NPVF"
"BQ367072",NA
"AY358194",NA
"THC2568257",NA
"NM_001039948","SGSM1"
"X97675",NA
"NM_005540","INPP5B"
"NM_000151","G6PC1"
"NM_182488","USP12"
"A_24_P730256",NA
"CB243475",NA
"ENST00000238571",NA
"NM_001001417","TBC1D3B"
"NM_004145","MYO9B"
"ENST00000374537",NA
"NM_021640","MYG1"
"A_23_P75820",NA
"NM_024298","MBOAT7"
"NM_024310","PLEKHF1"
"NM_012112","TPX2"
"NM_004091","E2F2"
"NM_014008","CCDC22"
"A_24_P912985",NA
"NM_030949","PPP1R14C"
"AL122070",NA
"NM_001042537","SLC9A6"
"THC2669541",NA
"THC2578705",NA
"A_24_P936860",NA
"A_32_P43178",NA
"NM_020153","IFT46"
"NM_144584","HENMT1"
"NM_080871","ASB10"
"NM_016498","MTFP1"
"BC040966",NA
"NM_000090","COL3A1"
"NM_145040","CAVIN3"
"NM_001660","ARF4"
"NM_001862","COX5B"
"XR_018584",NA
"AY102069",NA
"NM_199249","C19orf48P"
"NM_032347","ZNF397"
"AK097351",NA
"NM_021628","ALOXE3"
"NM_017730","QRICH1"
"ENST00000336112",NA
"NM_032322","RNF135"
"NM_002868","RAB5B"
"NM_004617","TM4SF4"
"BM503308",NA
"THC2678006",NA
"NM_005020","PDE1C"
"NM_006965","ZNF24"
"AK126329",NA
"ENST00000342224",NA
"NM_001017372","SLC27A6"
"THC2674165",NA
"NM_003073","SMARCB1"
"NM_001002925","OR5AP2"
"NM_019104","LIN37"
"BC007307",NA
"NM_019084","CCNJ"
"AA610484",NA
"THC2738841",NA
"NM_001004285","DFFB"
"NM_152888","COL22A1"
"BE049564",NA
"BC023989",NA
"AK074097",NA
"NM_171998","RAB39B"
"THC2679390",NA
"NM_053001","OSR2"
"ENST00000371079",NA
"BC069781",NA
"ENST00000302932",NA
"NM_004109","FDX1"
"NM_006827","TMED10"
"A_23_P45712",NA
"NM_019053","EXOC6"
"ENST00000343158",NA
"CB528527",NA
"NM_020231",NA
"NM_017747","ANKHD1"
"NM_020432","PHTF2"
"THC2655811",NA
"BC039411",NA
"A_24_P910589",NA
"NM_015208","ANKRD12"
"A_24_P932031",NA
"NM_194298","SLC16A9"
"NM_015608","EDRF1"
"NM_078467","CDKN1A"
"NM_024095","ASB8"
"AB128832",NA
"NM_024508","ZBED2"
"NM_017435","SLCO1C1"
"THC2674900",NA
"NM_014937","INPP5F"
"NM_004797","ADIPOQ"
"NM_001159","AOX1"
"NM_024854","PYROXD1"
"NM_145305","SLC25A43"
"NM_022802","CTBP2"
"NM_006423","RABAC1"
"CR744556",NA
"AK001120",NA
"NM_017759","INO80D"
"NM_173694","ATP11C"
"XR_018695",NA
"A_24_P913855",NA
"CR627362",NA
"BC090057",NA
"CR610181",NA
"NM_021213","PCTP"
"NM_003695","LY6D"
"AJ291678",NA
"NM_015184","PLCL2"
"NM_002572","PAFAH1B2"
"A_24_P752853",NA
"A_24_P118874",NA
"NM_001251","CD68"
"AK124352",NA
"AA343139",NA
"NM_024807","TREML2"
"AF086115",NA
"NM_145720","TIGD4"
"BC024745",NA
"NM_020967","NCOA5"
"THC2657745",NA
"NM_014862","ARNT2"
"AF130107",NA
"NM_024767","DLC1"
"XR_017377",NA
"NM_005164","ABCD2"
"NM_144575","CAPN13"
"NM_015939","TRMT6"
"NM_024068","NABP2"
"NM_025222","WDR82"
"BC030115",NA
"NM_033632","FBXW7"
"NM_006178","NSF"
"A_24_P917074",NA
"NM_015537","NSMF"
"NM_005204","MAP3K8"
"NM_001030288","SPN"
"XM_937403",NA
"NM_007195","POLI"
"A_24_P75408",NA
"AK098736",NA
"AK125949",NA
"AB018297",NA
"NM_024514","CYP2R1"
"NM_023075","MPPE1"
"NM_006646","WASF3"
"NM_174907","PPP4R2"
"NM_004726","REPS2"
"NM_001011543","MAGEA10"
"ENST00000328681",NA
"A_23_P1894",NA
"NM_033256","PPP1R14A"
"THC2598808",NA
"A_24_P392910",NA
"BC017939",NA
"NM_170697","ALDH1A2"
"NM_021942","TRAPPC11"
"AF075027",NA
"AK096405",NA
"BC062570",NA
"ENST00000317720",NA
"THC2645710",NA
"NM_002783","PSG7"
"NM_012388","BLOC1S6"
"XM_932981",NA
"A_24_P75748",NA
"NM_198536","TMEM205"
"NM_002418","MLN"
"THC2715094",NA
"NM_005338","HIP1"
"NM_001009608","SLX4IP"
"NM_030799","YIPF5"
"NM_198510","ITIH6"
"NM_001778","CD48"
"NM_020470","YIF1A"
"NM_003598","TEAD2"
"NM_014066","COMMD5"
"NM_001520","GTF3C1"
"NM_020839","WDR48"
"NM_001540","HSPB1"
"A_32_P177741",NA
"CD678339",NA
"A_23_P136961",NA
"NM_001001557","GDF6"
"BQ334425",NA
"NM_207581","DUOXA2"
"NM_004375","COX11"
"A_32_P154139",NA
"NM_001005190","OR7A10"
"NM_021724","NR1D1"
"NM_005515","MNX1"
"BX332393",NA
"NM_002929","GRK1"
"AK024131",NA
"NM_012118","NOCT"
"AK022044",NA
"NM_016131","RAB10"
"NM_004507","HUS1"
"ENST00000281133",NA
"AK024186",NA
"A_24_P110101",NA
"NM_005428","VAV1"
"NM_032389","ARFGAP2"
"NM_000838","GRM1"
"NM_007076","FICD"
"AF211169",NA
"NM_001013670","LOC400464"
"BC010081",NA
"NM_012321","LSM4"
"AK024292",NA
"ENST00000375169",NA
"NM_012400","PLA2G2D"
"NM_173653","SLC9A9"
"NM_014494","TNRC6A"
"NM_006443","DNPH1"
"NM_001024666","SH3KBP1"
"AA203154",NA
"CR609715",NA
"NM_024534","ERVMER34-1"
"NM_058230","ZNF354B"
"NM_000676","ADORA2B"
"NM_031435","THAP2"
"NM_032439","PHYHIPL"
"THC2648243",NA
"NM_001006","RPS3A"
"NM_178428","LCE2A"
"NM_016143","NSFL1C"
"BX098639",NA
"NM_020778","ALPK3"
"NM_024726","DRC11"
"AF060170",NA
"NM_023074","ZNF649"
"NM_004285","H6PD"
"NM_003634","NIPSNAP1"
"XR_018058",NA
"BC024289",NA
"NM_018394","ABHD10"
"NM_033055","SLC71A1"
"XM_001132321",NA
"AK000352",NA
"NM_000789","ACE"
"NM_015526","CLIP3"
"NM_015634","KIFBP"
"CR616528",NA
"NM_021080","DAB1"
"NM_005566","LDHA"
"NM_144601","CMTM3"
"NM_001047","SRD5A1"
"NM_145808","MTPN"
"NM_005964","MYH10"
"BQ066852",NA
"ENST00000368945",NA
"NM_178518","TMEM102"
"THC2659519",NA
"NM_173507","CIROZ"
"NM_153334","SCARF2"
"NM_002053","GBP1"
"A_32_P106246",NA
"NM_198969","TLE5"
"NM_000616","CD4"
"THC2683069",NA
"NM_016953","PDE11A"
"ENST00000299502",NA
"AK022297",NA
"THC2538882",NA
"L10374",NA
"NM_005539","INPP5A"
"AL110237",NA
"ENST00000322032",NA
"AL137705",NA
"ENST00000328419",NA
"THC2724046",NA
"XM_933296",NA
"NM_012394","PFDN2"
"NM_018255","ELP2"
"NM_145166","ZBTB47"
"NM_013363","PCOLCE2"
"NM_005172","ATOH1"
"NM_005730","CTDSP2"
"NM_007080","LSM6"
"NM_021633","KLHL12"
"N52008",NA
"A_24_P930180",NA
"NM_005793","NME6"
"NM_014705","DOCK4"
"NM_001559","IL12RB2"
"NM_152485","C1orf74"
"NR_003143","MYADML"
"NM_198390","CMIP"
"NM_198963","DHX57"
"THC2734830",NA
"THC2521656",NA
"NM_012160","FBXL4"
"NM_205849","FAM9B"
"AK096031",NA
"NM_207306","GFOD3P"
"NM_016204","GDF2"
"NM_004576",NA
"NM_014652","IPO13"
"AK025613",NA
"NM_012109","TMEM59L"
"NM_001414","EIF2B1"
"AB033098",NA
"NM_201269","ZNF644"
"AK090478",NA
"NM_178135","HSD17B13"
"BM054818",NA
"NM_006838","METAP2"
"NM_001023571","IQCB1"
"BC070125",NA
"NM_003985","TNK1"
"THC2718118",NA
"NM_001039765","EHMT1"
"NM_006533","MIA"
"NM_025048","ADGRF1"
"NM_152862","ARPC2"
"ENST00000260323",NA
"NM_003199","TCF4"
"NM_015938","NMD3"
"AB051438",NA
"NM_144645","C4orf36"
"NM_133460","ZNF418"
"NM_000246","CIITA"
"BM874185",NA
"A_24_P724807",NA
"NM_007151","ZSCAN26"
"NM_004432","ELAVL2"
"NM_024071","ZFYVE21"
"NM_152750","CDHR3"
"NM_182543","NSUN6"
"NM_020870","SH3RF1"
"AK128476",NA
"NM_004554","NFATC4"
"NM_003835","RGS9"
"NM_173664","ARL10"
"NM_130395","WRNIP1"
"BE217972",NA
"NM_005430","WNT1"
"NM_001025616","ARHGAP24"
"NM_145738","SYNGR1"
"A_23_P4341",NA
"NM_001040109","MLN"
"NM_182762","MACC1"
"NM_020786","PDP2"
"XM_001126001",NA
"NM_145343","APOL1"
"NM_176863","PSME3"
"THC2657647",NA
"NM_002803","PSMC2"
"BQ017638",NA
"NM_001012969","MAPDA"
"THC2683524",NA
"BC042998",NA
"NM_020810","TRMT5"
"THC2669878",NA
"NM_032103","PPP1R12B"
"NM_152300","DDX52"
"BQ374929",NA
"ENST00000354442",NA
"AF267862",NA
"ENST00000332935",NA
"S72604",NA
"BC001256",NA
"NM_015447","CAMSAP1"
"A_32_P134556",NA
"AK057505",NA
"AK160373",NA
"A_24_P884915",NA
"NM_021978","ST14"
"ENST00000373765",NA
"XR_018818",NA
"NM_024308","DHRS11"
"NM_152623","CDC20B"
"NR_002730","BRD7P3"
"NM_016496","MARCHF2"
"ENST00000379192",NA
"BC005220",NA
"BC033184",NA
"THC2515921",NA
"NM_013976","GCDH"
"NM_021090","MTMR3"
"NM_182583","FAM182A"
"NM_001008697","TFIP11"
"ENST00000317596",NA
"BX537772",NA
"A_24_P410117",NA
"NM_198471","KANK3"
"DB518505",NA
"NM_001802","CDR2"
"CA428801",NA
"NM_032166","ATRIP"
"NM_003925","MBD4"
"NM_014480","ZNF544"
"NM_006120","HLA-DMA"
"A_24_P161317",NA
"BE890041",NA
"NM_001681","ATP2A2"
"NM_152429","FGFBP3"
"AF161369",NA
"NP110384",NA
"NM_001017924","LRIT2"
"BC032382",NA
"THC2690780",NA
"NM_005718","ARPC4"
"AK026750",NA
"A_24_P921980",NA
"THC2652864",NA
"NM_000287","PEX6"
"NM_000542","SFTPB"
"AA767131",NA
"AV707592",NA
"NM_015180","SYNE2"
"NM_017767","SLC39A4"
"NM_003438","ZNF137P"
"ENST00000310218",NA
"XR_018368",NA
"BC034791",NA
"BU602485",NA
"NM_017495","RBM38"
"NM_005855","RAMP1"
"AF279782",NA
"NM_015135","NUP205"
"AK127610",NA
"XM_001128828",NA
"NM_007061",NA
"NM_018317","TBC1D19"
"AK091547",NA
"ENST00000338834",NA
"BC032019",NA
"AI024778",NA
"AY358807",NA
"NM_018969","GPR173"
"NM_004364","CEBPA"
"XR_016875",NA
"BE243669",NA
"NM_030973","MED25"
"ENST00000332844",NA
"NM_003741","CHRD"
"THC2650074",NA
"AK022356",NA
"NM_024312","GNPTAB"
"BC040474",NA
"THC2752592",NA
"NM_001584","MPPED2"
"NM_001019","RPS15A"
"ENST00000302078",NA
"ENST00000238616",NA
"NM_012081","ELL2"
"NM_001612","ACRV1"
"A_32_P212566",NA
"NM_182964","NAV2"
"NM_080614","WFDC3"
"NM_212472","PRKAR1A"
"NM_016522","NTM"
"NM_005626","SRSF4"
"BC068588",NA
"THC2669975",NA
"AK026129",NA
"NM_032531","KIRREL3"
"AK125015",NA
"NM_170662","CBLB"
"NM_022581","CSHL1"
"NM_001989","EVX1"
"AK000385",NA
"A_24_P932706",NA
"AF119898",NA
"NM_003328","TXK"
"THC2676737",NA
"AF098968",NA
"S72479",NA
"ENST00000329493",NA
"BC031867",NA
"NM_016139","CHCHD2"
"A_24_P932405",NA
"XR_018550",NA
"AT_nC_3",NA
"NM_152411","ZNF786"
"NM_017969","IWS1"
"NM_005583","LYL1"
"BC005365",NA
"NM_005072","SLC12A4"
"NM_006352","ZBTB18"
"NM_198883","MTX1"
"NM_152401","PDCL2"
"A_32_P52268",NA
"THC2728513",NA
"A_32_P32315",NA
"AK125922",NA
"NM_015902","UBR5"
"BC026114",NA
"NM_003077","SMARCD2"
"BX107702",NA
"NM_006457","PDLIM5"
"BC002663",NA
"AK056245",NA
"NM_001824","CKM"
"A_24_P565898",NA
"NM_173590","MRGPRG-AS1"
"ENST00000356506",NA
"NM_001017916","CYB561"
"NM_001348","DAPK3"
"AK127494",NA
"M30474",NA
"BE694329",NA
"NM_024165","PHF1"
"A_24_P714140",NA
"NM_004366","CLCN2"
"A_24_P620521",NA
"ENST00000219169",NA
"THC2670565",NA
"THC2548773",NA
"NM_138558","PPP1R8"
"NM_007268","VSIG4"
"NM_153223","CEP120"
"THC2663576",NA
"NM_015232","IQSEC3"
"AF130112",NA
"NM_001007231","ARHGAP25"
"THC2476126",NA
"THC2679040",NA
"AK091933",NA
"NM_006761","YWHAE"
"NM_012245","SNW1"
"NM_153209","KIF19"
"S73202",NA
"THC2687713",NA
"THC2548807",NA
"NM_014898","ZFP30"
"CR625561",NA
"NM_004607","TBCA"
"AK054992",NA
"AK095046",NA
"NM_001013694","SRRD"
"L11573",NA
"NM_003890","FCGBP"
"NM_006949","STXBP2"
"ENST00000360329",NA
"CR612226",NA
"NM_144679","TEPSIN"
"NM_138348","OTULIN"
"NM_138479","ZNF436-AS1"
"Z36836",NA
"NM_006891","CRYGD"
"THC2688196",NA
"THC2709754",NA
"L12234",NA
"NM_080422","PTPN2"
"ENST00000370363",NA
"NM_003545","H4C5"
"NM_001300","KLF6"
"NM_021089","ZNF8"
"A_24_P754989",NA
"NM_012123","MTO1"
"BC022417",NA
"NM_003324","TULP3"
"NM_004572","PKP2"
"AW576335",NA
"THC2752562",NA
"NM_152313","SLC36A4"
"BC042108",NA
"A_32_P86264",NA
"BC036033",NA
"NM_016028","KMT5B"
"NM_177457","LYNX1"
"NM_020361","CPA6"
"A_32_P133926",NA
"NM_006516","SLC2A1"
"NM_173690","SCAI"
"NM_015147","CEP68"
"NM_001039905","PAK6-AS1"
"NM_015510","DHRS7B"
"AF116616",NA
"AJ227863",NA
"NR_001564","XIST"
"NM_178548","TFAP2E"
"AA417913",NA
"NM_003260","TLE2"
"NM_000737","CGB3"
"NM_052845","MMAB"
"BC012528",NA
"NM_032442","NEURL4"
"AA458851",NA
"ENST00000378172",NA
"NM_000735","CGA"
"NM_033109","PNPT1"
"A_32_P6442",NA
"NM_007175","ERLIN2"
"NM_005806","OLIG2"
"THC2544977",NA
"AK125221",NA
"NM_015878","AZIN1"
"NM_020408","LYRM4"
"AA835868",NA
"A_24_P921167",NA
"THC2641611",NA
"NM_017420","SIX4"
"NM_022163","MRPL46"
"NM_181831","NF2"
"NM_032679","ZNF577"
"AF090892",NA
"NM_001039775","CRYBG2"
"AL359654",NA
"NM_000018","ACADVL"
"NM_006036","PREPL"
"NM_030917","FIP1L1"
"THC2719293",NA
"NM_001031","RPS28"
"NM_001896","CSNK2A2"
"NM_052866","ADAMTSL1"
"NM_000121","EPOR"
"XR_018843",NA
"NM_001079821","NLRP3"
"NM_198570","VWC2"
"NM_001008401","ZNF761"
"BG182941",NA
"ENST00000360669",NA
"NR_002174","CMAHP"
"BC031974",NA
"A_24_P153234",NA
"AK096956",NA
"NM_023921","TAS2R10"
"XR_016930",NA
"NM_006703","NUDT3"
"NM_173537","GTF2IRD2"
"NM_015462","NOL11"
"NM_080617","CBLN4"
"NM_153714","C10orf67"
"NM_001001349","NKIRAS2"
"NM_032207","C19orf44"
"BC032506",NA
"NM_000710","BDKRB1"
"NM_015401","HDAC7"
"NM_152989","SOX5"
"NM_001009569","MLLT10"
"NM_022835","PLEKHG2"
"AF130050",NA
"NM_018897","DNAH7"
"A_32_P208328",NA
"NM_017416","IL1RAPL2"
"NM_000455","STK11"
"NM_006273","CCL7"
"NM_031485","GRWD1"
"NM_001191","BCL2L1"
"CB114326",NA
"BC053363",NA
"NM_198576","AGRN"
"AW978428",NA
"BC069004",NA
"A_23_P421323",NA
"BC009638",NA
"NM_001004329","DBX2"
"NM_145017","SAXO4"
"BC026965",NA
"NM_021008","DEAF1"
"X92185",NA
"NM_033626","CCDC120"
"BC007917",NA
"NM_006241","PPP1R2"
"NM_173636","WDR62"
"NM_018958","NPAP1"
"NM_005027","PIK3R2"
"NM_024768","EFCC1"
"BC009555",NA
"NM_001032221","STXBP1"
"NM_001981","EPS15"
"NM_178356","LCE4A"
"NM_016079","CHMP3"
"ENST00000342951",NA
"THC2781374",NA
"NM_144975","SLFN5"
"NM_020550","TCL6"
"AK001038",NA
"NM_014715","ARHGAP32"
"NM_153046","TDRD9"
"AA642112",NA
"NM_002141","HOXA4"
"NM_001356","DDX3X"
"BC107865",NA
"AJ230821",NA
"A_24_P940845",NA
"S70348",NA
"NM_182983","HPN"
"AF086011",NA
"BC066984",NA
"XM_001127242",NA
"THC2651649",NA
"NM_005496","SMC4"
"NM_004698","PRPF3"
"AK091528",NA
"BM455859",NA
"NM_175614","NDUFA11"
"A_24_P928920",NA
"NM_012403","ANP32CP"
"NM_018247","TMEM30A"
"NM_020147","THAP10"
"A_32_P235293",NA
"NM_152592","SYNE3"
"NM_016733","LIMK2"
"BC040156",NA
"NM_016504","MRPL27"
"A_24_P926720",NA
"NM_002983","CCL3"
"AB020696",NA
"NM_023948","MOSPD3"
"NM_004647","DPF1"
"AL832059",NA
"NM_030769","NPL"
"NM_014279","OLFM1"
"AF090355",NA
"THC2526801",NA
"NM_001033564","FAM229B"
"NM_015349","BICRAL"
"NM_002480","PPP1R12A"
"NM_014880","CD302"
"NM_001276","CHI3L1"
"THC2709584",NA
"THC2632326",NA
"A_24_P477353",NA
"NM_001201","BMP3"
"A_24_P204454",NA
"NM_021738","SVIL"
"NM_006818","MLLT11"
"NM_004762","CYTH1"
"NM_032140","ENKD1"
"NM_004581","RABGGTA"
"THC2674915",NA
"NM_033266","ERN2"
"NM_173525","C11orf42"
"ENST00000367588",NA
"ENST00000377553",NA
"A_24_P929166",NA
"BC080558",NA
"NM_006150","PRICKLE3"
"NM_001012984","C16orf86"
"NM_002711","PPP1R3A"
"THC2507829",NA
"NM_007314","ABL2"
"NM_002348","LY9"
"NM_004832","GSTO1"
"XR_015720",NA
"AI470277",NA
"BC008178",NA
"THC2674691",NA
"NM_014507","MCAT"
"NM_001913","CUX1"
"AK021467",NA
"NM_152308","RMI2"
"BC051368",NA
"AF435951",NA
"NM_019064","SDK2"
"NM_000729","CCK"
"NM_194270","MORN2"
"NM_004930","CAPZB"
"NM_005561","LAMP1"
"NM_019894","TMPRSS4"
"NM_005520","HNRNPH1"
"NM_001859","SLC31A1"
"XR_019060",NA
"NM_004640","DDX39B"
"NM_004909",NA
"THC2523877",NA
"AW411241",NA
"XR_015427",NA
"NM_001015049","BAG5"
"THC2558098",NA
"THC2730580",NA
"NM_007275","TUSC2"
"BC044628",NA
"NM_001024957","BRMS1"
"NM_024881","SLC35E1"
"A_24_P229756",NA
"THC2497326",NA
"NM_018372","LRIF1"
"AK026215",NA
"NM_001040285","TENT4B"
"AW275823",NA
"AK097920",NA
"AK131287",NA
"BG427921",NA
"XR_015189",NA
"NM_213596","FOXN4"
"AK091338",NA
"NM_017975","ZWILCH"
"AA232904",NA
"NM_023107","FGFR1"
"ENST00000278949",NA
"A_32_P73184",NA
"AF264626",NA
"AK022156",NA
"NM_144567","ANGEL2"
"NM_003537","H3C2"
"THC2635591",NA
"A_24_P375405",NA
"NM_007103","NDUFV1"
"AF117233",NA
"NR_003138","SNHG10"
"NM_032600","CCDC54"
"NM_152376","UBXN10"
"ENST00000361500",NA
"NM_178815","ARL5B"
"A_32_P760762",NA
"NM_007350","PHLDA1"
"NM_004810","GRAP2"
"NM_002581","PAPPA"
"NM_032320","BTBD10"
"A_24_P926799",NA
"NM_145698","ACBD5"
"NM_001005235","OR1L4"
"A_32_P11947",NA
"NM_148676","DSCR10"
"NM_020347","LZTFL1"
"NM_033549","TRIM41"
"NM_015330","SPECC1L"
"NM_001035","RYR2"
"ENST00000374314",NA
"BC036441",NA
"AF007191",NA
"NM_006000","TUBA4A"
"NM_013943","CLIC4"
"AF217963",NA
"NM_001321","CSRP2"
"NM_004155","SERPINB9"
"NM_139021","MAPK15"
"AK024938",NA
"NM_153348","FBXW8"
"NM_003235","TG"
"BE696323",NA
"THC2500744",NA
"THC2688123",NA
"NM_025231","ZSCAN16"
"A_23_P16496",NA
"CR610892",NA
"NM_005547","IVL"
"NM_002579","PALM"
"NM_017883","WDR13"
"NM_001023566","POT1-AS1"
"AK125313",NA
"AA233255",NA
"NM_012266","DNAJB5"
"NM_144666","DNHD1"
"NM_012197","RABGAP1"
"AB023164",NA
"NM_177439","FTSJ1"
"A_24_P752999",NA
"AW136683",NA
"NM_014780","CUL7"
"NM_002575","SERPINB2"
"NM_206996","SPAG17"
"CR603184",NA
"NM_003611","OFD1"
"XM_001129347",NA
"AF128542",NA
"NM_006357","UBE2E3"
"NM_012275","IL36RN"
"NM_004529","MLLT3"
"NM_016157","TRO"
"AK001077",NA
"AK025156",NA
"NM_002570","PCSK6"
"THC2488254",NA
"NM_014655","SLC25A44"
"ENST00000337273",NA
"NM_001003684","UQCR10"
"NM_001013706","PLIN5"
"NM_031918","KLF16"
"THC2777514",NA
"U21252",NA
"NM_001077204","CSPP1"
"NM_032592","ACCS"
"A_23_P317548",NA
"NM_024108","TRAPPC6A"
"A_24_P924571",NA
"NM_003455","ZNF202"
"NM_006549","CAMKK2"
"THC2698682",NA
"NM_145814","CACNG6"
"AF116713",NA
"NM_001088","AANAT"
"NM_031866","FZD8"
"NM_030759","NRBF2"
"BC027347",NA
"BC010944",NA
"NM_006353","HMGN4"
"NM_006445","PRPF8"
"NM_174934","SCN4B"
"AK001176",NA
"AA693695",NA
"NM_033197","BPIFB1"
"THC2778165",NA
"NM_024728","SUGCT"
"NM_017738","CNTLN"
"NM_138812","DYDC1"
"NM_019113","FGF21"
"NM_003803","MYOM1"
"NM_004238","TRIP12"
"THC2655411",NA
"A_24_P229438",NA
"NM_017734","PALMD"
"NM_001164","APBB1"
"NM_006685","SMR3B"
"BM969194",NA
"AJ535620",NA
"ENST00000382108",NA
"NM_005942","MOCS1"
"NM_031434","TMUB1"
"NM_001018022",NA
"A_24_P290046",NA
"THC2541607",NA
"NM_153000","APCDD1"
"NM_015040","PIKFYVE"
"NM_000980","RPL18A"
"NM_007043","KRR1"
"THC2521898",NA
"THC2663297",NA
"AB051518",NA
"NM_001042635","NGDN"
"AW300278",NA
"AK098372",NA
"BM664910",NA
"NM_002601","PDE6D"
"ENST00000379913",NA
"CR618093",NA
"ENST00000361789",NA
"NM_006123","IDS"
"NM_014305","TGDS"
"THC2692815",NA
"NM_001025105","CSNK1A1"
"ENST00000319804",NA
"CR618371",NA
"AI133203",NA
"AK000336",NA
"NM_173467","MCAT"
"ENST00000329536",NA
"AF052146",NA
"ENST00000369046",NA
"NM_014982","PCNX1"
"NM_001563","IMPG1"
"THC2642744",NA
"U50537",NA
"THC2653236",NA
"W74523",NA
"NM_006857","SNRNP27"
"NM_031439","SOX7"
"NM_031475","ESPN"
"A_24_P868987",NA
"A_24_P533990",NA
"BC022004",NA
"BC009228",NA
"NM_006480","RGS14"
"AB007861",NA
"NM_080632","UPF3B"
"AF086102",NA
"NM_009589","ARSD"
"XR_015273",NA
"NM_052859","RFT1"
"AK026503",NA
"BC031469",NA
"NM_004586","RPS6KA3"
"BQ417071",NA
"NM_030571","NDFIP1"
"ENST00000343756",NA
"AK056627",NA
"AK097497",NA
"BX648200",NA
"NM_004520","KIF2A"
"AK025234",NA
"NM_000518","HBB"
"NM_138690","GRIN3B"
"A_23_P149270",NA
"THC2644335",NA
"NM_004999","MYO6"
"NM_020178","CA10"
"BC029609",NA
"NM_016612","SLC25A37"
"BC111740",NA
"NM_002597","PDC"
"A_23_P213468",NA
"AK096974",NA
"NM_031949","TTLL2"
"NM_152412","ZNF572"
"NM_152636","METTL15"
"AI630435",NA
"NM_004041","ARRB1"
"NM_178471","GPR119"
"NM_001032280","TFAP2A"
"NM_017421","COQ3"
"NM_170607","MLX"
"AK093883",NA
"NM_001005503","OR11G2"
"NM_020184","CNNM4"
"NM_006775","QKI"
"NM_138410","CMTM7"
"NM_006203","PDE4D"
"NM_025075","THOC7"
"NM_052882","ZIM3"
"BC022928",NA
"ENST00000374285",NA
"NM_003500","ACOX2"
"THC2788875",NA
"AK000707",NA
"THC2682319",NA
"AB014514",NA
"CB050071",NA
"NM_031460","KCNK17"
"NM_001002031","ATP5MC2"
"A_24_P67638",NA
"NM_152793","MTURN"
"NM_017512","ENOSF1"
"THC2585854",NA
"NM_024028","PCYOX1L"
"NM_006301","MAP3K12"
"NM_176815","DHFR2"
"BC000527",NA
"NM_024855","ACTR5"
"CR594072",NA
"NM_032892","FRMD5"
"NM_201589","MAFA"
"NM_001017980","VMA21"
"XR_018411",NA
"NM_032524","KRTAP4-4"
"A_24_P711009",NA
"NM_000695","ALDH3B2"
"NM_000665","ACHE"
"NM_001042384","CEP63"
"NM_152406","AFAP1L1"
"A_24_P688872",NA
"NM_020181","CCDC177"
"NM_183357","ADCY5"
"THC2497288",NA
"NM_022359","PDE4DIP"
"NM_015247","CYLD"
"NM_003417","ZNF264"
"BY798288",NA
"BC064616",NA
"NM_001828","CLC"
"NM_001152","SLC25A5"
"NM_007237","SP140"
"A_32_P214565",NA
"NM_006536","CLCA2"
"NM_024687","ZBBX"
"NM_198573","ENHO"
"ENST00000323501",NA
"A_24_P384069",NA
"NM_001402","EEF1A1"
"NM_002608","PDGFB"
"NM_182707","PSG8"
"AK022798",NA
"A_24_P92744",NA
"NM_012264","TMEM184B"
"NM_006269","RP1"
"NM_032117","MND1"
"AT_D_5",NA
"BX444658",NA
"A_32_P202273",NA
"NM_152383","DIS3L2"
"NM_001636","SLC25A6"
"NM_005989","AKR1D1"
"ENST00000370703",NA
"AF269286",NA
"BC065002",NA
"THC2724348",NA
"THC2555234",NA
"NM_006336","ZER1"
"NM_020192","YAE1"
"NM_015564","LRRTM2"
"AK091923",NA
"ENST00000322839",NA
"A_24_P676200",NA
"THC2674406",NA
"NM_007261","CD300A"
"NM_007332","TRPA1"
"A_24_P375932",NA
"NM_001997","FAU"
"NM_178844","NLRC3"
"NM_032409","PINK1"
"BC013799",NA
"BI963219",NA
"ENST00000355503",NA
"BM983822",NA
"NM_019852","METTL3"
"NM_018980","TAS2R5"
"NM_006928","PMEL"
"NM_152717","MS4A15"
"NM_020439","CAMK1G"
"BC068044",NA
"CA313037",NA
"NM_001005328","OR2A7"
"ENST00000359094",NA
"NM_031916","ROPN1L"
"A_24_P650589",NA
"ENST00000247761",NA
"BC012452",NA
"CR594735",NA
"A_23_P140454",NA
"NM_020760","HECW2"
"BG542103",NA
"AK002200",NA
"AT_ssH_RR_5",NA
"XR_018206",NA
"NM_178130","NME9"
"NM_001001410","TSR3"
"NM_177441","TMUB2"
"AW968717",NA
"THC2583059",NA
"NM_017564","STAB2"
"NM_001001552","LEMD1"
"NM_080827","WFDC6"
"BC008246",NA
"AK126242",NA
"NM_001010000","ARHGAP28"
"NM_006456","ST6GALNAC2"
"NM_054023","SCGB3A2"
"U88898",NA
"NM_001078171","RTL8C"
"BE531123",NA
"NM_003703","NOP14"
"XM_060417",NA
"BE766438",NA
"NM_002558","P2RX1"
"NM_022784","IQCH"
"NM_031301","APH1B"
"ENST00000301171",NA
"NM_001049","SSTR1"
"NM_182547","TMED4"
"AK001057",NA
"AF116626",NA
"NM_005982","SIX1"
"NM_002923","RGS2"
"NM_024843","CYBRD1"
"A_24_P340916",NA
"NM_000405","GM2A"
"NM_138553","BCL11A"
"NM_001478","B4GALNT1"
"NM_005975","PTK6"
"NM_001039350","DPP6"
"NM_152778","MFSD8"
"NM_058173","MUCL1"
"NM_006641","CCR9"
"ENST00000339907",NA
"ENST00000342275",NA
"NM_182513","SPC24"
"NM_001010892","RSPH4A"
"AF024709",NA
"ENST00000277491",NA
"NM_014161","MRPL18"
"NM_000600","IL6"
"AF090944",NA
"BC022297",NA
"NM_178335","CCDC50"
"NM_198709","ARSB"
"NM_020232","PSMG2"
"A_24_P943507",NA
"NM_005141","FGB"
"AK001116",NA
"NM_033238","PML"
"NM_005871","SMNDC1"
"NM_000236","LIPC"
"NM_024407","NDUFS7"
"NM_144947","KLK11"
"ENST00000262811",NA
"A_32_P110780",NA
"NM_002849","PTPRR"
"NM_015517","HINFP"
"NM_005258","GCHFR"
"NM_001040214","NKAIN2"
"CR603845",NA
"AK131420",NA
"A_32_P20884",NA
"NM_016382","CD244"
"NM_017614","BHMT2"
"A_23_P347100",NA
"A_32_P153361",NA
"NM_021023","CFHR3"
"A_24_P922624",NA
"AW014022",NA
"NM_014720","SLK"
"NM_181847","AMIGO2"
"ENST00000240349",NA
"NM_003348","UBE2N"
"NM_015103","PLXND1"
"NM_058175","COL6A2"
"AK056727",NA
"A_32_P42842",NA
"NM_003176","SYCP1"
"BM983519",NA
"THC2518594",NA
"NM_015327","SMG5"
"ENST00000242475",NA
"THC2654819",NA
"NM_016510","SCLY"
"NM_012431","SEMA3E"
"NM_001008938","CKAP5"
"NM_054013","MGAT4B"
"NM_031992","EIF4H"
"AA564209",NA
"NM_153634","CPNE8"
"NM_001008537","NEXMIF"
"THC2668435",NA
"U25029",NA
"NM_152417","TMEM68"
"NM_153335","STRADA"
"D83692",NA
"NM_007286","SYNPO"
"AK092305",NA
"A_24_P41593",NA
"NM_001034836","RDM1"
"NM_014733","ZFYVE16"
"THC2659095",NA
"NM_015655","ZNF337"
"NM_007254","PNKP"
"ENST00000373816",NA
"BC040303",NA
"NM_030933","SHCBP1L"
"AK025249",NA
"NM_173502","PRSS36"
"NM_053274","GLMN"
"THC2514262",NA
"NM_133372","FNIP1"
"THC2708124",NA
"AB014602",NA
"NM_018846","KLHL7"
"NM_214462","DACT2"
"ENST00000257897",NA
"NM_032902","PPP1R16A"
"NM_006888","CALM1"
"THC2674198",NA
"NM_183416","KIF1B"
"NM_001077490","GNAS"
"NM_001025077","CELF2"
"NM_016169","SUFU"
"THC2505770",NA
"NM_198887","NUP43"
"THC2657931",NA
"NM_021973","HAND2"
"A_24_P923514",NA
"NM_016262","TUBE1"
"AY358802",NA
"AK094433",NA
"A_32_P190343",NA
"XR_016203",NA
"NM_004809","STOML1"
"A_24_P341616",NA
"BF801387",NA
"ENST00000304465",NA
"NM_017652","ZNF586"
"BC012946",NA
"NM_002913","RFC1"
"NM_024104","SMIM7"
"NM_001042","SLC2A4"
"AI650707",NA
"AK057261",NA
"AK023892",NA
"NM_032242","PLXNA1"
"ENST00000295943",NA
"NM_015395","TECPR1"
"NM_001011713","NAA30"
"NM_001179","ART3"
"NM_001033930","UBA52"
"T75585",NA
"ENST00000367590",NA
"NM_004445","EPHB6"
"NM_001495","GFRA2"
"NM_079423","MYL6"
"AK094860",NA
"NM_004499","HNRNPAB"
"NM_020861","ZBTB2"
"NM_203497","COMMD6"
"CR612518",NA
"A_23_P158868",NA
"ENST00000265297",NA
"NM_013360","ZNF222"
"BC047708",NA
"NM_024754","PTCD2"
"AK093253",NA
"THC2632174",NA
"NM_205853","MUSTN1"
"XR_017456",NA
"NM_005602","CLDN11"
"CD618601",NA
"NM_001040455","SIDT2"
"NM_030576","LIMD2"
"A_24_P341489",NA
"AA778291",NA
"NM_207333","ZNF320"
"NM_003202","TCF7"
"NM_198402","HACD2"
"NM_001688","ATP5PB"
"BX089650",NA
"A_24_P912396",NA
"THC2599662",NA
"NM_194248","OTOF"
"NM_000782","CYP24A1"
"NM_001012971","FAM209A"
"NM_002650","PI4KA"
"NM_001077691","ALG9"
"BC021740",NA
"A_23_P210285",NA
"THC2532166",NA
"NM_014077","FAM32A"
"THC2631248",NA
"NM_181523","PIK3R1"
"NM_001024688","NBN"
"NM_022740","HIPK2"
"AK095562",NA
"AJ295982",NA
"AT_L_M",NA
"AK001891",NA
"AL713771",NA
"A_32_P137149",NA
"NM_130469","JDP2"
"CR600305",NA
"AF024693",NA
"NM_014861","ATP2C2"
"NM_153631","HOXA3"
"A_23_P27460",NA
"AY358257",NA
"A_32_P164061",NA
"NM_024735","FBXO31"
"NM_000846","GSTA2"
"NM_019029","CPVL"
"NM_176895","PLPP1"
"NM_152435","AMDHD1"
"NM_001005851","ZNF780B"
"NM_014379","KCNV1"
"A_32_P942268",NA
"BG118529",NA
"THC2603717",NA
"A_24_P136011",NA
"A_32_P127078",NA
"A_32_P69683",NA
"AK091754",NA
"A_24_P477048",NA
"NM_006012","CLPP"
"NM_173081","ARMC3"
"NM_015251","ATMIN"
"NM_198450","APOOL"
"A_23_P5626",NA
"THC2732364",NA
"NM_014946","SPAST"
"THC2560073",NA
"NM_032034","SLC4A11"
"AF315601",NA
"BC036663",NA
"BC024764",NA
"AI911989",NA
"NM_144597","C15orf40"
"A_32_P212141",NA
"A_32_P79719",NA
"NM_032129","PLEKHN1"
"NM_020371","AVEN"
"NM_032132","HORMAD1"
"AJ406935",NA
"ENST00000301701",NA
"A_24_P204664",NA
"AB007895",NA
"NM_001304","CPD"
"NM_172250","MMAA"
"THC2677286",NA
"BF939434",NA
"NM_130839","UBE3A"
"NM_181670","ANKS1B"
"AK092083",NA
"NM_000879","IL5"
"NM_001029999","ANKRD20A5P"
"THC2647392",NA
"NM_001033925","TIAL1"
"AB208934",NA
"NM_000719","CACNA1C"
"AI685431",NA
"L10123",NA
"NM_000348","SRD5A2"
"NM_016115","ASB3"
"BC070329",NA
"NM_152655","ZNF585A"
"ENST00000380901",NA
"NM_024098","CCDC86"
"ENST00000378578",NA
"NM_000697","ALOX12"
"AK097447",NA
"AF116632",NA
"NM_004334","BST1"
"NM_003172","SURF1"
"BX110985",NA
"NM_003450","ZNF174"
"AK000471",NA
"NM_080284","ABCA6"
"NM_021012","KCNJ12"
"NM_020962","IGDCC4"
"NM_003718","CDK13"
"NM_138363","CEP95"
"NM_002426","MMP12"
"BC028232",NA
"XR_016010",NA
"NM_001025370","VEGFA"
"ENST00000298249",NA
"NM_198400","NEDD4"
"AB067467",NA
"NM_024554","PGBD5"
"NM_001012271","BIRC5"
"NM_006930","SKP1"
"NM_003701","TNFSF11"
"NM_006843","SDS"
"NM_001613","ACTA2"
"NM_006331","EMG1"
"NM_000714","TSPO"
"A_24_P368748",NA
"ENST00000299563",NA
"NM_001020","RPS16"
"NM_153369","SLC60A2"
"ENST00000379731",NA
"AK098835",NA
"A_24_P919142",NA
"NM_182556","SLC25A45"
"A_24_P93052",NA
"NM_013411","AK2"
"NM_006910","RBBP6"
"NM_001903","CTNNA1"
"NM_018205","LRRC20"
"NM_014567","BCAR1"
"NM_033210","ZNF502"
"NM_199235","COLEC11"
"AI815088",NA
"NM_003758","EIF3J"
"AK127910",NA
"BC058160",NA
"NM_024112","BBLN"
"NM_004828","NCR2"
"NM_017922","PRPF39"
"NM_004785","NHERF2"
"NM_000625","NOS2"
"NM_022485","MTMR14"
"AW007825",NA
"NM_020963","MOV10"
"NM_018387","STRBP"
"NM_178026","GGT7"
"NM_001004313","TMEM220"
"NM_178230",NA
"NR_002942","GAS2L1P2"
"NM_004575","POU4F2"
"NM_017492","ATXN2L"
"NM_016412","IGF2-AS"
"NM_014272","ADAMTS7"
"THC2649719",NA
"DQ335469",NA
"NM_015415","MPC2"
"BF213738",NA
"NM_017779","DEPDC1"
"AK130099",NA
"NM_001611","ACP5"
"CN364769",NA
"AL161991",NA
"CR615423",NA
"CB111670",NA
"A_24_P384422",NA
"NM_015004","EXOSC7"
"NM_001610","ACP2"
"NM_001013440","MPST"
"NM_001077697","TSPY3"
"AW579245",NA
"NM_006111","ACAA2"
"AK021543",NA
"NM_025083","EDC3"
"BC037893",NA
"NM_152434","CWF19L2"
"NM_033480","FBXO9"
"NM_002701","POU5F1"
"NM_015690","STK36"
"NM_199454","PRDM16"
"BG527520",NA
"AK027147",NA
"NM_014940","MON1B"
"NM_052905","FMNL2"
"AF251047",NA
"NM_001385","DPYS"
"NM_170740","ALDH5A1"
"ENST00000330020",NA
"NM_006430","CCT4"
"THC2664573",NA
"AV739735",NA
"AK096589",NA
"NM_152244","SNX11"
"A_32_P209924",NA
"ENST00000354349",NA
"NM_016060","MED31"
"NM_018448","CAND1"
"A_24_P594094",NA
"NM_153256","PROSER2"
"AK094649",NA
"A_24_P911644",NA
"AK023474",NA
"NM_033121","ANKRD13A"
"AK023647",NA
"NM_006238","PPARD"
"NM_001033505","CSTF3"
"AF070529",NA
"NM_033122","CABS1"
"THC2708578",NA
"S76132",NA
"A_24_P212409",NA
"A_32_P140312",NA
"NM_017426","NUP54"
"NM_017994","TMEM248"
"THC2618235",NA
"A_32_P68659",NA
"ENST00000370548",NA
"NM_024894","NOL10"
"NM_138803","CCDC148"
"NM_006590","USP39"
"THC2705860",NA
"ENST00000356170",NA
"NM_004929","CALB1"
"NM_012407","PICK1"
"THC2663329",NA
"NM_017838","NHP2"
"DQ100868",NA
"NM_182772","CREM"
"THC2545454",NA
"NM_144982","ZFC3H1"
"NM_001832","CLPS"
"NM_001001437","CCL3L3"
"NM_001010911","MIR1915HG"
"NM_001183","ATP6AP1"
"THC2647658",NA
"NM_012145","DTYMK"
"A_23_P21907",NA
"ENST00000382909",NA
"A_32_P192354",NA
"NM_152232","TAS1R2"
"NM_001040429","PCDH17"
"NM_020189","ENY2"
"NM_020142","COXFA4L2"
"AL519018",NA
"XR_018747",NA
"NM_000447","PSEN2"
"NM_013435","RAX"
"NM_016630","SPG21"
"NM_138287","DTX3L"
"NM_020638","FGF23"
"NM_014963","SBNO2"
"THC2609157",NA
"NM_145208","MBD3L1"
"A_24_P919063",NA
"XR_018303",NA
"NM_144585","SLC22A12"
"NM_001077269","WIPF1"
"A_24_P144134",NA
"AK022062",NA
"NM_003633","ENC1"
"AK021623",NA
"NM_198219","ING1"
"NM_175738","RAB37"
"THC2540174",NA
"A_24_P923215",NA
"THC2689181",NA
"BC030609",NA
"NM_017990","PDPR"
"NM_007023","RAPGEF4"
"BC035666",NA
"NM_006289","TLN1"
"NM_176824","BBS7"
"NM_015120","ALMS1"
"NM_020524","PBXIP1"
"NM_017667","VPS50"
"NM_000937","POLR2A"
"NM_021045","ZNF248"
"NM_032508","TMEM185A"
"THC2666219",NA
"NM_183240","TMEM37"
"NM_020417","TBX20"
"NM_005648","ELOC"
"NM_018393","TCP11L1"
"NM_014891","PDAP1"
"NM_194324","TMSB15B"
"NM_198581","ZC3H6"
"AK124132",NA
"NM_138465","GLI4"
"A_24_P600087",NA
"NM_020340","ARFGEF3"
"A_24_P679796",NA
"XM_001125845",NA
"NM_022362","MMS19"
"NM_001037540","SCML1"
"NM_000106","CYP2D6"
"THC2691455",NA
"A_32_P66025",NA
"NM_017675","CDHR2"
"NM_024958","NRSN2"
"BC053362",NA
"NM_139285","GAS2L2"
"CR602285",NA
"NM_182977","NNT"
"THC2744969",NA
"NM_024751","GSTCD"
"THC2760755",NA
"NM_080820","DTD1"
"AK125207",NA
"NM_000599","IGFBP5"
"NM_006398","UBD"
"BC034822",NA
"THC2552443",NA
"NM_006393","NEBL"
"NM_016281","TAOK3"
"NM_003436","ZNF135"
"THC2667995",NA
"NM_177968","PPM1B"
"NM_006948","HSPA13"
"NM_001013845","EOLA2"
"BF887921",NA
"NM_015032","PDS5B"
"NM_080752","ZSWIM3"
"NM_016407","RTF2"
"A_24_P767699",NA
"AF281279",NA
"NM_001039141","TRIOBP"
"NM_001009894","RLIG1"
"NM_182483","NSFL1C"
"NM_032020","FUCA2"
"NM_001076678","ZNF493"
"NM_022766","CERK"
"XR_016572",NA
"A_32_P89646",NA
"BC041007",NA
"NM_015973","GAL"
"BC030024",NA
"AK026155",NA
"A_24_P931568",NA
"NM_152522","ARL6IP6"
"NM_004796","NRXN3"
"NM_018444","PDP1"
"AA868651",NA
"ENST00000377171",NA
"NM_033071","SYNE1"
"NM_153827","MINK1"
"NM_022160","DMRTA1"
"NM_001492","GDF1"
"THC2770932",NA
"NM_016936","UBN1"
"NM_014620","HOXC4"
"NM_006653","FRS3"
"BC112340",NA
"NM_004261","SELENOF"
"BX091899",NA
"NM_020185","DUSP22"
"NM_001017420","ESCO2"
"NM_004037","AMPD2"
"NM_024077","SECISBP2"
"NM_031899","GORASP1"
"NM_017832","ABITRAM"
"NM_138413","HOGA1"
"NM_016395","HACD3"
"AL390151",NA
"NM_001031628","SMAGP"
"NM_203458","NOTCH2NLA"
"AK023024",NA
"NM_012330","KAT6B"
"NM_021120","DLG3"
"NM_024658","IPO4"
"NM_004803","SLC22A14"
"XR_019238",NA
"NM_003204","NFE2L1"
"NM_203424","IQCF2"
"A_24_P145787",NA
"NM_016269","LEF1"
"NM_003730","RNASET2"
"NM_020414","DDX24"
"BC032091",NA
"NM_015278","SASH1"
"NM_213590","TRIM13"
"NM_032487","ACTRT3"
"AL117578",NA
"NM_152753","SCUBE3"
"NM_178033","CYP4X1"
"A_24_P934861",NA
"NM_001006946","SDC1"
"BC021580",NA
"NM_080391","PTP4A2"
"NM_022877","SMN2"
"NM_021777","ADAM28"
"NM_032343","CHCHD6"
"NM_005319","H1-2"
"THC2520867",NA
"NM_006218","PIK3CA"
"AU146383",NA
"NM_001009997","C10orf62"
"NM_016817","OAS2"
"NM_015701","ERLEC1"
"AI278811",NA
"NM_000880","IL7"
"NM_016217","HECA"
"NM_000871","HTR6"
"NM_004268","MED17"
"NM_152764","MEIOB"
"NM_015130","TBC1D9"
"NM_004407","DMP1"
"BC031882",NA
"BC035978",NA
"XR_019089",NA
"THC2643320",NA
"XM_044166",NA
"NM_005033","EXOSC9"
"THC2705692",NA
"A_24_P135771",NA
"NM_020452","ATP8B2"
"NM_001252","CD70"
"L32537",NA
"NM_016571","LGSN"
"NM_005684","GPR52"
"NM_032356","NAA38"
"NM_032946","NXF5"
"AK000897",NA
"NM_006395","ATG7"
"NM_133636","HELQ"
"A_24_P315405",NA
"AF161548",NA
"AK002187",NA
"NM_006503","PSMC4"
"NM_198507","FAM174A"
"NM_016521","TFDP3"
"NM_015948","SLC35B3"
"NM_153700","STRC"
"NM_004449","ERG"
"NM_198324","CS"
"NM_203448","GLIDR"
"NM_145243","OMA1"
"NM_080725","SRXN1"
"NM_005064","CCL23"
"NM_006099","PIAS3"
"NM_003568","ANXA9"
"A_24_P324084",NA
"AF086054",NA
"NM_024811","CPSF7"
"BC033817",NA
"AF119879",NA
"NM_144698","ANKRD35"
"NM_001013734","RFPL4B"
"ENST00000371497",NA
"NM_020388","DST"
"NM_139175","RNF133"
"BC007638",NA
"BC040060",NA
"AK025704",NA
"THC2662279",NA
"ENST00000234668",NA
"NM_004232","SOCS6"
"BC026177",NA
"NM_018662","DISC1"
"NM_002954","RPS27A"
"AW183346",NA
"NM_017776","KRABD4"
"ENST00000324076",NA
"NM_000137","FAH"
"NM_000830","GRIK1"
"NM_032301","FBXW9"
"NM_018146","MRM3"
"AI620901",NA
"NM_170589","KNL1"
"AK094642",NA
"NM_005139","ANXA3"
"AL157439",NA
"XM_927455",NA
"NM_021801","MMP26"
"BF858887",NA
"AY358246",NA
"NM_020122","KCMF1"
"X59727",NA
"NM_002668","PLP2"
"A_24_P878737",NA
"NM_198584","CA13"
"NM_006383","CIB2"
"AY033611",NA
"NM_012147","DUX4L8"
"NM_005388","PDCL"
"NM_020424","LYRM1"
"BC029473",NA
"NM_001663","ARF6"
"A_24_P24150",NA
"NM_001033549","BABAM1"
"THC2591088",NA
"NM_001045548","RPL23AP5"
"A_24_P633825",NA
"A_32_P78876",NA
"NM_015014","RBM34"
"NM_005650","TCF20"
"NM_033310","KCNK4"
"AF085968",NA
"NM_207409","CLPSL2"
"NM_020393","PGLYRP4"
"DW443340",NA
"NM_153350","FBXL16"
"NM_006559","KHDRBS1"
"NM_016492","RANGRF"
"NM_173496","MPP7"
"AL050204",NA
"NM_004660","DDX3Y"
"NM_001002021","PFKL"
"A_23_P206718",NA
"THC2507925",NA
"NM_002143","HPCA"
"NM_021187","CYP4F11"
"NM_144608","HEXIM2"
"NM_138361","LRSAM1"
"THC2761472",NA
"BC015351",NA
"AB019490",NA
"NM_080822","OVCA2"
"NM_016322","RAB14"
"AL137495",NA
"NM_002835","PTPN12"
"NM_022042","SLC26A1"
"NM_018401","STK32B"
"NM_015104","ATG2A"
"NM_001009566","CLSTN1"
"NM_004770","KCNB2"
"NM_012210","TRIM32"
"NM_173526","GARIN2"
"BC029446",NA
"NM_173677","WEE2-AS1"
"NM_032128","SLC10A7"
"NM_145714","ATXN2L"
"NM_005860","FSTL3"
"NM_015651","PHF19"
"NM_001481","DRC4"
"NM_004267","CHST2"
"THC2674891",NA
"A_24_P821693",NA
"NM_017623","CNNM3"
"THC2686750",NA
"BX105152",NA
"THC2608980",NA
"NM_016024","RBMX2"
"A_24_P315255",NA
"NM_013279","MYRF"
"NM_020647","JPH1"
"NP283818",NA
"A_24_P7785",NA
"NM_207331","GUSBP1"
"NM_024930","ELOVL7"
"THC2730125",NA
"NM_014728","FRMPD4"
"NM_172209","TAPBP"
"THC2668327",NA
"NM_021823","PPCDC"
"NM_020526","EPHA8"
"NM_173359","EIF4E3"
"CD626016",NA
"NM_203304","MEX3D"
"NM_057159","LPAR1"
"ENST00000354271",NA
"A_24_P401090",NA
"NM_016462","TMEM14C"
"NM_183422","TSC22D1"
"A_24_P911071",NA
"BX115897",NA
"NM_001878","CRABP2"
"THC2656173",NA
"NM_005968","HNRNPM"
"NM_174958","ATP2A3"
"NM_001077198","ATG9A"
"XR_019148",NA
"BC001725",NA
"THC2528990",NA
"NM_000612","IGF2"
"NM_032148","SLC41A2"
"NM_000120","EPHX1"
"BC041959",NA
"NM_022731","NUCKS1"
"NM_002695","POLR2E"
"AK056358",NA
"A_24_P724106",NA
"A_32_P84714",NA
"ENST00000272748",NA
"AY163812",NA
"NM_203371","FIBIN"
"NM_006032","CPNE6"
"NM_006310","NPEPPS"
"NM_001023","RPS20"
"ENST00000299958",NA
"NM_001405","EFNA2"
"NM_004309","ARHGDIA"
"NM_001392","DTNA"
"NM_015326","SRGAP2"
"NM_080606","BHLHE23"
"A_24_P229848",NA
"BC032118",NA
"AL136790",NA
"THC2649152",NA
"NM_021199","SQOR"
"AI076273",NA
"XM_060887",NA
"XM_373277",NA
"NM_021245","MYOZ1"
"NM_005051","QARS1"
"NM_017884","PINX1"
"NM_005973","PRCC"
"CR616309",NA
"NM_006626","ZBTB6"
"AK095108",NA
"THC2591366",NA
"AK054852",NA
"NM_006982","ALX1"
"AK026517",NA
"NM_004958","MTOR"
"NM_017526","LEPROT"
"NM_001190","BCAT2"
"THC2659561",NA
"NM_001040118","ARAP1"
"THC2655799",NA
"BC019592",NA
"A_24_P912871",NA
"NM_012320","PLA2G15"
"NM_015382","HECTD1"
"NM_198085","RNF148"
"NM_003180","SYT5"
"NM_144596","TTC8"
"NM_203342","EPB41"
"NM_022842","CDCP1"
"NM_001039567","RPS4Y2"
"NM_012096","APPL1"
"NM_015947","ASCC1"
"ENST00000355278",NA
"NM_130844","WWOX"
"NM_022756","MEAF6"
"THC2767659",NA
"BC010219",NA
"AB046787",NA
"NM_024923","NUP210"
"S66917",NA
"NM_031966","CCNB1"
"NM_152441","FBXL14"
"NM_133497","KCNV2"
"NM_005724","TSPAN3"
"AF090903",NA
"A_24_P178784",NA
"NM_004665","VNN2"
"NM_015139","SLC35D1"
"NM_001040103","OPALIN"
"U88892",NA
"AK091931",NA
"NM_032569","GLYR1"
"BM982932",NA
"NM_007074","CORO1A"
"NM_016617","UFM1"
"NM_018656","SLC35E3"
"NM_002415","MIF"
"BC036094",NA
"THC2557237",NA
"NM_153812","PHF13"
"NM_001029","RPS26"
"NM_174928","EEF1AKMT1"
"NM_017732","P4HTM"
"NM_005614","RHEB"
"U59628",NA
"AA885134",NA
"NM_006852","TLK2"
"NM_020365","EIF2B3"
"AK092744",NA
"THC2482457",NA
"NM_016603","FAM13B"
"ENST00000361542",NA
"THC2588312",NA
"NM_015550","OSBPL3"
"NM_016388","TRAT1"
"NM_004837","GGPS1"
"NM_005268","GJB5"
"THC2524582",NA
"BF767798",NA
"NM_016279","CDH9"
"A_24_P833256",NA
"NM_001007255","KLHDC9"
"AF092095",NA
"ENST00000376615",NA
"NM_194301","RALGAPA1"
"NM_001317","CSH1"
"NM_173637","SLC25A41"
"NM_001551","IGBP1"
"BC007394",NA
"NM_024771","NAA40"
"AI859463",NA
"NM_152268","PARS2"
"NM_152829","TES"
"NM_018309","TBC1D23"
"CR739597",NA
"NM_000227","LAMA3"
"NM_001014999","SLX1A"
"NM_145351",NA
"NM_033430","PDE5A"
"AA877852",NA
"NM_002562","P2RX7"
"NM_004497","FOXA3"
"NM_001013618","IGLL3P"
"NM_006773","DDX18"
"THC2533630",NA
"D80006",NA
"A_24_P878376",NA
"NM_018318","CCDC91"
"NM_007165","SF3A2"
"Y12059",NA
"THC2506246",NA
"NM_000788","DCK"
"NM_006555","YKT6"
"NM_014117","HAPSTR1"
"BC020955",NA
"NM_001007098","SCP2"
"THC2675264",NA
"NM_178820","FBXO27"
"NM_001020658","PUM1"
"ENST00000288548",NA
"A_24_P919044",NA
"NM_019021","C11orf71"
"ENST00000389856",NA
"NM_005555","KRT6B"
"NM_000264","PTCH1"
"NM_001229","CASP9"
"AL713714",NA
"NM_003528","H2BC21"
"NM_001012761","RGMB"
"NM_030913","SEMA6C"
"NM_032204","ASCC2"
"NM_021175","HAMP"
"XM_497657",NA
"A_24_P178723",NA
"NM_015463","CNRIP1"
"NM_178129","P2RY8"
"THC2661063",NA
"NM_001040697","UEVLD"
"THC2697920",NA
"BF149382",NA
"AK090467",NA
"AK124256",NA
"A_23_P11902",NA
"NM_033101","LGALS12"
"NM_015079","TBC1D2B"
"NM_005042","PRH2"
"NM_024900","JADE1"
"NM_181334","PRR5-ARHGAP8"
"NM_016389","IVNS1ABP"
"NM_030580","ZNF34"
"AL050153",NA
"A_32_P116303",NA
"NM_020318","PAPPA2"
"NM_004646","NPHS1"
"AB002384",NA
"THC2570737",NA
"ENST00000285609",NA
"BU943730",NA
"NM_015439","CCDC28A"
"BF195775",NA
"NM_001044723","CSNK1G3"
"NM_007364","TMED3"
"AK024173",NA
"THC2648778",NA
"NM_001844","COL2A1"
"BC019044",NA
"NM_005341","ZBTB48"
"NM_170683","P2RX2"
"NM_015328","AHCYL2"
"NM_024567","HMBOX1"
"THC2555296",NA
"BC010126",NA
"BC041879",NA
"NM_052943","TENT5B"
"NM_134268","CYGB"
"NM_178525","ACTL9"
"CR625594",NA
"NM_032664","POFUT3"
"NM_198563","STIMATE"
"NM_001643","APOA2"
"NM_002518","NPAS2"
"ENST00000371327",NA
"NM_178582","HM13"
"AB096240",NA
"NM_015895","GMNN"
"THC2671299",NA
"NM_020768","KCTD16"
"THC2754518",NA
"ENST00000311208",NA
"NM_001007471","TRPM3"
"AX721172",NA
"NM_024766","CAMKMT"
"NM_014455","RNF115"
"DB376160",NA
"CR598918",NA
"NM_025228","TRAF3IP3"
"NM_014405","CACNG4"
"NM_017888","ACSM5"
"A_24_P919595",NA
"NM_173557","RNF152"
"BC040577",NA
"A_24_P839258",NA
"NM_153697","ANKRD44"
"BC033052",NA
"AI042062",NA
"NM_013959","NRG1"
"AF147723",NA
"NM_001033083","PBLD"
"NM_000416","IFNGR1"
"NM_032800","C1orf198"
"NM_013378","VPREB3"
"THC2622297",NA
"ENST00000373218",NA
"ENST00000381802",NA
"NM_023936","MRPS34"
"NM_145811","CACNG5"
"NM_014950","ZBTB1"
"NM_002726","PREP"
"ENST00000339367",NA
"AK124741",NA
"NM_001039916","ZNF384"
"NR_002823","AQP7P2"
"NM_199295",NA
"NM_020822","KCNT1"
"ENST00000379969",NA
"NM_175854","PAN3"
"NM_002122","HLA-DQA1"
"NM_174926","TLCD5"
"ENST00000303934",NA
"BC042649",NA
"THC2578755",NA
"A_32_P83174",NA
"NM_001079","ZAP70"
"NM_001005473","PLCXD3"
"AJ406949",NA
"NM_030901","OR7A17"
"NM_003704","FAM193A"
"NM_004310","RHOH"
"NM_001962","EFNA5"
"NM_020442","VARS2"
"NM_015122","FCHO1"
"NM_001008392","CTDSPL"
"NM_025204","TRABD"
"NM_178509","STXBP4"
"NM_205854","SFTA2"
"NM_020212","WDR93"
"NM_001002919","ALKAL2"
"XR_018866",NA
"NM_018455","CENPN"
"NM_020444","KIAA1191"
"THC2671245",NA
"NM_001014443","USP21"
"BC020501",NA
"NM_003136","SRP54"
"NR_003226","AFG3L1P"
"AL833119",NA
"NM_014824","FCHSD2"
"NM_032747","ATP5MK"
"U92817",NA
"NM_020194","MFF"
"NM_004787","SLIT2"
"A_24_P25020",NA
"NM_032777","ADGRA2"
"A_24_P922440",NA
"NM_001005359","POTEE"
"NM_001008779","SPDYA"
"A_24_P924739",NA
"THC2726419",NA
"NM_001007794","CEPT1"
"NM_005376","MYCL"
"NM_181745","FFAR4"
"NM_005898","CAPRIN1"
"NM_019116","UBFD1"
"NP239955",NA
"NM_005402","RALA"
"THC2739159",NA
"NM_144723","ZMAT2"
"NM_001033567","RHOT1"
"NM_000940","PON3"
"AF086249",NA
"NM_175859","CTPS2"
"BC068441",NA
"NM_207578","PRKACB"
"NM_004386","NCAN"
"THC2687922",NA
"NM_017914","FAM174C"
"NM_001034850","RETREG1"
"NM_018114","DALRD3"
"NM_173846","TPPP2"
"AF023203",NA
"NM_003258","TK1"
"NM_001829","CLCN3"
"X98266",NA
"AK054921",NA
"BE825944",NA
"THC2500237",NA
"AK098787",NA
"NM_058169","BORCS5"
"NM_001010853","PM20D2"
"A_32_P103966",NA
"NM_012405","ICMT"
"THC2640160",NA
"BC022565",NA
"AK095213",NA
"NM_173474","NTAN1"
"NM_012104","BACE1"
"NM_019009","TOLLIP"
"BC038719",NA
"AJ406941",NA
"NM_002392","MDM2"
"NM_001030273","BMAL1"
"THC2689491",NA
"THC2705456",NA
"NM_017895","DDX27"
"NM_000985","RPL17"
"NM_032160","DSEL"
"THC2642537",NA
"NM_002939","RNH1"
"NM_079837","BANP"
"ENST00000388745",NA
"NM_004980","KCND3"
"NM_033309","B3GNT9"
"AB016898",NA
"NM_005814","GPA33"
"NM_020857","VPS18"
"NM_003353","UCN"
"THC2666258",NA
"NM_001675","ATF4"
"AK098511",NA
"NM_004457","ACSL3"
"AF220235",NA
"NM_016835","MAPT"
"NM_016584","IL23A"
"NM_018841","GNG12"
"BC046476",NA
"NM_018356","C5orf22"
"ENST00000330379",NA
"NR_002185","OR7E91P"
"NM_033413","LRRC46"
"A_32_P10589",NA
"THC2655527",NA
"NM_002871","RABIF"
"A_24_P203814",NA
"BC034617",NA
"NM_033117","RBM18"
"NM_207366","SEPTIN14"
"NM_020925","CACHD1"
"A_32_P210193",NA
"NM_017705","PAQR5"
"NM_007260","LYPLA2"
"NM_006248","PRB2"
"A_24_P928804",NA
"NM_153013","NADK2"
"THC2665061",NA
"NM_022358","KCNK15"
"NM_012248","SEPHS2"
"BC033528",NA
"NM_139314","ANGPTL4"
"BC033851",NA
"NM_005407","SALL2"
"NM_001140","ALOX15"
"AA315353",NA
"ENST00000368761",NA
"AF126020",NA
"NM_025237","SOST"
"NM_003724","JRK"
"A_24_P944185",NA
"AK095987",NA
"AK124166",NA
"XM_094074",NA
"NM_031484","MARVELD1"
"ENST00000367711",NA
"A_24_P924143",NA
"ENST00000336505",NA
"NM_007036","ESM1"
"NM_002282","KRT83"
"NM_001007097","NTRK2"
"NM_017640","CARMIL1"
"XM_001132775",NA
"NM_001042496","SLC12A6"
"NM_001957","EDNRA"
"AK022843",NA
"NM_032448","FAM120B"
"NM_002461","MVD"
"NM_003049","SLC10A1"
"NM_001039650","ZMYM5"
"NM_001006606",NA
"AK097130",NA
"NM_005447","RASSF9"
"NM_002268","KPNA4"
"NM_002411","SCGB2A2"
"NM_002587","PCDH1"
"NM_175907","PTGR3"
"NM_016221","DCTN4"
"NM_017437","CPSF2"
"BC031872",NA
"NM_012201","GLG1"
"AK056277",NA
"NP1166121",NA
"NM_152558","IQCE"
"BG993059",NA
"NM_014636","RALGPS1"
"NM_175876","EXOC8"
"NM_032486","DCTN5"
"ENST00000335083",NA
"NM_152284","CHMP4C"
"NM_014860","SUPT7L"
"BC032462",NA
"NM_138771","CCDC126"
"A_24_P187094",NA
"A_24_P187365",NA
"A_24_P537149",NA
"NM_033417","HAUS8"
"BC019830",NA
"NM_001013615","LURAP1"
"NM_002000","FCAR"
"NM_001018004","TPM1"
"NM_018224","COA1"
"BC020877",NA
"XR_018874",NA
"NM_001305","CLDN4"
"NM_032325","EIF1AD"
"NM_000888","ITGB6"
"NM_020879","CCDC146"
"NM_017780","CHD7"
"NM_018674","ASIC4"
"BC066346",NA
"NM_016490","FAM178B"
"NM_144505","KLK8"
"NM_139264","ADAMTSL1"
"BG205572",NA
"NM_013296","GPSM2"
"AK092739",NA
"A_24_P298835",NA
"NM_004800","TM9SF2"
"NM_145806","ZNF511"
"NM_006420","ARFGEF2"
"NM_001005743","NUMB"
"ENST00000340515",NA
"NM_001004432","LINGO4"
"NM_152440","KICS2"
"NM_016836","RBMS1"
"BX110908",NA
"AA630774",NA
"NM_032292","GON4L"
"THC2690347",NA
"NM_032865","TNS4"
"BE736499",NA
"NM_024560","ACSS3"
"BC047636",NA
"THC2768389",NA
"AI803364",NA
"NM_001039102","LINC00852"
"NM_013309","SLC30A4"
"NM_001039575","NSUN5P1"
"BM697215",NA
"NM_198715","PTGER3"
"NM_001013642","TRNP1"
"BC036230",NA
"A_24_P324424",NA
"BU561469",NA
"NM_004213","SLC28A1"
"ENST00000221899",NA
"NM_001012393","OPCML"
"NM_019059","TOMM7"
"NM_014386","PKD2L2"
"AK091641",NA
"NM_203347","LCN15"
"NM_021916","ZNF70"
"NM_003685","KHSRP"
"AF244570",NA
"NM_013389","NPC1L1"
"NM_020693","DSCAML1"
"AK094327",NA
"NM_178324","SPTLC1"
"A_24_P933530",NA
"NM_000032","ALAS2"
"NM_170722","NLRX1"
"NM_198539","ZNF568"
"ENST00000354743",NA
"ENST00000287899",NA
"NM_025224","ZBTB46"
"NR_002328","GNRHR2"
"NM_018082","POLR3B"
"NM_017584","MIOX"
"A_24_P942199",NA
"NM_033375","MYO1C"
"XR_018022",NA
"BX460543",NA
"NM_001073","UGT2B11"
"NM_022347","TOR1AIP2"
"NM_004826","ECEL1"
"NM_153712","TTL"
"AK022067",NA
"NM_014007","ZBTB43"
"NM_175868","MAGEA6"
"AK074062",NA
"AB027122",NA
"NM_006129","BMP1"
"NM_020761","RPTOR"
"BC036236",NA
"AI090937",NA
"NM_019073","SPATA6"
"A_24_P733345",NA
"NM_004492","GTF2A2"
"NM_018961","UBASH3A"
"AK130911",NA
"NM_032825","ZNF382"
"AK092681",NA
"BE551634",NA
"NM_182519","BPIFB4"
"BC033881",NA
"A_24_P685729",NA
"THC2505214",NA
"NM_000836","GRIN2D"
"THC2667273",NA
"NM_001015509","PTRH2"
"XR_018231",NA
"AK096498",NA
"NM_000942","PPIB"
"NM_207429","COLCA1"
"NM_001161","NUDT2"
"NM_000889","ITGB7"
"AA827885",NA
"NM_012268","PLD3"
"NM_015668","RGS22"
"A_24_P716162",NA
"NM_178543","ENPP7"
"NM_019045","WDR44"
"BC058008",NA
"AK025721",NA
"XR_017671",NA
"AF052121",NA
"NM_014000","VCL"
"NM_030627","CPEB4"
"NM_003184","TAF2"
"NM_000973","RPL8"
"NM_015528","RNF167"
"THC2723346",NA
"NM_004275","MED20"
"NM_001104","ACTN3"
"AK123302",NA
"XR_017130",NA
"NM_018944","MIS18A"
"AA334114",NA
"A_23_P13232",NA
"NM_014191","SCN8A"
"ENST00000308819",NA
"AF131782",NA
"NM_002196","INSM1"
"NM_002187","IL12B"
"NM_024050","DDA1"
"A_24_P921633",NA
"NM_016019","LUC7L2"
"NM_014276","RBPJL"
"THC2564562",NA
"NM_000707","AVPR1B"
"NM_000142","FGFR3"
"NM_024746","HHIPL2"
"NM_024678","NARS2"
"THC2537376",NA
"NM_152509","ZDHHC8BP"
"NM_007135","ZNF79"
"A_23_P216581",NA
"NM_000182","HADHA"
"BC008759",NA
"ENST00000379855",NA
"AK091585",NA
"AL713737",NA
"ENST00000379748",NA
"AI693179",NA
"BX433351",NA
"NM_001017403","LGR6"
"NM_004128","GTF2F2"
"NM_006156","NEDD8"
"NM_015434","INTS7"
"AJ003125",NA
"A_32_P176200",NA
"NM_015383","NBPF14"
"NM_015575","GIGYF2"
"NM_178433","LCE3B"
"THC2688771",NA
"NM_175932","PSMD13"
"A_24_P918677",NA
"NM_006116","TAB1"
"BI828796",NA
"NM_004643","PABPN1"
"NM_031208","FAHD1"
"BC037547",NA
"NM_003950","F2RL3"
"NM_007278","GABARAP"
"AF086441",NA
"NM_000308","CTSA"
"NM_080283","ABCA9"
"AJ488204",NA
"XR_018931",NA
"NM_024069","KXD1"
"NM_203303","ZCCHC13"
"NM_021963","NAP1L2"
"NM_001907","CTRL"
"NM_014613","FAF2"
"NM_020754","ARHGAP31"
"NM_152516","COMMD1"
"THC2533546",NA
"NM_005411","SFTPA1"
"NM_153270","KLHL34"
"AY358148",NA
"NM_130848","DCANP1"
"NM_018171","APPL2"
"NM_014691","AQR"
"NM_025232","REEP4"
"NM_006092","NOD1"
"NM_025202","EFHD1"
"NM_001037175","SUSD4"
"AK097452",NA
"NM_001018060","AIFM3"
"THC2587432",NA
"NM_003920","TIMELESS"
"NM_052971","LEAP2"
"NM_021232","PRODH2"
"NM_005530","IDH3A"
"NM_000036","AMPD1"
"NM_020738","KIDINS220"
"BC071964",NA
"NM_001421","ELF4"
"NM_006987","RPH3AL"
"NM_033453","ITPA"
"NM_012152","LPAR3"
"AL109708",NA
"AL137368",NA
"NM_001012508","SPRN"
"NM_018981","DNAJC10"
"NM_005471","GNPDA1"
"NM_014568","GALNT5"
"NM_004877","GMFG"
"NM_002905","RDH5"
"ENST00000309260",NA
"NM_032790","ORAI1"
"THC2768628",NA
"NM_001013717","CARINH"
"NM_145650","MUC15"
"NM_003504","CDC45"
"AF099740",NA
"A_24_P927996",NA
"NM_001076785","SLC7A6"
"AF118068",NA
"NM_178122","STPG1"
"AK021744",NA
"NM_147147","POPDC1"
"NM_003399","XPNPEP2"
"THC2745859",NA
"AI423557",NA
"NM_002073","GNAZ"
"ENST00000368598",NA
"BC008094",NA
"NM_024056","TMEM106C"
"ENST00000339762",NA
"NM_181507","HPS5"
"A_24_P409910",NA
"THC2746571",NA
"NM_001556","IKBKB"
"NM_020650","RCN3"
"XR_016505",NA
"NM_006340","BAIAP2"
"AJ535622",NA
"NM_014682","ST18"
"ENST00000257951",NA
"AK025365",NA
"AF086529",NA
"A_32_P170814",NA
"NM_130463","ATP6V1G2"
"NM_004871","GOSR1"
"THC2701422",NA
"NM_018294","CWF19L1"
"AF035290",NA
"NM_207117","SLC25A47"
"ENST00000321377",NA
"A_24_P101742",NA
"NM_032205","PHF20L1"
"NM_001001794","DENND6B"
"NM_001025101","MBP"
"NM_139136","KCNC2"
"NM_080873","ASB11"
"NM_005057","RBBP5"
"NM_002299","LCT"
"NM_182546","VSTM2A"
"NM_015394","ZNF10"
"NM_170587","RGS20"
"NM_181684","KRTAP12-2"
"NM_152517","IFT70B"
"NM_001079538",NA
"NM_080629","COL11A1"
"NM_002953","RPS6KA1"
"NM_003009","SELENOW"
"NM_002703","PPAT"
"NM_015332","NUDCD3"
"NM_152756","RICTOR"
"NM_152326","ANKRD9"
"NM_001544","ICAM4"
"BE672039",NA
"NM_017846","TRNAU1AP"
"A_32_P19616",NA
"NM_020661","AICDA"
"NM_018412","ST7"
"BC012027",NA
"NM_032639","PLEKHA8"
"AF293368",NA
"NM_203447","DOCK8"
"BC107073",NA
"AI925475",NA
"BC042869",NA
"NM_021599","ADAMTS2"
"NM_020770","CGN"
"THC2631965",NA
"NM_005627","SGK1"
"NM_194314","ZBTB41"
"THC2696271",NA
"NM_033129","SCRT2"
"NM_024943","TMEM156"
"THC2572108",NA
"NM_153834","ADGRG4"
"NM_017737","FNBP1L"
"A_24_P289043",NA
"THC2663200",NA
"AK098811",NA
"NM_153018","ZFP3"
"NM_001218","CA12"
"AA402960",NA
"ENST00000314121",NA
"A_32_P22989",NA
"NM_176812","CHMP4B"
"BC028174",NA
"NM_024081","PRRG4"
"NM_018590","CSGALNACT2"
"A_24_P24724",NA
"NM_004180","TANK"
"NM_015329","MAU2"
"NM_013342","TFPT"
"NM_016539","SIRT6"
"THC2508579",NA
"A_24_P925471",NA
"NM_015314","MATCAP2"
"NM_199339","SPEM1"
"NM_022764","MTHFSD"
"ENST00000338637",NA
"NM_017650","PPP1R9A"
"NM_152499","CCDC24"
"NM_015409","EP400"
"NM_014167","CCDC59"
"A_32_P200820",NA
"AA081809",NA
"AK098043",NA
"A_32_P208370",NA
"NM_000640","IL13RA2"
"AK074711",NA
"NM_001766","CD1D"
"XR_018640",NA
"BC036622",NA
"A_24_P669854",NA
"ENST00000321214",NA
"NM_001004746","OR5T2"
"NM_019023","PRMT7"
"NM_007015","CNMD"
"NM_032582","USP32"
"NM_016125","RNFT1"
"XR_018240",NA
"NM_024065","PDCL3"
"NM_002974","SERPINB4"
"NM_001147","ANGPT2"
"NM_031464","RPS6KL1"
"THC2678195",NA
"NM_024292","UBL5"
"BG196763",NA
"AW089125",NA
"NM_032208","ANTXR1"
"A_32_P80951",NA
"BX350430",NA
"NM_005012","ROR1"
"NM_018443","ZNF302"
"ENST00000373264",NA
"NM_006139","CD28"
"XM_001131389",NA
"THC2664654",NA
"NM_032230","METTL25"
"NM_145663","DBF4B"
"NM_024698","SLC25A22"
"ENST00000331458",NA
"THC2687959",NA
"NM_012234","RYBP"
"AV698092",NA
"NM_000746","CHRNA7"
"NM_024573","DCPH1"
"NM_004117","FKBP5"
"NM_153338","GGT6"
"NM_182924","MICALL2"
"NM_018250","INTS9"
"NM_020903","USP29"
"NM_000544","TAP2"
"NM_007122","USF1"
"NM_000800","FGF1"
"NM_022914","ACD"
"NM_001040135","ACTR3B"
"A_32_P138933",NA
"NM_002935","RNASE3"
"NM_001008489","PHOSPHO2"
"AK024927",NA
"CR599788",NA
"XM_211339",NA
"AA969200",NA
"ENST00000328270",NA
"NM_002840","PTPRF"
"NM_018469","TEX2"
"AA628539",NA
"NM_006839","IMMT"
"NM_001029886","PFN3"
"XR_019042",NA
"NM_033215","PPP1R3F"
"NM_199265","ISM2"
"NM_006285","TESK1"
"AF118080",NA
"AK126053",NA
"NM_014864","FAM20B"
"NM_174918","MCEMP1"
"NM_025149","ACSF2"
"BC039095",NA
"THC2631465",NA
"THC2709059",NA
"NM_207392","KRTDAP"
"NM_014798","PLEKHM1"
"NM_022662","ANAPC1"
"NM_172345","SPAG9"
"CR616041",NA
"NM_001172","ARG2"
"XR_018674",NA
"NM_000353","TAT"
"NM_001619","GRK2"
"NM_006574","CSPG5"
"A_32_P143803",NA
"NM_002449","MSX2"
"NM_152316","ARL14EP"
"NM_003966","SEMA5A"
"NM_018440","PAG1"
"NM_144718","SPICE1"
"THC2663779",NA
"THC2697551",NA
"NM_013314","BLNK"
"ENST00000367001",NA
"NM_006866","LILRA2"
"NM_182975","ZNF326"
"XR_018731",NA
"NM_032787","ADGRG7"
"NM_004506","HSF2"
"AK026267",NA
"THC2754514",NA
"CR622308",NA
"NM_024832","RIN3"
"NM_004452","ESRRB"
"AK001118",NA
"A_24_P917595",NA
"A_24_P16273",NA
"NM_002819","PTBP1"
"AK055955",NA
"NM_002811","PSMD7"
"NM_000359","TGM1"
"NR_002182","NACA4P"
"NM_006767","LZTR1"
"NM_014336","AIPL1"
"NM_030918","SNX27"
"CR622376",NA
"AK091537",NA
"BQ130537",NA
"BC022830",NA
"AK122643",NA
"THC2642582",NA
"NM_015008","TMCC1"
"NM_005480","TROAP"
"NM_004333","BRAF"
"NM_001017922","ERMAP"
"THC2620813",NA
"THC2539168",NA
"NM_006213","PHKG1"
"NM_198468","MMS22L"
"NM_003215","TEC"
"ENST00000339867",NA
"NM_007034","DNAJB4"
"XR_018560",NA
"NM_033290","MID1"
"THC2709909",NA
"NM_153359","PRR22"
"NM_014310","RASD2"
"XR_018863",NA
"NM_178827","IQUB"
"AU146963",NA
"NM_024654","NOL9"
"NM_001077708","ANKRD7"
"NM_004933","CDH15"
"NM_004731","SLC16A7"
"NM_001001396","ATP2B4"
"NM_178508","SMIM29"
"XR_016196",NA
"AA807824",NA
"NM_023016","SOWAHC"
"THC2608652",NA
"NM_178832","MORN4"
"NM_012200","B3GAT3"
"NM_015365","AMMECR1"
"THC2778959",NA
"NM_020389","TRPC7"
"NM_153461","IL17RC"
"XM_372331",NA
"THC2533037",NA
"NM_004495","NRG1"
"U68019",NA
"NM_012099","POLR1G"
"NM_013322","SNX10"
"XR_019454",NA
"BC039344",NA
"BC044637",NA
"ENST00000298762",NA
"NM_001015880","PAPSS2"
"NM_182906","CLEC10A"
"A_23_P45902",NA
"THC2546394",NA
"AA971667",NA
"NM_173538","CNBD1"
"THC2504576",NA
"NM_003900","SQSTM1"
"NM_022913","GPBP1"
"ENST00000334994",NA
"NM_025103","IFT74"
"NM_033338","CASP7"
"NM_153694","SYCP3"
"NM_145250","RNASE11"
"BC020376",NA
"AL050068",NA
"NM_181453","GCC2"
"A_32_P215745",NA
"CR618720",NA
"THC2711401",NA
"NM_014604","TAX1BP3"
"NM_024103","SLC25A23"
"NM_003168","SUPT4H1"
"BC014871",NA
"NM_024294","ILRUN"
"NM_022152","TMBIM1"
"AK092791",NA
"A_24_P101694",NA
"NM_014363","SACS"
"AK092468",NA
"AA601031",NA
"AL133022",NA
"THC2655298",NA
"NM_002469","MYF6"
"NM_153246","LINC03040"
"NM_006714","SMPDL3A"
"NM_133457","COL26A1"
"NM_007100","ATP5ME"
"NM_153609","TMPRSS6"
"BG007597",NA
"THC2731628",NA
"THC2671230",NA
"BC111002",NA
"NM_022897","RANBP17"
"BF592096",NA
"BC028374",NA
"NM_182517","C1orf210"
"NM_005853","IRX5"
"NM_006455","P3H4"
"NM_024733","ZNF665"
"NM_015721","GEMIN4"
"AK093190",NA
"NM_201253","CRB1"
"AB011171",NA
"NM_001074","UGT2B7"
"NM_002270","TNPO1"
"AF086448",NA
"NM_020748","INTS2"
"NM_004577","PSPH"
"NM_001215","CA6"
"THC2659040",NA
"CR748243",NA
"NM_130468","CHST14"
"NR_003127","ZNF542P"
"A_32_P159528",NA
"AK130366",NA
"NM_001427","EN2"
"NM_012250","RRAS2"
"NM_033300","LRP8"
"NM_003557","PIP5K1A"
"AL578110",NA
"A_32_P108592",NA
"NM_014344","FJX1"
"EB386378",NA
"NM_014611","MDN1"
"NM_000911","OPRD1"
"NM_173083","LIN9"
"XR_018991",NA
"THC2668710",NA
"ENST00000324988",NA
"NM_002072","GNAQ"
"NM_018593","SLC16A10"
"THC2650264",NA
"NM_176822","NLRP14"
"NM_152757","CRMA"
"NM_080618","CTCFL"
"NM_005011","NRF1"
"NM_024516","PAGR1"
"THC2520478",NA
"ENST00000238875",NA
"NM_012069","ATP1B4"
"THC2658800",NA
"CR627415",NA
"AA906057",NA
"NM_014168","METTL5"
"NM_024755","SLTM"
"NM_153754","B3GALT5-AS1"
"NM_014251","SLC25A13"
"BQ717518",NA
"NM_015596","KLK13"
"AK022791",NA
"NM_005600","NIT1"
"NM_022717","SNRNP35"
"AK000774",NA
"ENST00000375284",NA
"A_24_P109703",NA
"NM_024909","ATAT1"
"NM_003728","UNC5C"
"AK026774",NA
"A_24_P929533",NA
"A_24_P670342",NA
"BX100598",NA
"NM_012261","LAMP5"
"NM_015557","CHD5"
"NM_004758","TSPOAP1"
"NM_006083","IK"
"AK130514",NA
"AA541413",NA
"THC2650012",NA
"NM_014755","SERTAD2"
"ENST00000382726",NA
"NM_001935","DPP4"
"ENST00000369562",NA
"NR_001527","TTTY6"
"NM_001011667","CHCHD7"
"NM_004813","PEX16"
"BC002892",NA
"NM_016479","SHISA5"
"NM_006929","SKIC2"
"NM_001002758","PRY2"
"NM_138412","RDH13"
"NM_173853","KRTCAP3"
"A_32_P176174",NA
"NM_014551","NCAPH2"
"THC2648197",NA
"NM_013238","DNAJC15"
"XR_015247",NA
"AK026351",NA
"A_32_P138883",NA
"NM_031415","GSDMC"
"ENST00000373930",NA
"NM_001432","EREG"
"NR_002943","HNRNPA1P16"
"NM_015059","TLN2"
"NM_003955","SOCS3"
"NM_005568","LHX1"
"BC073929",NA
"A_24_P486924",NA
"NM_000057","BLM"
"NM_020784","TXNDC16"
"NM_001153","ANXA4"
"ENST00000260257",NA
"AA453603",NA
"THC2671278",NA
"NM_173659","RPUSD3"
"NM_006372","SYNCRIP"
"NM_030927","TSPAN14"
"NM_001010978","LDLRAD1"
"NM_016943","TAS2R3"
"NM_152486","SAMD11"
"NM_021810","CDH26"
"NM_001109","ADAM8"
"Z25431",NA
"AL117652",NA
"NM_032788","ZNF514"
"NM_001843","CNTN1"
"AF116702",NA
"THC2722767",NA
"W42710",NA
"NM_007348","ATF6"
"AI697848",NA
"NM_001066","TNFRSF1B"
"A_24_P135242",NA
"AI086384",NA
"THC2736233",NA
"CK820941",NA
"CA429641",NA
"NM_004409","DMPK"
"NM_005874","LILRB2"
"NM_032391","PRAC1"
"NM_006620","HBS1L"
"NM_131916","PPIL3"
"NM_024877","CCNP"
"THC2680667",NA
"AK093244",NA
"NM_032146","ARL6"
"NM_014351","SULT4A1"
"AK126439",NA
"NM_006602","TCFL5"
"NM_021990","GABRE"
"NM_001852","COL9A2"
"ENST00000328398",NA
"NM_130898","CREB3L4"
"THC2512889",NA
"NM_032219","SLC49A3"
"NM_152749","ATXN7L1"
"NM_001005205","OR8J1"
"AK021751",NA
"NM_173516","PNLDC1"
"AW198179",NA
"NR_002157","OR2A9P"
"NM_153261","CNEP1R1"
"AK091074",NA
"NM_018148","LINS1"
"A_32_P48615",NA
"BQ183759",NA
"A_24_P483096",NA
"A_24_P212875",NA
"NM_033625","RPL34"
"NM_152287","ZNF276"
"XR_018965",NA
"THC2694630",NA
"NM_001017915","INPP5D"
"NM_002859","PXN"
"NM_017682","BEST2"
"NM_003371","VAV2"
"NM_014384","ACAD8"
"NM_002203","ITGA2"
"NM_178505","TMEM26"
"BI825566",NA
"NM_016174","CERCAM"
"ENST00000321566",NA
"NM_194272","RBPMS2"
"NM_000687","AHCY"
"ENST00000270201",NA
"AX721299",NA
"XM_060535",NA
"ENST00000297544",NA
"NM_001684","ATP2B4"
"AK097259",NA
"THC2572360",NA
"BC028204",NA
"NM_000909","NPY1R"
"THC2711798",NA
"THC2544081",NA
"NM_004079","CTSS"
"NM_000758","CSF2"
"NM_183075","CYP2U1"
"NM_024800","NEK11"
"NM_207630","ABCG1"
"NM_178439","GMCL1"
"NM_014325","CORO1C"
"A_32_P227400",NA
"AK092090",NA
"NM_001040450","MINDY2"
"A_24_P101561",NA
"NM_007156","ZXDA"
"NR_002797",NA
"A_24_P943238",NA
"NM_024345","DCAF10"
"NM_015516","TSKU"
"AK000249",NA
"A_24_P931932",NA
"ENST00000355095",NA
"THC2527306",NA
"NM_016258","YTHDF2"
"NM_006387","CHERP"
"AK023526",NA
"NM_133510","RAD51B"
"NM_005736","ACTR1A"
"NM_130467","PAGE5"
"NM_001001675","ZNF818P"
"THC2499058",NA
"NM_003112","SP4"
"NM_006003","UQCRFS1"
"A_24_P873757",NA
"A_24_P921036",NA
"NM_004019","DMD"
"BC018626",NA
"NM_001794","CDH4"
"A_32_P9146",NA
"A_24_P460195",NA
"AB033004",NA
"NM_001001975","ATP5F1D"
"A_24_P903715",NA
"NM_018708","FEM1A"
"NM_001004319","VHLL"
"NM_145015","MRGPRF"
"THC2504848",NA
"A_32_P142664",NA
"NM_007271","STK38"
"NM_003768","PEA15"
"A_24_P290257",NA
"BC016934",NA
"ENST00000272831",NA
"XR_015185",NA
"NM_006263","PSME1"
"NM_006749","SLC20A2"
"NM_078476","BTN2A1"
"AI453629",NA
"NM_052907","TMEM132B"
"NM_033624","FBXO21"
"A_32_P27964",NA
"NM_012235","SCAP"
"BX107298",NA
"NM_001565","CXCL10"
"NM_003566","EEA1"
"NM_017514","PLXNA3"
"AB040937",NA
"NM_021830","TWNK"
"NM_016639","TNFRSF12A"
"XM_001129085",NA
"NM_022459","XPO4"
"NM_005001","NDUFA7"
"NM_001320","CSNK2B"
"NM_021096","CACNA1I"
"NM_015554","GLCE"
"A_24_P161068",NA
"NM_002511","NMBR"
"XR_019248",NA
"NM_024315","TMEM243"
"XR_015785",NA
"NM_018465","PLGRKT"
"NM_006379","SEMA3C"
"A_24_P911161",NA
"NM_016544","DNAJC27"
"ENST00000380344",NA
"NM_001826","CKS1B"
"THC2651526",NA
"A_24_P229766",NA
"BQ186660",NA
"AI801879",NA
"NM_139214","TGIF2LY"
"NM_133367","PAQR8"
"NM_020405","PLXDC1"
"NM_033201","BMERB1"
"THC2680209",NA
"ENST00000356196",NA
"NM_000494","COL17A1"
"NM_021182","HMHB1"
"NM_014587","SOX8"
"AB062477",NA
"NM_001029996","CFAP221"
"THC2661011",NA
"NM_001005323","OR5AK2"
"NM_000253","MTTP"
"NM_006283","TACC1"
"NM_001294","CLPTM1"
"NM_018948","ERRFI1"
"NM_152237","GAS2L1"
"XR_016155",NA
"NM_020995","HPR"
"NM_145018","DDIAS"
"NM_014617","CRYGA"
"ENST00000372313",NA
"NM_001029884","PLEKHG1"
"BC008631",NA
"NM_152624","DCP2"
"NM_174900","ZFP42"
"NM_000333","ATXN7"
"NM_182521","ZSWIM2"
"ENST00000366800",NA
"AF116665",NA
"NM_019897","OR2S2"
"NM_005980","S100P"
"A_24_P152792",NA
"NM_006243","PPP2R5A"
"NM_001052","SSTR4"
"NM_139177","SLC39A11"
"THC2629801",NA
"NM_005049","PWP2"
"NM_022772","EPS8L2"
"NM_006355","TRIM38"
"NM_030645","SH3BP5L"
"ENST00000369864",NA
"NR_002770","DIO3OS"
"NM_024572","GALNT14"
"THC2495542",NA
"XR_019449",NA
"BQ017268",NA
"BF433735",NA
"AF321778",NA
"NM_020843","SCAPER"
"A_32_P120183",NA
"XR_019103",NA
"NM_033328","CAPZA3"
"NM_001002236","SERPINA1"
"NM_021914","CFL2"
"NM_022142","ELSPBP1"
"NM_001012731","ERVK13-1"
"NM_033557","YIF1B"
"NM_000955","PTGER1"
"NM_000128","F11"
"NM_203373","FBXL22"
"A_32_P520",NA
"NM_030798","RCC1L"
"THC2661433",NA
"A_24_P7322",NA
"ENST00000273844",NA
"NM_017527","LY6K"
"BC004487",NA
"ENST00000361681",NA
"NM_002041","GABPB1"
"NM_017853","TXNL4B"
"NM_182568",NA
"NM_023947","CHID1"
"NM_198567","SIMC1"
"NM_000742","CHRNA2"
"NM_024032","HROB"
"AK123473",NA
"NM_032556","IL1F10"
"NM_006049","SNAPC5"
"NM_015513","CRELD1"
"AK095677",NA
"NM_001873","CPE"
"NM_004713","NEMF"
"A_24_P910338",NA
"NM_004323","BAG1"
"NM_020706","SCAF4"
"AK097332",NA
"NM_014423","AFF4"
"NM_017797","BTBD2"
"NM_001005505","CACNA2D2"
"NM_006632","SLC17A3"
"NM_032872","SYTL1"
"NM_003124","SPR"
"AF086511",NA
"NM_021155","CD209"
"A_24_P632160",NA
"CR620185",NA
"NM_032087","PCDHGA7"
"NM_015364","LY96"
"NM_002722","PPY"
"NM_012102","RERE"
"NM_001039570","KREMEN1"
"NM_032368","LZIC"
"BQ932957",NA
"A_24_P911378",NA
"NM_133464","ZNF483"
"NM_004836","EIF2AK3"
"NM_003108","SOX11"
"NM_173630","RTTN"
"NM_000530","MPZ"
"U69195",NA
"NM_005829","AP3S2"
"NM_001037671","PLEKHG7"
"DB365607",NA
"A_24_P148263",NA
"CR594811",NA
"NM_001079527","FAM153CP"
"NM_139163","FLACC1"
"NM_030640","DUSP16"
"A_32_P42780",NA
"NM_182640","MRPS9"
"NM_000658","AIRE"
"NM_002691","POLD1"
"NM_001841","CNR2"
"BC021301",NA
"NM_005861","STUB1"
"NM_018837","SULF2"
"AK074780",NA
"NM_005518","HMGCS2"
"N34682",NA
"NM_018370","DRAM1"
"BC089451",NA
"NM_182533","FAAP20"
"NM_024917","TRMT2B"
"NM_018064","AKIRIN2"
"A_24_P272503",NA
"THC2541425",NA
"NM_021128","POLR2L"
"A_24_P922449",NA
"ENST00000376834",NA
"NM_052865","MGME1"
"NM_013250","ZNF215"
"A_24_P7470",NA
"A_24_P942890",NA
"NM_004684","SPARCL1"
"A_24_P924247",NA
"NM_018048","MAGOHB"
"NM_023934","FUNDC2"
"THC2540410",NA
"BG216229",NA
"A_24_P934316",NA
"ENST00000360934",NA
"NM_024320","PRR15L"
"NM_005130","FGFBP1"
"NM_199464","KCNRG"
"NM_033487","CDK11B"
"NM_001040655","TTC23"
"NM_021047","ZNF253"
"A_32_P94521",NA
"NM_182752","TPRG1L"
"NM_015024","XPO7"
"NM_052848","CCDC97"
"NM_000431","MVK"
"A_24_P922120",NA
"NM_003977","AIP"
"ENST00000301807",NA
"NM_024952","DGLUCY"
"NM_002872","RAC2"
"A_32_P150269",NA
"NM_003619","PRSS12"
"A_24_P334208",NA
"ENST00000359354",NA
"CA311162",NA
"AB018258",NA
"NM_173468","MOB1B"
"NM_004420","DUSP8"
"THC2731029",NA
"NM_004947","DOCK3"
"BC013418",NA
"NM_032383","HPS3"
"NM_000483","APOC2"
"NM_022778","CEP85"
"THC2575688",NA
"NM_024979","MCF2L"
"NM_006681","NMU"
"AF161344",NA
"NM_032296","FLYWCH1"
"NM_000868","HTR2C"
"NM_176888","TAS2R19"
"AK090437",NA
"NM_031274","TEX13A"
"ENST00000237840",NA
"NM_012243","SLC35A3"
"THC2582300",NA
"NM_004799","ZFYVE9"
"NM_018271","THNSL2"
"NM_002077","GOLGA1"
"XR_018344",NA
"AK023542",NA
"NM_025078","SLC66A2"
"NM_152280","SYT11"
"NM_015864","RIPOR2"
"NM_015548","DST"
"NM_014153","ZC3H7A"
"NM_022454","SOX17"
"NP101106",NA
"NM_002520","NPM1"
"XM_001129169",NA
"NM_003855","IL18R1"
"NM_030777","SLC2A10"
"AB051520",NA
"THC2722749",NA
"NM_007247","SYNRG"
"ENST00000259219",NA
"NM_138928","MOCS1"
"NM_016133","INSIG2"
"AL050042",NA
"NM_001046","SLC12A2"
"XR_018701",NA
"NM_005462","MAGEC1"
"AK057828",NA
"NM_016000","TRNT1"
"NM_003639","IKBKG"
"NM_058172","ANTXR2"
"BC091525",NA
"NM_144631","ZNF513"
"NM_031903","MRPL32"
"THC2662749",NA
"NM_001001669","ARHGEF37"
"NM_153234","LIX1"
"THC2679340",NA
"THC2715480",NA
"AJ489257",NA
"AW302758",NA
"NM_032427","MAML2"
"NM_173178","IL36B"
"NM_032444","SLX4"
"NM_002851","PTPRZ1"
"NM_017518","HAUS7"
"NM_019091","PLEKHA3"
"AK124894",NA
"NM_004641","MLLT10"
"NM_001039395","SPATA6L"
"NM_013235","DROSHA"
"NM_019070","DDX49"
"XM_935785",NA
"ENST00000288676",NA
"NM_001446","FABP7"
"NM_001001481","UBE2W"
"NM_022168","IFIH1"
"AF274942",NA
"NM_130770","HTR3C"
"NM_001693","ATP6V1B2"
"NM_015602","TOR1AIP1"
"XR_019314",NA
"NM_022493","CIAO3"
"NM_000035","ALDOB"
"ENST00000315478",NA
"NM_133634","POFUT2"
"NM_001010982","AFMID"
"THC2533465",NA
"NM_016261","TUBD1"
"NM_152288","ORAI3"
"NM_194458","UBE2J2"
"XM_929673",NA
"NM_005006","NDUFS1"
"A_24_P560431",NA
"NM_005843","STAM2"
"NM_004360","CDH1"
"XR_018311",NA
"A_24_P944502",NA
"AL567699",NA
"NM_005224","ARID3A"
"NM_004255","COX5A"
"NM_139056","ADAMTS16"
"ENST00000367073",NA
"AJ488202",NA
"THC2661508",NA
"NM_153320","SLC22A7"
"NM_005987","SPRR1A"
"A_24_P196175",NA
"AK091259",NA
"NM_015294","TRIM37"
"NM_018717","MAML3"
"NM_004477","FRG1"
"NM_172208","TAPBP"
"AK096241",NA
"NM_032119","ADGRV1"
"NM_003719","PDE8B"
"NM_006506","RASA2"
"NM_032447","FBN3"
"THC2616992",NA
"NM_199072","MDFIC"
"NM_018714","COG1"
"NM_006446","SLCO1B1"
"NM_052876","NACC1"
"AL110130",NA
"BC005253",NA
"ENST00000306722",NA
"ENST00000332863",NA
"NM_153216","POU5F2"
"THC2682661",NA
"A_24_P306788",NA
"NM_178507","OAF"
"NM_152332","TC2N"
"THC2612025",NA
"NM_020466","LYRM2"
"NM_005783","TXNDC9"
"AL049404",NA
"NM_001334","CTSO"
"AK021862",NA
"BC031319",NA
"A_32_P222030",NA
"NM_001077664","URGCP"
"NM_000367","TPMT"
"NM_001004488","OR2A25"
"NM_153365","TAPT1"
"NM_005801","EIF1"
"NM_030805","LMAN2L"
"A_24_P340886",NA
"THC2533242",NA
"NM_016219","MAN1B1"
"NM_198236","ARHGEF11"
"A_32_P182070",NA
"NM_001025248","DUT"
"NM_031271",NA
"NM_021939","FKBP10"
"NM_173523","MAGEB6"
"NM_016226","VPS29"
"NM_080600","MAG"
"AW173501",NA
"BC008384",NA
"A_32_P145302",NA
"NM_012265","RHBDD3"
"NM_130776","XAGE3"
"NM_052946","NOSTRIN"
"THC2680363",NA
"A_24_P736853",NA
"AK092032",NA
"NM_005493","RANBP9"
"U22172",NA
"THC2768767",NA
"A_24_P592560",NA
"AK095607",NA
"NM_022097","CHP2"
"NM_032258","TBC1D3F"
"NM_017559","FNDC8"
"NM_001031743","CFAP206"
"BF059740",NA
"NM_006408","AGR2"
"NM_032604","ABHD1"
"NM_024871","MAP6D1"
"NM_001797","CDH11"
"AF140675",NA
"NM_002071","GNAL"
"AB209471",NA
"BQ706262",NA
"NM_006143","GPR19"
"THC2545456",NA
"NM_001694","ATP6V0C"
"NM_033028","BBS4"
"CA441361",NA
"BU852331",NA
"A_24_P367063",NA
"NM_032518","COL25A1"
"A_24_P623631",NA
"A_24_P464798",NA
"ENST00000332902",NA
"NM_015565","LTN1"
"AI199605",NA
"BC031875",NA
"NM_015197","PACS2"
"XM_930312",NA
"AL136789",NA
"A_23_P108534",NA
"NM_032446","MEGF10"
"AF052141",NA
"NM_013305","ST8SIA5"
"BX641009",NA
"NM_138344","FAM181A"
"NM_024329","EFHD2"
"BU616488",NA
"NM_012188","FOXI1"
"NM_005495","SLC17A4"
"S71020",NA
"AK127004",NA
"NM_000903","NQO1"
"AK128645",NA
"AK097278",NA
"NM_173362","RFESD"
"NM_001039464","MROH7"
"NM_001038633","RSPO1"
"NM_003941","WASL"
"BC009340",NA
"A_24_P264573",NA
"ENST00000311040",NA
"NM_207352","CYP4V2"
"BC016993",NA
"NM_033066","MPP4"
"CD511705",NA
"AF424541",NA
"BC066363",NA
"BM995732",NA
"XR_016825",NA
"NM_016274","PLEKHO1"
"NM_017414","USP18"
"NM_003949","HAP1"
"AF090895",NA
"ENST00000317571",NA
"THC2645538",NA
"NM_003119","SPG7"
"AK095986",NA
"NM_000066","C8B"
"THC2610907",NA
"NM_013375","ABT1"
"NM_152457","ZNF597"
"NM_013301","CCDC106"
"NM_012427","KLK5"
"NM_001024956","SC5D"
"BX091993",NA
"NM_007059","KPTN"
"AK000809",NA
"NM_005335","HCLS1"
"NM_024702","ZNF750"
"AK096006",NA
"AY279352",NA
"A_24_P921390",NA
"NM_022497","MRPS25"
"NM_003161","RPS6KB1"
"BF593129",NA
"NM_015231","NUP160"
"AF305821",NA
"NM_003869","CES2"
"NM_181672","OGT"
"AK024933",NA
"CR603215",NA
"NM_001010864",NA
"NM_016474","CCDC174"
"A_24_P126851",NA
"NM_007042","RPP14"
"NM_032023","RASSF4"
"NM_001050","SSTR2"
"L24123",NA
"NM_153366","SVEP1"
"NR_003111","RPL32P3"
"NM_006581","FUT9"
"BC022483",NA
"A_32_P82580",NA
"ENST00000360099",NA
"A_24_P471099",NA
"NM_024026","MRPL57"
"NM_018357","LARP6"
"XR_015521",NA
"NM_014206","TMEM258"
"NM_153689","C2orf69"
"A_23_P134405",NA
"NM_005954","MT3"
"NM_004966","HNRNPF"
"NM_003290","TPM4"
"NM_005754","G3BP1"
"NM_003367","USF2"
"AK095603",NA
"A_32_P78164",NA
"NM_206827","RASL11A"
"NM_176794","MRPL43"
"XR_019584",NA
"NM_002249","KCNN3"
"NM_170743","IFNLR1"
"NM_002007","FGF4"
"ENST00000361928",NA
"BX537532",NA
"AA176161",NA
"NM_173662","RNF175"
"AK026811",NA
"NM_199124","JHY"
"NM_001609","ACADSB"
"NM_020400","LPAR5"
"U88048",NA
"THC2655984",NA
"AF271776",NA
"THC2605327",NA
"NM_005438","FOSL1"
"A_32_P98574",NA
"AK023631",NA
"AL110248",NA
"ENST00000369722",NA
"NM_024899","CEP76"
"NM_013437","LRP12"
"NM_018137","PRMT6"
"NM_172240","POC1B"
"AT_ssH_AB_5",NA
"AW971282",NA
"NM_004368","CNN2"
"NM_005408","CCL13"
"BC001077",NA
"NM_173642","RIMKLA"
"ENST00000259969",NA
"NM_018941","CLN8"
"BX090980",NA
"NM_014357","LCE2B"
"NM_138468","ICA1L"
"THC2656077",NA
"AK057015",NA
"NM_001718","BMP6"
"NM_002232","KCNA3"
"NM_030573","THAP7"
"NM_013227","ACAN"
"A_24_P932270",NA
"NM_016530","RAB8B"
"AF217970",NA
"NM_030906","STK33"
"NM_032595","PPP1R9B"
"ENST00000284894",NA
"NM_001807","CEL"
"AK092163",NA
"THC2742572",NA
"XR_018958",NA
"NM_006410","HTATIP2"
"NM_005481","MED16"
"NM_002746","MAPK3"
"BF516462",NA
"NM_018246","CCDC25"
"BC029359",NA
"BC092503",NA
"NM_032505","KBTBD8"
"A_24_P922308",NA
"NM_001007234","ERCC8"
"NM_005504","BCAT1"
"THC2643352",NA
"THC2679516",NA
"BC017350",NA
"NM_021191","NEUROD4"
"NM_002770","PRSS2"
"NM_002080","GOT2"
"BC031691",NA
"THC2713067",NA
"NM_005425","TNP2"
"A_24_P307104",NA
"THC2650352",NA
"NM_006540","NCOA2"
"A_24_P916211",NA
"NM_006537","USP3"
"NM_002934","RNASE2"
"L79989",NA
"NM_005320","H1-3"
"AK091511",NA
"NM_199511","CCDC80"
"NM_001031706","PLEKHB2"
"NM_018240","KIRREL1"
"NM_004592","SFSWAP"
"AK097157",NA
"AK092871",NA
"AL137400",NA
"THC2608422",NA
"NM_003517","H2AC20"
"A_24_P936736",NA
"NM_021026","RFPL1"
"NM_017410","HOXC13"
"NM_153837","ADGRG5"
"NM_022494","ZDHHC6"
"NM_173497","HECTD2"
"NM_000651","CR1"
"XM_070233",NA
"NM_174911","LRATD2"
"NM_016297","PCYOX1"
"NM_144647","CAPSL"
"NM_024860","SETD6"
"NM_003538","H4C1"
"NM_144696","AXDND1"
"NM_000696","ALDH9A1"
"NM_152729","NT5DC1"
"THC2731042",NA
"NM_006999","TENT4A"
"NM_005422","TECTA"
"AL566332",NA
"AK025280",NA
"NM_173505","ANKRD29"
"THC2663978",NA
"NM_033506","FBXO24"
"AI064892",NA
"THC2768929",NA
"X90828",NA
"XR_018251",NA
"NM_020882","COL20A1"
"NM_006367","CAP1"
"A_24_P341408",NA
"NM_003082","SNAPC1"
"BC005072",NA
"THC2617699",NA
"AK098156",NA
"NM_024946","PSME3IP1"
"THC2661836",NA
"NM_152577","CBLL2"
"XR_017012",NA
"ENST00000324745",NA
"AK097637",NA
"ENST00000369519",NA
"AK097724",NA
"NM_006545","NPRL2"
"NM_021153","CDH19"
"CN480368",NA
"A_24_P930596",NA
"NM_006798","UGT2A1"
"A_32_P112100",NA
"NM_153028","ZNF75A"
"THC2743390",NA
"NM_014988","LIMCH1"
"NM_001032288","UBE2V1"
"A_24_P169493",NA
"NM_006522","WNT6"
"NM_173665","KIAA0825"
"NM_139176","NLRP7"
"NM_018696","ELAC1"
"NM_203297","TRIM7"
"XM_001128654",NA
"NM_001005463","EBF3"
"NM_030764","FCRL2"
"NM_020697","KCNS2"
"NM_024613","PLEKHF2"
"AA814903",NA
"NM_015246","MGRN1"
"NM_002019","FLT1"
"NM_006314","CNKSR1"
"XM_933621",NA
"NM_173545","APLF"
"THC2510254",NA
"NM_152780","MAP7D2"
"ENST00000381050",NA
"NM_005862","STAG1"
"NM_206962","PRMT2"
"NM_000862","HSD3B1"
"NM_003470","USP7"
"NM_012232","CAVIN1"
"NM_020830","WDFY1"
"AA594808",NA
"NM_020399","GOPC"
"NM_030966","KRTAP1-3"
"NM_013286","RBM15B"
"NM_004872","TMEM59"
"NM_007163","SLC14A2"
"THC2609493",NA
"NM_016252","BIRC6"
"NM_013346","SNX12"
"AA418814",NA
"NM_032918","RERG"
"NM_152704","AMER2"
"A_23_P88554",NA
"NM_015965","NDUFA13"
"NM_016598","ZDHHC3"
"THC2522884",NA
"THC2668815",NA
"THC2787201",NA
"NM_058246","DNAJB6"
"NM_152505","LCA5L"
"CR749646",NA
"NM_006608","PHTF1"
"AK092349",NA
"ENST00000284811",NA
"NM_025114","CEP290"
"THC2656784",NA
"BC004921",NA
"BC016820",NA
"ENST00000361461",NA
"NM_001012989","UBE2NL"
"AI344752",NA
"THC2753682",NA
"NM_032014","MRPS24"
"NM_022112","TP53AIP1"
"AK126354",NA
"NM_020711","ERMN"
"NM_001571","IRF3"
"NM_144622","DCST2"
"AF099011",NA
"BM982349",NA
"NM_001010940","CFAP95"
"BF989562",NA
"NM_001039580","MAP9"
"NM_138740","LTAP1"
"CR596214",NA
"ENST00000359743",NA
"BC021178",NA
"NM_000821","GGCX"
"NM_015485","RWDD3"
"NM_001015051","RUNX2"
"THC2729352",NA
"AK023765",NA
"NM_017775","TTC19"
"BC080624",NA
"AF130074",NA
"BC053632",NA
"AF086052",NA
"NM_001039083","ARL17B"
"BC016872",NA
"NM_004326","BCL9"
"AK024362",NA
"NM_080390","TCEAL2"
"NM_005409","CXCL11"
"NM_080701","TREX2"
"XM_928025",NA
"A_32_P201620",NA
"AK021686",NA
"AW511634",NA
"NM_014624","S100A6"
"AF118092",NA
"NM_199344","SFT2D2"
"NM_002523","NPTX2"
"AI541080",NA
"NM_001004321","LINC01002"
"NM_003972","BTAF1"
"A_24_P169593",NA
"THC2656487",NA
"NM_145272","C17orf50"
"NM_002603","PDE7A"
"CR601567",NA
"AF090908",NA
"NM_020328","ACVR1B"
"NM_006945","SPRR2D"
"NM_178826","ANO4"
"THC2700145",NA
"AK057515",NA
"NM_013450","BAZ2B"
"NM_006045","ATP9A"
"NM_018098","ECT2"
"A_24_P676216",NA
"THC2609092",NA
"NM_005590","MRE11"
"NM_001038704","SEPTIN4"
"BQ060012",NA
"CN430296",NA
"NM_017743","DPP8"
"NM_174895","PCP2"
"THC2680634",NA
"NM_024785","FAM124B"
"BC038749",NA
"AW293859",NA
"NM_001039802","CDC42"
"ENST00000375377",NA
"ENST00000368491",NA
"BF378976",NA
"A_24_P919963",NA
"XR_019516",NA
"AF118069",NA
"A_24_P686243",NA
"AK093508",NA
"NM_000232","SGCB"
"THC2671102",NA
"NM_152446","CEP128"
"ENST00000283694",NA
"NM_002363","MAGEB1"
"AI971784",NA
"A_24_P827794",NA
"AM181370",NA
"CR749547",NA
"U09850",NA
"THC2657934",NA
"NM_014171","CRIPT"
"NM_032374",NA
"ENST00000373644",NA
"NM_001169","AQP8"
"BC031990",NA
"R96556",NA
"NM_001024465","SOD2"
"BC035808",NA
"NM_033181","CNR1"
"NM_001079653","SDK1"
"NM_012367","OR2B6"
"A_23_P370408",NA
"BF373880",NA
"NM_000778","CYP4A11"
"AK090798",NA
"NM_016237","ANAPC5"
"A_24_P918242",NA
"AK027396",NA
"NM_000947","PRIM2"
"NM_015578","LSM14A"
"NM_000523","HOXD13"
"THC2491396",NA
"A_24_P698816",NA
"NM_018666","SAGE1"
"NM_024330","SLC27A3"
"NM_001042539","MAZ"
"A_23_P125016",NA
"THC2624202",NA
"NM_005421","TAL2"
"AK093006",NA
"AK126267",NA
"A_24_P650011",NA
"BC017706",NA
"AK094201",NA
"NM_006527","SLBP"
"A_24_P7510",NA
"NM_001032363","MICOS10"
"A_32_P36075",NA
"A_32_P171043",NA
"BC029602",NA
"NM_016063","HDDC2"
"THC2693398",NA
"BF312639",NA
"AA663883",NA
"THC2741040",NA
"NM_022734","METTL17"
"NM_014857","RABGAP1L"
"AK096402",NA
"NM_000280","PAX6"
"NM_005956","MTHFD1"
"THC2580884",NA
"ENST00000290390",NA
"A_24_P903628",NA
"ENST00000333529",NA
"BQ365891",NA
"NM_017774","CDKAL1"
"NM_001645","APOC1"
"NM_000206","IL2RG"
"BC025179",NA
"NM_003624","RANBP3"
"NM_000509","FGG"
"NM_203505","G3BP2"
"NM_006113","VAV3"
"THC2727494",NA
"AB007953",NA
"NM_007359","CASC3"
"NM_006313","USP15"
"NM_032237","POMK"
"THC2674734",NA
"THC2660651",NA
"NM_024829","PLBD1"
"NM_003794","SNX4"
"NM_007040","HNRNPUL1"
"THC2684446",NA
"NM_014931","PPP6R1"
"A_24_P917199",NA
"ENST00000349014",NA
"THC2701748",NA
"THC2781073",NA
"XR_015402",NA
"L17325",NA
"NM_022833","NIBAN2"
"NM_021706","LAIR1"
"A_24_P25063",NA
"THC2674374",NA
"NM_021061","ZNF250"
"NM_001034966","LINC00661"
"NM_020170","NCLN"
"NM_182970","RIMS4"
"AF172850",NA
"A_24_P921748",NA
"NM_018242","SLC47A1"
"XM_001128972",NA
"NM_178840","SRARP"
"NM_005357","LIPE"
"NM_006815","TMED2"
"A_32_P115043",NA
"BC063625",NA
"NM_004159","PSMB8"
"NM_032286","MED10"
"BC047055",NA
"THC2658802",NA
"NM_003356","UCP3"
"NM_003360","UGT8"
"NM_032331","EEF1AKMT4"
"NM_017654","SAMD9"
"NM_153758","IL19"
"BI050742",NA
"NM_001018067","SERBP1"
"NM_194463","RNF128"
"NM_018138","TBCCD1"
"NM_032682","FOXP1"
"AA258288",NA
"NM_004293","GDA"
"NM_001001524","TM6SF2"
"NM_016823","CRK"
"AK021777",NA
"AK094873",NA
"NM_000740","CHRM3"
"NM_031476","CRISPLD2"
"ENST00000358951",NA
"A_24_P933027",NA
"NM_003926","MBD3"
"AL117401",NA
"NM_000053","ATP7B"
"NM_080625","CCM2L"
"BC033618",NA
"AK130644",NA
"AL137703",NA
"ENST00000251170",NA
"NM_000882","IL12A"
"NM_002741","PKN1"
"NM_015070","ZC3H13"
"THC2539706",NA
"NM_015455","CNOT6"
"ENST00000376611",NA
"NM_032293","GARNL3"
"NM_005701","SNUPN"
"CR617560",NA
"AF318318",NA
"NM_033061","KRTAP4-7"
"NM_002512","NME2"
"NM_001002860","BTBD7"
"ENST00000311695",NA
"NM_004976","KCNC1"
"NM_005506","SCARB2"
"NM_013335","GMPPA"
"A_24_P927770",NA
"THC2760960",NA
"BC009800",NA
"CB133893",NA
"NM_054028","SLC35G5"
"NM_017709","TENT5C"
"NM_001002296","GOLGA7"
"NM_005697","SCAMP2"
"NM_006320","PGRMC2"
"AK094289",NA
"AK074447",NA
"NM_016626","MEX3C"
"A_24_P915675",NA
"A_32_P139260",NA
"NM_002501","NFIX"
"NM_183372","NBPF11"
"NM_138693","KLF14"
"NM_002745","MAPK1"
"NM_152424","AMER1"
"NM_018273","TMEM143"
"NM_032026","TATDN1"
"NM_019891","ERO1B"
"AK022479",NA
"ENST00000324677",NA
"AK057244",NA
"NM_001010872","FAM83B"
"NM_002908","REL"
"AK092875",NA
"THC2713242",NA
"THC2667664",NA
"ENST00000264554",NA
"XR_019420",NA
"THC2597403",NA
"A_24_P928156",NA
"BX640978",NA
"A_24_P221601",NA
"NM_016417","GLRX5"
"ENST00000262961",NA
"NM_004923","TESMIN"
"NM_014175","MRPL15"
"NM_004767","GPR37L1"
"NM_138336","COPS9"
"NM_014155","ZBTB44"
"THC2484992",NA
"BC001713",NA
"AK091034",NA
"NM_018366","BLOC1S4"
"NM_033347","KCNK7"
"AF258585",NA
"NM_005709","USH1C"
"NM_006617","NES"
"A_24_P924667",NA
"BG209258",NA
"AK098812",NA
"AF290475",NA
"NM_033409","SLC52A3"
"AF111848",NA
"BU587941",NA
"THC2652700",NA
"NM_145008","YPEL4"
"NM_001015","RPS11"
"NM_021195","CLDN6"
"NM_001001852","PIM3"
"NM_004218","RAB11B"
"NM_152999","STEAP2"
"NM_152551","SNRNP48"
"M78233",NA
"A_24_P929429",NA
"A_24_P323805",NA
"NM_001002000","GMPR2"
"XM_372498",NA
"THC2490258",NA
"NM_198060","NRAP"
"NM_145799","SEPTIN6"
"NM_018130","SHQ1"
"NM_012426","SF3B3"
"THC2512180",NA
"NM_003984","SLC13A2"
"XR_015803",NA
"THC2653459",NA
"THC2711870",NA
"NM_032145","FBXO30"
"NM_003929","RAB29"
"AL831885",NA
"NM_033468","ZNF257"
"NM_017953","ZNHIT6"
"BX098326",NA
"AK025430",NA
"NM_080912","ASGR2"
"NM_005477","HCN4"
"NM_005913","MC5R"
"BC047030",NA
"NM_032193","RNASEH2C"
"NM_013992","PAX8"
"NM_016002","SCCPDH"
"NM_024886","C10orf95"
"NM_022061","MRPL17"
"NM_018050","MANSC1"
"A_23_P65845",NA
"NM_022444","SLC13A1"
"NM_014453","CHMP2A"
"NM_175709","CBX7"
"A_24_P408981",NA
"ENST00000299308",NA
"NM_032257","ZMYND12"
"NM_153266","TMEM151A"
"A_24_P926229",NA
"AK023563",NA
"AL390157",NA
"NM_003382","VIPR2"
"NM_145239","PRRT2"
"NM_152587","C11orf65"
"AK092668",NA
"NM_002194","INPP1"
"A_24_P315654",NA
"BC014227",NA
"NM_183233","SLC67A1"
"NM_003981","PRC1"
"NM_005213","CSTA"
"NM_182633","ZNF713"
"NM_015317","PUM2"
"AF264627",NA
"NM_006763","BTG2"
"NM_000704","ATP4A"
"NM_014479","ADAMDEC1"
"NM_031904","FRMD8"
"NM_178314","RILPL1"
"DQ926472",NA
"NM_181654","CPLX4"
"NM_003051","SLC16A1"
"NM_000623","BDKRB2"
"AK023928",NA
"NM_002423","MMP7"
"NM_021951","DMRT1"
"ENST00000301042",NA
"AB019569",NA
"NM_015726","DCAF8"
"AK058041",NA
"NM_007125","UTY"
"NM_004783","TAOK2"
"THC2635710",NA
"NM_005456","MAPK8IP1"
"AF130062",NA
"NM_145011","ZNF25"
"NM_006801","KDELR1"
"NM_020892","DTX2"
"A_24_P272381",NA
"AA631847",NA
"NM_018053","XKR8"
"AK021798",NA
"NM_005503","APBA2"
"NM_007065","CDC37"
"R25063",NA
"THC2649348",NA
"NM_001039884","ZNF826P"
"NM_172373","ELF1"
"THC2574008",NA
"CA427417",NA
"AK095276",NA
"A_24_P42107",NA
"BC011779",NA
"NM_005007","NFKBIL1"
"ENST00000309447",NA
"NM_031314","HNRNPC"
"BC039300",NA
"CN430008",NA
"AK093664",NA
"THC2618883",NA
"NM_139247","ADCY4"
"NM_000243","MEFV"
"NM_002526","NT5E"
"ENST00000354576",NA
"NM_001139","ALOX12B"
"NM_015989","CSAD"
"AK023107",NA
"NM_001001330","REEP3"
"A_23_P972",NA
"NM_198486","RPL7L1"
"NM_001007226","SPOP"
"THC2635635",NA
"NM_012129","CLDN12"
"NM_000549","TSHB"
"NM_014839","PLPPR4"
"NM_003824","FADD"
"CR608275",NA
"XR_019461",NA
"U47671",NA
"NM_181572","RGSL1"
"AI796784",NA
"A_24_P341731",NA
"NM_199424","WWP2"
"NM_153833","H1-8"
"NM_005746","NAMPT"
"NM_001017927","C2orf76"
"THC2683057",NA
"A_32_P61074",NA
"NM_002055","GFAP"
"G30687",NA
"NM_033031","CCNB3"
"NM_016061","YPEL5"
"NM_152455","ZSCAN29"
"NM_005617","RPS14"
"NM_033225","CSMD1"
"ENST00000369945",NA
"NM_004673","ANGPTL1"
"NM_020125","SLAMF8"
"NM_001007245","IFRD1"
"XR_015268",NA
"NM_153716","HSFY2"
"NM_170685","TAC4"
"AT_ssH_GD_5",NA
"THC2725696",NA
"Z28739",NA
"NM_025132","WDR19"
"DCP_1_2",NA
"NM_147686","TRAF3IP2"
"A_24_P920139",NA
"NM_194271","RNF34"
"NM_002390","ADAM11"
"NM_000146","FTL"
"THC2724111",NA
"AK026675",NA
"THC2749235",NA
"NM_012183","FOXD3"
"THC2548869",NA
"A_24_P298946",NA
"NM_015976","SNX7"
"NM_002276","KRT19"
"NM_025080","ASRGL1"
"NM_005369","MCF2"
"ENST00000313624",NA
"NM_025238","BTBD1"
"NP297856",NA
"NM_182490","ZNF227"
"NM_002357","MXD1"
"AK130891",NA
"A_24_P230100",NA
"XM_069734",NA
"ENST00000273794",NA
"NM_001001502","SNCB"
"NM_080876","DUSP19"
"NM_006368","CREB3"
"AY396742",NA
"NM_014907","FRMPD1"
"NM_007312",NA
"NM_007231","SLC6A14"
"NM_145279","MOB3C"
"NM_032027","TM2D1"
"NM_022568","ALDH8A1"
"A_32_P151570",NA
"NM_004381","ATF6B"
"NM_152735","ZBTB9"
"A_24_P230195",NA
"CR610374",NA
"NM_001008215","COA5"
"NM_015691","WWC3"
"NM_181354","OXR1"
"NM_014068","PSORS1C1"
"NM_175852","TXLNA"
"THC2682438",NA
"NM_080839","GGTLC2"
"NM_007243","NRM"
"NM_177529","SULT1A1"
"A_23_P16370",NA
"NM_004322","BAD"
"BC039664",NA
"NM_006687","ACTL7A"
"NM_032837","VCF1"
"NM_148900","FOXP2"
"XR_015430",NA
"A_24_P910355",NA
"NM_001005237","OR51G1"
"NM_018622","PARL"
"NM_007180","TREH"
"U09197",NA
"ENST00000311061",NA
"NM_001311","CRIP1"
"NM_014665","LRRC14"
"AK021641",NA
"ENST00000341824",NA
"THC2757602",NA
"ENST00000357603",NA
"AK000177",NA
"AK091337",NA
"NM_003666","BLZF1"
"A_24_P307466",NA
"NM_005773","ZNF256"
"NM_001003811","TEX11"
"NM_015023","WDTC1"
"NM_207336","ZNF467"
"A_24_P264004",NA
"U10991",NA
"NM_153260","LRRC57"
"NM_017523","XAF1"
"ENST00000358356",NA
"NM_016481","TRMO"
"NM_033087","ALG2"
"NM_001009957","ZNF655"
"BC037838",NA
"NM_145053","UBQLNL"
"BM149237",NA
"NM_139057","ADAMTS17"
"NM_005671","UBXN8"
"NM_001810","CENPB"
"NM_000921","PDE3A"
"NM_003132","SRM"
"NM_005531","IFI16"
"NM_021979","HSPA2"
"THC2541331",NA
"AK095052",NA
"NM_182925","FLT4"
"BC017893",NA
"NM_012408","ZMYND8"
"ENST00000376793",NA
"THC2705989",NA
"BC047380",NA
"A_24_P891042",NA
"AK090466",NA
"NM_012278","ITGB1BP2"
"NM_152905","NEDD1"
"NM_032194","RPF2"
"NM_015089","CUL9"
"NM_133456","SHROOM1"
"NM_178857","RP1L1"
"AF318359",NA
"ENST00000388872",NA
"AF325688",NA
"ENST00000355888",NA
"NM_032834","ALG10"
"NM_024628","SLC12A8"
"THC2625476",NA
"ENST00000251375",NA
"NM_003292","TPR"
"NM_205834","LSR"
"A_32_P867077",NA
"BC031245",NA
"NM_001012506","CCDC66"
"NM_032551","KISS1R"
"NM_001444","FABP5"
"NM_178831","CASTOR3P"
"NM_016941","DLL3"
"NM_031207","HYI"
"NM_024680","E2F8"
"NM_025150","TARS2"
"NM_003003","SEC14L1"
"NM_012067","AKR7A3"
"NM_016150","ASB2"
"AI281166",NA
"AI523995",NA
"NM_014600","EHD3"
"NM_006374","STK25"
"ENST00000286794",NA
"BC009627",NA
"NM_079836","TUBA3C"
"NM_001024463","PPIP5K1"
"NM_152384","BBS5"
"AK025127",NA
"NM_213606","SLC16A12"
"NM_000270","PNP"
"BM469851",NA
"A_24_P937952",NA
"NM_182705","RFLNB"
"NM_031909","C1QTNF4"
"ENST00000273340",NA
"CR607745",NA
"THC2649445",NA
"A_24_P32207",NA
"ENST00000337530",NA
"BC029861",NA
"NM_153368","GJD4"
"NM_020549","CHAT"
"NM_005412","SHMT2"
"NM_017440","MDM1"
"NM_201382","PLEC"
"AJ243950",NA
"NM_007107","SSR3"
"NM_021624","HRH4"
"AK090855",NA
"NM_000490","AVP"
"NM_021118","CYLC1"
"A_24_P820201",NA
"A_32_P112401",NA
"BC041401",NA
"ENST00000324982",NA
"NM_181714","LCA5"
"NM_016601",NA
"NM_032317","DNAJC30"
"NM_133486","MBNL3"
"NM_017633","TENT5A"
"NM_018361","AGPAT5"
"NR_001554","CSPG4P1Y"
"NM_147180","PPP3R2"
"A_23_P143811",NA
"AB011119",NA
"NM_018566","YOD1"
"NM_018270","MRGBP"
"A_24_P493116",NA
"NM_012212","PTGR1"
"NM_174905","FAM98C"
"ENST00000310492",NA
"DCP_22_9",NA
"NM_181874","GRM7"
"ENST00000326470",NA
"AF318337",NA
"ENST00000319098",NA
"NM_177550","SLC13A5"
"NM_014867","KBTBD11"
"NM_030623","SPHKAP"
"AF351612",NA
"NM_033377","CGB1"
"XR_016822",NA
"AF292100",NA
"A_24_P118382",NA
"NM_031942","CDCA7"
"NM_020774","MIB1"
"NM_017805","RASIP1"
"NM_052942","GBP5"
"DCP_1_0",NA
"THC2676808",NA
"NM_003060","SLC22A5"
"NM_032970","SEC22C"
"XM_371250",NA
"A_24_P912279",NA
"NM_001037735","ZNF630"
"NM_002966","S100A10"
"NM_002428","MMP15"
"NM_012428","NPTN"
"NM_002500","NEUROD1"
"NM_174901","FAM9C"
"A_24_P929867",NA
"M74720",NA
"THC2557351",NA
"NM_018126","TMEM33"
"NM_182496","CCDC38"
"BC009905",NA
"NM_018121","SLF2"
"N48043",NA
"NM_012434","SLC17A5"
"NM_207442",NA
"A_24_P76694",NA
"AK092421",NA
"NM_006683","EDDM3A"
"BC033582",NA
"ENST00000367391",NA
"A_24_P919488",NA
"CR603982",NA
"XR_018027",NA
"A_32_P13081",NA
"NM_152739","HOXA9"
"NM_002704","PPBP"
"NM_134269","SMTN"
"NM_207482","FSIP2"
"NM_032818","ARHGEF39"
"AK096522",NA
"NM_015289","VPS39"
"NM_021925","LDAH"
"AK074346",NA
"ENST00000306515",NA
"NM_005625","SDCBP"
"NM_000354","SERPINA7"
"CN391963",NA
"BC009245",NA
"BC073913",NA
"NM_198930","PYHIN1"
"NM_020868","DPP10"
"NM_000487","ARSA"
"AK022138",NA
"NM_017644","KLHL24"
"BX097190",NA
"ENST00000370290",NA
"THC2545510",NA
"A_24_P550893",NA
"ENST00000372821",NA
"NM_002508","NID1"
"NM_030953","TIGD6"
"BF184174",NA
"NM_031283","TCF7L1"
"NM_014391","ANKRD1"
"A_24_P931673",NA
"NM_001001436","C16orf87"
"NM_174983","MFSD12"
"NM_194326","RPS19BP1"
"A_24_P943429",NA
"AK130576",NA
"ENST00000379895",NA
"ENST00000332074",NA
"NM_002972","SBF1"
"A_24_P118336",NA
"NM_014758","SNX19"
"THC2652466",NA
"AK131261",NA
"NM_015172","PRRC2C"
"NM_002823","PTMA"
"BX115782",NA
"THC2742743",NA
"NM_153683","KL"
"ENST00000329540",NA
"NM_001003938","HBM"
"NM_030963","RNF146"
"NM_000503","EYA1"
"NM_018101","CDCA8"
"NM_016519","AMBN"
"NM_001100","ACTA1"
"A_24_P221615",NA
"A_24_P624522",NA
"BC016922",NA
"AK023380",NA
"NM_173543","DZIP1L"
"NM_021948","BCAN"
"XR_019312",NA
"AY358103",NA
"ENST00000320831",NA
"NM_138782","FCHO2"
"NM_080616","NOL4L"
"NM_001017395","TMCC1"
"CB854750",NA
"NM_004884","IGDCC3"
"ENST00000380739",NA
"AI379175",NA
"NM_024325","ZNF343"
"NM_203453","PLPP6"
"NM_182765","HECTD2"
"AB040820",NA
"AF426268",NA
"A_24_P58597",NA
"BC042363",NA
"THC2647689",NA
"NM_004717","DGKI"
"NM_033343","LHX4"
"AI801539",NA
"NM_022063","FAM204A"
"NM_004539","NARS1"
"NM_000315","PTH"
"XR_018867",NA
"NM_022838","ARMCX5"
"ENST00000323057",NA
"NR_003062","SPRR2C"
"NM_205863","PARD3B"
"NM_139160","DEPDC7"
"DCP_20_5",NA
"NM_144602","C16orf78"
"NM_018135","MRPS18A"
"THC2628566",NA
"AK096908",NA
"BC021822",NA
"THC2655508",NA
"NM_057749","CCNE2"
"NM_003560","PLA2G6"
"THC2691824",NA
"NM_173667",NA
"NM_152523","CCNYL1"
"BM007841",NA
"BX538051",NA
"NM_198493","ANKRD45"
"BX098660",NA
"NM_012114","CASP14"
"A_32_P207096",NA
"THC2704973",NA
"AK022443",NA
"AK095791",NA
"NM_001077186","MYH14"
"A_24_P922084",NA
"NM_016401","HIKESHI"
"A_24_P845631",NA
"NM_016029","DHRS7"
"NM_015994","ATP6V1D"
"NM_005092","TNFSF18"
"NM_020455","ADGRG6"
"THC2699738",NA
"BC069097",NA
"BC034818",NA
"NM_020728","ESYT2"
"NM_001008390","CGGBP1"
"AJ001827",NA
"NM_001012762","CTU2"
"NM_003657","BCAS1"
"NM_006066","AKR1A1"
"AK027182",NA
"NM_134427","RGS3"
"A_24_P486544",NA
"NM_020428","SLC44A2"
"NM_005507","CFL1"
"A_24_P264416",NA
"NM_001032374","ZNF226"
"THC2643739",NA
"NM_153373","PHYKPL"
"A_24_P910842",NA
"AB037903",NA
"NM_004311","ARL3"
"BX394393",NA
"ENST00000368847",NA
"NM_014225","PPP2R1A"
"NM_182931","KMT2E"
"A_23_P407750",NA
"AA693701",NA
"NM_014284","NCDN"
"AK093628",NA
"NM_004121","GGT5"
"BC008624",NA
"NM_001014809","CRMP1"
"NM_024529","CDC73"
"NM_006037","HDAC4"
"A_24_P696133",NA
"ENST00000330899",NA
"NM_002351","SH2D1A"
"NM_001010897","SERP2"
"BC032684",NA
"BM926530",NA
"NM_020909","EPB41L5"
"NM_018197","ZFP64"
"A_24_P540555",NA
"NM_003107","SOX4"
"X04931",NA
"NM_172140","IFNL1"
"BG181407",NA
"NM_173499","SPATA8"
"AK096487",NA
"NM_001001438","LSS"
"AK090477",NA
"A_32_P121674",NA
"A_32_P122285",NA
"NM_000864","HTR1D"
"NM_016577","RAB6B"
"NM_006494","ERF"
"NM_022095","ZNF335"
"NM_032130","FAM186B"
"XM_001128737",NA
"NM_006225","PLCD1"
"AL080233",NA
"NM_001234","CAV3"
"NM_006989","RASA4"
"NM_005165","ALDOC"
"BX647075",NA
"ENST00000298622",NA
"NM_006634","VAMP5"
"NM_032308","RPAIN"
"NM_032704","TUBA1C"
"NM_033054","MYO1G"
"NM_053042","ZNF518B"
"NM_003917","AP1G2"
"BC039298",NA
"XM_931798",NA
"BC080530",NA
"NM_181747","ORC5"
"ENST00000312008",NA
"X75962",NA
"NM_022748","TNS3"
"ENST00000339914",NA
"NM_001001419","SMAD5"
"A_23_P151376",NA
"NM_005215","DCC"
"THC2713739",NA
"BQ003090",NA
"BX094364",NA
"THC2666403",NA
"NM_006302","MOGS"
"THC2638360",NA
"NM_014324","AMACR"
"BC068599",NA
"A_24_P806076",NA
"NM_145027","KIF6"
"THC2683886",NA
"NM_019858","GPR162"
"ENST00000327781",NA
"THC2572376",NA
"AL355699",NA
"BF527031",NA
"THC2659814",NA
"NM_003265","TLR3"
"NM_017964","SLC30A6"
"AB037851",NA
"S81591",NA
"NM_015112","MAST2"
"A_24_P358390",NA
"NM_017491","WDR1"
"AL512736",NA
"NM_020433","JPH2"
"NM_014033","TMT1A"
"NM_020792","NCEH1"
"NM_024711","GIMAP6"
"A_32_P20613",NA
"NM_016084","RASD1"
"NM_006597","HSPA8"
"NM_153023","SPATA13"
"NM_021111","RECK"
"NM_016290","UIMC1"
"NM_001042749","STAG2"
"NR_002188","GBA1LP"
"NM_014779","TSC22D2"
"NM_032792","ZBTB45"
"AY730280",NA
"BE388027",NA
"ENST00000375590",NA
"NM_015477","SIN3A"
"NM_052902","STK11IP"
"NM_152638","CCER1"
"NM_022041","GAN"
"NM_020726","NLN"
"NM_152271","LONRF1"
"NM_001338","CXADR"
"AK126941",NA
"BU684362",NA
"NM_016429","COPZ2"
"AK001097",NA
"NM_001029881","CIB4"
"NM_004198","CHRNA6"
"ENST00000262637",NA
"XR_019376",NA
"NM_032430","BRSK1"
"NM_012420","IFIT5"
"A_24_P799646",NA
"AF130114",NA
"NM_198968","DZIP1"
"THC2685393",NA
"NM_001005339","RGS10"
"BC026225",NA
"NM_013370","OSGIN1"
"NM_023011","UPF3A"
"A_24_P587803",NA
"BQ772694",NA
"NR_002228","FAM192BP"
"NM_001039877","STRN4"
"NM_006235","POU2AF1"
"NM_016046","EXOSC1"
"NM_001008901","GTSF1L"
"AK098257",NA
"AF229804",NA
"ENST00000340301",NA
"DA292134",NA
"XR_018535",NA
"NM_005581","BCAM"
"NM_022460","HS1BP3"
"ENST00000325680",NA
"THC2539492",NA
"NM_001042506","PABPC1L2B"
"AK021554",NA
"BC034307",NA
"NM_018337","ZNF444"
"NM_053050","MRPL53"
"XM_931745",NA
"AK125982",NA
"AK000923",NA
"AK092715",NA
"BX381332",NA
"A_32_P149806",NA
"NM_022566","TLNRD1"
"BC014953",NA
"NM_018257","PCMTD2"
"NM_012443","SPAG6"
"NM_020227","PRDM9"
"AK130614",NA
"NM_014406","CCT8L2"
"A_24_P932141",NA
"AK095945",NA
"NM_005578","LPP"
"NM_007253","CYP4F8"
"NM_172102","CD8B"
"NM_182690","EFNA4"
"NM_014260","PFDN6"
"NM_001010845","ACSM2A"
"NM_005582","CD180"
"AF130077",NA
"NM_018677","ACSS2"
"THC2671143",NA
"ENST00000354619",NA
"BC034792",NA
"AL137571",NA
"BC036909",NA
"A_24_P221375",NA
"NM_014063","DBNL"
"NM_014015","DEXI"
"AL137482",NA
"ENST00000355049",NA
"NM_004263","SEMA4F"
"CF528315",NA
"NM_172242","SPAG6"
"NM_020299","AKR1B10"
"NM_017815","HAUS4"
"NM_001424","EMP2"
"NM_001047841","ACKR3"
"NM_005484","PARP2"
"AY358255",NA
"NM_018284","GBP3"
"NM_014888","FAM3C"
"NM_015617","PYGO1"
"THC2671876",NA
"NM_016069","PAM16"
"NM_014421","DKK2"
"AK094415",NA
"A_24_P853366",NA
"NM_031407","HUWE1"
"NM_005865","PRSS16"
"NM_014475","DHDH"
"THC2660273",NA
"AF272382",NA
"NM_014335","EID1"
"AA884902",NA
"THC2674766",NA
"NM_005689","ABCB6"
"NM_173593","B4GALNT3"
"BC034958",NA
"A_24_P341386",NA
"XR_016741",NA
"AK092379",NA
"NM_182563","BRICD5"
"NM_013942","PAX3"
"NM_001012626","ANAPC1P2"
"NM_014003","DHX38"
"NM_005180","BMI1"
"NM_001030006","AP2B1"
"A_24_P306754",NA
"NM_015631","TCTN3"
"NM_024036","LRFN4"
"NM_022739","SMURF2"
"BU686948",NA
"NM_145263","SPATA18"
"NM_006166","NFYB"
"A_32_P173023",NA
"THC2644897",NA
"NM_005764","PDZK1IP1"
"NM_020394","ZNF695"
"AK001903",NA
"DCP_1_4",NA
"NM_006889","CD86"
"NM_020158","EXOSC5"
"NM_005153","USP10"
"NM_021228","SCAF1"
"NM_001010874","TECRL"
"ENST00000340381",NA
"NM_000070","CAPN3"
"NM_030613","ZFP2"
"NM_207368","MCRIP1"
"THC2640304",NA
"AL834206",NA
"NM_032385","FAXDC2"
"AF285120",NA
"NM_145214","TRIM11"
"NM_006807","CBX1"
"NM_002541","OGDH"
"A_24_P247324",NA
"NM_015124","GRAMD4"
"A_24_P358205",NA
"NM_002837","PTPRB"
"AL833817",NA
"THC2543706",NA
"NM_014470","RND1"
"S45570",NA
"NM_016089","ZNF589"
"A_24_P920157",NA
"A_24_P861685",NA
"NM_021648","TSPYL4"
"NM_018348","CMTR2"
"AK026429",NA
"BC051879",NA
"NM_001013665","LINC00999"
"NM_152644","FAM24B"
"THC2688486",NA
"AK023372",NA
"NM_032313","NOA1"
"BC014578",NA
"BC041979",NA
"NM_181715","CRTC2"
"NM_017599","VEZT"
"NM_004786","TXNL1"
"ENST00000368503",NA
"XM_929836",NA
"BC002889",NA
"NM_207308","NUP210L"
"NM_016082","CDK5RAP1"
"NM_175609","ARFGAP1"
"BC022394",NA
"AF136171",NA
"NM_017812","CHCHD3"
"NM_004416","DTX1"
"NM_005235","ERBB4"
"THC2628739",NA
"NM_015955","MEMO1"
"NM_003798","CTNNAL1"
"A_32_P162322",NA
"BG167658",NA
"NM_017987","RUFY2"
"NM_182687","PKMYT1"
"AK023472",NA
"XR_018094",NA
"NM_014496","RPS6KA6"
"NM_002432","MNDA"
"ENST00000311528",NA
"A_32_P98854",NA
"BX094715",NA
"NM_001030007","AP1G1"
"A_32_P113404",NA
"NM_018502","TMCO6"
"AK095359",NA
"ENST00000357802",NA
"NM_021075","NDUFV3"
"THC2669961",NA
"NM_006442","DRAP1"
"AF277188",NA
"NM_005270","GLI2"
"BC014113",NA
"NM_001154","ANXA5"
"NM_005386","NNAT"
"THC2645797",NA
"AK125998",NA
"THC2667549",NA
"NM_033514","LIMS3"
"NM_015318","ARHGEF18"
"BM474343",NA
"ENST00000215202",NA
"THC2764364",NA
"ENST00000358396",NA
"NM_004696","SLC16A4"
"A_32_P127454",NA
"DA383986",NA
"NM_194292","SASS6"
"AK095895",NA
"A_24_P916299",NA
"NM_144705","TEKT4"
"ENST00000316429",NA
"NM_003055","SLC18A3"
"A_32_P93807",NA
"AK126019",NA
"A_32_P191717",NA
"NM_005752","CLEC3A"
"AL080072",NA
"THC2570021",NA
"NM_018125","ARHGEF10L"
"THC2597502",NA
"BC021898",NA
"NM_015029","POP1"
"NM_021239","RBM25"
"THC2696378",NA
"NM_004426","PHC1"
"NM_000349","STAR"
"NM_015407","ABHD14A"
"BC008690",NA
"NM_182614","TMEM255B"
"BQ333643",NA
"NM_001014448","CPZ"
"THC2654992",NA
"AI700316",NA
"NM_021926","ALX4"
"BC014228",NA
"NM_001662","ARF5"
"NM_001007527","LMBRD2"
"NM_015360","MTREX"
"THC2653489",NA
"AF293366",NA
"NM_175058","PLEKHA7"
"A_24_P256093",NA
"NM_004023","DMD"
"AF320072",NA
"BC017209",NA
"THC2539698",NA
"NM_145064","STAC3"
"NM_178013","PRIMA1"
"ENST00000260303",NA
"NM_031431","COG3"
"BC036435",NA
"AK091904",NA
"NM_005297","MCHR1"
"A_24_P607107",NA
"NM_004831","MED26"
"NM_145910","NEK11"
"NM_080861","SPSB3"
"NM_001008504","OPRM1"
"BC047778",NA
"NM_173547","TRIM65"
"AK055279",NA
"NM_152774","TMEM196"
"NM_030964","SPRY4"
"NM_078470","COX15"
"NM_031481","SLC25A18"
"CR605438",NA
"AK057518",NA
"A_24_P918007",NA
"NM_004040","RHOB"
"NM_080872","UNC5D"
"NM_017451","BAIAP2"
"NM_152547","BTNL9"
"NM_006601","PTGES3"
"AK055620",NA
"NM_198868","TBC1D9B"
"AK098753",NA
"NM_006805","HNRNPA0"
"NM_030806","C1orf21"
"NR_002187","TPI1P2"
"A_24_P878388",NA
"ENST00000377131",NA
"AK002066",NA
"NM_002451","MTAP"
"NM_018933","PCDHB13"
"NM_173164","NFATC3"
"THC2648781",NA
"NM_144649","TMEM71"
"NM_001926","DEFA6"
"NM_002886","RAP2B"
"A_23_P77245",NA
"NM_024834","MCMBP"
"NM_004468","FHL3"
"NM_002686","PNMT"
"AF111846",NA
"NM_172127","CAMK2D"
"ENST00000324961",NA
"BC047753",NA
"AI686776",NA
"ENST00000360555",NA
"A_24_P493100",NA
"AA180985",NA
"THC2687398",NA
"NM_024873","TNIP3"
"L17326",NA
"AU119088",NA
"NM_021025","TLX3"
"NM_006067","EMC8"
"NM_053025","MYLK"
"NM_198261","RSRC2"
"XM_001131332",NA
"THC2505348",NA
"NM_002604","PDE7A"
"NM_001032730","USP48"
"A_24_P349489",NA
"NM_000147","FUCA1"
"NM_001221","CAMK2D"
"NM_000990","RPL27A"
"ENST00000371847",NA
"AF119881",NA
"NM_017912","HERC6"
"A_24_P477516",NA
"XR_018724",NA
"NM_002251","KCNS1"
"BC045573",NA
"THC2656826",NA
"NM_001009994","RIPPLY2"
"AK093571",NA
"NM_001526","HCRTR2"
"AL834189",NA
"XR_018216",NA
"NM_006349","ZNHIT1"
"NM_198992","SYT10"
"NM_138964","PROKR1"
"NM_006792","MORF4"
"NM_005214","CTLA4"
"NM_017897","OXSM"
"CB338058",NA
"A_23_P331087",NA
"BC006312",NA
"NM_080864","RLN3"
"ENST00000328060",NA
"BC020707",NA
"THC2726959",NA
"NM_005371","METTL1"
"NM_014895","CEP162"
"BC035863",NA
"NM_004044","ATIC"
"NM_000055","BCHE"
"AW270846",NA
"NM_174891","CLBA1"
"NM_182632","SLC6A18"
"AK002085",NA
"ENST00000368804",NA
"NM_020309","SLC17A7"
"NM_004712","HGS"
"THC2669419",NA
"NM_018248","NEIL3"
"NM_004727","SLC24A1"
"NM_153042","KDM1B"
"ENST00000382496",NA
"A_24_P913190",NA
"NM_004703","RABEP1"
"NM_002191","INHA"
"NM_003250","THRA"
"NM_173824","C3orf38"
"NM_005654","NR2F1"
"NM_014028","OSTM1"
"NM_001045556","SLA"
"ENST00000379872",NA
"NM_016067","MRPS18C"
"NM_033260","FOXQ1"
"BC009878",NA
"NM_013986","EWSR1"
"THC2721291",NA
"NM_014671","UBE3C"
"NM_004277","SLC25A27"
"BC012121",NA
"NM_031919","FSD1L"
"AI186481",NA
"AB051467",NA
"A_32_P222060",NA
"NM_017845","COMMD8"
"NM_012472","DNAAF11"
"THC2623157",NA
"NM_014947","FOXJ3"
"AK074675",NA
"THC2718727",NA
"NM_025187","PHAF1"
"NM_003395","WNT9A"
"A_24_P808595",NA
"NM_022484","TMEM168"
"AY358248",NA
"CR590623",NA
"NM_001911","CTSG"
"ENST00000294649",NA
"NM_001286","CLCN6"
"NM_018694","ARL6IP4"
"THC2565745",NA
"NM_033083","EAF1"
"NM_020203","MEPE"
"NM_007226","NXPH2"
"XM_496991",NA
"THC2577186",NA
"NM_032831","ORAI2"
"NM_006009","TUBA1A"
"NM_024341","ZNF557"
"NM_014458","KLHL20"
"NM_001005266","HMGN2P46"
"NM_176818","GATC"
"BM792465",NA
"NM_052925","LENG8"
"NM_001332","CTNND2"
"NM_025220","ADAM33"
"NM_152460","CD300LD-AS1"
"NM_001150","ANPEP"
"A_24_P913576",NA
"NM_138392","SHKBP1"
"NM_007048","BTN3A1"
"THC2745796",NA
"NM_014633","CTR9"
"NM_003664","AP3B1"
"NM_014080","DUOX2"
"AF196568",NA
"NM_000504","F10"
"NM_030956","TLR10"
"NM_020826","SYT13"
"NM_020457","THAP11"
"ENST00000342324",NA
"NM_032107","L3MBTL1"
"NM_014411","SND1-IT1"
"NM_203462","MRFAP1L1"
"NM_012304","FBXL7"
"NM_004655","AXIN2"
"AB051500",NA
"CV339166",NA
"AK058065",NA
"NM_002078","GOLGA4"
"NM_000491","C1QB"
"NM_018490","LGR4"
"NM_001039210","ALG13"
"DQ100840",NA
"NM_005858","AKAP8"
"NM_033106","GALP"
"THC2736113",NA
"NM_005497","GJC1"
"ENST00000343519",NA
"NM_019024","HEATR5B"
"BC111008",NA
"NM_017602","OTUD5"
"BC104421",NA
"CR616772",NA
"ENST00000374919",NA
"NM_024580","EFL1"
"NM_021068","IFNA4"
"NM_138289","ACTRT1"
"THC2622749",NA
"A_24_P543460",NA
"NM_015859","GTF2A1"
"BC047720",NA
"M13930",NA
"ENST00000344523",NA
"BX648484",NA
"NM_017998","C9orf40"
"NR_002795","HOXA11-AS"
"A_32_P99399",NA
"THC2685750",NA
"NM_024787","RNF122"
"NM_015133","MAPK8IP3"
"M55536",NA
"AK129743",NA
"NM_004508","IDI1"
"NM_144994","ANKRD23"
"NM_022763","FNDC3B"
"A_24_P936057",NA
"CR600585",NA
"AY358815",NA
"NM_003363","USP4"
"NM_178547","ZBTB8OS"
"A_24_P843921",NA
"XR_018554",NA
"NM_015191","SIK2"
"NM_001002260","AIF1L"
"XM_926406",NA
"NM_003970","MYOM2"
"NM_018029","EBLN2"
"NM_017436","A4GALT"
"THC2504565",NA
"ENST00000341893",NA
"A_24_P859431",NA
"THC2689548",NA
"NM_058186","FAM3B"
"AF116680",NA
"AF131795",NA
"NM_183058","LYZL2"
"NM_018838","NDUFA12"
"XR_017687",NA
"THC2668242",NA
"ENST00000331696",NA
"NM_138961","ESAM"
"AK055712",NA
"NM_183419","RNF19A"
"XR_016633",NA
"NM_032345","PYM1"
"XR_018267",NA
"NM_152354","ZNF285"
"NM_000389","CDKN1A"
"NM_001750","CAST"
"NM_022481","ARAP3"
"AK097672",NA
"NM_138349","TP53I13"
"NM_006586","CNPY3"
"AF242772",NA
"NM_006788","RALBP1"
"NM_023014","PRAMEF2"
"NM_004437","EPB41"
"NM_006741","PPP1R1A"
"NM_002723","PRB4"
"NM_021873","CDC25B"
"NM_024700","SNIP1"
"NM_002542","OGG1"
"NM_003584","DUSP11"
"AK123844",NA
"THC2761218",NA
"NM_014956","CEP164"
"NM_007172","NUP50"
"NM_014313","TMEM50A"
"NM_001017964","YDJC"
"NM_021260","ZFYVE1"
"NM_001869","CPA2"
"NM_138347","ZNF551"
"NM_138493","CCDC167"
"NM_000847","GSTA3"
"NM_014580","SLC2A8"
"NM_175873","SOWAHA"
"NM_019095","CRLS1"
"NM_004613","TGM2"
"AK094219",NA
"NM_006325","RAN"
"AF086274",NA
"AB046833",NA
"AA179403",NA
"AF318333",NA
"NM_024415","DDX4"
"NM_000343","SLC5A1"
"NM_005170","ASCL2"
"NM_003074","SMARCC1"
"NM_001425","EMP3"
"NM_175922","PRR18"
"A_24_P203886",NA
"NM_020894","UVSSA"
"DCP_22_0",NA
"AL512723",NA
"NM_003675","PRPF18"
"BC065204",NA
"XM_932212",NA
"AY173948",NA
"NM_015535","SPATS2L"
"NM_014059","RGCC"
"A_24_P152278",NA
"ENST00000320054",NA
"NM_007274","ACOT7"
"AU184995",NA
"THC2662468",NA
"NM_018413","CHST11"
"A_24_P929835",NA
"NM_130773","CNTNAP5"
"NM_018058","CRTAC1"
"NM_014211","GABRP"
"THC2531867",NA
"NM_033116","NEK9"
"NM_005315","GSC2"
"NM_004588","SCN2B"
"NM_001024948","FNBP1L"
"NM_032559","KIF2B"
"NM_006437","PARP4"
"THC2659236",NA
"NM_014732","KIAA0513"
"NM_021254","CFAP298"
"AK090482",NA
"NM_016523","KLRF1"
"NM_133637","DQX1"
"NM_018283","NUDT15"
"NM_172212","CSF1"
"NM_173573","LMNTD2"
"THC2652793",NA
"AK092264",NA
"THC2746142",NA
"XR_017648",NA
"NM_022144","TNMD"
"AK096196",NA
"NM_152325","TEX26"
"ENST00000358293",NA
"A_23_P144317",NA
"THC2727342",NA
"ENST00000315302",NA
"NM_031370","HNRNPD"
"BE816155",NA
"NM_033281","KGD4"
"AK023660",NA
"NM_015527","TBC1D10B"
"NM_018974","UNC93A"
"NM_032842","TMEM209"
"NM_133489","SLC26A10P"
"NM_018142","INTS10"
"U62539",NA
"THC2665323",NA
"ENST00000344293",NA
"NM_001004749","OR51A7"
"NM_030628","INTS5"
"NM_015200","PDS5A"
"ENST00000308604",NA
"AK024293",NA
"AJ315134",NA
"NM_005940","MMP11"
"NM_052896","CSMD2"
"BC029255",NA
"ENST00000371291",NA
"AK021980",NA
"A_23_P103951",NA
"AY358211",NA
"ENST00000355232",NA
"ENST00000357986",NA
"NM_025234","SKIC8"
"NM_030957","ADAMTS10"
"NR_002140","OR6W1P"
"NM_022828","YTHDC2"
"NM_022490","POLR1E"
"NM_198893","ZNF160"
"XR_018885",NA
"AK096317",NA
"DCP_22_4",NA
"BC009836",NA
"THC2669672",NA
"NM_002231","CD82"
"AK124384",NA
"NM_012455","PSD4"
"NM_000641","IL11"
"NM_017723","TOR4A"
"NM_024106","ZNF426"
"NM_134421","HPCAL1"
"ENST00000258457",NA
"NM_004723","ARHGEF2"
"NM_018952","HOXB6"
"AF034174",NA
"NR_002826","NOC2LP2"
"NM_012351","OR10J1"
"NM_017823","DUSP23"
"A_24_P461664",NA
"NM_000608","ORM2"
"THC2725510",NA
"AK057710",NA
"AK055918",NA
"NM_003854","IL1RL2"
"NM_022769","CRTC3"
"AW993939",NA
"DB345776",NA
"NM_014999","RAB21"
"AK025061",NA
"ENST00000308963",NA
"NM_058190","SLX9"
"NM_000108","DLD"
"NM_007003","PAGE4"
"NM_152510","HORMAD2"
"BC041413",NA
"NR_000039","RAB9BP1"
"AJ420543",NA
"AK094546",NA
"NM_005815","ZNF443"
"NM_180990","ZACN"
"ENST00000328644",NA
"NM_005443","PAPSS1"
"NM_000218","KCNQ1"
"NM_015071","ARHGAP26"
"NM_152395","NUDT16"
"BC034350",NA
"NM_005186","CAPN1"
"XR_016023",NA
"AF116668",NA
"AF355802",NA
"NM_181521","CMTM4"
"BQ777622",NA
"A_32_P172198",NA
"AK092226",NA
"NM_018115","SDAD1"
"NM_001039886","ZNF808"
"A_23_P15226",NA
"ENST00000367245",NA
"THC2519484",NA
"A_24_P375510",NA
"AK026422",NA
"BX350256",NA
"XR_018786",NA
"NM_002471","MYH6"
"BC036939",NA
"ENST00000376356",NA
"AK124847",NA
"A_23_P45821",NA
"THC2687641",NA
"A_32_P206561",NA
"AJ293393",NA
"NM_144646","JCHAIN"
"BC004449",NA
"AK225050",NA
"NM_004070","CLCNKA"
"NM_003588","CUL4B"
"NM_003635","NDST2"
"NM_019625","ABCB9"
"XR_018450",NA
"NM_014079","KLF15"
"NM_005059","RLN2"
"THC2735952",NA
"NM_001025604","ARRDC2"
"A_24_P938036",NA
"NM_013282","UHRF1"
"NM_001331","CTNND1"
"AF277624",NA
"NR_003264","SDHAP1"
"NM_006977","ZBTB25"
"NM_014603","CDR2L"
"NM_017551","GRID1"
"BX640708",NA
"THC2647660",NA
"NM_201430","RTN3"
"NM_016644","PRR16"
"NM_020677","NMRAL1"
"CR603951",NA
"NM_021999","ITM2B"
"AB014594",NA
"NM_058243","BRD4"
"NM_018335","ZNF839"
"NM_030952","NUAK2"
"NM_001036646","ANKRD13C-DT"
"ENST00000369453",NA
"NM_006670","TPBG"
"AF305825",NA
"BQ320385",NA
"BE535679",NA
"NM_012464","TLL1"
"NM_001004298","C10orf90"
"NM_001036","RYR3"
"NM_001039888","ANKRD34A"
"AK074188",NA
"BC023570",NA
"NM_032279","ATP13A4"
"AF174606",NA
"NM_033194","HSPB9"
"THC2680939",NA
"THC2640099",NA
"AK021427",NA
"AK096154",NA
"NM_001725","BPI"
"NM_001518","GTF2I"
"NM_175575","WFIKKN2"
"NM_001042590","TMEM8B"
"AL355736",NA
"NM_021822","APOBEC3G"
"NM_000283","PDE6B"
"NM_017490","MARK2"
"AL137318",NA
"NM_080649","APEX1"
"THC2563227",NA
"CR624390",NA
"NM_022077","MANBAL"
"A_24_P920463",NA
"NM_014871","PAN2"
"NM_003135","SRP19"
"XR_019523",NA
"ENST00000295907",NA
"NM_001040653","ZXDC"
"A_24_P256050",NA
"THC2744561",NA
"T89979",NA
"NM_002822","TWF1"
"NM_001001890","RUNX1"
"NM_003329","TXN"
"NM_005538","INHBC"
"BI966004",NA
"NM_000337","SGCD"
"NM_005687","FARSB"
"THC2654605",NA
"NM_138822","PAM"
"NM_019604","CRTAM"
"A_32_P30014",NA
"THC2568627",NA
"A_24_P99005",NA
"NM_016293","BIN2"
"ENST00000329862",NA
"NM_004061","CDH12"
"NM_173490","TMEM171"
"BC012484",NA
"NM_017868","TTC12"
"NM_018133","MSL2"
"NM_005074","SLC17A1"
"AK094181",NA
"AL137492",NA
"NM_015017","USP33"
"NM_020410","ATP13A1"
"NM_052932","TMEM123"
"NM_001696","ATP6V1E1"
"NM_176820","NLRP9"
"NM_005267","GJA8"
"NM_021033","RAP2A"
"NM_024337","IRX1"
"ENST00000305608",NA
"AF130065",NA
"NM_032608","MYO18B"
"NM_001506","GPR32"
"BC043547",NA
"AW268902",NA
"ENST00000309295",NA
"NM_024009","GJB3"
"THC2654357",NA
"AI674800",NA
"NM_001029976","ZNF16"
"BC009198",NA
"THC2490345",NA
"NM_022124","CDH23"
"BC006406",NA
"NM_015881","DKK3"
"NM_181361","KCNMB2"
"AF159093",NA
"NM_015338","ASXL1"
"THC2677499",NA
"AB075822",NA
"AK025758",NA
"AK094929",NA
"AF118073",NA
"AF052152",NA
"AF116719",NA
"NM_004184","WARS1"
"THC2653997",NA
"BM997687",NA
"AY665468",NA
"THC2770741",NA
"XR_018959",NA
"BC034915",NA
"NM_025247","ACAD10"
"A_24_P467805",NA
"BC017506",NA
"NM_032852","ATG4C"
"AK124295",NA
"A_24_P541483",NA
"NM_024813","RPAP2"
"THC2759284",NA
"NM_173199","NR4A3"
"AK096054",NA
"NM_004413","DPEP1"
"NM_014488","RAB30"
"NM_006236","POU3F3"
"NM_138798","MITD1"
"NM_032467","ASPH"
"NM_016588","NRN1"
"NM_138773","SLC25A46"
"NM_014846","WASHC5"
"NM_020932","MAGEE1"
"NM_014819","PJA2"
"BC000604",NA
"XR_017861",NA
"NM_018129","PNPO"
"AF043725",NA
"THC2718021",NA
"NM_017781","CYP2W1"
"NM_053279","FAM167A"
"NM_001257","CDH13"
"NM_003120","SPI1"
"NM_024099","LBHD1"
"DCP_20_3",NA
"NM_001011663","PCGF6"
"NM_012176","FBXO4"
"NM_006769","LMO4"
"XR_018440",NA
"THC2637613",NA
"BE080604",NA
"NM_080650","DPH6"
"NM_001462","FPR2"
"A_24_P476718",NA
"NM_017991","KANSL3"
"NM_014667","VGLL4"
"NM_022453","RNF25"
"NM_018375","SLC39A9"
"ENST00000389617",NA
"BQ072652",NA
"THC2489413",NA
"ENST00000295410",NA
"BC035146",NA
"NM_016580","PCDH12"
"NM_002234","KCNA5"
"NM_001014438","CARS1"
"NM_003993","CLK2"
"A_32_P82631",NA
"NM_018437","HEMGN"
"NM_006402","LAMTOR5"
"BG413401",NA
"THC2635964",NA
"NM_030974","SHARPIN"
"NM_002422","MMP3"
"NM_002861","PCYT2"
"THC2502237",NA
"AK123912",NA
"NM_138356","SHF"
"THC2540532",NA
"A_24_P803809",NA
"NM_017999","RNF31"
"AV702101",NA
"NM_018312","PPP6R3"
"ENST00000372072",NA
"NM_058163","TSR2"
"AK025112",NA
"THC2672319",NA
"NM_016200","LSM8"
"XR_019229",NA
"CR624291",NA
"NM_005089","ZRSR2"
"NM_020469","ABO"
"NM_153225","SBSPON"
"NM_002301","LDHC"
"NM_017649","CNNM2"
"AY927488",NA
"AK056664",NA
"NM_001369","DNAH5"
"NM_001007543","PRDM10-DT"
"NM_018439","IMPACT"
"THC2746042",NA
"NM_203309","HEATR4"
"BC014579",NA
"NM_153811","SLC38A6"
"AK124659",NA
"NM_022048","CSNK1G1"
"CB305794",NA
"NM_031310","PLVAP"
"AW582601",NA
"XM_929496",NA
"NM_198459","DENND2C"
"NM_025065","RPF1"
"THC2781306",NA
"NM_003864","SAP30"
"NM_001008387","REG3G"
"A_24_P306814",NA
"NM_031498","GNGT2"
"NM_000809","GABRA4"
"NM_053051","CNTROB"
"THC2668315",NA
"NM_032494","ZC3H8"
"NM_014734","SUSD6"
"NM_018986","SH3TC1"
"ENST00000305046",NA
"NM_001362","DIO3"
"NM_024940","DOCK5"
"THC2497772",NA
"NM_212551","LYSMD1"
"THC2765767",NA
"NM_024876","COQ8B"
"AK074767",NA
"A_24_P943630",NA
"N71288",NA
"NM_016309","LCMT1"
"BC005335",NA
"NM_005952","MT1X"
"NM_033380","COL4A5"
"NM_023917","TAS2R9"
"A_24_P934740",NA
"A_24_P281468",NA
"AB019564",NA
"THC2687538",NA
"NM_017996","DET1"
"ENST00000327574",NA
"NM_032750","ABHD14B"
"NM_015453","THUMPD3"
"NM_017657","AFTPH"
"NM_000124","ERCC6"
"BC002724",NA
"BQ881683",NA
"A_32_P231427",NA
"AL157490",NA
"NM_003377","VEGFB"
"NM_001010924","FAM171A1"
"A_24_P323778",NA
"A_24_P711290",NA
"BC028243",NA
"NM_001040440","CCDC112"
"AB032978",NA
"NM_153347","TMEM86A"
"NM_007170","TESK2"
"ENST00000373547",NA
"A_24_P322908",NA
"NM_016203","PRKAG2"
"NM_007030","TPPP"
"NM_006226","PLCL1"
"NM_015250","BICD2"
"NM_153813","ZFPM1"
"NM_002237","KCNG1"
"NM_024584","CCDC121"
"NM_080926","BMS1P20"
"NM_021016","PSG3"
"A_32_P78395",NA
"NM_199282","ARHGAP27"
"ENST00000339120",NA
"ENST00000382990",NA
"NM_182703","ANKDD1A"
"NM_003527","H2BC17"
"ENST00000339489",NA
"NM_006270","RRAS"
"NM_213621","HTR3A"
"THC2670361",NA
"XR_019203",NA
"NM_017860","C1orf56"
"THC2507805",NA
"NM_006705","GADD45G"
"A_24_P770721",NA
"BC045718",NA
"ENST00000265641",NA
"AI359141",NA
"A_24_P531720",NA
"NM_001038707","CDC42SE1"
"NM_012334","MYO10"
"NM_005725","TSPAN2"
"THC2533385",NA
"NM_021044","DHH"
"AK130038",NA
"AK093639",NA
"NM_003672","CDC14A"
"A_32_P42213",NA
"NM_001002918","OR8D2"
"NM_032641","SPSB2"
"NM_001010870","TDRD6"
"NM_006360","EIF3M"
"AF130105",NA
"NM_021133","RNASEL"
"S67970",NA
"BQ548663",NA
"NM_004571","PKNOX1"
"A_24_P944478",NA
"CR606271",NA
"THC2488952",NA
"ENST00000374643",NA
"NM_003578","SOAT2"
"NM_177423","PPFIA1"
"AF118079",NA
"NM_133326","ATP6V1G3"
"NM_004773","ZNHIT3"
"THC2489404",NA
"NM_001012361","WDR31"
"A_24_P32836",NA
"NM_006618","KDM5B"
"NM_018488","TBX4"
"BC038371",NA
"AK055382",NA
"THC2542065",NA
"NM_001006641","SLC25A25"
"NM_001034116","EIF2B4"
"A_24_P862251",NA
"NM_004580","RAB27A"
"AK093643",NA
"NM_017434","DUOX1"
"AK022408",NA
"NM_152672","SLC51A"
"NM_000878","IL2RB"
"NM_018066","GPN2"
"NM_018453","EAPP"
"NM_015476","TPGS2"
"NM_001005414","ZWINT"
"NM_032137","C3orf20"
"NM_018043","ANO1"
"NM_014374","REPIN1"
"NM_004146","NDUFB7"
"NM_018195","NKAPD1"
"A_24_P929126",NA
"NM_022036","GPRC5C"
"THC2505276",NA
"D89937",NA
"AF339813",NA
"THC2730628",NA
"NM_199005","ZNF322P1"
"NM_014404","CACNG5"
"A_24_P315885",NA
"NM_001003803","DMAC2L"
"NM_133328","DEDD2"
"NM_012412","H2AZ2"
"CR749867",NA
"ENST00000382611",NA
"AK023533",NA
"NM_181861","APAF1"
"NM_005015","OXA1L"
"NM_004724","ZW10"
"BI710972",NA
"NM_006272","S100B"
"NM_001011880","CLEC18B"
"NR_000011","SNORA70"
"AK124869",NA
"NM_003894","PER2"
"NM_000540","RYR1"
"NM_020552","TCL6"
"NM_004846","EIF4E2"
"NM_018369","DEPDC1B"
"NM_016494","RNF181"
"AJ005814",NA
"BC035246",NA
"NM_003753","EIF3D"
"NM_178829","LLCFC1"
"NM_017581","CHRNA9"
"NM_002552","ORC4"
"NM_001042616","PIGY"
"NM_022058","SLC4A10"
"AF038185",NA
"NM_021962","ABR"
"NM_005632","CAPN15"
"ENST00000306716",NA
"NM_152270","SLFN11"
"NM_152464","VMA12"
"NM_198533","HSD11B1L"
"ENST00000377156",NA
"NM_198273","LYSMD3"
"NM_004926","ZFP36L1"
"NM_003564","TAGLN2"
"NM_015370","C22orf31"
"A_24_P600603",NA
"NM_144693","ZNF558"
"NM_016264","ZNF44"
"NM_001037954","DIXDC1"
"BC033986",NA
"NM_016930","STX18"
"THC2727290",NA
"NM_139312","YME1L1"
"AK024584",NA
"NM_018193","FANCI"
"NM_002395","ME1"
"M38056",NA
"AK057787",NA
"AL522024",NA
"BC035669",NA
"A_23_P135926",NA
"ENST00000380438",NA
"THC2531982",NA
"NR_002165","HMGB3P1"
"NM_054113","CIB3"
"NM_152635","OIT3"
"AK128568",NA
"THC2485398",NA
"ENST00000360041",NA
"AW167439",NA
"AK027294",NA
"THC2614991",NA
"CR604707",NA
"THC2739352",NA
"ENST00000253380",NA
"NM_003153","STAT6"
"AK055364",NA
"ENST00000369577",NA
"A_32_P145515",NA
"BC062739",NA
"THC2618142",NA
"AF090942",NA
"ENST00000272845",NA
"AK056910",NA
"AF119887",NA
"NM_015419","MXRA5"
"NM_006371","CRTAP"
"A_32_P24431",NA
"THC2648851",NA
"NM_003862","FGF18"
"AK027618",NA
"NM_004187","KDM5C"
"BC032412",NA
"NM_173079","RUNDC1"
"THC2508355",NA
"BX091259",NA
"NM_001503","GPLD1"
"NM_014787","DNAJC6"
"NM_004663","RAB11A"
"THC2476238",NA
"ENST00000359659",NA
"NM_018088","FAM90A1"
"NM_024642","GALNT12"
"NM_031902","MRPS5"
"NM_003192","TBCC"
"NP186315",NA
"A_32_P25809",NA
"NM_178276","SERINC5"
"NM_001024594","C1orf53"
"NM_007255","B4GALT7"
"BC041772",NA
"NM_032773","LRCH3"
"THC2663201",NA
"NM_002074","GNB1"
"AA126789",NA
"AK057177",NA
"A_24_P170025",NA
"NM_152324","TEX29"
"NM_020873","LRRN1"
"NM_001003927","EVI2A"
"NM_152571","C9orf163"
"NM_012134","LMOD1"
"NM_004331","BNIP3L"
"BM932296",NA
"BC012888",NA
"THC2498136",NA
"NM_033513","TPGS1"
"NM_024901","DENND2D"
"NM_012454","TIAM2"
"NM_003921","BCL10"
"NM_001040703","DEFB105B"
"S71126",NA
"NM_022488","ATG3"
"AF161364",NA
"NM_012345","NUFIP1"
"AF305816",NA
"AK001794",NA
"NM_018973","DPM3"
"ENST00000331419",NA
"BC020241",NA
"NM_052962","IL22RA2"
"NM_019022","TMX3"
"NM_004069","AP2S1"
"NM_020993","BCL7A"
"XR_017668",NA
"NM_152562","CDCA2"
"AK096102",NA
"NM_000386","BLMH"
"NM_007146","VEZF1"
"NM_033306","CASP4"
"NM_016569","TBX3"
"NM_004131","GZMB"
"NM_005395","PMS2P3"
"NM_003434","ZNF133"
"NM_032822","FAM136A"
"NM_006961","ZNF19"
"BC015394",NA
"NM_005103","FEZ1"
"NM_014380","BEX3"
"NM_016210","C3orf18"
"BX095281",NA
"A_24_P935407",NA
"THC2556753",NA
"NM_001192","TNFRSF17"
"NM_015199","ANKRD28"
"NM_001296","ACKR2"
"A_32_P178339",NA
"NM_138390","TMEM169"
"NM_000402","G6PD"
"A_32_P2303",NA
"THC2582438",NA
"A_24_P915117",NA
"AK130317",NA
"ENST00000321448",NA
"NM_000769","CYP2C19"
"BC011923",NA
"THC2722030",NA
"BC041563",NA
"NM_001029954","CDNF"
"AV645774",NA
"AK022893",NA
"NM_001001522","TAGLN"
"AY358798",NA
"NM_005854","RAMP2"
"NM_000427","LORICRIN"
"NM_005284","GPR6"
"NM_145809","USP32P2"
"NM_001042535","AGAP3"
"NM_173532","FNDC7"
"NM_006963","ZNF22"
"NM_033059","KRTAP4-11"
"NM_014689","DOCK10"
"NM_005726","TSFM"
"NM_005381","NCL"
"NM_021218","INIP"
"BX648566",NA
"ENST00000377003",NA
"NM_004264","MED21"
"A_32_P127412",NA
"THC2701403",NA
"AK057820",NA
"NM_020236","MRPL1"
"NM_183005","RPP38"
"NM_015196","TMEM131L"
"NM_017902","HIF1AN"
"ENST00000272885",NA
"NM_003025","SH3GL1"
"NM_004782","SNAP29"
"A_24_P25040",NA
"THC2689749",NA
"NM_020742","NLGN4X"
"NM_053005","MOB2"
"BC017943",NA
"AK075484",NA
"NM_005399","PRKAB2"
"BC020539",NA
"BM979049",NA
"NM_052910","SLITRK1"
"THC2537711",NA
"AK124698",NA
"NR_001562","ANXA2P1"
"NM_001078177","SLC29A1"
"NM_201535","NDRG2"
"NM_147193","GLIS1"
"NM_004650","PNPLA4"
"NM_018059","RADIL"
"BX648591",NA
"NM_152243","CDC42EP1"
"NM_001009","RPS5"
"NM_001039618","CREBZF"
"NM_004546","NDUFB2"
"NM_018046","AGGF1"
"NM_152550","SH3RF2"
"NM_003936","CDK5R2"
"ENST00000389936",NA
"NM_012087","GTF3C5"
"AF217973",NA
"NM_015967","PTPN22"
"NM_018664","BATF3"
"NM_002250","KCNN4"
"NM_004948","DSC1"
"THC2543133",NA
"NM_017848","FAM120C"
"BC038537",NA
"NM_002022","FMO4"
"NM_001463","FRZB"
"BM677531",NA
"BC021189",NA
"NM_001391","DTNA"
"ENST00000320188",NA
"AI419867",NA
"NM_172000","TEDDM1"
"NM_032414","PROK1"
"AK094991",NA
"BC108742",NA
"NM_198686","RAB15"
"NM_012198","GCA"
"NM_017905","SLC9D1"
"NM_031950","FGFBP2"
"NM_020699","GATAD2B"
"A_24_P780393",NA
"AK026477",NA
"AK095436",NA
"AW772196",NA
"NM_001756","SERPINA6"
"CA426390",NA
"AY358772",NA
"AK055915",NA
"NM_015633","FGFR1OP2"
"AB188494",NA
"NM_015515","KRT23"
"NM_181646","ZNF804B"
"NM_002235","KCNA6"
"NM_133443","GPT2"
"NM_018935","PCDHB15"
"NM_000461","THRB"
"THC2689950",NA
"NM_002801","PSMB10"
"AY007155",NA
"NM_007365","PADI2"
"NM_016090","RBM7"
"NM_012218","ILF3"
"NM_024576","OGFRL1"
"A_24_P944627",NA
"NM_018367","ACER3"
"NM_080748","ROMO1"
"NM_153615","RGL4"
"ENST00000344158",NA
"NM_032587","CARD6"
"AK093351",NA
"DQ786246",NA
"NM_032217","ANKRD17"
"A_24_P592591",NA
"BC030772",NA
"ENST00000216214",NA
"NM_021123","GAGE7"
"NM_003239","TGFB3"
"NM_018145","RMDN3"
"A_23_P6514",NA
"NM_032501","ACSS1"
"G36631",NA
"BC045174",NA
"AB011129",NA
"NM_152246","CPT1B"
"BC034487",NA
"NM_032561","C22orf23"
"NM_015659","RSL1D1"
"NM_145024","CES5A"
"AK093277",NA
"NM_005647","TBL1X"
"NM_174910","DYNLT2"
"ENST00000373524",NA
"THC2509244",NA
"NM_181755","HSD11B1"
"NM_173806","PDZD9"
"NM_207320","OTUD6A"
"NM_005963","MYH1"
"AK097411",NA
"AK025353",NA
"NM_020981","B3GALT1"
"NM_003683","RRP1"
"NM_019044","CCDC93"
"NM_014703","DCAF1"
"NM_001032372","ZNF226"
"NM_025128","MUS81"
"NM_014246","CELSR1"
"A_23_P41824",NA
"THC2573284",NA
"NM_005592","MUSK"
"AK023045",NA
"NM_174981","POTED"
"THC2671575",NA
"NM_014714","IFT140"
"NM_153707","SAXO1"
"A_24_P367249",NA
"A_24_P41662",NA
"AF010315",NA
"NM_153498","CAMK1D"
"THC2713715",NA
"THC2747789",NA
"NM_014512","KIR2DS1"
"NM_145048","PACRGL"
"XR_018036",NA
"ENST00000246199",NA
"NM_182660","UTY"
"AB037804",NA
"NM_000233","LHCGR"
"NM_194072","H1-9P"
"NM_000904","NQO2"
"NM_001942","DSG1"
"AY343891",NA
"A_23_P11119",NA
"NM_001686","ATP5F1B"
"AB019568",NA
"NM_018144","SEC61A2"
"ENST00000305570",NA
"THC2672399",NA
"XR_019214",NA
"AX775927",NA
"NM_004472","FOXD1"
"CR620293",NA
"A_32_P191141",NA
"A_24_P118271",NA
"NM_015224","TASOR"
"BU617889",NA
"BC037317",NA
"AF209507",NA
"NM_002160","TNC"
"THC2564488",NA
"A_32_P188841",NA
"AK097166",NA
"AK093431",NA
"NM_005275","GNL1"
"NM_006070","TFG"
"AF086413",NA
"BM807051",NA
"AF007192",NA
"NM_003848","SUCLG2"
"NM_021620","PRDM13"
"NM_001498","GCLC"
"CR611323",NA
"NM_004269","MED27"
"AW864881",NA
"NM_001042610","DBNDD1"
"NM_207362","CRACDL"
"AK026131",NA
"NM_002901","RCN1"
"A_32_P885445",NA
"NM_052862","RCSD1"
"NM_018230","NUP133"
"BC043286",NA
"AK057771",NA
"THC2581848",NA
"AB058720",NA
"ENST00000328794",NA
"NM_152595","PGBD4"
"NM_007250","KLF8"
"NM_152734","C6orf89"
"NM_006163","NFE2"
"NM_021151","CROT"
"NM_152305","POGLUT1"
"NM_144772","NAXE"
"NM_033656","BRWD1"
"NM_018687","ANGPTL8"
"NM_145212","MRPL30"
"BE855644",NA
"A_24_P464476",NA
"NM_181558","RFC3"
"THC2657163",NA
"NM_033647","HELB"
"THC2686343",NA
"THC2659853",NA
"NM_000410","HFE"
"A_24_P868992",NA
"NM_001006617","MAPKAP1"
"NM_003934","FUBP3"
"BC006769",NA
"NM_022735","ACBD3"
"A_24_P934289",NA
"NM_032021","ARHGAP42"
"NM_006476","ATP5MG"
"NM_001357","DHX9"
"THC2583686",NA
"BC080541",NA
"NM_022164","TINAGL1"
"NM_012063","DNM1L"
"AK094293",NA
"CR600908",NA
"NM_023928","AACS"
"AK098478",NA
"NM_006344","CLEC10A"
"BC038747",NA
"NM_012450","SLC13A4"
"NM_152766","TMEM256"
"ENST00000332842",NA
"AI093683",NA
"BE064950",NA
"NM_014990","RALGAPA1"
"AA471010",NA
"NM_005586","MDFI"
"NM_017916","PIH1D1"
"AI537201",NA
"NM_144717","IL20RB"
"AL080161",NA
"NM_021136","RTN1"
"NM_002677","PMP2"
"NM_001959","EEF1B2"
"NM_145265","CCDC127"
"A_32_P64025",NA
"NM_013391","DMGDH"
"ENST00000333983",NA
"NM_144670","A2ML1"
"AK096991",NA
"T35134",NA
"NM_018992","KCTD5"
"AA069768",NA
"NM_003574","VAPA"
"A_24_P943612",NA
"NM_001039523","CHRNA1"
"BE156557",NA
"ENST00000339363",NA
"A_32_P141211",NA
"NM_182947","ARHGEF25"
"NR_000041","RNU12-2P"
"NM_139159","DPP9"
"A_24_P384119",NA
"A_24_P848958",NA
"THC2616715",NA
"NM_012414","RAB3GAP2"
"NM_005290","GPR15"
"ENST00000323198",NA
"NM_013357","PURG"
"ENST00000360548",NA
"BC030992",NA
"NM_030935","TSC22D4"
"ENST00000367942",NA
"NM_017544","NKRF"
"NM_178171","GSDMA"
"NM_003999","OSMR"
"NM_170601","SIAE"
"NM_001004702","OR4C3"
"NM_178456","CIMIP1"
"A_24_P926806",NA
"NM_000037","ANK1"
"NM_153443","KIR3DL3"
"NM_006762","LAPTM5"
"THC2661208",NA
"A_32_P190334",NA
"BF675806",NA
"NM_002292","LAMB2"
"NM_014281","PUF60"
"THC2748522",NA
"NM_172376","KCNH5"
"XM_001130587",NA
"NM_002016","FLG"
"NM_001034077","H4C15"
"AK097881",NA
"NM_032435","MAP3K21"
"NM_178120","DLX1"
"NM_012287","ACAP2"
"NR_003244","HAR1A"
"NM_002583","PAWR"
"NM_006610","MASP2"
"DCP_22_2",NA
"NM_001079673","FNDC3A"
"ENST00000359449",NA
"THC2703350",NA
"NM_001039361","PRAMEF10"
"NM_005491","MAMLD1"
"THC2667911",NA
"NM_002099","GYPA"
"AK024566",NA
"NM_145755","TTC21A"
"ENST00000369750",NA
"THC2669958",NA
"AL832255",NA
"THC2731337",NA
"NM_052819","CARD14"
"NM_001006121","RBMY1B"
"NM_019591","ZNF26"
"NM_015693","INTU"
"THC2674101",NA
"THC2603089",NA
"THC2679232",NA
"NM_144978","CCDC138"
"XR_018663",NA
"NM_021253","TRIM39"
"A_24_P717262",NA
"THC2650367",NA
"NM_020214","PARP6"
"THC2619545",NA
"NM_172002","HSCB"
"X74861",NA
"THC2744021",NA
"NM_002281","KRT81"
"AK026836",NA
"ENST00000359713",NA
"ENST00000381827",NA
"NM_000781","CYP11A1"
"ENST00000340855",NA
"BU566406",NA
"THC2719486",NA
"NM_004295","TRAF4"
"NM_001008727","ZNF121"
"NM_007052","NOX1"
"NM_002083","GPX2"
"NM_194328","RNF38"
"M15073",NA
"THC2656479",NA
"A_24_P745960",NA
"THC2623631",NA
"NM_024710","ISOC2"
"ENST00000338772",NA
"AI264747",NA
"BX648489",NA
"NM_000234","LIG1"
"NM_003918","GYG2"
"BC020956",NA
"NM_002717","PPP2R2A"
"NM_024997","ATF7IP2"
"ENST00000238789",NA
"NM_012193","FZD4"
"NM_006101","NDC80"
"NM_021215","RPRD1B"
"NM_002928","RGS16"
"XR_018270",NA
"NM_001030060","SAMD5"
"NM_004688","NMI"
"NM_080430","SELENOM"
"NM_020070","IGLL1"
"NM_206922","CRIP3"
"AK025132",NA
"NM_023002","HAPLN4"
"NM_003477","PDHX"
"NM_138389","FAM114A1"
"AK126671",NA
"NM_020645","NRIP3"
"BC021861",NA
"NM_006766","KAT6A"
"NM_000210","ITGA6"
"A_24_P15841",NA
"ENST00000245185",NA
"A_24_P927917",NA
"NM_152386","SGPP2"
"NM_207339","PAGE2"
"NM_207356","C1orf174"
"AL137734",NA
"NM_020727","ZBTB21"
"AB051538",NA
"NM_000347","SPTB"
"A_24_P933278",NA
"A_24_P75888",NA
"NM_020384","CLDN2"
"NM_173822","HYCC2"
"NM_020406","CD177"
"NM_144716","CCDC12"
"A_24_P247493",NA
"AF229803",NA
"NM_202002","FOXM1"
"ENST00000377186",NA
"A_32_P49552",NA
"NM_017773","LAX1"
"AK097463",NA
"NM_001005386","ACTR2"
"NM_007128","VPREB1"
"AJ488203",NA
"THC2650828",NA
"THC2576067",NA
"NM_022375",NA
"THC2561267",NA
"NM_014749","KIAA0586"
"THC2507435",NA
"THC2752681",NA
"AL122093",NA
"CR625518",NA
"NM_032937","ARRDC1-AS1"
"NM_005886","KATNB1"
"BC010091",NA
"NM_032622","LNX1"
"BC031939",NA
"NM_005234","NR2F6"
"NM_000877","IL1R1"
"NM_015060","AVL9"
"BM925287",NA
"A_24_P931817",NA
"NM_000016","ACADM"
"AW169007",NA
"BM978504",NA
"DCP_20_7",NA
"NM_001031718",NA
"A_24_P918473",NA
"NM_022047","DEF6"
"BX647792",NA
"NM_002386","MC1R"
"NM_001037582","SCD5"
"NM_175607","CNTN4"
"NM_014483","RBMS3"
"NM_032521","PARD6B"
"NM_030984","TBXAS1"
"NM_017615","NSMCE4A"
"A_32_P96124",NA
"BX091687",NA
"BM980974",NA
"NM_001077686","AGAP4"
"THC2567642",NA
"NM_000044","AR"
"THC2672303",NA
"F02250",NA
"NM_016579","CD320"
"ENST00000373886",NA
"THC2691142",NA
"NM_025215","PUS1"
"BC020343",NA
"NM_003982","SLC7A7"
"NM_182800","SRRT"
"NR_002729","MST1L"
"NM_138797","ANKRD54"
"NM_021994","ZNF277"
"XR_015828",NA
"NM_004518","KCNQ2"
"AF116672",NA
"NM_174903","RNF151"
"NM_198137","CATSPER4"
"NM_001008726","WDR89"
"NM_006623","PHGDH"
"AL117636",NA
"BE181768",NA
"NM_024038","TRIR"
"NM_001809","CENPA"
"NM_022909","CENPH"
"AA631975",NA
"A_32_P83795",NA
"AK021772",NA
"NM_024509","LRFN3"
"NM_016520","C9orf78"
"L40630",NA
"NM_003428","ZNF84"
"NM_080718","TBX5"
"NM_024933","ANKRD53"
"THC2679488",NA
"BC041893",NA
"NM_001004728","OR5A1"
"NM_018113","LMBR1L"
"A_24_P556049",NA
"NM_015058","VWA8"
"THC2557053",NA
"BC015416",NA
"NM_001003937","TSPYL6"
"NM_147194","FAM185A"
"BC008457",NA
"NM_013257","SGK3"
"NM_024408","NOTCH2"
"NM_018332","DDX19A"
"NM_004545","NDUFB1"
"AK074042",NA
"AL355688",NA
"BC022831",NA
"AB055226",NA
"NM_003844","TNFRSF10A"
"BC034378",NA
"NM_206831","DPH3"
"NM_004844","SH3BP5"
"A_23_P126328",NA
"ENST00000369746",NA
"CA946373",NA
"NM_021137","TNFAIP1"
"AF085895",NA
"NM_198271","LMOD3"
"ENST00000331447",NA
"CR626634",NA
"NM_174975","SEC14L3"
"NM_022755","IPPK"
"NM_004541","NDUFA1"
"BC014794",NA
"NM_144773","PROKR2"
"NM_015044","GGA2"
"AK091836",NA
"BC104745",NA
"NM_080829","RIPOR3"
"NM_002215","ITIH1"
"NM_015277","NEDD4L"
"AK056520",NA
"NM_032753","RAX2"
"AL137560",NA
"BC038114",NA
"AK094296",NA
"XR_015339",NA
"NM_032123","KIRREL2"
"NM_030667","PTPRO"
"AA451676",NA
"NM_004699","FAM50A"
"NM_152420","CARNMT1"
"NM_001134","AFP"
"AK095780",NA
"NM_031448","C19orf12"
"NM_024558","VCPKMT"
"A_24_P600622",NA
"THC2641179",NA
"AT_nC_5",NA
"THC2720788",NA
"XM_001127082",NA
"BX537816",NA
"NM_006782","ZFPL1"
"NM_022569","NDST4"
"A_24_P127042",NA
"NM_152404","UGT3A1"
"BG259069",NA
"NM_006551","SCGB1D2"
"NM_012227","GTPBP6"
"NM_002265","KPNB1"
"NM_001039381","LINC00612"
"NM_023110","FGFR1"
"AK093617",NA
"NM_018686","CMAS"
"THC2506002",NA
"NM_198446","C1orf122"
"XM_001125792",NA
"THC2743649",NA
"NM_017958","PLEKHB2"
"THC2768957",NA
"THC2634862",NA
"AI971459",NA
"BC041361",NA
"THC2689802",NA
"NM_001378","DYNC1I2"
"NM_001005920","JMJD8"
"A_32_P42149",NA
"NM_003462","DNALI1"
"NM_003330","TXNRD1"
"NM_057178","RFFL"
"NM_000019","ACAT1"
"ENST00000307201",NA
"AV661884",NA
"NM_001078","VCAM1"
"ENST00000305709",NA
"THC2515749",NA
"A_24_P941384",NA
"A_24_P392622",NA
"NM_022727","TRMT2A"
"THC2544198",NA
"NM_005378","MYCN"
"NM_002487","NDN"
"AA468898",NA
"X84195",NA
"NM_000823","GHRHR"
"BC035102",NA
"THC2725248",NA
"A_24_P752279",NA
"THC2515382",NA
"NM_012159","FBXL21P"
"THC2531058",NA
"NM_014037","SLC6A16"
"NM_015705","SGSM3"
"AK021745",NA
"NM_004288","CYTIP"
"NM_021058","H2BC11"
"AA703432",NA
"AK095081",NA
"THC2675163",NA
"NM_015225","PRUNE2"
"NM_199330","HOMER2"
"BC040504",NA
"NM_004233","CD83"
"NM_000895","LTA4H"
"NM_173084","TRIM59"
"NM_000774","CYP2F1"
"NM_002335","LRP5"
"ENST00000279968",NA
"A_24_P925455",NA
"NM_001077188","HS6ST2"
"NR_002189","SUMO1P1"
"AF318368",NA
"NM_001821","CHML"
"A_24_P931788",NA
"NM_138689","PPP1R14B"
"THC2534530",NA
"AA258039",NA
"BX104057",NA
"NM_001522","GUCY2F"
"NM_014441","SIGLEC9"
"NM_020896","OSBPL5"
"NM_052952","DIRC1"
"AU156529",NA
"NM_007018","CNTRL"
"NM_152772","TCP11L2"
"AK090480",NA
"U80747",NA
"AK097792",NA
"XM_290799",NA
"NM_001031734","FDX2"
"CR627148",NA
"NM_175073","APTX"
"NM_012179","FBXO7"
"NM_133379","TTN"
"BX537651",NA
"NM_001325","CSTF2"
"A_32_P167212",NA
"NM_030794","TDRD3"
"ENST00000246071",NA
"BC004960",NA
"CR749704",NA
"AB095935",NA
"THC2537289",NA
"NM_002622","PFDN1"
"THC2608799",NA
"NM_004135","IDH3G"
"A_32_P61132",NA
"NM_014070","C6orf15"
"AV763625",NA
"BU625329",NA
"NM_002346","LY6E"
"THC2672583",NA
"AY956764",NA
"NM_005947","MT1B"
"NM_017847","ODR4"
"BC001742",NA
"AL833126",NA
"XR_015156",NA
"BC029580",NA
"NM_145804","ABTB2"
"NM_173065","IFNLR1"
"NM_003807","TNFSF14"
"NM_005514","HLA-B"
"NM_005659","UFD1"
"A_32_P124655",NA
"BC047230",NA
"NM_005028","PIP4K2A"
"THC2632286",NA
"AK001405",NA
"BC021053",NA
"NM_001079537","TRAPPC6B"
"AK097805",NA
"THC2692669",NA
"THC2730708",NA
"AA583689",NA
"NM_170768","ZFP91-CNTF"
"NM_153824","PYCR1"
"AB040895",NA
"AK096925",NA
"NM_052940","LRRC42"
"NM_017596","KIF21B"
"NM_032567","SPZ1"
"THC2733949",NA
"NM_016298","FBXO40"
"NM_144610","RSKR"
"AB013462",NA
"XR_018854",NA
"A_24_P930506",NA
"NM_024685","BBS10"
"NM_018378","FBXL8"
"A_32_P42137",NA
"NM_000515","GH1"
"NM_001008783","SLC35D3"
"NM_054108","PLAAT5"
"BX648919",NA
"NM_005533","IFI35"
"XR_016573",NA
"NM_032136","TKTL2"
"NM_001106","ACVR2B"
"BC042986",NA
"NM_007022","CYB561D2"
"NM_004265","FADS2"
"Z21967",NA
"THC2515611",NA
"THC2655703",NA
"A_24_P940375",NA
"XR_015463",NA
"NM_025163","PIGZ"
"AK127572",NA
"NM_018303","EXOC2"
"NM_080868","ASB17"
"CR605444",NA
"NM_001009955","SSBP3"
"NM_152731","BEND6"
"NM_174917","ACSF3"
"AI492422",NA
"NM_020137","GRIPAP1"
"NM_173813","HECTD4"
"NM_015681","B9D1"
"NM_002123","HLA-DQB1"
"NM_006557","DMRT2"
"NM_005431","XRCC2"
"NM_004167","CCL15"
"CR593048",NA
"NM_139346","BIN1"
"NM_004075","CRY1"
"NM_003821","RIPK2"
"NM_024619","FN3KRP"
"NM_021242","MID1IP1"
"NM_152552","SAMD3"
"ENST00000297317",NA
"NM_017550","MIER2"
"NM_017802","DNAAF5"
"BI771054",NA
"AK092832",NA
"NM_015125","CIC"
"NM_181780","BTLA"
"NM_080626","BRI3BP"
"NM_201525","ADGRG1"
"NM_004095","EIF4EBP1"
"ENST00000381929",NA
"CR606969",NA
"AK091508",NA
"NM_001057","TACR2"
"NM_002466","MYBL2"
"THC2585656",NA
"NM_024590","ARSJ"
"NM_176869","PPA2"
"NM_031282","FCRL4"
"BX108395",NA
"NR_001298","HLA-DRB6"
"NM_004284","CHD1L"
"NM_018385","LSG1"
"NM_004196","CDKL1"
"THC2733296",NA
"A_24_P916338",NA
"X66610",NA
"AK056793",NA
"NM_032098","PCDHGB4"
"AA847548",NA
"NM_182905","WASHC1"
"NM_032101","PCDHGB7"
"NM_144609","CCDC43"
"NM_173528","CFAP161"
"NM_001661","ARL4D"
"NM_015937","PIGT"
"NM_017558","HYDIN"
"AL036098",NA
"XM_371053",NA
"X01147",NA
"NM_206824","VKORC1"
"NM_006348","COG5"
"AY358236",NA
"NM_001033858","DCLRE1C"
"NM_020200","PRTFDC1"
"NM_014339","IL17RA"
"NM_013440","PILRB"
"NM_014396","VPS41"
"BX647070",NA
"NM_030971","SFXN3"
"XR_018797",NA
"NM_198549","MIGA1"
"A_24_P927902",NA
"NM_014331","SLC7A11"
"NM_032420","PCDH1"
"BC005305",NA
"NM_006529","GLRA3"
"BC020340",NA
"NM_017817","RAB20"
"BC033999",NA
"NM_006796","AFG3L2"
"NM_030803","ATG16L1"
"NM_032801","JAM3"
"THC2509288",NA
"NM_178813","AKAP14"
"NM_201402","USP17L2"
"A_24_P298099",NA
"NM_005448","BMP15"
"A_24_P940820",NA
"M26004",NA
"BC022217",NA
"THC2681718",NA
"NM_175886","PRPS1L1"
"NM_005025","SERPINI1"
"NM_145273","CD300LG"
"A_32_P71864",NA
"NM_002060","GJA4"
"NM_152625","ZNF366"
"NM_148175","PPIL2"
"NM_014918","CHSY1"
"BC029919",NA
"NM_018289","VPS53"
"THC2736967",NA
"NM_145056","DACT3"
"AK056971",NA
"NM_014232","VAMP2"
"NM_005766","FARP1"
"A_32_P62480",NA
"AK131031",NA
"NM_019105","TNXB"
"NM_005393","PLXNB3"
"NM_012416","RANBP6"
"XR_018457",NA
"NM_016468","COX16"
"NM_182577","CIMAP1D"
"XR_019110",NA
"NM_005966","NAB1"
"NM_014595","NT5C"
"NM_001013625","CFAP126"
"NM_016546","C1RL"
"XR_019354",NA
"BU624603",NA
"ENST00000383697",NA
"NM_000555","DCX"
"BU622581",NA
"ENST00000370659",NA
"NM_020850","RANBP10"
"CD672072",NA
"NM_033082","SARNP"
"THC2484646",NA
"A_24_P41339",NA
"A_24_P24230",NA
"AF147302",NA
"ENST00000377492",NA
"XR_018496",NA
"AK128413",NA
"BG284526",NA
"A_32_P230537",NA
"A_24_P697345",NA
"NM_002641","PIGA"
"NM_001001415","ZNF429"
"NM_003171","SUPV3L1"
"NM_017934","PHIP"
"BC032907",NA
"NM_001018115","FANCD2"
"NM_173553","TRIML2"
"AB051446",NA
"NM_018602","DNAJA4"
"NM_020789","IGSF9"
"NM_147161","ACOT11"
"BC030711",NA
"NM_001024401","SBK1"
"NM_024583","SCRN3"
"NM_000302","PLOD1"
"AK094933",NA
"THC2722466",NA
"NM_014176","UBE2T"
"NM_001033952","CALCA"
"NM_005261","GEM"
"A_24_P698698",NA
"NM_006584","CCT6B"
"NM_152528","WDSUB1"
"A_23_P343680",NA
"NM_007197","FZD10"
"NM_003959","HIP1R"
"NM_030637","DDHD1"
"DCP_1_1",NA
"ENST00000371253",NA
"NM_017754","BLTP3A"
"NM_018298","MCOLN3"
"NM_175866","UHMK1"
"NM_000192","TBX5"
"THC2722614",NA
"NM_001351","DAZL"
"AY135834",NA
"NM_024652","LRRK1"
"NM_015833","ADARB1"
"NM_139248","LIPH"
"AA878126",NA
"CB250445",NA
"NM_006820","IFI44L"
"NM_014965","TRAK1"
"NM_005220","DLX3"
"NM_001759","CCND2"
"NM_001039535","SKA1"
"A_24_P917897",NA
"AK093729",NA
"NM_018168","CCDC198"
"BC040051",NA
"AK057352",NA
"NM_002446","MAP3K10"
"A_24_P341176",NA
"A_32_P142407",NA
"THC2667190",NA
"XR_019059",NA
"A_32_P173955",NA
"NM_015416","LETMD1"
"THC2652013",NA
"NM_003188","MAP3K7"
"NM_080657","RSAD2"
"BC009864",NA
"A_24_P109191",NA
"AL122040",NA
"A_24_P911411",NA
"XR_016672",NA
"AK023895",NA
"NM_031296","RAB33B"
"NM_006606","RBBP9"
"NM_025165","ELL3"
"N40973",NA
"AK026802",NA
"NM_173472","FANCD2OS"
"NM_001079515","TBCE"
"NM_001632","ALPP"
"NM_005358","LMO7"
"BX362821",NA
"NM_021817","HAPLN2"
"BC043603",NA
"NM_178134","CYP4Z1"
"AK131454",NA
"NM_198970","TLE5"
"NM_014343","CLDN15"
"NM_023015","INTS3"
"AK091970",NA
"NM_020205","OTUD7B"
"NM_175055","H2BC26"
"NM_014747","RIMS3"
"NM_005094","SLC27A4"
"NM_173460",NA
"NM_014932","NLGN1"
"ENST00000223210",NA
"NM_133374","ZNF618"
"THC2700876",NA
"NM_018173","PLEKHG6"
"NM_153370","PI16"
"NM_001004434","SLC30A2"
"A_24_P272735",NA
"AB040944",NA
"NM_032868","MPND"
"AK074031",NA
"NM_020245","TULP4"
"THC2550342",NA
"NM_004977","KCNC3"
"NM_182572","ZSCAN1"
"NM_001800","CDKN2D"
"NM_014317","PDSS1"
"NM_001120","SLC75A1"
"NM_017549","EPDR1"
"A_32_P4475",NA
"NM_002998","SDC2"
"ENST00000307662",NA
"A_24_P911950",NA
"BI597240",NA
"BC047077",NA
"AF290544",NA
"NM_001005751","WASHC2A"
"XR_016386",NA
"A_24_P135461",NA
"A_24_P902195",NA
"XR_016831",NA
"CX164944",NA
"NM_012125","CHRM5"
"A_24_P483956",NA
"NM_152896","UHRF2"
"X15675",NA
"NM_138477","CDAN1"
"NM_014912","CPEB3"
"THC2666804",NA
"A_24_P628683",NA
"NM_004639","BAG6"
"NM_138353","DCAF15"
"BC009369",NA
"S53162",NA
"CR604908",NA
"CR456396",NA
"NM_016118","NUB1"
"BC041856",NA
"A_24_P323974",NA
"NM_017655","GIPC2"
"NM_004952","EFNA3"
"NM_053002","MED12L"
"NM_016516","VPS54"
"NM_003535","H3C12"
"THC2527975",NA
"NM_033342","TRIM7"
"AX721195",NA
"NM_000554","CRX"
"NM_015555","ZNF451"
"NM_001003945","ALAD"
"NM_001012507","CENPW"
"NM_153605","CRYBG3"
"NM_018352","TMA16"
"ENST00000341591",NA
"A_32_P57247",NA
"BC031977",NA
"AK074960",NA
"NM_002081","GPC1"
"XR_019109",NA
"NM_005595","NFIA"
"NM_173565","RSPH10B"
"THC2664831",NA
"NM_052843","OBSCN"
"THC2518214",NA
"NM_001672","ASIP"
"NM_152413","GOT1L1"
"NM_144620","LRRC39"
"A_24_P912626",NA
"NM_032726","PLCD4"
"THC2729353",NA
"A_24_P930283",NA
"NM_020310","MNT"
"NM_021570","BARX1"
"AA827683",NA
"A_32_P130217",NA
"AY358690",NA
"NM_015092","SMG1"
"NM_020808","SIPA1L2"
"NM_199292","TH"
"AK091966",NA
"BC007366",NA
"A_32_P36412",NA
"THC2555553",NA
"AF086468",NA
"AF210649",NA
"NM_147148","GSTM4"
"U88357",NA
"NM_024897","PAQR6"
"ENST00000369397",NA
"NM_170784","MKKS"
"NM_015163","TRIM9"
"THC2528836",NA
"AY998685",NA
"AL109695",NA
"NM_003311","PHLDA2"
"AF151783",NA
"AW977527",NA
"NM_031939","MRO"
"NM_194249","DND1"
"BC021276",NA
"BF761348",NA
"NM_004921","CLCA3P"
"ENST00000326876",NA
"NM_006539","CACNG3"
"NM_006729","DIAPH2"
"THC2515402",NA
"AL833696",NA
"NM_015665","AAAS"
"NM_006504","PTPRE"
"THC2610705",NA
"A_32_P99116",NA
"NM_177549","PRNT"
"NM_024760","TLE6"
"A_24_P458168",NA
"NM_014402","UQCRQ"
"NM_173849","GSC"
"XM_933903",NA
"NM_152694","RTL3"
"NM_033051","SLC46A2"
"AJ399872",NA
"CD607715",NA
"THC2669157",NA
"NM_002757","MAP2K5"
"XR_015398",NA
"BU681613",NA
"CR615506",NA
"THC2691284",NA
"AF130116",NA
"NM_002218","ITIH4"
"THC2788120",NA
"NM_032647","CBX2"
"NM_033148","DTNB"
"A_24_P555252",NA
"NM_013266","CTNNA3"
"BC113708",NA
"NM_002245","KCNK1"
"NM_138386","NAF1"
"BC025324",NA
"BC032311",NA
"THC2500271",NA
"XR_015921",NA
"A_24_P76288",NA
"A_32_P80295",NA
"NM_015350","LRRC8B"
"NM_002725","PRELP"
"NM_144612","LOXHD1"
"NM_018850","ABCB4"
"NM_004050","BCL2L2"
"AK096256",NA
"NM_001004356","FGFRL1"
"NM_001002258","ATP5MC3"
"THC2522381",NA
"BC013024",NA
"NM_014554","SENP1"
"NM_014929","FASTKD2"
"A_32_P47778",NA
"NM_012446","SSBP2"
"NM_144999","LRRC45"
"NM_032930","CFAP300"
"AI821658",NA
"ENST00000332804",NA
"NM_014468","VENTX"
"A_24_P530830",NA
"ENST00000309184",NA
"AK022339",NA
"NM_001017430","RBM3"
"AB032995",NA
"A_32_P7894",NA
"NM_198397","CACNA1G"
"NM_014893","NLGN4Y"
"THC2664158",NA
"NM_032947","SMIM3"
"NM_001042510","ZNF706"
"XM_935576",NA
"NM_054114","TAGAP"
"NM_016652","CRNKL1"
"BM989848",NA
"NM_021102","SPINT2"
"NM_022823","FNDC4"
"NM_022126","LHPP"
"NM_152611","LRRN4"
"BX648355",NA
"AK090434",NA
"NM_001416","EIF4A1"
"NM_001001711","DDI1"
"NM_139322","ATRN"
"NM_002021","FMO1"
"NM_012423","RPL13A"
"NM_001625","AK2"
"CR620892",NA
"A_23_P58072",NA
"NM_022136","SAMSN1"
"ENST00000341087",NA
"CR593500",NA
"THC2504037",NA
"NM_182560","LINC02914"
"BC014265",NA
"AA704712",NA
"AK095688",NA
"AK022165",NA
"A_32_P171984",NA
"AF085829",NA
"THC2739386",NA
"AK024399",NA
"NM_031908","C1QTNF2"
"NM_014836","RHOBTB1"
"AK055696",NA
"NM_014953","DIS3"
"NP1167981",NA
"XR_018279",NA
"THC2562932",NA
"THC2708549",NA
"A_24_P472655",NA
"NM_175061","JAZF1"
"ENST00000271847",NA
"THC2615760",NA
"NM_152314",NA
"NM_018354","TMEM74B"
"NM_006087","TUBB4A"
"NM_001011554","SLC13A3"
"A_32_P441530",NA
"BF088423",NA
"NM_007192","SUPT16H"
"THC2766709",NA
"NM_018260","ZNF701"
"NM_171999","SALL3"
"A_32_P52948",NA
"NM_001031623","ZNF451"
"NM_015972","POLR1D"
"THC2688145",NA
"A_23_P158380",NA
"NM_207328","GPAT2"
"A_24_P936172",NA
"NM_001040443","PHF11"
"NM_018000","MREG"
"CR591015",NA
"NM_015076","CDK19"
"ENST00000313153",NA
"AK091057",NA
"NM_000276","OCRL"
"NM_138394","HNRNPLL"
"NM_001003689","L3MBTL2"
"NM_198335","GANAB"
"NM_020426","LYZL6"
"NM_080476","PIGU"
"NM_016013","NDUFAF1"
"NM_015982","YBX2"
"NM_015093","TAB2"
"NM_197957","MAX"
"NM_181340","DCAF4"
"BC002350",NA
"NM_001166","BIRC2"
"NM_024025","DUSP26"
"DCP_22_6",NA
"ENST00000381655",NA
"THC2611974",NA
"NM_007055","POLR3A"
"NM_025216","WNT10A"
"NM_016366","CABP2"
"NM_001012651","NKTR"
"ENST00000313294",NA
"NM_000674","ADORA1"
"ENST00000357168",NA
"ENST00000378078",NA
"NM_007173","PRSS23"
"NM_147162","IL11RA"
"ENST00000371477",NA
"Y10776",NA
"NM_002809","PSMD3"
"A_32_P35294",NA
"THC2513333",NA
"NM_017703","FBXL12"
"A_24_P826690",NA
"NM_013438","UBQLN1"
"NM_001711","BGN"
"NM_003251","THRSP"
"BC031266",NA
"BC036261",NA
"NM_003297","NR2C1"
"AK090684",NA
"NM_139071","SMARCD1"
"NM_182702","PRSS42P"
"NM_000497","CYP11B1"
"ENST00000260972",NA
"NM_000409","GUCA1ANB-GUCA1A"
"AB014575",NA
"NM_020737","LRFN2"
"NM_003793","CTSF"
"AK055416",NA
"NM_016044","FAHD2A"
"NM_172215","CAMKK2"
"AK225183",NA
"NM_178170","NEK8"
"A_24_P922532",NA
"NM_024331","TTPAL"
"NM_181842","ZBTB12"
"XR_015871",NA
"NM_014002","IKBKE"
"NM_030758","OSBP2"
"XR_015158",NA
"NM_021783","EDA2R"
"NM_002377","MAS1"
"AK122981",NA
"A_24_P934268",NA
"A_24_P926709",NA
"XR_018059",NA
"NM_002891","RASGRF1"
"AK097855",NA
"NM_014383","ZBTB32"
"A_24_P75948",NA
"NM_181786","ZNF875"
"NM_001002261","ZFYVE27"
"M22632",NA
"THC2492864",NA
"NM_001039029","LRTM2"
"NM_153236","GIMAP7"
"AY062331",NA
"ENST00000328411",NA
"NM_031917","ANGPTL6"
"A_24_P941954",NA
"NM_004393","DAG1"
"ENST00000344581",NA
"AK056900",NA
"NM_004843","IL27RA"
"NM_006486","FBLN1"
"AL050376",NA
"AW118118",NA
"NM_000187","HGD"
"NM_138431","SLC33A2"
"AK024988",NA
"NM_005570","LMAN1"
"NM_001042357","PTPN20"
"AK095214",NA
"NM_024895","PDZD7"
"NM_003449","TRIM26"
"NM_030774","OR51E2"
"NM_001007094","ZNF37A"
"NM_000722","CACNA2D1"
"NM_003896","ST3GAL5"
"NM_006475","POSTN"
"NM_153375","TINCR"
"NM_005181","CA3"
"BI333945",NA
"AK096674",NA
"BC046174",NA
"BX640908",NA
"THC2555723",NA
"BF509345",NA
"NM_001005861","RYK"
"NM_020989","CRYGC"
"NM_017833","DNAJC28"
"BC072415",NA
"NM_015259","ICOSLG"
"NM_153825",NA
"XM_927664",NA
"NM_033305","VPS13A"
"AK129895",NA
"NM_138792","LEO1"
"A_24_P626812",NA
"NM_033105","DNAJC5B"
"NM_138800","TRIM43"
"NM_152665","DYNLT5"
"NM_022076","DUSP21"
"BG336702",NA
"NM_014619","GRIK4"
"A_32_P42666",NA
"ENST00000333310",NA
"NM_001039782",NA
"NM_031946","AGAP3"
"NM_001002762","DNAJB12"
"BC068590",NA
"AK095499",NA
"NM_000424","KRT5"
"NM_144578","MAPK1IP1L"
"NM_024548","CEP97"
"NM_003236","TGFA"
"NM_014291","GCAT"
"BC051311",NA
"THC2680571",NA
"NM_005482","PIGK"
"XR_015169",NA
"NM_173681",NA
"NM_024816","RABEP2"
"NM_017677","MTMR8"
"ENST00000381889",NA
"NM_006014","LAGE3"
"DR033550",NA
"A_24_P384469",NA
"NM_001887","CRYBB1"
"NM_181791","GPR141"
"NM_001965","EGR4"
"ENST00000342893",NA
"NM_000845","GRM8"
"NM_058219","EXOSC6"
"NM_016153","HSFX1"
"NM_014089","NUP58"
"NM_004967","IBSP"
"AK055347",NA
"NM_152866","MS4A1"
"AK094515",NA
"D55639",NA
"NM_007054","KIF3A"
"NM_031372","HNRNPDL"
"NM_030780","SLC25A32"
"NM_031468","CALN1"
"NM_152449","LYSMD4"
"NM_002805","PSMC5"
"NM_014303","PES1"
"NM_007109","TCF19"
"NM_031262","HNRNPK"
"NM_005217","DEFA3"
"NM_153015","TMEM74"
"NM_005881","BCKDK"
"NM_024588","C22orf46P"
"BC036621",NA
"NM_032810","ATAD1"
"NM_019597","HNRNPH2"
"NM_025139","ARMC9"
"NM_016562","TLR7"
"AF174394",NA
"A_24_P238896",NA
"NM_001003716","RECQL5"
"NM_021078","KAT2A"
"NM_001119","ADD1"
"A_32_P223747",NA
"XR_015406",NA
"NM_005768","LPCAT3"
"ENST00000361227",NA
"NM_032233","SETD3"
"BC041875",NA
"NM_147204","TRPV4"
"THC2485662",NA
"NM_016315","GULP1"
"NM_005226","S1PR3"
"THC2721928",NA
"NM_201444","DGKA"
"NM_024322","CENPO"
"NM_018306","TMEM40"
"AB033027",NA
"ENST00000295628",NA
"NM_080669","SLC46A1"
"NM_002789","PSMA4"
"NM_006690","MMP24"
"NM_006580","CLDN16"
"THC2512028",NA
"BQ775944",NA
"NM_006429","CCT7"
"NM_139178","ALKBH3"
"CR992331",NA
"NM_004816","ENTREP1"
"NM_018092","NETO2"
"NM_144970","CXorf38"
"NM_015886","PI15"
"NM_012217","TPSD1"
"THC2607363",NA
"A_24_P605798",NA
"NM_138573","NRG4"
"A_32_P201616",NA
"NM_018265","INAVA"
"NM_006306","SMC1A"
"BX538250",NA
"THC2725128",NA
"AW467174",NA
"BX111514",NA
"NM_024638","QTRT2"
"NM_000155","GALT"
"NM_006510","TRIM27"
"BC008026",NA
"NM_006174","NPY5R"
"NM_033358","CASP8"
"BQ310837",NA
"AK056421",NA
"NM_017425","SPA17"
"NM_002443","MSMB"
"A_24_P912502",NA
"NM_183421","FBXO25"
"A_23_P126560",NA
"NM_000873","ICAM2"
"X94553",NA
"AF038199",NA
"NM_033495","KLHL13"
"NM_000638","VTN"
"A_23_P20328",NA
"ENST00000321688",NA
"A_32_P136477",NA
"NM_001007467","SFI1"
"NM_001650","AQP4"
"NM_003257","TJP1"
"BC034306",NA
"AL555100",NA
"A_24_P560332",NA
"NM_001001851","ITIH5"
"NM_177398","LMX1A"
"NM_006938","SNRPD1"
"NM_024782","NHEJ1"
"ENST00000324559",NA
"NM_002613","PDPK1"
"AK096225",NA
"NM_052916","RNF157"
"A_32_P306001",NA
"AK057533",NA
"NM_021825","CCDC90B"
"NM_033173","B3GALT5"
"AK024440",NA
"NM_152267","RNF185"
"NM_145906","RIOK3"
"NM_024705","DHRS12"
"NM_001085","SERPINA3"
"THC2676797",NA
"NM_000514","GDNF"
"NM_144724","MARVELD2"
"XR_015445",NA
"NM_207511","LINC02908"
"NM_001012338","NTRK3"
"NM_018155","SLC25A36"
"NM_000510","FSHB"
"NM_002772","TMPRSS15"
"NM_003853","IL18RAP"
"NM_000249","MLH1"
"NM_176890","TAS2R50"
"NM_139246","TSTD2"
"NM_152538","IGSF11"
"NM_003195","TCEA2"
"NM_152732","RSPH9"
"NM_000060",NA
"NM_006509","RELB"
"NM_000131","F7"
"NM_032985","SEC23B"
"A_32_P192586",NA
"AK055795",NA
"NM_004229","MED14"
"NM_002222","ITPR1"
"THC2694827",NA
"NM_006946","SPTBN2"
"NM_002767","PRPSAP2"
"NM_000587","C7"
"BC022302",NA
"NM_006915","RP2"
"AT_nB_3",NA
"NM_000856","GUCY1A1"
"NM_145109","MAP2K3"
"AK096230",NA
"THC2787314",NA
"NM_030751","ZEB1"
"NM_006107","LUC7L3"
"NR_002933","RABGEF1P1"
"NM_014187","TMEM208"
"NM_206839","MORF4L1"
"NM_006556","PMVK"
"A_24_P383934",NA
"NM_016223","PACSIN3"
"NM_002216","ITIH2"
"NM_022910","NDRG4"
"NM_014069","PSORS1C2"
"BE739632",NA
"NM_032812","PLXDC2"
"NM_014726","TBKBP1"
"THC2694420",NA
"NM_001007531","NKAPL"
"NM_015483","KBTBD2"
"NM_014046","MRPS18B"
"THC2692336",NA
"THC2647246",NA
"CR619482",NA
"A_24_P195724",NA
"BC031618",NA
"NM_030630","HID1"
"NM_014443","IL17B"
"NM_172070","UBR3"
"AB033036",NA
"NM_138570","SLC38A10"
"NM_025099","CTC1"
"NM_178160","OTOP2"
"THC2755661",NA
"NM_153486","LDHD"
"NM_001007176","PPDPFL"
"NM_024872","DOK3"
"NM_025249","IQCN"
"AK125984",NA
"A_24_P238996",NA
"NM_002168","IDH2"
"ENST00000376802",NA
"THC2730309",NA
"NM_024614","KLF3-AS1"
"NM_014178","STXBP6"
"AJ242655",NA
"THC2784707",NA
"NM_003580","NSMAF"
"AK057167",NA
"NM_022845","CBFB"
"BC020829",NA
"A_24_P919553",NA
"THC2547508",NA
"NM_003677","DENR"
"A_32_P121483",NA
"CR603201",NA
"BC029907",NA
"NM_018649","MACROH2A2"
"X58747",NA
"NM_006828","ASCC3"
"NM_203487","PCDH9"
"NM_018442","DCAF6"
"NM_006893","EIF2D"
"NM_007219","RNF24"
"U46752",NA
"NM_014870","ZBTB40"
"NM_006424","SLC34A2"
"A_24_P928862",NA
"NM_000423","KRT2"
"NM_031482","ATG10"
"NM_021729","VPS11"
"NM_001044385","TMEM237"
"AK023806",NA
"NM_014395","DAPP1"
"THC2500250",NA
"NM_021933","MIIP"
"A_24_P481314",NA
"ENST00000383048",NA
"NM_033123","PLCZ1"
"BM309910",NA
"BX649059",NA
"NM_018231","SLC38A7"
"A_24_P557890",NA
"NM_183061","SLC9C1"
"NM_002961","S100A4"
"AL122120",NA
"A_32_P51714",NA
"NM_152263","TPM3"
"NM_001860","SLC31A2"
"ENST00000382355",NA
"ENST00000353250",NA
"NM_024761","MOB3B"
"BF955364",NA
"CR597822",NA
"CR602075",NA
"NM_003322","TULP1"
"NM_032826","SLC35B4"
"THC2537367",NA
"NM_007346","OGFR"
"NM_015704","DESI1"
"DB340110",NA
"CR612178",NA
"NM_001011703","MVB12B"
"AK095904",NA
"NM_173481","MISP"
"A_24_P670475",NA
"NM_145174","DNAJB7"
"A_24_P246777",NA
"NM_001747","CAPG"
"AK026192",NA
"AK094789",NA
"BC009364",NA
"AK002019",NA
"BC045572",NA
"NM_024611","ICE2"
"NM_002475","MYL6B"
"H40632",NA
"XM_001126358",NA
"NM_005327","HADH"
"CR613669",NA
"NM_003631","PARG"
"NM_006425","SLU7"
"NM_000539","RHO"
"NR_002196","H19"
"NM_032833","PPP1R15B"
"NM_006567","FARS2"
"NM_173491","LSM11"
"NM_002043","GABRR2"
"BC011940",NA
"NM_018957","SH3BP1"
"AA303143",NA
"NM_015559","SETBP1"
"NM_024989","PGAP1"
"NM_020914","RNF213"
"NM_152275","IFT70A"
"NM_052924","RHPN1"
"NM_005174","ATP5F1C"
"NM_018474","KIZ"
"BC041393",NA
"NM_005675","DGCR6"
"BC031957",NA
"NM_014023","WDR37"
"A_24_P802894",NA
"NM_020856","TSHZ3"
"NM_000334","SCN4A"
"A_32_P164503",NA
"NM_017901","TPCN1"
"BC006998",NA
"NM_002643","PIGF"
"XM_927380",NA
"XR_019072",NA
"CB306644",NA
"NM_006233","POLR2I"
"NM_198129","LAMA3"
"NM_002128","HMGB1"
"ENST00000330731",NA
"A_24_P931079",NA
"NM_001083","PDE5A"
"A_24_P919256",NA
"THC2657567",NA
"NM_000819","GART"
"ENST00000341700",NA
"A_32_P169316",NA
"NM_138300","PYGO2"
"A_24_P367369",NA
"ENST00000301896",NA
"NM_145256","LRRC25"
"NM_182904","P4HA3"
"A_24_P551530",NA
"NM_014754","PTDSS1"
"AK025335",NA
"NM_017769","G2E3"
"NM_002614","PDZK1"
"AK021933",NA
"NM_017956","TYW2"
"BC048343",NA
"NM_005500","SAE1"
"ENST00000378969",NA
"AK074138",NA
"NM_024798","SNX22"
"A_23_P10987",NA
"NM_000607","ORM1"
"NM_001025777","UGGT1"
"ENST00000329156",NA
"AI744427",NA
"BF060712",NA
"BC001694",NA
"BC030106",NA
"NM_147171","AKAP9"
"A_24_P7330",NA
"U85992",NA
"NM_021029","RPL36A"
"NM_004120","GBP2"
"THC2638666",NA
"BC032901",NA
"THC2664350",NA
"NM_012479","YWHAG"
"NM_004479","FUT7"
"NM_005905","SMAD9"
"XR_018155",NA
"ENST00000345111",NA
"NM_153332","ERI1"
"NM_000785","CYP27B1"
"NM_006595","API5"
"NM_014572","LATS2"
"NM_001923","DDB1"
"AF037219",NA
"NM_002792","PSMA7"
"NM_015942","MTERF3"
"A_23_P403836",NA
"NM_001308","CPN1"
"NM_000829","GRIA4"
"A_23_P119152",NA
"NM_199190","LARP4"
"NM_199437","PRDM10"
"NM_178583","WDFY3"
"BC042064",NA
"NM_198557","RBM43"
"NM_001765","CD1C"
"NM_006401","ANP32B"
"BC038432",NA
"NM_002973","ATXN2"
"NM_052978","TRIM9"
"NM_001031698","PRPF40B"
"A_24_P931905",NA
"NM_006059","LAMC3"
"BC065192",NA
"BC023549",NA
"NM_032717","GPAT3"
"A_32_P231743",NA
"DCP_1_11",NA
"AK125351",NA
"AK056283",NA
"NM_020851","ISLR2"
"NM_003456","ZNF205"
"AK023040",NA
"NM_138364","PRMT9"
"AK097639",NA
"AF187554",NA
"A_32_P57172",NA
"ENST00000374865",NA
"THC2547500",NA
"NM_000777","CYP3A5"
"NM_152403","EGFLAM"
"NM_003413","ZIC3"
"BC030714",NA
"NM_016186","SERPINA10"
"NM_003945","ATP6V0E1"
"ENST00000326678",NA
"M14755",NA
"BC025734",NA
"AK027859",NA
"BC021857",NA
"XM_926717",NA
"XR_018198",NA
"NM_014385","SIGLEC7"
"NM_018975","TERF2IP"
"THC2727475",NA
"NM_180991","SLCO4C1"
"NM_001039547","GK5"
"NM_006082","TUBA1B"
"NM_032901","COX14"
"NM_003002","SDHD"
"BX118285",NA
"AK125162",NA
"A_24_P924240",NA
"NM_018292","QRSL1"
"AW386276",NA
"NM_014674","EDEM1"
"A_24_P915245",NA
"NM_018902","PCDHA11"
"NM_178161","PTF1A"
"NM_172174","IL15"
"A_24_P200962",NA
"AK127969",NA
"NM_022085","TXNDC5"
"NM_138369","BOD1"
"NM_000944","PPP3CA"
"NM_017907","LAMTOR1"
"AF085920",NA
"A_24_P916331",NA
"AK092987",NA
"NM_005178","BCL3"
"NM_020240","CDC42SE2"
"AB011149",NA
"AK023417",NA
"NM_003015","SFRP5"
"BX537819",NA
"THC2612916",NA
"NM_003141","TRIM21"
"THC2733814",NA
"NM_170753","PGBD3"
"A_32_P178017",NA
"NM_024731","KLHL36"
"NM_176810","NLRP13"
"NM_001008747","CTAGE15"
"AK057798",NA
"A_24_P192017",NA
"ENST00000295399",NA
"NM_004910","PITPNM1"
"ENST00000371388",NA
"NM_021269","ZNF708"
"BC009463",NA
"AA464246",NA
"NM_004707","ATG12"
"NM_080747","KRT72"
"XM_497719",NA
"NM_004137","KCNMB1"
"A_32_P7193",NA
"NM_001975","ENO2"
"NM_004741","NOLC1"
"NM_016263","FZR1"
"NM_006330","LYPLA1"
"A_24_P924125",NA
"THC2675521",NA
"NM_006060","IKZF1"
"AL109706",NA
"THC2702975",NA
"ENST00000383061",NA
"NM_000803","FOLR2"
"NM_001040874","H2AC19"
"NM_001729","BTC"
"XM_371243",NA
"NM_024326","FBXL15"
"BC031108",NA
"AF118062",NA
"NM_012449","STEAP1"
"NM_002967","SAFB"
"NM_000529","MC2R"
"NM_003390","WEE1"
"NM_001005185","OR6N1"
"THC2611044",NA
"NM_002824","PTMS"
"NM_003870","IQGAP1"
"A_24_P173895",NA
"ENST00000378624",NA
"THC2660784",NA
"AA725389",NA
"AK095853",NA
"NM_015511","AAR2"
"NM_015166","MLC1"
"NM_173794","FUNDC1"
"NM_006916","RPE"
"A_24_P7820",NA
"NM_017899","TESC"
"NM_173560","RFX6"
"THC2698311",NA
"NM_023078","PYCR3"
"NM_032309","CHCHD5"
"AB004064",NA
"AB042410",NA
"NM_006570","RRAGA"
"AY037163",NA
"THC2678806",NA
"A_24_P540560",NA
"NM_001077685","AGAP7P"
"NM_018228","VRTN"
"NM_004066","CETN1"
"AF339766",NA
"Z69892",NA
"NM_000713","BLVRB"
"BC025775",NA
"BF110189",NA
"NM_002109","HARS1"
"NM_014640","TTLL4"
"DB381305",NA
"DCP_20_1",NA
"AL136929",NA
"NM_053053","TADA1"
"A_23_P247",NA
"ENST00000267857",NA
"NM_145168","SDR42E1"
"NM_015324","RRP8"
"AA889371",NA
"NM_007236","CHP1"
"BC023973",NA
"ENST00000378066",NA
"NM_033115","TBCK"
"BC033977",NA
"XM_069842",NA
"NM_001764","CD1B"
"AK024455",NA
"XM_001131542",NA
"NM_005459","GUCA1C"
"NM_020898","CALCOCO1"
"NM_004419","DUSP5"
"NM_145111","FAM200A"
"NM_001007259","SETD4"
"A_24_P929279",NA
"A_24_P400690",NA
"NM_198443","NRN1L"
"NM_198439","KBTBD3"
"BX111338",NA
"AF034187",NA
"NM_172241","CTAGE1"
"AK055877",NA
"NM_057088","KRT3"
"NM_013310","LINC03124"
"NM_003514","H2AC17"
"ENST00000367385",NA
"A_24_P152855",NA
"NM_001486","GCKR"
"BM675169",NA
"AK026338",NA
"THC2698284",NA
"NM_002154","HSPA4"
"A_24_P730088",NA
"NM_018183","SBNO1"
"BC028192",NA
"NM_018932","PCDHB12"
"THC2731105",NA
"NM_152317","DEPDC4"
"A_24_P367399",NA
"XM_946373",NA
"NM_012448","STAT5B"
"NM_000102","CYP17A1"
"THC2554943",NA
"NM_214677",NA
"NM_000073","CD3G"
"BC041955",NA
"A_24_P323795",NA
"BC029395",NA
"AK124941",NA
"THC2509970",NA
"NM_016340","RAPGEF6"
"NM_000771","CYP2C9"
"BC003386",NA
"AY358788",NA
"NM_001042493","SMIM8"
"BE551270",NA
"AW449150",NA
"ENST00000380683",NA
"NM_014575","SCHIP1"
"THC2691974",NA
"BC008927",NA
"AL080221",NA
"NM_001219","CALU"
"XR_015924",NA
"NM_024029","YIPF2"
"NM_147191","MMP21"
"NM_001047605","KIR3DX1"
"NM_001004440","TAFA3"
"A_24_P187304",NA
"BC062780",NA
"A_32_P918263",NA
"AK054654",NA
"NM_000750","CHRNB4"
"NM_002948","RPL15"
"NM_015099","CAMTA2"
"NM_002986","CCL11"
"A_24_P732439",NA
"BX102314",NA
"NM_004327","BCR"
"NM_005144","HR"
"ENST00000389942",NA
"NM_174913","NOP9"
"BX435415",NA
"NM_014427","CPNE7"
"NP414444",NA
"A_32_P197976",NA
"AV740906",NA
"BC037911",NA
"NM_182485","CPEB2"
"NM_199206","TCL1B"
"NM_018154","ASF1B"
"NM_021071","ART4"
"NM_144615","TMIGD2"
"NM_138331","RNASE8"
"NM_005117","FGF19"
"NM_032603","LOXL3"
"AK123849",NA
"NM_001031684","SRSF7"
"NM_000256","MYBPC3"
"NM_001013406","KRIT1"
"NM_153688","ZFP1"
"NM_020386","PLAAT1"
"A_24_P919283",NA
"NM_018996","TNRC6C"
"NM_006479","RAD51AP1"
"CD174733",NA
"NM_153448","ESX1"
"ENST00000095634",NA
"NM_014885","ANAPC10"
"NM_031452","RAMAC"
"NM_174933","PHYHD1"
"ENST00000381498",NA
"BC007968",NA
"NM_003113","SP100"
"NM_152492","CCDC27"
"NM_001004331","CCDC196"
"A_24_P844100",NA
"NM_152527","SLC16A14"
"THC2656106",NA
"NM_001006627","CHRM2"
"BC016905",NA
"NM_018018","SLC38A4"
"NM_003893","LDB1"
"AF342990",NA
"AB040932",NA
"NM_138995","MYO3B"
"THC2647893",NA
"NM_175056","ZPLD1"
"NM_178549","ZNF678"
"A_32_P103162",NA
"NM_003951","SLC25A14"
"AK093872",NA
"BX118153",NA
"THC2656830",NA
"NM_002341","LTB"
"NM_014516","CNOT3"
"S81916",NA
"A_24_P925518",NA
"THC2660035",NA
"AK092751",NA
"A_24_P273014",NA
"AK057304",NA
"BC062482",NA
"A_23_P374664",NA
"NM_020404","CD248"
"A_23_P136857",NA
"NM_002340","LSS"
"BF513091",NA
"AK022793",NA
"NM_000966","RARG"
"NM_006806","BTG3"
"NM_001025202","STAG3L2"
"NM_001512","GSTA4"
"BC019583",NA
"NM_019048","ASNSD1"
"NM_016651","DACT1"
"A_32_P22679",NA
"NM_005110","GFPT2"
"AK027340",NA
"NM_001822","CHN1"
"NM_002752","MAPK9"
"THC2495469",NA
"NM_005309","GPT"
"NM_002035","KDSR"
"NM_031490","LONP2"
"A_24_P927205",NA
"NM_022831","AIDA"
"NM_000433","NCF2"
"NM_005328","HAS2"
"NM_014702","KIAA0408"
"A_24_P928819",NA
"NM_198904","GABRG2"
"NM_176801","ADD1"
"W31297",NA
"NM_148897","SDR9C7"
"A_24_P170203",NA
"AK092921",NA
"NM_012208","HARS2"
"CR627475",NA
"AK090611",NA
"NM_144669","GLT1D1"
"NM_001035530",NA
"BC053880",NA
"NM_001676","ATP12A"
"NM_002205","ITGA5"
"NM_170692","RASAL2"
"NM_001455","FOXO3"
"AI754733",NA
"NM_020922","WNK3"
"NM_152740","HIBADH"
"BC094756",NA
"THC2730423",NA
"U80760",NA
"NM_012106","ARL2BP"
"NM_002147","HOXB5"
"NM_018216","PANK4"
"BC024007",NA
"NM_000709","BCKDHA"
"AB002330",NA
"A_23_P89506",NA
"CA314936",NA
"NM_001118","ADCYAP1R1"
"AK096229",NA
"A_24_P926115",NA
"NM_033163","FGF8"
"AK125808",NA
"NM_003485","GPR68"
"BC041867",NA
"Z34282",NA
"NM_015697","COQ2"
"NM_001646","APOC4"
"THC2639182",NA
"NM_152526","PARD3B"
"NM_031157","HNRNPA1"
"AF086335",NA
"NM_006598","SLC12A7"
"NM_000446","PON1"
"THC2734039",NA
"BC073918",NA
"ENST00000373575",NA
"BC043255",NA
"NM_005613","RGS4"
"NM_153342","TMEM150A"
"NM_013249","ZNF214"
"BC027909",NA
"NM_181776","SLC36A2"
"NM_001324","CSTF1"
"NM_015896","ZMYND10"
"ENST00000327652",NA
"NM_000413","HSD17B1"
"NM_013373","ZDHHC8"
"THC2519054",NA
"NM_153756","FNDC5"
"NM_177966","PDE12"
"NM_004089","TSC22D3"
"NM_183001","SHC1"
"AK093548",NA
"NM_021626","SCPEP1"
"NM_018438","FBXO6"
"NM_032836","FIZ1"
"A_23_P40290",NA
"AW166562",NA
"NM_001002880","CBY1"
"NM_031455","CCDC3"
"NM_017943","FBXO34"
"NM_001077263","TMPRSS13"
"NM_004481","GALNT2"
"NM_000790","DDC"
"BC034308",NA
"NM_005053","RAD23A"
"NM_020662","MRS2"
"NM_002771","PRSS3"
"NM_030919","FAM83D"
"XR_018405",NA
"NM_000110","DPYD"
"NM_015386","COG4"
"BC033227",NA
"NM_138334","JOSD2"
"AB025028",NA
"BC039399",NA
"AF151697",NA
"NM_006895","HNMT"
"ENST00000334973",NA
"NM_002755","MAP2K1"
"XR_019381",NA
"THC2671048",NA
"BM968605",NA
"NM_014666","CLINT1"
"NM_024793","CLUAP1"
"NM_130441","CLEC4C"
"A_24_P75856",NA
"NM_002349","LY75"
"NM_147780","CTSB"
"NM_030766","BCL2L14"
"NM_031474","NRIP2"
"NM_014278","HSPA4L"
"AK057956",NA
"AK098064",NA
"AF462446",NA
"NM_020948","MIER1"
"NM_004228","CYTH2"
"NM_176891","IFNE"
"AL832540",NA
"AW188368",NA
"NM_005787","ALG3"
"NM_018460","ARHGAP15"
"K03192",NA
"THC2606976",NA
"ENST00000309874",NA
"NM_001017373","SAMD3"
"A_24_P928561",NA
"NM_004369","COL6A3"
"ENST00000309829",NA
"CR611122",NA
"ENST00000252773",NA
"NM_025137","SPG11"
"NM_005469","ACOT8"
"NM_005915","MCM6"
"NM_004995","MMP14"
"NM_001017972","HERC4"
"NM_178830","C19orf47"
"NM_017634","KCTD9"
"BC032757",NA
"NM_080863","ASB16"
"BM703463",NA
"A_24_P916759",NA
"ENST00000228360",NA
"BX090520",NA
"NM_003280","TNNC1"
"BC110864",NA
"NM_022744","RUSF1"
"NM_153444","OR5P2"
"NM_000092","COL4A4"
"NM_017864","INTS8"
"BG623116",NA
"AK125099",NA
"THC2482231",NA
"NM_002759","EIF2AK2"
"BX114967",NA
"NM_012241","SIRT5"
"XM_943718",NA
"NM_020422","LDAF1"
"A_24_P494658",NA
"NM_022373","HERPUD2"
"BC012204",NA
"NM_015584","POLDIP2"
"AW274973",NA
"NM_000404","GLB1"
"BC016140",NA
"BF754999",NA
"BC020226",NA
"NM_024745","SHCBP1"
"NM_006923","SDF2"
"NM_002764","PRPS1"
"BF326020",NA
"NM_032973","PCDH11Y"
"NM_017590","ZC3H7B"
"A_23_P435390",NA
"THC2486290",NA
"NM_015450","POT1"
"NM_148909","OSBPL9"
"XR_016136",NA
"NM_004950","EPYC"
"NM_004235","KLF4"
"NM_145647","TBC1D31"
"THC2597357",NA
"AI089783",NA
"A_24_P891472",NA
"NM_018227","UBA6"
"NM_030801","MAGED4B"
"NM_016070","MRPS23"
"XR_019065",NA
"AK000925",NA
"BC016291",NA
"AK092572",NA
"NM_025233","COASY"
"NM_021114","SPINK2"
"ENST00000324328",NA
"NM_214675","CLEC4M"
"A_32_P182458",NA
"NM_000792","DIO1"
"NM_004504","AGFG1"
"NM_152373","ZNF684"
"NM_007072","HHLA2"
"XM_934407",NA
"NM_000826","GRIA2"
"BC105992",NA
"AK093340",NA
"AK057652",NA
"ENST00000299978",NA
"NM_001031712","TRMT11"
"ENST00000299415",NA
"A_24_P561165",NA
"NM_013270","PRSS50"
"NM_001077710","FAM110C"
"NM_000081","LYST"
"NM_001004472","OR10R2"
"BC033233",NA
"NM_020884","MYH7B"
"THC2676284",NA
"NM_001033662",NA
"NM_152891","PRSS33"
"NM_002515","NOVA1"
"NM_001995","ACSL1"
"NM_024422","DSC2"
"THC2560850",NA
"BC018140",NA
"NM_176825","SULT1C2"
"NM_032316","NICN1"
"NM_022469","GREM2"
"NM_139005","HFE"
"NM_003472","DEK"
"BE300169",NA
"NM_001042416","ZNF596"
"AK024238",NA
"NM_003581","NCK2"
"A_24_P418019",NA
"NM_145286","STOML3"
"THC2780391",NA
"NM_015270","ADCY6"
"NM_001015892","TAF9"
"A_24_P695691",NA
"ENST00000273083",NA
"BX105952",NA
"NM_020154","EMC7"
"NM_000112","SLC26A2"
"NM_012296","GAB2"
"NM_000093","COL5A1"
"NM_014477","TP53TG5"
"NM_017909","RMND1"
"AK097037",NA
"A_24_P933410",NA
"NM_001014797","KCNMA1"
"NM_002715","PPP2CA"
"NM_004482","GALNT3"
"NM_016464","TMEM138"
"NM_007232","HRH3"
"THC2567500",NA
"BC042539",NA
"AK095102",NA
"BF195626",NA
"BC001644",NA
"NM_153356","TBC1D21"
"NM_138612","HAS3"
"AK022184",NA
"NM_003811","TNFSF9"
"NM_006428","MRPL28"
"AK128620",NA
"THC2733597",NA
"NM_001131","CRISP1"
"THC2749305",NA
"NM_170725","PGBD2"
"NM_001040179","MCHR2"
"NM_003052","SLC34A1"
"NM_033364","CFAP91"
"NM_025109","MYO19"
"BC008248",NA
"W04231",NA
"NM_001158","AOC2"
"CA423858",NA
"AK094525",NA
"NM_020314","VPS35L"
"NM_079420","MYL1"
"NM_014662","DEPDC5"
"A_32_P58705",NA
"XR_017478",NA
"DA234975",NA
"NM_018028","SAMD4B"
"THC2540257",NA
"BC122546",NA
"NM_015384","NIPBL"
"AK025326",NA
"NM_021201","MS4A7"
"A_24_P936298",NA
"AY358357",NA
"BC030102",NA
"NM_015464","SOSTDC1"
"NM_001380","DOCK1"
"NM_153031","SATB2-AS1"
"NM_007259","VPS45"
"NM_004356","CD81"
"NM_006299","ZSCAN9"
"NM_001033523","GUSBP2"
"NM_024749","VASH2"
"AK026773",NA
"NM_014693","EEF1AKMT4-ECE2"
"BC036702",NA
"NM_015063","SLC8A2"
"NM_000943","PPIC"
"NM_139318","KCNH5"
"NM_020397","CAMK1D"
"NM_015359","SLC39A14"
"THC2786072",NA
"NM_017653","DYM"
"NM_004060","CCNG1"
"ENST00000354417",NA
"NM_017760","NCAPG2"
"AK096586",NA
"NM_018963","BRWD1"
"BQ272313",NA
"NM_005000","NDUFA5"
"NM_018036","ATG2B"
"NM_001426","EN1"
"A_24_P685995",NA
"NM_004654","USP9Y"
"AI435484",NA
"AF055376",NA
"THC2599033",NA
"NM_005557","KRT16"
"BC063641",NA
"NM_001005209","TMEM198"
"NM_002738","PRKCB"
"NM_014668","GREB1"
"NM_181894","GRIA3"
"NM_199127","GGTLC2"
"XR_017086",NA
"NM_194279","ISCA2"
"NM_005255","GAK"
"A_32_P404896",NA
"AA554768",NA
"THC2664391",NA
"A_32_P144452",NA
"A_32_P90468",NA
"AK024371",NA
"NM_022103","ZNF667"
"NM_005091","PGLYRP1"
"NM_173542","PLBD2"
"NM_018654","GPRC5D"
"NM_016472","GSKIP"
"DCP_20_9",NA
"A_24_P922173",NA
"ENST00000367146",NA
"XR_018720",NA
"NM_018244","UQCC1"
"NM_002813","PSMD9"
"NM_002495","NDUFS4"
"NM_003142","SSB"
"NM_207414","MROH5"
"NM_133473","ZNF431"
"NM_020766","PCDH19"
"THC2648538",NA
"A_32_P25065",NA
"NM_017580","ZRANB1"
"A_24_P921771",NA
"AI369525",NA
"NM_020377","CYSLTR2"
"AW589254",NA
"A_24_P790424",NA
"NM_199328","CLDN8"
"CK821950",NA
"A_24_P941040",NA
"NM_032015","RNF26"
"BX101288",NA
"ENST00000330288",NA
"THC2660180",NA
"A_23_P59967",NA
"NR_001542","TTTY10"
"THC2548056",NA
"NM_138763","BAX"
"AK075065",NA
"NM_001410","MEGF8"
"A_24_P929413",NA
"NM_000025","ADRB3"
"NM_005550","KIFC3"
"AF426262",NA
"NM_198173","GRHL3"
"NM_152748","ELAPOR2"
"NM_012452","TNFRSF13B"
"NM_014936","ENPP4"
"NM_001007071","RPS6KB2"
"AK074056",NA
"NM_000693","ALDH1A3"
"NM_001077395","DPH5"
"A_32_P126647",NA
"THC2728011",NA
"NM_058181","YBEY"
"AK074050",NA
"NM_001024629","NRP1"
"ENST00000315707",NA
"AF131762",NA
"NM_025230","DCAF11"
"THC2758091",NA
"NM_004281","BAG3"
"NM_007075","WDR45"
"BC065520",NA
"NM_001397","ECE1"
"A_24_P392742",NA
"NM_021069","SORBS2"
"NM_014807","C2CD2L"
"NM_194317","LYPD6"
"AL833530",NA
"AF116664",NA
"BC089443",NA
"THC2778038",NA
"NM_004939","DDX1"
"THC2729109",NA
"NM_003979","GPRC5A"
"BE671947",NA
"NM_198149","SHISA4"
"AK055121",NA
"AK131104",NA
"NM_003498","SNN"
"BC009036",NA
"AK123506",NA
"BX649001",NA
"NM_032361","THOC3"
"CR749831",NA
"NM_005298","GPR25"
"NM_021572","ENPP5"
"THC2481994",NA
"NM_000061","BTK"
"BC016947",NA
"XM_071013",NA
"AF220263",NA
"NM_031891","CDH20"
"NM_181783","TMTC3"
"A_24_P525401",NA
"NM_006190","ORC2"
"NM_170711","DAZAP1"
"NM_004341","CAD"
"NM_016014","ABHD17B"
"AK024346",NA
"AK056550",NA
"THC2727097",NA
"A_24_P914102",NA
"THC2553558",NA
"NM_024039","MIS12"
"A_24_P127442",NA
"BC010526",NA
"THC2650120",NA
"THC2535223",NA
"BC038840",NA
"NM_030786","SYNC"
"THC2715131",NA
"BM563971",NA
"A_24_P651129",NA
"NM_001024809","RARA"
"THC2671487",NA
"NM_003621","PPFIBP2"
"THC2549494",NA
"AA132288",NA
"AA004800",NA
"NM_198480","ZNF615"
"NM_004992","MECP2"
"ENST00000375465",NA
"NM_001001555","GRB10"
"AK000313",NA
"THC2483664",NA
"NM_015689","DENND2A"
"NM_016352","CPA4"
"AK123649",NA
"THC2698177",NA
"NM_001464","ADAM2"
"NM_016155","MMP17"
"NM_198282","STING1"
"U79275",NA
"BF366211",NA
"NM_012309","SHANK2"
"NM_020817","CCDC191"
"THC2766373",NA
"NM_004562","PRKN"
"NM_002104","GZMK"
"NM_031409","CCR6"
"NM_006988","ADAMTS1"
"NM_007327","GRIN1"
"AK124708",NA
"NM_198196","CD96"
"NM_014942","ANKRD6"
"ENST00000368088",NA
"ENST00000296657",NA
"NM_032151","PCBD2"
"AF227517",NA
"NM_178862","STT3B"
"A_24_P925010",NA
"NM_005367","MAGEA12"
"NM_014930","ZNF510"
"NM_174908","CCDC50"
"NM_014913","ADNP2"
"NM_024757","EHMT1"
"NM_138439","FLYWCH2"
"NM_139284","LGI4"
"NM_004494","HDGF"
"BC034591",NA
"NM_018950","HLA-F"
"AJ009817",NA
"THC2777566",NA
"THC2648646",NA
"BC040293",NA
"NM_005702","ERAL1"
"NM_001937","DPT"
"NM_006700","TRAFD1"
"BC010544",NA
"NM_000350","ABCA4"
"THC2672265",NA
"THC2567891",NA
"AK026031",NA
"NM_006622","PLK2"
"NM_002814","PSMD10"
"NM_203459","CAMSAP2"
"NM_013367","ANAPC4"
"NM_001001659","OR2A14"
"NR_002831","ZNF322P1"
"NM_018685","ANLN"
"NM_003873","NRP1"
"ENST00000382184",NA
"NM_014772","CTIF"
"NM_000017","ACADS"
"NM_006275","SRSF6"
"AF130056",NA
"AY730278",NA
"XR_019186",NA
"NM_206999","CNOT1"
"NM_025113","RUBCNL"
"NM_019112","ABCA7"
"NM_014589","PLA2G2E"
"A_32_P122951",NA
"AK095651",NA
"NM_138280",NA
"NM_032815","NFATC2IP"
"NM_016428","ABI3"
"NM_006922","SCN3A"
"NM_031215","CABLES2"
"NM_080743","SRSF12"
"ENST00000375099",NA
"NM_006106","YAP1"
"THC2708669",NA
"CR610169",NA
"NM_152723","CCDC89"
"THC2752542",NA
"NM_173076","ABCA12"
"NM_004807","HS6ST1"
"BC006361",NA
"D31828",NA
"NM_001006634","ARHGAP17"
"NM_173810","TTC9C"
"NM_014322","OPN3"
"NM_203423","LOC389199"
"NM_004960","FUS"
"CR617352",NA
"NM_014943","ZHX2"
"NM_024948","MINDY3"
"NM_002719","PPP2R5C"
"A_32_P176902",NA
"NM_015185","ARHGEF9"
"BC037827",NA
"NM_172367","TRARG1"
"ENST00000272235",NA
"NM_032593","HINT2"
"NM_001823","CKB"
"NM_020895","GRAMD1A"
"AB037793",NA
"A_24_P264597",NA
"NM_000080","CHRNE"
"THC2668193",NA
"H81180",NA
"THC2634713",NA
"NM_000047","ARSL"
"THC2655417",NA
"THC2666559",NA
"A_23_P61068",NA
"NM_005529","HSPG2"
"NM_181886","UBE2D3"
"ENST00000317868",NA
"NM_080538","COLQ"
"BT007188",NA
"NM_020415","RETN"
"NM_003596","TPST1"
"XM_001127881",NA
"NR_001539","TTTY22"
"BC032064",NA
"NM_024491","CEP70"
"NM_004114","FGF13"
"AK057725",NA
"A_24_P238286",NA
"XR_019552",NA
"NM_021961","TEAD1"
"NM_002435","MPI"
"AK056071",NA
"ENST00000374465",NA
"AL565381",NA
"ENST00000302096",NA
"BC044246",NA
"NM_021034","IFITM3"
"NM_002938","RNF4"
"NM_003463","PTP4A1"
"NM_000834","GRIN2B"
"THC2754464",NA
"AK096239",NA
"A_32_P27558",NA
"NM_001018052","POLR3H"
"NM_006208","ENPP1"
"THC2644875",NA
"AY129010",NA
"BC107568",NA
"NM_000839","GRM2"
"AL512694",NA
"THC2683910",NA
"NM_020889","PHF12"
"THC2629174",NA
"NM_002473","MYH9"
"NM_004083","DDIT3"
"NM_017923","MARCHF1"
"NM_020690","ANKHD1-EIF4EBP3"
"NM_000340","SLC2A2"
"NM_033067","DMRTB1"
"AK023696",NA
"NM_001958","EEF1A2"
"A_32_P205407",NA
"AK024456",NA
"NM_138329","NLRP6"
"NM_178339","APRG1"
"XR_018350",NA
"ENST00000283657",NA
"NM_012409","PRND"
"A_24_P821146",NA
"NM_001064","TKT"
"AF116656",NA
"NM_032019","HDAC10"
"A_24_P761727",NA
"THC2770735",NA
"NM_000392","ABCC2"
"NM_153025","SPATA33"
"AK023049",NA
"NM_005439","MLF2"
"BC038355",NA
"NM_144973","DENND5B"
"AW383740",NA
"NM_024410","ODF1"
"NM_001004464","OR10G8"
"NM_152493","ZNF362"
"AK022150",NA
"AF203728",NA
"NM_016442","ERAP1"
"NM_002407","SCGB2A1"
"NM_001521","GTF3C2"
"NM_004182","UXT"
"NM_000394","CRYAA"
"NM_017858","TIPIN"
"AA635126",NA
"NM_005967","NAB2"
"ENST00000338509",NA
"THC2752750",NA
"NM_174919","ARHGAP27"
"NM_006016","CD164"
"AF028828",NA
"BC060766",NA
"NM_001004317","LIN28B"
"NM_001013842","C8orf58"
"NM_153479","CSAG1"
"NM_152356","ZNF491"
"NM_020202","NIT2"
"NM_207379","TMEM179"
"NM_031308","EPPK1"
"NM_022062","PKNOX2"
"NM_024549","TCTN1"
"NM_015484","SYF2"
"NM_001349","DARS1"
"NM_002537","OAZ2"
"NM_002014","FKBP4"
"NM_198040","PHC2"
"NM_003837","FBP2"
"BC020920",NA
"S79281",NA
"NM_012257","HBP1"
"NM_018645","HES6"
"NM_182536","GKN2"
"NM_006666","RUVBL2"
"XR_018946",NA
"NM_152858","WTAP"
"NM_022780","RMND5A"
"DB362335",NA
"AA889382",NA
"NM_005907","MAN1A1"
"NM_022728","NEUROD6"
"NM_000928","PLA2G1B"
"NM_022090","FAM200C"
"BC065041",NA
"CA441889",NA
"NM_006621","AHCYL1"
"BF337308",NA
"BC094740",NA
"NM_194449","PHLPP1"
"NM_018199","EXD2"
"NM_005634","SOX3"
"XR_018144",NA
"THC2741548",NA
"NM_001009909","LUZP2"
"A_24_P332780",NA
"A_24_P400616",NA
"ENST00000216468",NA
"NM_013355","PKN3"
"ENST00000327299",NA
"A_32_P196615",NA
"BC106034",NA
"NM_001289","CLIC2"
"NM_005389","PCMT1"
"NM_003653","COPS3"
"NM_001040260","DCLK2"
"BX105146",NA
"NM_144617","HSPB6"
"NM_017945","SLC35A5"
"AK024328",NA
"NM_020820","PREX1"
"AF116673",NA
"NM_025047","ARL14"
"A_24_P384411",NA
"AI381562",NA
"CR597959",NA
"NM_006615","CAPN9"
"NM_018313","PBRM1"
"NM_006579","EBP"
"NM_018891","LAMC2"
"NM_138811","SPMIP4"
"NM_016030","TRAPPC12"
"BF514006",NA
"NM_019056","NDUFB11"
"NM_033276","ATP23"
"ENST00000366699",NA
"NM_013379","DPP7"
"A_24_P700170",NA
"BE542385",NA
"NM_015391","ANAPC13"
"NM_182491","ZFAND2A"
"NM_152303","ZNF554"
"NM_001037329","CNGA4"
"BC033566",NA
"AK092257",NA
"AF118067",NA
"ENST00000366716",NA
"NM_145803","TRAF6"
"NM_194255","SLC19A1"
"NM_182625","GEN1"
"CR598098",NA
"A_32_P41136",NA
"NM_139241","FGD4"
"THC2667264",NA
"THC2716475",NA
"NM_024686","TTLL7"
"AK021551",NA
"NM_021249","SNX6"
"THC2531245",NA
"THC2506377",NA
"THC2690931",NA
"AF086139",NA
"NM_005955","MTF1"
"BC030023",NA
"BC110367",NA
"BC027471",NA
"A_32_P125984",NA
"NM_014884","SUGP2"
"AK056600",NA
"BC014971",NA
"ENST00000372045",NA
"NM_012148","DUX3"
"ENST00000371211",NA
"BG197899",NA
"NM_000712","BLVRA"
"NM_053282","SH2D1B"
"NM_147127","EVC2"
"NM_006842","SF3B2"
"THC2750420",NA
"NM_014265","ADAM28"
"NM_016034","MRPS2"
"ENST00000332415",NA
"A_24_P920699",NA
"THC2528011",NA
"NM_001015038","PAGE2B"
"NM_005076","CNTN2"
"CR936791",NA
"NM_198150","ARSK"
"NR_002713","NPY6R"
"BC009735",NA
"NM_199329","SLC43A3"
"AK127309",NA
"ENST00000370323",NA
"THC2651023",NA
"NM_005771","DHRS9"
"NM_015001","SPEN"
"NM_006392","NOP56"
"NM_018712","ELMOD1"
"NM_178858","SFXN2"
"ENST00000381956",NA
"THC2719525",NA
"AK022322",NA
"AY672103",NA
"THC2645667",NA
"A_23_P106814",NA
"A_24_P933059",NA
"NM_000237","LPL"
"NM_014010","ASTN2"
"NM_002793","PSMB1"
"THC2759419",NA
"NM_005927","MFAP3"
"A_24_P640261",NA
"ENST00000332649",NA
"NM_178516","EXOC3L1"
"NM_005253","FOSL2"
"NM_006823","PKIA"
"NM_014159","SETD2"
"NM_001012288","CRLF2"
"BC038667",NA
"NM_014552",NA
"NM_006772","SYNGAP1"
"NM_001001683","MED11"
"NM_002310","LIFR"
"NM_173179","SLC35H1"
"ENST00000382343",NA
"NM_080686","PRRC2A"
"NM_144713","RMDN2"
"NM_016335","PRODH"
"NM_207430","HOATZ"
"NM_020529","NFKBIA"
"NM_003809","TNFSF12"
"AK025818",NA
"ENST00000339991",NA
"NR_002936","TOB2P1"
"NM_138295","PKD1L1"
"NM_002797","PSMB5"
"ENST00000379616",NA
"NM_017778","NSD3"
"NM_001079526","IKZF2"
"ENST00000318093",NA
"NM_144668","CFAP251"
"NM_016272","TOB2"
"NM_024650","TOP6BL"
"NM_032823","AOPEP"
"NM_017641","KIF21A"
"A_24_P281304",NA
"THC2783730",NA
"AK095242",NA
"AB032983",NA
"NM_001048205","REC8"
"AI471828",NA
"BC022826",NA
"NM_015308","FNBP4"
"NM_001659","ARF3"
"NM_001005338","OR5H1"
"NM_001012964","KLK6"
"NM_014044","UNC50"
"AL575479",NA
"NM_024863","TCEAL4"
"NM_144992","VWA3B"
"BX647761",NA
"NM_032709","PYROXD2"
"NM_014585","SLC40A1"
"NM_017854","TMEM160"
"AK057346",NA
"A_23_P118195",NA
"BC000825",NA
"NM_172230","SYVN1"
"NM_022492","TTC31"
"NM_144722","SPEF2"
"NM_001005369","MTIF2"
"BX648927",NA
"NR_002949","NUDT16L2P"
"X87895",NA
"THC2541714",NA
"NM_024666","AAGAB"
"NM_173832","ZFP41"
"A_24_P517355",NA
"NM_133369","UNC5A"
"NM_017431","PRKAG3"
"NM_052864","TIFA"
"NM_025052","MAP3K19"
"NM_212543","B4GALT4"
"NM_020525","IL22"
"BC020462",NA
"NM_001836","CMA1"
"NM_138569","MLIP"
"NM_000508","FGA"
"NM_001013698","SMCO3"
"NM_001008756","GCSAM"
"NM_003127","SPTAN1"
"AI340058",NA
"NM_006317","BASP1"
"NM_001003891","MED15"
"THC2641075",NA
"NM_032864","PRPF38A"
"NM_013441","RCAN3"
"NM_152554","LINC01600"
"ENST00000328046",NA
"AL832120",NA
"NM_022147","RTP4"
"A_32_P10831",NA
"AA478981",NA
"NM_007358","MTF2"
"NM_004291","CARTPT"
"NM_024966","SEMA6D"
"XR_019597",NA
"NM_003384","VRK1"
"A_32_P57002",NA
"NM_005857","ZMPSTE24"
"XR_019526",NA
"BC073815",NA
"NM_001312","CRIP2"
"NM_004319","ASTN1"
"A_24_P67618",NA
"NM_030622","CYP2S1"
"NM_005470","ABI1"
"NM_006242","PPP1R3D"
"BG695979",NA
"NM_022128","RBKS"
"NM_145026","SPATS1"
"ENST00000254109",NA
"A_24_P685983",NA
"A_32_P5514",NA
"A_32_P116816",NA
"NM_006673","ARID5A"
"NM_001001877","HSFY2"
"NM_003640","ELP1"
"XR_018451",NA
"NM_031466","TRAPPC9"
"NM_024935","GREB1L"
"A_24_P467871",NA
"THC2708803",NA
"NM_001678","ATP1B2"
"ENST00000329367",NA
"BM667833",NA
"NM_080862","SPSB4"
"A_32_P53670",NA
"NM_021819","LMAN1L"
"NM_024324","CRELD2"
"DCP_20_0",NA
"AF131741",NA
"AK075364",NA
"BC111482",NA
"NM_006065","SIRPB1"
"NM_017413","APLN"
"NM_203397","MBLAC1"
"A_32_P80523",NA
"NM_001012732","DCTD"
"AK025762",NA
"NM_016456","TMEM9"
"NM_032562","PLA2G12B"
"AK123972",NA
"NM_004735","LRRFIP1"
"A_24_P938263",NA
"NM_174855","IDH3B"
"NM_018386","PCID2"
"NM_198081","SCML4"
"AA282192",NA
"NM_001266","CES1"
"NM_002576","PAK1"
"AK022594",NA
"AK023691",NA
"NM_181720","ARHGAP30"
"NM_022051","EGLN1"
"DQ786299",NA
"NM_001040034","CD63"
"NM_173688","NKAIN3"
"CD048206",NA
"NM_005759","ABI2"
"BC043283",NA
"THC2682674",NA
"NM_080916","DGUOK"
"NM_025164","SIK3"
"NM_004203","PKMYT1"
"BC031316",NA
"NM_024599","RHBDF2"
"BC106086",NA
"AK127322",NA
"NM_130769","GPHA2"
"AW502318",NA
"A_24_P298029",NA
"AF282269",NA
"A_24_P920376",NA
"ENST00000380787",NA
"NM_000852","GSTP1"
"ENST00000308894",NA
"XR_018734",NA
"NM_006906","PTPN5"
"A_24_P940354",NA
"ENST00000355520",NA
"AK001683",NA
"NM_024836","ZNF672"
"NM_153346","BEND2"
"AK000205",NA
"NM_024109","METTL22"
"NM_018103","LRRC8D"
"NM_012430","SEC22A"
"AI698357",NA
"NM_001004725","OR4S1"
"NM_080596","H2AC12"
"NM_001925","DEFA4"
"NM_020666","CLK4"
"NM_031954","KCTD10"
"NM_024513","FYCO1"
"NM_002256","KISS1"
"CR600419",NA
"BC107798",NA
"ENST00000265659",NA
"AI161251",NA
"NM_000313","PROS1"
"NM_176875","CCKBR"
"NM_016379","VCX3A"
"NM_152868","KCNJ4"
"A_23_P9997",NA
"NM_004752","GCM2"
"NM_001032297","ZNF658B"
"NM_002442","MSI1"
"NM_006739","MCM5"
"NM_025115","TTI2"
"NM_003908","EIF2S2"
"ENST00000371408",NA
"NM_080675","SUN5"
"NM_015261","NCAPD3"
"NM_020956","PRX"
"NM_023068","SIGLEC1"
"NM_152292","TRMT10A"
"NM_001010879","ZIK1"
"NM_012139","SERGEF"
"NM_001013736","FAM47C"
"NM_001012978","BEX5"
"ENST00000382216",NA
"BC017762",NA
"AK022045",NA
"NM_005419","STAT2"
"NM_006358","SLC25A17"
"AK127904",NA
"NM_005024","SERPINB10"
"AK124551",NA
"BC044620",NA
"NM_005548","KARS1"
"NM_002514","CCN3"
"NM_004098","EMX2"
"NM_005063","SCD"
"XR_016024",NA
"NM_021139","UGT2B4"
"THC2776154",NA
"AK126097",NA
"NM_005778","RBM5"
"NM_000456","SUOX"
"NM_153832","GPR161"
"XM_001133066",NA
"NM_004733","SLC33A1"
"NM_012168","FBXO2"
"NM_173649","STPG4"
"NM_006337","MCRS1"
"NM_014812","CEP170"
"BC064139",NA
"NM_003802","MYH13"
"AW994273",NA
"THC2519901",NA
"AA910154",NA
"A_24_P918875",NA
"BC033989",NA
"THC2751869",NA
"NM_024057","NUP37"
"NM_001746","CANX"
"XR_018106",NA
"NM_005997","VPS72"
"NM_030922","NIPA2"
"NM_006507","REG1B"
"BC025721",NA
"BC033539",NA
"ENST00000331425",NA
"NM_015143","METAP1"
"NM_015144","ZCCHC14"
"BC012536",NA
"THC2535569",NA
"NM_148910","TIRAP"
"NM_173695","CFAP47"
"NM_144701","IL23R"
"NM_015100","POGZ"
"NM_001395","DUSP9"
"NM_001013728","ANKRD18B"
"NM_198578","LRRK2"
"NM_001442","FABP4"
"NM_005775","SORBS3"
"NM_006259","PRKG2"
"ENST00000327721",NA
"AY358209",NA
"THC2679804",NA
"NM_145291","ZBTB49"
"NM_032013","NDRG3"
"ENST00000371386",NA
"NM_006738","AKAP13"
"AF390550",NA
"NM_173687",NA
"NM_014739","BCLAF1"
"NM_022496","ACTR6"
"NM_001020818","MYADM"
"AK098427",NA
"NM_018494","PIDD1"
"NM_006468","POLR3C"
"A_24_P547010",NA
"NM_016320","NUP98"
"AK091439",NA
"AK090647",NA
"NM_000078","CETP"
"A_32_P223245",NA
"NM_001040171",NA
"ENST00000259289",NA
"AK123703",NA
"ENST00000355629",NA
"NM_020066","FMN2"
"CR616314",NA
"BE646426",NA
"NM_139166","ABRA"
"CR593166",NA
"NM_144699","ATP1A4"
"A_24_P607645",NA
"NM_017636","TRPM4"
"ENST00000369158",NA
"NM_032621","BEX2"
"S72487",NA
"AK055463",NA
"NM_144688","KASH5"
"NM_031226","CYP19A1"
"AA768919",NA
"AK001173",NA
"BC067080",NA
"NM_000267","NF1"
"ENST00000335459",NA
"NM_001003935","PARP3"
"ENST00000311412",NA
"NM_003106","SOX2"
"A_32_P75141",NA
"A_32_P15706",NA
"THC2674068",NA
"NM_032581","HYCC1"
"AW851396",NA
"AK128072",NA
"NM_203391","GK"
"NM_017576","KIF27"
"AB028979",NA
"NM_005883","APC2"
"NM_021165","BRINP2"
"NM_133337","MYOF"
"A_24_P930717",NA
"BC041913",NA
"AY952884",NA
"ENST00000369990",NA
"NM_000189","HK2"
"U32331",NA
"NM_022349","MS4A6A"
"NM_003827","NAPA"
"NM_145203","CSNK1A1L"
"AK129849",NA
"NM_006532","ELL"
"BC008618",NA
"A_24_P932220",NA
"CR627448",NA
"A_23_P10091",NA
"AK054562",NA
"A_24_P562692",NA
"CB854194",NA
"NM_207407","TMPRSS11F"
"NM_152399","SMIM43"
"NM_022462","HIF3A"
"NM_017639","DCHS2"
"BC016673",NA
"NM_032441",NA
"NM_017582","UBE2Q1"
"ENST00000369399",NA
"NM_015480","NECTIN3"
"NM_178177","NMNAT3"
"NM_003366","UQCRC2"
"NM_018225","SMU1"
"NM_005108","XYLB"
"THC2611989",NA
"NM_016071","MRPS33"
"NM_003411","ZFY"
"ENST00000324709",NA
"NM_006573","TNFSF13B"
"NM_138730","HMGN3"
"NM_144957","PRSS21"
"A_24_P571984",NA
"NM_015331","NCSTN"
"ENST00000369216",NA
"AI425110",NA
"NM_014143","CD274"
"NM_007353","GNA12"
"THC2655194",NA
"NM_213622","STAMBP"
"NM_000688","ALAS1"
"NM_152906","TANGO2"
"CR626626",NA
"NM_018389","SLC35C1"
"NM_032775","KLHL22"
"NM_005250","FOXL1"
"AI096653",NA
"NM_015275","WASHC4"
"BG952851",NA
"NM_024086","METTL16"
"AK098804",NA
"A_32_P232437",NA
"BC044863",NA
"NM_002463","MX2"
"NM_002005","FES"
"NM_002242","KCNJ13"
"AL035301",NA
"NM_017659","QPCTL"
"NM_138724","BCL2L14"
"NM_021797","CHIA"
"BC021732",NA
"ENST00000242505",NA
"NM_006845","KIF2C"
"AF035035",NA
"ENST00000328474",NA
"NM_018245","OGDHL"
"NM_031450","C11orf68"
"ENST00000367087",NA
"A_32_P224040",NA
"NM_021222","PRUNE1"
"NM_015375","DSTYK"
"BC043001",NA
"NM_152617","RNF168"
"NM_018057","SLC6A15"
"NM_079834","SCAMP4"
"THC2683212",NA
"NM_053039","UGT2B28"
"A_24_P918911",NA
"NM_001004703","OR4C46"
"NM_001039582","PNCK"
"NM_032579","RETNLB"
"NM_017570","OPLAH"
"NM_170713","RASSF1"
"AK026130",NA
"THC2634863",NA
"ENST00000355748",NA
"A_32_P208533",NA
"A_32_P198647",NA
"NM_018715","RCC2"
"NP238262",NA
"ENST00000360524",NA
"A_24_P933173",NA
"NM_014996","PLCH1"
"NM_173608","TEDC1"
"NM_170721","MSI2"
"NM_130436","DYRK1A"
"NM_003154","STATH"
"NM_183040","DTNBP1"
"NM_000716","C4BPB"
"NM_024082","PRRG3"
"BX379032",NA
"AK096803",NA
"NM_080723","NRSN1"
"NM_006847","LILRB4"
"NM_001031833","BOLA2"
"NM_001001487","ATP2C1"
"A_32_P149625",NA
"AW444553",NA
"THC2694873",NA
"NM_032607","CREB3L3"
"NM_182645","VGLL2"
"AK128076",NA
"NM_022055","KCNK12"
"NM_004473","FOXE1"
"NM_014810","CEP350"
"NM_004990","MARS1"
"THC2536682",NA
"XM_061427",NA
"NM_021969","NR0B2"
"AF090906",NA
"NM_023919","TAS2R7"
"NR_002223","TPRXL"
"NM_138448","ACYP2"
"NM_002162","ICAM3"
"BC020867",NA
"ENST00000379894",NA
"NM_014957","DENND3"
"U88965",NA
"NM_133455","EMID1"
"THC2673526",NA
"NM_015679","TRUB2"
"Y14488",NA
"NM_018672","ABCA5"
"AK130207",NA
"NM_178168","OR10A5"
"AF119848",NA
"THC2544148",NA
"NM_138778","DPH7"
"CR612573",NA
"AK093583",NA
"NM_005487","HMGXB4"
"ENST00000327928",NA
"NM_004574","SEPTIN4"
"THC2550620",NA
"A_32_P125219",NA
"THC2768667",NA
"NM_025124","TMEM134"
"AK023774",NA
"NM_182522","TAFA4"
"AY358662",NA
"NM_015054","BLTP3B"
"NM_016180","SLC45A2"
"NM_003064","SLPI"
"ENST00000330692",NA
"NM_015920","RPS27L"
"NM_054033","FKBP1B"
"BX647096",NA
"AK074586",NA
"AW275876",NA
"NM_032326","TMEM175"
"A_24_P714316",NA
"AK125829",NA
"DQ655984",NA
"DA438590",NA
"NM_173215","NFAT5"
"NM_001079528","ABCC6"
"NM_030651","PRRT1"
"NM_178445","ACKR4"
"AF332509",NA
"A_24_P941450",NA
"AK123296",NA
"ENST00000377116",NA
"NM_014740","EIF4A3"
"NM_138276","MPIG6B"
"NM_002468","MYD88"
"NM_032829","FAM222A"
"BC035592",NA
"AL832190",NA
"NM_182540","INTS6L"
"BC020640",NA
"THC2655510",NA
"NM_003378","VGF"
"AK024900",NA
"NM_174920","SAMD14"
"NM_002761","PRM1"
"THC2691136",NA
"A_24_P174063",NA
"NM_006933","SLC5A3"
"NM_005704","PTPRU"
"NM_000370","TTPA"
"NM_024682","TBC1D17"
"BX103328",NA
"ENST00000312412",NA
"NM_001812","CENPC"
"THC2722205",NA
"NM_052857","ZNF830"
"ENST00000377444",NA
"NM_003021","SGTA"
"NM_139319","SLC17A8"
"NM_013397","PRICKLE4"
"AF150379",NA
"NM_000817","GAD1"
"NM_001011538","RPL21P44"
"NM_144678","TOM1L2"
"BE467780",NA
"NM_000621","HTR2A"
"NM_017967","REX1BD"
"NM_003607","CDC42BPA"
"BC004387",NA
"NM_175888","ZNF620"
"AK098175",NA
"NM_021149","COTL1"
"NM_138284","IL17D"
"NM_021233","DNASE2B"
"NM_005054","RGPD5"
"NM_016202","ZNF580"
"NM_014521","SH3BP4"
"NM_002333","LRP3"
"NM_030943","AMN"
"NM_014428","TJP3"
"NM_003782","B3GALT4"
"BC121810",NA
"AY358799",NA
"NM_003637","ITGA10"
"NM_001970","EIF5A"
"NM_032683","MPV17L2"
"A_24_P934423",NA
"ENST00000378289",NA
"NM_001077195","ZNF436"
"ENST00000319902",NA
"NM_002676","PMM1"
"A_24_P541213",NA
"NM_020724","RNF150"
"NM_024105","ALG12"
"DCP_22_7",NA
"NM_006400","DCTN2"
"THC2688911",NA
"THC2672869",NA
"NM_207495","LINC01011"
"NM_024803","TUBAL3"
"THC2692419",NA
"AY358828",NA
"BC032246",NA
"NM_030905","OR2J2"
"M69296",NA
"NM_022470","ZMAT3"
"NM_000637","GSR"
"NM_183415","UBE3B"
"THC2688736",NA
"NM_152564","VPS13B"
"NM_020150","SAR1A"
"NM_001040445","ASB1"
"NM_021958","HLX"
"AY122470",NA
"XM_372200",NA
"THC2643977",NA
"NM_153033","KCTD7"
"NM_001025266","C3orf70"
"A_32_P79515",NA
"NM_001012661","SLC3A2"
"NM_153836","CREG2"
"NM_004890","SPAG7"
"NM_058165","MOGAT1"
"NM_021734","SLC25A19"
"CR603940",NA
"NM_181726","ANKRD37"
"NM_133330","NSD2"
"NM_001004023","DYRK3"
"NM_014431","PALD1"
"THC2678624",NA
"NM_006577","B3GNT2"
"ENST00000367960",NA
"ENST00000290607",NA
"NM_033554","HLA-DPA1"
"A_32_P178241",NA
"AK127979",NA
"BC045562",NA
"THC2532155",NA
"NM_001010926","HES5"
"NM_144991","TSPEAR"
"AF439977",NA
"NM_022902","SLC30A5"
"NM_002623","PFDN4"
"NM_001001132","ITSN1"
"NM_057166","COL6A3"
"NM_019032","ADAMTSL4"
"AF495725",NA
"NM_153187","SLC22A1"
"NM_003845","DYRK4"
"THC2536671",NA
"NM_003200","TCF3"
"ENST00000333010",NA
"NM_004440","EPHA7"
"NM_003332","TYROBP"
"NM_145696","BRF1"
"AK075186",NA
"AY358854",NA
"BC004565",NA
"THC2698405",NA
"NM_177987","TUBB8"
"NM_138959","VANGL1"
"ENST00000373899",NA
"NM_001042371","PGP"
"NM_014413","EIF2AK1"
"NM_004563","PCK2"
"AK057430",NA
"BC040064",NA
"NM_014215","INSRR"
"A_24_P565503",NA
"NM_003291","TPP2"
"NM_013244","MGAT4C"
"BC032332",NA
"NM_020368","UTP3"
"AY251274",NA
"NM_003019","SFTPD"
"NM_001017406","S100PBP"
"NM_025243","SLC19A3"
"AK074141",NA
"NM_153038","CCDC140"
"ENST00000382592",NA
"THC2752977",NA
"NM_001040141","HSP90AA2P"
"THC2647142",NA
"NM_053034","ANTXR1"
"NM_013254","TBK1"
"BC049823",NA
"NM_153687","IKBIP"
"BC001879",NA
"NM_001031748","REDIC1"
"NM_152444","PTGR2"
"NM_031280","MRPS15"
"NM_005909","MAP1B"
"A_32_P122492",NA
"NM_030800","INTS14"
"AW901755",NA
"ENST00000276173",NA
"NM_199040","NUDT4"
"NM_144632","TMEM182"
"A_24_P144149",NA
"NM_022034","CUZD1"
"NM_002634","PHB1"
"XR_018565",NA
"XM_001131609",NA
"BC005273",NA
"BX094072",NA
"XR_018488",NA
"NM_021813","BACH2"
"NM_012110","CHIC2"
"AW377662",NA
"NM_015645","C1QTNF5"
"NM_001310","CREBL2"
"NM_018151","RIF1"
"ENST00000344415",NA
"NM_002696","POLR2G"
"NM_001079858","ADGRG2"
"NM_172347","KCNG4"
"NM_001133","AFM"
"A_24_P735283",NA
"A_24_P118472",NA
"ENST00000301719",NA
"ENST00000336999",NA
"AK057056",NA
"NM_001029950","POM121L8P"
"NM_005546","ITK"
"NM_174899","FBXO36"
"NM_020533","MCOLN1"
"NM_002839","PTPRD"
"ENST00000282169",NA
"NM_015969","MRPS17"
"AK024926",NA
"NM_005167","PPM1J"
"NM_019892","INPP5E"
"NM_014418","TCL6"
"A_24_P324588",NA
"BC011733",NA
"A_24_P910483",NA
"NM_001017986","FCGR1BP"
"A_24_P944945",NA
"XR_018574",NA
"ENST00000366623",NA
"NM_007166","PICALM"
"BQ071182",NA
"A_24_P213325",NA
"THC2652093",NA
"BC029452",NA
"S64699",NA
"THC2676741",NA
"NM_004550","NDUFS2"
"NM_005085","NUP214"
"NM_014041","SPCS1"
"THC2672629",NA
"NM_201252",NA
"NM_024616","C3orf52"
"NM_017988","SCYL2"
"A_32_P35839",NA
"NM_138340","ABHD3"
"NM_003721","RFXANK"
"NM_177925","H2AJ"
"ENST00000372142",NA
"NM_020860","STIM2"
"NM_012181","FKBP8"
"NM_018461","PPP2R2D"
"NM_145175","LRATD1"
"BC051787",NA
"NM_006865","LILRA3"
"NM_004188","GFI1B"
"NM_178354","LCE1F"
"NM_207355","POTEB3"
"NM_002906","RDX"
"NM_000197","HSD17B3"
"NM_001902","CTH"
"NM_017554","PARP14"
"THC2618720",NA
"NM_002773","PRSS8"
"XR_019264",NA
"NM_024839","RPP21"
"BC006134",NA
"DCP_1_7",NA
"AK026149",NA
"NM_001728","BSG"
"NM_024848","MORN1"
"NR_002219",NA
"NM_152622","MIER3"
"NM_201575","SEZ6L2"
"NM_004851","NAPSA"
"XR_018333",NA
"BX647344",NA
"NM_147150","PALM2AKAP2"
"NM_002108","HAL"
"NM_207299","PLPPR1"
"NM_031212","SLC25A28"
"AK075525",NA
"AK056150",NA
"NR_002806","FAM13A-AS1"
"A_24_P49421",NA
"NM_016938","EFEMP2"
"NM_000050","ASS1"
"NM_000297","PKD2"
"AF210650",NA
"NM_024742","ARMC5"
"NM_002763","PROX1"
"NM_177964","LYPD6B"
"NM_003409","ZBTB14"
"NM_004374","COX6C"
"A_24_P942661",NA
"ENST00000339094",NA
"NM_031300","MXD3"
"AK054965",NA
"NM_018266","TMEM39A"
"A_24_P630916",NA
"BC080589",NA
"THC2689241",NA
"NM_021135","RPS6KA2"
"NM_000158","GBE1"
"NM_002887","RARS1"
"NM_024820","DENND1A"
"THC2541642",NA
"ENST00000382832",NA
"NM_016323","HERC5"
"NM_001035267","RPL41"
"BC020336",NA
"NM_014766","SCRN1"
"ENST00000343571",NA
"AK093963",NA
"THC2670378",NA
"NM_145063","OARD1"
"BC016743",NA
"BC019356",NA
"NM_004867","ITM2A"
"XR_019574",NA
"NM_194250","ZNF804A"
"NM_022730","COPS7B"
"BC032715",NA
"AL137542",NA
"NM_014258","SYCP2"
"NM_003010","MAP2K4"
"THC2725553",NA
"AB051442",NA
"BC021738",NA
"NM_145016","GLYATL2"
"AL834350",NA
"S58722",NA
"NM_001141","ALOX15B"
"NM_001039577","CCNL2"
"NM_000854","GSTT2"
"NM_001004467","OR10J3"
"NM_002662","PLD1"
"A_24_P298928",NA
"A_23_P410456",NA
"NM_020637","FGF22"
"NM_020312","COQ9"
"AI570240",NA
"NM_145685","BRF1"
"AF272377",NA
"NM_197977","ZNF189"
"NM_153357","SLC16A11"
"NM_198289",NA
"NM_014481","APEX2"
"THC2622092",NA
"AY040090",NA
"NM_001033080","TAAR2"
"NM_015916","CALHM2"
"NM_001005353","AK4"
"AL832783",NA
"A_24_P212314",NA
"A_24_P24982",NA
"NM_152481","FAM187B"
"BC024968",NA
"A_24_P187459",NA
"THC2650412",NA
"CR601322",NA
"NM_004568","SERPINB6"
"BC040412",NA
"BC032451",NA
"THC2712710",NA
"NM_032222","MINDY4"
"BC075823",NA
"A_24_P945036",NA
"THC2756939",NA
"A_24_P791862",NA
"AK023854",NA
"NM_012151","F8A1"
"BC028378",NA
"NR_002796","AKR7A2P1"
"NM_017415","KLHL3"
"ENST00000371242",NA
"NM_005831","CALCOCO2"
"THC2735960",NA
"NM_014578","RHOD"
"NM_021647","MFAP3L"
"AK024082",NA
"AB037844",NA
"AI796347",NA
"NM_032096","PCDHGB2"
"BC065260",NA
"NM_017746","TEX10"
"BC110641",NA
"NM_014400","LYPD3"
"ENST00000335078",NA
"NM_178568","RTN4RL1"
"THC2738359",NA
"NM_015892","CHST15"
"NM_022777","IFT22"
"NM_006198","PCP4"
"NM_152371","PRXL2B"
"AF028825",NA
"AK022109",NA
"NM_152770","CFAP299"
"L08436",NA
"AA902595",NA
"NM_001713","BHMT"
"AA744682",NA
"NM_001003398","BICD1"
"AK094447",NA
"X91906",NA
"NM_130782","RGS18"
"THC2616783",NA
"NM_024944","CHODL"
"NM_032127","FHIP1B"
"NM_170746","SELENOH"
"THC2563307",NA
"THC2616573",NA
"NR_003262","FDPSP2"
"AL117454",NA
"A_24_P221974",NA
"AF469043",NA
"AB028966",NA
"NM_197966","BID"
"NM_001217","CA11"
"ENST00000319347",NA
"NM_033274","ADAM19"
"THC2653648",NA
"NM_014811","PPP1R26"
"BC011398",NA
"AK026195",NA
"NM_015686","NALF2"
"BC028083",NA
"THC2748223",NA
"NM_006686","ACTL7B"
"NM_175921","RIMOC1"
"AK000246",NA
"NM_025160","WDR26"
"NM_145802","SEPTIN6"
"NM_203412","UBL4B"
"NM_003372","VBP1"
"NM_023111","FGFR1"
"BC042080",NA
"NM_005069","SIM2"
"NM_001035005","C18orf32"
"M15530",NA
"NM_080834","CNBD2"
"AB065089",NA
"BC065757",NA
"NM_001067","TOP2A"
"AF119889",NA
"NM_080429","AQP10"
"A_23_P2180",NA
"NM_000958","PTGER4"
"NM_015898","ZBTB7A"
"NM_005735","ACTR1B"
"NM_015388","YIPF3"
"BG821581",NA
"NM_153690","FAM43A"
"NM_018676","THSD1"
"NM_020673","RAB22A"
"A_24_P572303",NA
"BC063542",NA
"CR625615",NA
"THC2564025",NA
"NM_018710","PIP4P2"
"THC2576998",NA
"NM_003447","ZNF165"
"NM_032111","MRPL14"
"NM_031299","CDCA3"
"A_32_P40348",NA
"NM_024953","NAA25"
"A_24_P255865",NA
"NM_032335","PHF6"
"AK097430",NA
"AA484677",NA
"NM_002294","LAMP2"
"NM_031958","KRTAP3-1"
"NM_001039355","SLC25A29"
"A_32_P64894",NA
"BX641069",NA
"THC2612250",NA
"A_24_P713893",NA
"NM_053017","ART5"
"A_23_P217187",NA
"NM_003592","CUL1"
"AK092662",NA
"ENST00000378915",NA
"NM_032390","NIFK"
"NM_080923",NA
"NM_001116","ADCY9"
"NM_002782","PSG6"
"NM_152539","TEX55"
"THC2672401",NA
"NM_153323","DEFB119"
"NM_001175","ARHGDIB"
"NM_017763","RNF43"
"BX089493",NA
"AJ488206",NA
"AF118072",NA
"A_23_P56868",NA
"AK128671",NA
"NM_031905","ARMC10"
"AF072164",NA
"NM_002675","PML"
"AB058780",NA
"A_24_P306964",NA
"A_24_P916782",NA
"NM_001044370","MPPED1"
"NM_016599","MYOZ2"
"XR_019257",NA
"AF116681",NA
"ENST00000264313",NA
"NM_032271","TRAF7"
"ENST00000354346",NA
"AK000041",NA
"AK095886",NA
"NM_181712","KANK4"
"NM_001035003","KCNIP4"
"CA503034",NA
"BC028151",NA
"NM_032880","IGSF21"
"NM_005126","NR1D2"
"NM_004100","EYA4"
"A_32_P223616",NA
"NM_182608","ANKRD33"
"NM_006994","BTN3A3"
"AB051543",NA
"NM_003299","HSP90B1"
"NM_014743","KIAA0232"
"A_32_P213946",NA
"NM_080818","OXGR1"
"BC017382",NA
"NM_182757","RNF144B"
"THC2525241",NA
"CB529149",NA
"NM_194309","LINC00319"
"AA861995",NA
"AL832683",NA
"AK023769",NA
"NM_033419","PGAP3"
"AI870240",NA
"NM_014730","MLEC"
"NM_004042","ARSF"
"NM_003786","ABCC3"
"NM_152512","ENTHD1"
"ENST00000358431",NA
"AK126976",NA
"NM_138610","MACROH2A1"
"NM_024865","NANOG"
"AK097227",NA
"NM_173531","ZNF100"
"BG165944",NA
"NM_033044","MACF1"
"A_24_P24890",NA
"AK097893",NA
"NM_144686","TMC4"
"AA400465",NA
"XR_019048",NA
"NM_000175","GPI"
"NM_006886","ATP5F1E"
"NM_015429","ABI3BP"
"NM_152684","TAPT1-AS1"
"NM_001668","ARNT"
"NM_182686","KIAA0319L"
"BC020624",NA
"NM_004927","MRPL49"
"BG777521",NA
"NM_177965","CFAP418"
"A_24_P932266",NA
"NM_153002","GPR156"
"NM_001031689","PLAA"
"NM_198562","C3orf62"
"NM_020209","SHD"
"NM_024033","CYREN"
"A_32_P177595",NA
"ENST00000270642",NA
"NM_019037","EXOSC4"
"BX104999",NA
"A_24_P918782",NA
"BC015186",NA
"AB011123",NA
"NM_145201","NAPRT"
"S81524",NA
"A_24_P565626",NA
"NM_003789","TRADD"
"NM_052939","FCRL3"
"NM_020819","FAM135A"
"THC2644870",NA
"NM_144979","RBM46"
"NM_005928","MFGE8"
"AJ278120",NA
"NM_016206","VGLL3"
"BM544548",NA
"THC2744687",NA
"NM_003511","H2AC16"
"NM_182755","ZNF438"
"A_32_P173122",NA
"XR_018113",NA
"NM_004244","CD163"
"NM_031438","NUDT12"
"NM_138639","BCL2L12"
"BC026179",NA
"NM_182603","ANKRD42"
"NM_014869","IQSEC1"
"ENST00000359115",NA
"AJ297349",NA
"NM_005628","SLC1A5"
"NM_003155","STC1"
"NM_014065","ASTE1"
"BC029796",NA
"NM_053036","NPFFR2"
"NM_207413","ALKAL1"
"NM_032470","TNXB"
"NM_006911","RLN1"
"AI203371",NA
"NM_021161","KCNK10"
"A_32_P116153",NA
"NM_052968","APOA5"
"AA188598",NA
"AL365520",NA
"BC020886",NA
"NM_021052","H2AC8"
"NM_153757","NAP1L5"
"A_24_P367199",NA
"NM_130901","OTUD7A"
"NM_001005783","HAO2"
"NM_001009944","PKD1"
"NM_016548","GOLM1"
"AL832582",NA
"NM_174977","SEC14L4"
"ENST00000368149",NA
"NM_002134","HMOX2"
"NM_007375","TARDBP"
"NM_001013672","LIAT1"
"AW939027",NA
"NM_198706","HSD11B1L"
"A_23_P74471",NA
"BC110845",NA
"NM_020162","DHX33"
"NM_024693","ECHDC3"
"NM_002033","FUT4"
"THC2620344",NA
"THC2647765",NA
"CD709370",NA
"THC2650975",NA
"AF118077",NA
"NM_021183","RAP2C"
"NM_032573","CCDC62"
"ENST00000335523",NA
"AK057233",NA
"THC2650637",NA
"NM_144579","SFXN5"
"NM_203438","FRA10AC1"
"AK123310",NA
"AK000872",NA
"BE930400",NA
"ENST00000368153",NA
"AK026367",NA
"NM_004661","CDC23"
"AL512748",NA
"BC010635",NA
"NM_004658","RASAL1"
"BC031314",NA
"AF319957",NA
"THC2604318",NA
"AB017007",NA
"NM_004603","STX1A"
"BQ339228",NA
"BC003519",NA
"CA311732",NA
"THC2716824",NA
"AF090890",NA
"A_24_P238716",NA
"NM_020944","GBA2"
"NM_001033580","MYO19"
"NM_178353","LCE1E"
"NM_033046","RTKN"
"NM_001008528","MXRA7"
"ENST00000233161",NA
"ENST00000262283",NA
"NM_000247","MICA"
"AK098579",NA
"NM_005839","SRRM1"
"NM_182691","SRPK2"
"NM_181641","CKLF"
"NM_004938","DAPK1"
"A_24_P109711",NA
"THC2555689",NA
"THC2705074",NA
"ENST00000367696",NA
"NM_003201","TFAM"
"A_32_P12282",NA
"NM_000499","CYP1A1"
"NM_175054","H4C16"
"NM_005610","RBBP4"
"NM_003714","STC2"
"XR_019202",NA
"NM_024671","ZNF768"
"NM_032174","TOMM40L"
"NM_001358","DHX15"
"A_23_P17152",NA
"NM_016049","EMC9"
"NM_020994","CTAG2"
"NM_030924","ACSBG2"
"NM_199177","MRRF"
"BC030120",NA
"A_24_P418786",NA
"XM_060328",NA
"AK058068",NA
"NM_024864","MRM1"
"NM_001024858","SPTB"
"NM_003725","HSD17B6"
"NM_006594","AP4B1"
"ENST00000263511",NA
"AF119882",NA
"BC110079",NA
"NM_001017405","MAEA"
"THC2665220",NA
"A_24_P918694",NA
"NM_005789","PSME3"
"THC2698793",NA
"NM_004558","NRTN"
"NM_000751","CHRND"
"NM_006029","PNMA1"
"CR611712",NA
"BC067871",NA
"NM_152266","FAAP24"
"NM_001039702","OLAH"
"NM_003130","SRI"
"NM_000505","F12"
"NM_138419","MTFR2"
"THC2691966",NA
"NM_021109","TMSB4X"
"NM_013302","EEF2K"
"THC2671532",NA
"NM_005415","SLC20A1"
"NM_139074","DEFB127"
"THC2674191",NA
"AK097297",NA
"THC2541311",NA
"AK056744",NA
"BQ014494",NA
"NM_005951","MT1H"
"NM_031955","SPATA16"
"NM_013290","PSMC3IP"
"NM_012157","FBXL2"
"AK095678",NA
"NM_025225","PNPLA3"
"NM_001035507","AGBL5"
"THC2633136",NA
"A_24_P384379",NA
"NM_001901","CCN2"
"AK022468",NA
"CA437634",NA
"NM_018492","PBK"
"NM_002479","MYOG"
"NM_003559","PIP4K2B"
"THC2658816",NA
"NM_182516","KNCN"
"NM_007356","LAMB4"
"ENST00000332696",NA
"THC2638232",NA
"BG944303",NA
"AK024376",NA
"XR_015944",NA
"NM_025212","CXXC4"
"NM_001146","ANGPT1"
"NM_003907","EIF2B5"
"NM_024110","CARD14"
"NM_018698","NXT2"
"NM_021163","RBAK"
"THC2503637",NA
"NM_000442","PECAM1"
"ENST00000341865",NA
"AF086018",NA
"NM_000100","CSTB"
"AK027870",NA
"NR_002929","ACTG1P25"
"NM_178014","TUBB"
"A_24_P400981",NA
"NM_030650","LNPK"
"THC2730719",NA
"BF972140",NA
"ENST00000284767",NA
"NM_018999","CCSER2"
"X61177",NA
"NM_024845","NAA60"
"NM_198159","MITF"
"NM_001025303","H3-7"
"THC2648472",NA
"NM_005664","MKRN3"
"THC2660636",NA
"NM_182605",NA
"NM_001025199","CHI3L2"
"THC2501739",NA
"A_24_P919340",NA
"NM_030965","ST6GALNAC5"
"A_32_P125056",NA
"NM_001532","SLC29A2"
"BM999343",NA
"U94903",NA
"NM_012074","DPF3"
"NM_199334","THRA"
"XR_018489",NA
"NM_001005464","H3C15"
"NM_173632","ZNF776"
"U57365",NA
"AK127412",NA
"NM_006169","NNMT"
"NM_001010919","CALHM6"
"NM_001138","AGRP"
"NM_000991","RPL28"
"NM_000628","IL10RB"
"NM_152705","POLR1D"
"NM_001770","CD19"
"NM_006553","PRELID3A"
"AK093659",NA
"NM_002001","FCER1A"
"NM_016423","ZNF219"
"A_24_P786713",NA
"NM_025061","LRRC8E"
"A_32_P234913",NA
"NM_005084","PLA2G7"
"THC2581736",NA
"NM_014239","EIF2B2"
"NM_013954","NOX1"
"NM_003860","BANF1"
"XM_001132569",NA
"XR_018872",NA
"NM_018094","GSPT2"
"NM_144639","UROC1"
"ENST00000326320",NA
"NM_015963","THAP4"
"NM_014763","MRPL19"
"NM_020794","LRRC7"
"NM_152726","MICU2"
"NM_178450","MARCHF3"
"NM_002990","CCL22"
"NM_198277","SLC37A2"
"NM_012364","OR1Q1"
"NM_182919","TICAM1"
"NM_003709","KLF7"
"AK057513",NA
"NM_148936","NSUN5P2"
"NM_001014796","DDR2"
"XR_019544",NA
"AF289570",NA
"NM_173831","ZNF707"
"NM_001216","CA9"
"AB015282",NA
"NM_170672","RASGRP3"
"A_32_P121537",NA
"NM_002532","NUP88"
"NM_001038705","GPR149"
"NM_016592","GNAS"
"THC2685952",NA
"CR612225",NA
"NM_006953","UPK3A"
"ENST00000354185",NA
"NM_032772","ZNF503"
"NM_139168","SREK1"
"NM_020679","MIF4GD"
"NM_018373","SYNJ2BP"
"NM_145284","PABIR2"
"BX647614",NA
"NM_080680","COL11A2"
"NM_001025069","ARPP21"
"A_24_P912041",NA
"NM_021227","OSTC"
"NM_002669","PLRG1"
"NM_000583","GC"
"BC041350",NA
"NM_000362","TIMP3"
"NM_021723","ADAM22"
"NM_000219","KCNE1"
"NM_178043","LARP1B"
"NM_017539","DNAH3"
"NM_033423","GZMH"
"BC031291",NA
"THC2529417",NA
"NM_152901","PYDC1"
"AK025303",NA
"AK094877",NA
"NM_022133","SNX16"
"ENST00000263739",NA
"A_24_P144254",NA
"AK098749",NA
"NM_201266","NRP2"
"AB051443",NA
"NM_001015508","PURG"
"NM_199243","GPR150"
"AB023223",NA
"NM_015999","ADIPOR1"
"NM_006380","APPBP2"
"NM_017443","POLE3"
"NM_004535","MYT1"
"NM_198336","INSIG1"
"NM_005285","NPBWR1"
"NM_030903","OR2W1"
"NM_001115","ADCY8"
"NM_003785","PAGE1"
"AK000158",NA
"NM_003764","STX11"
"NM_170726","ALDH4A1"
"NM_014461","CNTN6"
"XM_001131042",NA
"NM_025146","NAA50"
"NM_001039476","NPRL3"
"BC032805",NA
"AI818096",NA
"NM_153201","HSPA8"
"BC035518",NA
"NM_014879","P2RY14"
"NM_144682","SLFN13"
"NM_031959","KRTAP3-2"
"BM666433",NA
"NM_005283","XCR1"
"THC2732175",NA
"AL137321",NA
"NM_024911","WLS"
"BC045163",NA
"ENST00000361800",NA
"AF068294",NA
"NM_033438","SLAMF9"
"NM_003080","SMPD2"
"NM_012286","MORF4L2"
"N47494",NA
"A_24_P813730",NA
"CA941346",NA
"XR_018268",NA
"BQ717813",NA
"NM_001005204","OR8U1"
"NM_004292","RIN1"
"NM_016564","CEND1"
"NM_005023","PGGT1B"
"A_24_P195714",NA
"XR_018482",NA
"NM_000675","ADORA2A"
"A_24_P492885",NA
"NM_001037332","CYFIP2"
"NR_002923","BCORP1"
"AF075063",NA
"NM_198123","CSMD3"
"NM_002648","PIM1"
"NM_018690","APOBR"
"NM_153340","ATXN7L2"
"NM_000412","HRG"
"BC035094",NA
"NM_015971","MRPS7"
"NM_138396","MARCHF9"
"ENST00000252134",NA
"A_23_P360114",NA
"A_23_P21393",NA
"AL516833",NA
"BF803156",NA
"NM_198393","TEX14"
"BI520341",NA
"NM_006216","SERPINE2"
"NM_207660","ZC3H14"
"NM_019850","NGEF"
"NM_014865","NCAPD2"
"NM_182580","CYB561D1"
"AK021531",NA
"AL833655",NA
"NM_173091","NFATC2"
"NM_133646","MAP3K20"
"NM_017508","SOX6"
"AF268613",NA
"AJ276555",NA
"A_23_P134704",NA
"AK001814",NA
"NM_004181","UCHL1"
"ENST00000372066",NA
"NM_001040139","CKLF"
"AK058000",NA
"THC2553512",NA
"NM_170676","MEIS2"
"AL110189",NA
"A_24_P919717",NA
"NM_005810","KLRG1"
"NM_005599","NHLH2"
"ENST00000265806",NA
"A_24_P933538",NA
"A_24_P919812",NA
"NM_001848","COL6A1"
"NM_032149","C4orf17"
"NM_020177","FEM1C"
"NM_006779","CDC42EP2"
"NM_015662","IFT172"
"NM_005099","ADAMTS4"
"NM_002768","CHMP1A"
"NM_173477","USH1G"
"NM_001004051","GPRASP2"
"NM_030776","ZBP1"
"NM_005041","PRF1"
"NM_003954","MAP3K14"
"NM_004398","DDX10"
"NM_018008","FEZF2"
"NM_001008563","USP20"
"BC091515",NA
"NM_006309","LRRFIP2"
"NM_022119","PRSS22"
"NM_017607","PPP1R12C"
"AF024696",NA
"DB314869",NA
"BC052611",NA
"NM_002082","GRK6"
"NP285481",NA
"NM_016231","NLK"
"NM_014243","ADAMTS3"
"BE167316",NA
"AI525856",NA
"BC039479",NA
"NM_017794","FOCAD"
"A_24_P460529",NA
"NM_001077238","SPPL2B"
"NM_004065","CDR1"
"NM_014312","VSIG2"
"NM_018202","MACO1"
"AK024171",NA
"THC2741529",NA
"NM_032645","RAPSN"
"BC031676",NA
"ENST00000382327",NA
"NM_182587","UNC80"
"NM_000565","IL6R"
"AK093265",NA
"A_24_P936947",NA
"NM_005685","GTF2IRD1"
"NR_003081","GSTT4"
"AB075864",NA
"XR_018553",NA
"THC2667616",NA
"A_24_P887239",NA
"NM_001033603","RARA"
"A_32_P233713",NA
"NM_020639","RIPK4"
"NM_015053","PPFIA4"
"ENST00000283760",NA
"NM_173644",NA
"A_24_P393065",NA
"NM_018072","HEATR1"
"NM_001034","RRM2"
"NM_012315","KLK9"
"CA771684",NA
"NM_018939","PCDHB6"
"THC2666580",NA
"NM_032623","MGARP"
"NM_003277","CLDN5"
"NM_182553","CNIH2"
"NM_002917","RFNG"
"NM_001024660","KALRN"
"NM_014289","CAPN6"
"NM_016107","ZFR"
"NM_032838","ZNF566"
"NM_199163","WASH3P"
"AW979273",NA
"NM_001005172","OR52K2"
"AB028976",NA
"NM_133448","TMEM132D"
"AK097571",NA
"NM_201542","MED8"
"NM_004247","EFTUD2"
"NM_030674","SLC38A1"
"M14624",NA
"NM_058242",NA
"NM_004874","BAG4"
"NM_020703","AMIGO1"
"NM_001005291","SREBF1"
"NM_023009","MARCKSL1"
"AK097526",NA
"BC039313",NA
"A_24_P255763",NA
"NM_024063","AFG2B"
"NM_004438","EPHA4"
"NM_152864","NKAIN4"
"ENST00000323108",NA
"NM_199002","ARHGEF1"
"NM_021229","NTN4"
"NM_052941","GBP4"
"NM_153835","ADGRF3"
"AK096778",NA
"NM_018498","PPP4R1L"
"XR_015992",NA
"NM_001012981","ZKSCAN2"
"NM_016437","TUBG2"
"AI818976",NA
"A_23_P89841",NA
"AF119905",NA
"A_24_P530977",NA
"NM_145314","UCMA"
"NM_002946","RPA2"
"THC2609515",NA
"BC015824",NA
"THC2662116",NA
"ENST00000366784",NA
"AK001072",NA
"THC2686940",NA
"NM_001042369","RO60"
"NM_001203","BMPR1B"
"NM_144591","BORCS7"
"AL834444",NA
"NM_199421","SOCS4"
"NM_004697","PRPF4"
"NM_203402","FITM1"
"AW188034",NA
"NM_001005336","DNM1"
"NM_016381","TREX1"
"NM_016438","HIGD1B"
"XR_018851",NA
"A_32_P57844",NA
"THC2731533",NA
"THC2648753",NA
"NM_003483","HMGA2"
"NM_024656","COLGALT1"
"A_32_P8857",NA
"NM_031480","RIOK1"
"BF734670",NA
"A_24_P911837",NA
"NM_020166","MCCC1"
"NM_006160","NEUROD2"
"A_24_P931903",NA
"NM_016531","KLF3"
"ENST00000354861",NA
"BC020847",NA
"NM_005260","GDF9"
"NM_133261","GIPC3"
"AK074458",NA
"NM_207006","FAM83A"
"ENST00000264777",NA
"AL137592",NA
"ENST00000370395",NA
"A_24_P152566",NA
"BQ018742",NA
"AK000053",NA
"BC039241",NA
"BC020868",NA
"NM_005056","KDM5A"
"ENST00000370611",NA
"AL050206",NA
"NM_138409","MRAP2"
"A_24_P555510",NA
"CR610468",NA
"NM_020764","CASKIN1"
"BX108510",NA
"NM_134425","SLC26A1"
"AI359819",NA
"NM_001531","MR1"
"NM_018200","HMG20A"
"CR616939",NA
"A_32_P208713",NA
"AK001481",NA
"NM_018713","SLC30A10"
"AK125697",NA
"NM_005949","MT1F"
"NM_031921","ATAD3B"
"NM_130387","ASB14"
"AK091162",NA
"AK098537",NA
"NM_001910","CTSE"
"NM_000400","ERCC2"
"BC035906",NA
"AK057685",NA
"THC2679213",NA
"THC2714968",NA
"NM_031458","PARP9"
"THC2638238",NA
"AL136588",NA
"THC2736540",NA
"AK123826",NA
"THC2768053",NA
"NM_000922","PDE3B"
"BC073157",NA
"AF116708",NA
"NM_000859","HMGCR"
"BC006262",NA
"NM_016497","MRPL51"
"BC090889",NA
"NM_002381","MATN3"
"NM_001012391","SNX29P1"
"NM_024505","NOX5"
"THC2550272",NA
"A_24_P932710",NA
"BC013250",NA
"BC017694",NA
"A_24_P315256",NA
"AK123235",NA
"NM_001978","DMTN"
"NM_016004","IFT52"
"AJ001874",NA
"NM_023070","ZFP69B"
"NM_003585","DOC2B"
"NM_032009","PCDHGA2"
"NM_001008234","ZNF407-AS1"
"NM_001014985","GLTPD2"
"NM_019042","PUS7"
"BE714413",NA
"NM_032848","RITA1"
"AB020679",NA
"NM_022571","GPR135"
"NM_000526","KRT14"
"NM_153259","MCOLN2"
"NM_152557","ZNF746"
"NM_016338","IPO11"
"XM_001132428",NA
"NM_023922","TAS2R14"
"ENST00000377411",NA
"NM_032315","SLC25A33"
"BC006530",NA
"NM_003488","AKAP1"
"NM_004606","TAF1"
"NM_003902","FUBP1"
"ENST00000329385",NA
"NM_004784","NDST3"
"NM_012473","TXN2"
"A_24_P912856",NA
"THC2633447",NA
"A_24_P926734",NA
"ENST00000367808",NA
"NM_001322","CST2"
"NM_018425","PI4K2A"
"ENST00000327788",NA
"NM_014759","PHYHIP"
"XM_942822",NA
"NM_001001661","ZNF425"
"NM_005202","COL8A2"
"THC2685727",NA
"NM_014908","DOLK"
"THC2680492",NA
"NM_014681","DHX34"
"NM_033296","MRFAP1"
"XR_018583",NA
"AF069740",NA
"NM_006831","CLP1"
"NM_018697","LANCL2"
"NM_016484","PDZD11"
"THC2625851",NA
"BC018589",NA
"NM_015205","ATP11A"
"NM_004561","OVOL1"
"AA779434",NA
"NM_000787","DBH"
"A_24_P493005",NA
"NM_015296","DOCK9"
"AK002098",NA
"NM_006351","TIMM44"
"AY358191",NA
"BX096810",NA
"AK091963",NA
"NM_017592","MED29"
"NM_004403","GSDME"
"THC2672351",NA
"NM_133468","BMPER"
"NM_003152","STAT5A"
"NM_007282","RNF13"
"NM_021140","KDM6A"
"AL137382",NA
"BU625522",NA
"ENST00000357137",NA
"NM_004674","ASH2L"
"AA973155",NA
"NM_005737","ARL4C"
"THC2700213",NA
"NM_006255","PRKCH"
"AF130083",NA
"NM_153453","VGLL2"
"NM_003769","SRSF9"
"XR_018314",NA
"NM_015675","GADD45B"
"NM_021996","GBGT1"
"NM_199461","NANOS1"
"NM_001381","DOK1"
"A_24_P926337",NA
"NM_006015","ARID1A"
"NM_006848","CCDC85B"
"NM_003565","ULK1"
"BC069164",NA
"AA477372",NA
"NM_152467","KLHL10"
"AK092134",NA
"NM_182499","TDRD10"
"NM_005379","MYO1A"
"THC2650022",NA
"NM_005305","GPR42"
"M14087",NA
"AB070620",NA
"XR_018526",NA
"NM_014333","CADM1"
"A_23_P215382",NA
"THC2638015",NA
"NM_006829","ADIRF"
"XR_018051",NA
"NM_003662","PIR"
"NM_000815","GABRD"
"NM_021641","ADAM12"
"THC2527835",NA
"NM_007320","RANBP3"
"NM_002096","GTF2F1"
"NM_017762","MTMR10"
"NM_001037131","AGAP1"
"A_24_P911171",NA
"AK022379",NA
"THC2753396",NA
"A_24_P147849",NA
"NM_199286","DPPA3"
"NM_178819","GPAT4"
"ENST00000367895",NA
"NM_024411","PDYN"
"NM_023927","GRAMD2B"
"NM_015009","PDZRN3"
"NM_152677","ZSCAN4"
"NM_017855","ODAM"
"AB058761",NA
"THC2609324",NA
"AF338232",NA
"NM_194277","FRMD7"
"AK002156",NA
"NM_018463","ITFG2"
"NM_182642","CTDSP1"
"NM_018139","DNAAF2"
"NM_018584","CAMK2N1"
"BE379139",NA
"AK057740",NA
"NM_006868","RAB31"
"A_24_P932468",NA
"NM_174976","ZDHHC22"
"NM_173167","UNC45B"
"NM_138375","CABLES1"
"NM_001037165","FOXK1"
"CN304251",NA
"NM_170694","SERHL"
"AF161353",NA
"THC2691405",NA
"NM_032536","NTNG2"
"NM_001098","ACO2"
"THC2649467",NA
"A_23_P13535",NA
"NP109438",NA
"NM_000545","HNF1A"
"NM_024681","KCTD17"
"AL133028",NA
"AK098534",NA
"NM_152632","CFAP47"
"NM_181502","EPPIN"
"NM_000307","POU3F4"
"AK225670",NA
"BE540788",NA
"AF161340",NA
"NM_000900","MGP"
"X57802",NA
"THC2491622",NA
"NM_152628","SNX31"
"A_24_P921421",NA
"AI376865",NA
"BC060758",NA
"AK096250",NA
"NM_003971","SPAG9"
"AA731356",NA
"AW949170",NA
"NM_006491","NOVA1"
"AK123127",NA
"BG612665",NA
"NM_213604","ADAMTSL5"
"NM_022736","MFSD1"
"ENST00000360102",NA
"NM_022357","DPEP3"
"THC2669096",NA
"THC2560004",NA
"AF186017",NA
"AJ243810",NA
"A_24_P178643",NA
"NM_018947","CYCS"
"AK095472",NA
"AK095284",NA
"THC2674391",NA
"XM_929928",NA
"NM_031275","TEX12"
"NM_017666","ZNF280C"
"NM_001077207","SEC31A"
"ENST00000380769",NA
"AB062434",NA
"THC2648833",NA
"NM_024122","APOO"
"AK055069",NA
"A_24_P914669",NA
"NM_052948","ARHGAP33"
"NM_152344","LSM12"
"A_24_P828125",NA
"BC040875",NA
"A_24_P496034",NA
"AF116649",NA
"NM_025256","EHMT2"
"NM_001969","EIF5"
"NM_139211","HOPX"
"NR_001280","PCDHB17P"
"BC007542",NA
"NM_002262","KLRD1"
"NM_032689","ZNF607"
"BG912760",NA
"NM_016426","GTSE1"
"BC030813",NA
"NM_021614","KCNN2"
"NM_006732","FOSB"
"NM_006572","GNA13"
"AK021897",NA
"NM_016009","SH3GLB1"
"NM_004666","VNN1"
"XR_017341",NA
"NM_006240","PPEF1"
"NM_021831","AGBL5"
"NM_006073","TRDN"
"NM_000890","KCNJ5"
"BQ015701",NA
"BC061590",NA
"THC2526537",NA
"NM_001014372","SYT14P1"
"XR_016152",NA
"NR_002765","ASAP1-IT1"
"NM_021204","ENOPH1"
"A_24_P526638",NA
"NM_004234","ZNF235"
"AK002152",NA
"THC2592463",NA
"A_24_P910043",NA
"NM_015042","ZNF609"
"NM_001722","POLR3D"
"A_24_P144556",NA
"AW204925",NA
"NM_005318","H1-0"
"NM_012080","PUDP"
"BC029439",NA
"BX537432",NA
"THC2695400",NA
"NM_181599","KRTAP13-1"
"NM_007331","NSD2"
"NM_018026","PACS1"
"NM_182610","SAMD7"
"NM_020134","DPYSL5"
"BC022313",NA
"BC001868",NA
"A_24_P934975",NA
"NM_012242","DKK1"
"A_24_P913249",NA
"BF368414",NA
"AK097508",NA
"NM_002258","KLRB1"
"NR_002158","OR2A20P"
"NM_002598","PDCD2"
"NM_176799","ILKAP"
"AK023086",NA
"NM_198941","SERINC3"
"ENST00000372234",NA
"BC070333",NA
"NM_030959","OR12D3"
"THC2603259",NA
"NM_020531","APMAP"
"A_24_P23454",NA
"BC038245",NA
"NM_016339","RAPGEFL1"
"NM_021073","BMP5"
"NM_004760","STK17A"
"CR601315",NA
"NM_005413","SIX3"
"NM_024585","ARMC7"
"NM_024297","PHF23"
"THC2595827",NA
"A_32_P105865",NA
"NM_002087","GRN"
"NM_173159","NPAS3"
"A_24_P780709",NA
"NM_052918","SORCS1"
"BC016703",NA
"ENST00000333891",NA
"NM_002028","FNTB"
"NM_001242","CD27"
"DB160230",NA
"A_24_P7494",NA
"NM_052972","LRG1"
"NM_001001919","OR13C4"
"NM_001025237","TSPAN4"
"AK093903",NA
"NM_002632","PGF"
"AL834537",NA
"NM_000683","ADRA2C"
"BM547196",NA
"NM_001037738","NPM1"
"NM_022078","GPATCH3"
"BM978707",NA
"NM_173808","NEGR1"
"ENST00000332498",NA
"NM_203392","FAM27E5"
"AF086154",NA
"NM_153345","TMEM139"
"BU753102",NA
"NM_033452","TRIM47"
"NM_000238","KCNH2"
"NM_017676","GIN1"
"NM_018081","WRAP53"
"NM_001009555","SH3D19"
"NM_021186","ZP4"
"NM_004551","NDUFS3"
"AF288405",NA
"NM_004894","ATP5MJ"
"NM_016347","NAT8B"
"NM_014634","PPM1F"
"NM_017724","LRRFIP2"
"NM_001692","ATP6V1B1"
"ENST00000377836",NA
"NM_006142","SFN"
"THC2588453",NA
"AK054946",NA
"NM_144492","CLDN14"
"THC2663970",NA
"NM_173568","UMODL1"
"A_24_P499481",NA
"AL517609",NA
"NM_022478","CDH24"
"NM_139174","ADAD2"
"NM_002376","MARK3"
"AK024257",NA
"A_24_P920926",NA
"BC002421",NA
"BC039374",NA
"NM_002424","MMP8"
"NM_004373","COX6A1"
"NM_020940","FHIP2A"
"NM_020750","XPO5"
"THC2662262",NA
"THC2657663",NA
"A_24_P915566",NA
"NM_032153","ZIC4"
"BC084557",NA
"A_24_P7181",NA
"NM_181701","QSOX2"
"NM_001001317","PRSS58"
"AI078143",NA
"NM_031478","TLCD3B"
"NM_172362","KCNH1"
"THC2725167",NA
"NM_181803","UBE2C"
"NM_001042474","ZNF565"
"A_23_P40225",NA
"ENST00000169551",NA
"NM_024034","GDAP1L1"
"AU158345",NA
"ENST00000379440",NA
"AA854066",NA
"NM_019118","TMEM234"
"BU195749",NA
"A_32_P173922",NA
"NM_145253","UBALD1"
"S79912",NA
"NM_152345","ANKRD13B"
"NM_006809","TOMM34"
"NM_016609","SLC22A17"
"A_24_P920826",NA
"NM_203473","PORCN"
"ENST00000376881",NA
"NM_017771","PXK"
"A_32_P72887",NA
"A_24_P238427",NA
"THC2771474",NA
"THC2587750",NA
"NM_004979","KCND1"
"THC2678294",NA
"BC000227",NA
"NM_006466","POLR3F"
"BI003432",NA
"NM_199044","NSUN4"
"BC014369",NA
"NM_017891","C1orf159"
"BC063022",NA
"NM_020692","GALNT16"
"A_23_P251196",NA
"NM_015110","SMC5"
"NM_002139","RBMX"
"NM_022465","IKZF4"
"Y08699",NA
"NM_024648","OGFOD3"
"NM_152701","ABCA13"
"NM_001031741","NEK10"
"NM_001762","CCT6A"
"NM_016073","HDGFL3"
"NM_020740","ANKFY1"
"A_32_P63266",NA
"A_24_P118721",NA
"AB033044",NA
"BC039246",NA
"A_24_P458252",NA
"BE045290",NA
"BC065754",NA
"ENST00000342345",NA
"NM_019014","POLR1B"
"ENST00000219746",NA
"NM_052874","STX1B"
"A_24_P324214",NA
"AY517556",NA
"XR_019603",NA
"NM_005034","POLR2K"
"NM_000971","RPL7"
"NM_144963","FAM91A1"
"THC2755690",NA
"NM_002372","MAN2A1"
"NM_147166","AKAP9"
"NM_007279","U2AF2"
"AK023257",NA
"AF318360",NA
"BC016740",NA
"AA004908",NA
"NM_003943","STBD1"
"NM_000767","CYP2B6"
"A_24_P925442",NA
"NM_007280","OIP5"
"A_32_P62137",NA
"NM_002405","MFNG"
"NM_003471","KCNAB1"
"AF118081",NA
"NM_147202","FAM219A"
"NM_145202","PRAP1"
"AY010112",NA
"A_32_P40673",NA
"ENST00000269290",NA
"ENST00000378266",NA
"AA991174",NA
"NM_000647",NA
"BC000200",NA
"NM_019071","ING3"
"NM_012324","MAPK8IP2"
"XM_929703",NA
"NM_018383","WDR33"
"AK057223",NA
"NM_006159","NELL2"
"NM_004747","DLG5"
"A_24_P83928",NA
"NM_007033","RER1"
"THC2527254",NA
"AK022252",NA
"BQ424374",NA
"NR_003087","ABCC13"
"NM_014961","RUFY3"
"A_32_P13852",NA
"XR_015501",NA
"NM_018407","LAPTM4B"
"NM_001255","CDC20"
"NM_032289","PSD2"
"AY358216",NA
"BC014786",NA
"BC017739",NA
"AK095054",NA
"BX116657",NA
"NM_206907","PRKAA1"
"NM_014452","TNFRSF21"
"A_32_P31992",NA
"AK123704",NA
"NM_006677","USP19"
"XR_017127",NA
"A_32_P4882",NA
"NM_001017920","DAPL1"
"NM_017567","NAGK"
"NM_002769","PRSS1"
"A_24_P692600",NA
"AF119842",NA
"NM_177483","GPLD1"
"THC2606487",NA
"CR591776",NA
"CR596491",NA
"CR604283",NA
"NM_033004","NLRP1"
"ENST00000376974",NA
"AK023038",NA
"NM_022579","CSHL1"
"NM_001371","DNAH8"
"A_23_P111766",NA
"BY798802",NA
"NM_177400","NKX6-2"
"A_24_P521662",NA
"NM_033510","DISP2"
"AB002311",NA
"NM_019049","DENND1B"
"NM_014347","ZNF324"
"AI916036",NA
"NM_001078172","RTL8A"
"NM_001007793","BUB3"
"A_24_P923900",NA
"NM_020208","SLC6A20"
"NM_015162","ACSBG1"
"BI869933",NA
"NM_018167","BTBD7"
"BQ182271",NA
"XR_018689",NA
"NM_181724","TMEM119"
"XR_015750",NA
"ENST00000249480",NA
"NM_001086","AADAC"
"AL833309",NA
"NM_213649","SFXN4"
"A_24_P7380",NA
"BM680083",NA
"AB046850",NA
"NM_002664","PLEK"
"BC110499",NA
"NM_014472","R3HCC1L"
"NM_012465","TLL2"
"THC2706255",NA
"NM_033393","FHDC1"
"A_24_P597242",NA
"BX109759",NA
"NM_032499","CDIN1"
"THC2721135",NA
"NM_013343","LINC00312"
"NM_016536","ZNF571"
"AK125302",NA
"THC2493256",NA
"NM_032867","MICAL2"
"NM_037370","CCNDBP1"
"NM_024828","CAAP1"
"BC025318",NA
"NM_006813","PNRC1"
"NM_145045","ODAD3"
"NM_015913","TXNDC12"
"NM_004599","SREBF2"
"NM_005534","IFNGR2"
"NM_001017991","H2AB2"
"AU146536",NA
"NM_001007595","C2CD4B"
"ENST00000317008",NA
"BC035064",NA
"NM_016512","SPAG11B"
"A_23_P95619",NA
"NM_002559","P2RX3"
"NM_017955","CDCA4"
"AI378923",NA
"BQ345506",NA
"NM_012171","TSPAN17"
"A_32_P63734",NA
"NM_018089","ANKZF1"
"NM_031302","GLT8D2"
"NM_012484","HMMR"
"NM_001040173","HTR4"
"NM_025244","TSGA10"
"THC2544236",NA
"XR_016392",NA
"BX092067",NA
"NM_014503","UTP20"
"NM_002866","RAB3A"
"NM_020354","ENTPD7"
"DQ680071",NA
"N46343",NA
"NM_005479","FRAT1"
"NM_144727","CRYGN"
"NM_000593","TAP1"
"NM_000501","ELN"
"ENST00000358917",NA
"AK056534",NA
"NM_024052","GID4"
"ENST00000357697",NA
"NM_020987","ANK3"
"BG547692",NA
"AF454494",NA
"THC2647219",NA
"BC041488",NA
"AK000924",NA
"THC2679385",NA
"AF130047",NA
"NM_172231","SUGP1"
"NM_030672","ARHGAP28"
"NM_025074","FRAS1"
"AY357595",NA
"CR609307",NA
"AK092271",NA
"NM_014925","R3HDM2"
"NM_020366","RPGRIP1"
"NM_000816","GABRG2"
"ENST00000320205",NA
"A_24_P920610",NA
"NM_020381","PDSS2"
"A_24_P383680",NA
"NM_001015050","ALG1L1P"
"A_24_P392414",NA
"A_24_P689119",NA
"THC2746206",NA
"THC2727170",NA
"A_24_P67432",NA
"AK001089",NA
"BC041417",NA
"A_24_P930677",NA
"THC2484207",NA
"NM_016824","ADD3"
"ENST00000235345",NA
"NM_015381","TAFA5"
"THC2611204",NA
"NM_006121","KRT1"
"NM_017433","MYO3A"
"A_24_P93462",NA
"NM_021928","SPCS3"
"XR_018384",NA
"XM_370636",NA
"NM_139283","PPTC7"
"A_24_P934295",NA
"BC035179",NA
"THC2527953",NA
"THC2618461",NA
"AI435603",NA
"NM_001040147","SERPINB7"
"AK128234",NA
"NM_153008","WWC2-AS2"
"NM_012214","MGAT4A"
"THC2707284",NA
"A_24_P594293",NA
"AK055335",NA
"NM_052954","CYYR1"
"BC042172",NA
"A_24_P860248",NA
"NM_176095","CDK5RAP3"
"NM_133280","FCAR"
"A_32_P135469",NA
"NM_005406","ROCK1"
"A_24_P622375",NA
"NM_172005","WFDC13"
"NM_138476","MDP1"
"AK127966",NA
"NM_024553","VPS50"
"XR_018320",NA
"XR_015505",NA
"NM_139055","ADAMTS15"
"NM_032588","TRIM63"
"XR_016541",NA
"NM_003524","H2BC9"
"ENST00000389665",NA
"NM_004031","IRF7"
"NM_144964","TRMT10B"
"AK055783",NA
"NM_021982","SEC24A"
"NM_002590","PCDH8"
"NR_002827",NA
"NM_015725","RDH8"
"NM_002241","KCNJ10"
"THC2639056",NA
"BC040150",NA
"ENST00000381857",NA
"NM_024725","CCDC82"
"NM_012199","AGO1"
"NM_032108","SEMA6B"
"AL833177",NA
"NM_015265","SATB2"
"NM_004318","ASPH"
"ENST00000319043",NA
"A_24_P290214",NA
"AI803208",NA
"NM_001008658","TUBGCP6"
"A_24_P784213",NA
"A_24_P942312",NA
"AI382322",NA
"AW514263",NA
"AJ412041",NA
"AV742170",NA
"NM_021643","TRIB2"
"NM_203344","SERTAD3"
"THC2538873",NA
"NM_024419","PGS1"
"A_24_P931554",NA
"A_24_P246636",NA
"NM_175748","UBR7"
"AK123757",NA
"AL359605",NA
"CR590071",NA
"BU783246",NA
"L38427",NA
"CV399637",NA
"ENST00000311630",NA
"THC2742806",NA
"NR_001535","TTTY21"
"NM_033126","PSKH2"
"CR601641",NA
"NM_022167","XYLT2"
"BC026098",NA
"THC2528386",NA
"AI948509",NA
"THC2538810",NA
"A_24_P553610",NA
"NM_016565","COA4"
"NM_207446","FAM174B"
"NM_173826","TCAIM"
"A_24_P204165",NA
"NM_001008740","TMCO2"
"NM_014504","RABGEF1"
"NM_144671","PHETA1"
"NM_001031727","MRI1"
"THC2648398",NA
"NM_003111","SP3"
"XM_001134271",NA
"NM_176814","ZNF800"
"A_24_P358538",NA
"A_24_P552987",NA
"AK094650",NA
"NM_002506","NGF"
"AJ412029",NA
"BM973227",NA
"THC2653532",NA
"AK123610",NA
"NM_007242","DDX19B"
"NM_019600","ATOSA"
"BC110858",NA
"NM_153044","MORC2-AS1"
"THC2554861",NA
"A_24_P558141",NA
"NM_138807","TAMM41"
"NM_001288","CLIC1"
"BC065734",NA
"NM_004443","EPHB3"
"THC2544493",NA
"NM_032466","ASPH"
"NM_001039569","AP1S3"
"NM_006219","PIK3CB"
"NM_002893","RBBP7"
"A_24_P152713",NA
"AW302767",NA
"NM_005711","EDIL3"
"AK058117",NA
"BC009775",NA
"NM_004629","FANCG"
"AK022337",NA
"NM_000972","RPL7A"
"AK021614",NA
"NM_005434","MALL"
"NM_001111","ADAR"
"NM_001032385","PQBP1"
"NM_153006","NAGS"
"NM_001002244","ANAPC11"
"NM_005121","MED13"
"CR594281",NA
"ENST00000339425",NA
"NM_006467","POLR3G"
"NM_003433","ZNF132"
"THC2519174",NA
"ENST00000366751",NA
"AK027019",NA
"A_24_P755169",NA
"A_32_P213948",NA
"BX352604",NA
"NM_020130","TCIM"
"CR606007",NA
"NM_002739","PRKCG"
"XR_015583",NA
"NM_002896","RBM4"
"NM_153020","RBM24"
"NR_002807","TMED10P1"
"BC031320",NA
"THC2658419",NA
"ENST00000382378",NA
"XR_018808",NA
"NM_138440","VASN"
"NM_001013683","TCP10L2"
"NM_178001","PTPA"
"THC2686256",NA
"NM_018073","TRIM68"
"NM_014685","HERPUD1"
"A_32_P208964",NA
"AK096342",NA
"NM_203437","AFTPH"
"NM_018083","ZNF358"
"NM_174916","UBR1"
"ENST00000303521",NA
"NM_004424","E4F1"
"BC070363",NA
"NM_002728","PRG2"
"NM_052969","RPL39L"
"A_32_P44831",NA
"NM_012456","TIMM10"
"NM_017588","WDR5"
"NM_173657","C3orf33"
"NM_015853","UBXN1"
"ENST00000351050",NA
"NM_003441","ZNF141"
"NM_024847","TMC7"
"A_24_P874007",NA
"NM_006552","SCGB1D1"
"NM_006019","TCIRG1"
"ENST00000292729",NA
"THC2543802",NA
"AK127081",NA
"A_23_P79383",NA
"NM_001504","CXCR3"
"NM_173645","DNAH6"
"XM_001132102",NA
"NM_023944","CYP4F12"
"NM_004160","PYY"
"BQ772270",NA
"NM_033036","GAL3ST3"
"NM_017908","ZNF446"
"NM_001039651","SAPCD1"
"NM_174961","SSX8P"
"AF116641",NA
"AW961597",NA
"NM_032178","SLC7A6OS"
"NM_015236","ADGRL3"
"NM_080874","ASB5"
"THC2701970",NA
"NM_006440","TXNRD2"
"AF020763",NA
"NM_000240","MAOA"
"NM_004485","GNG4"
"AK056817",NA
"NM_178042","ACTL6A"
"THC2623129",NA
"NM_004204","PIGQ"
"AK126405",NA
"NM_006840","LILRB5"
"NM_145032","FBXL13"
"AI128607",NA
"NM_017944","USP47"
"AI003989",NA
"THC2698568",NA
"BM802662",NA
"A_24_P894345",NA
"A_24_P932154",NA
"BC069659",NA
"NM_002965","S100A9"
"NM_000478","ALPL"
"AK095409",NA
"A_24_P539275",NA
"NM_018472","DENND10P1"
"THC2521611",NA
"AY010113",NA
"NM_015203","RPRD2"
"NM_016080","GLOD4"
"NM_032509","MAK16"
"NM_000547","TPO"
"NM_032401","TMPRSS3"
"NP659946",NA
"BC043411",NA
"A_24_P878561",NA
"NM_173691","TPRN"
"ENST00000374395",NA
"NM_175747","OLIG3"
"NM_005524","HES1"
"THC2662033",NA
"AK055821",NA
"NM_021632","ZNF350"
"A_24_P935492",NA
"AI521071",NA
"BC008341",NA
"AK123297",NA
"CR622681",NA
"NM_020828","ZFP28"
"NM_000213","ITGB4"
"NM_017749","AMBRA1"
"NM_020196","XAB2"
"NM_033401","CNTNAP4"
"NM_020943","CWC22"
"AW385956",NA
"NM_001013718","SPATA31J1"
"NM_014439","IL37"
"NM_147130","NCR3"
"A_32_P71171",NA
"THC2518182",NA
"BC014951",NA
"NM_004548","NDUFB10"
"NM_014005","PCDHA9"
"NM_001297","CNGB1"
"NM_004185","WNT2B"
"NM_020805","KLHL14"
"NM_032492","JAGN1"
"THC2593103",NA
"NM_005065","SEL1L"
"A_24_P809786",NA
"A_32_P218436",NA
"A_32_P74778",NA
"AF078533",NA
"A_24_P249187",NA
"ENST00000330598",NA
"NM_032016","STARD3NL"
"NM_138342","GLB1L2"
"NM_003555","OR1G1"
"AY295762",NA
"NM_194358","RNF41"
"NM_173540","POFUT4"
"BC036762",NA
"ENST00000336247",NA
"BC063570",NA
"NM_019609","CPXM1"
"AB052759",NA
"NM_030755","TMX1"
"THC2517566",NA
"NM_004251","RAB9A"
"NM_006640","SEPTIN9"
"NM_003750","EIF3A"
"NM_032328","DRC8"
"A_24_P927693",NA
"AK023954",NA
"NM_052904","KLHL32"
"A_32_P687",NA
"BF513730",NA
"NM_002730","PRKACA"
"BC063836",NA
"NM_024016","HOXB8"
"BC034285",NA
"BC034913",NA
"NM_001012763","GNRHR"
"NM_002067","GNA11"
"NM_006701","TXNL4A"
"THC2664196",NA
"NM_004112","FGF11"
"NM_017593","BMP2K"
"NM_013319","UBIAD1"
"NM_025021","CRTC1"
"NM_016057","COPZ1"
"THC2647944",NA
"NM_016270","KLF2"
"THC2657512",NA
"THC2710655",NA
"NM_015660","GIMAP2"
"NM_152743","BRAT1"
"NR_001558","LINC00261"
"NM_020532","RTN4"
"NM_138567","SYT8"
"NM_005639","SYT1"
"NM_012314","KIR2DS4"
"XM_934188",NA
"NM_000477","ALB"
"NR_002191",NA
"NM_004814","SNRNP40"
"AA242987",NA
"NM_000934","SERPINF2"
"THC2479944",NA
"NM_144683","DHRS13"
"NM_022737","PLPPR2"
"A_24_P941723",NA
"A_32_P52144",NA
"NM_001748","CAPN2"
"THC2651548",NA
"AK096022",NA
"BC032347",NA
"A_23_P170713",NA
"NM_033057","OR2B2"
"NM_003446","ZNF157"
"THC2526402",NA
"A_24_P315644",NA
"NM_152291","MUC7"
"NM_025184","EFHC2"
"NM_004501","HNRNPU"
"NM_005727","TSPAN1"
"NM_002278","KRT32"
"NM_033188","KRTAP4-5"
"NM_153186","KANK1"
"NM_203500","KEAP1"
"NM_001034061","CLN8"
"THC2752167",NA
"NM_001077394","DPH5"
"NM_006733","CENPI"
"BC028606",NA
"THC2754556",NA
"NM_001010984","SPRTN"
"THC2620595",NA
"AF216184",NA
"A_32_P234485",NA
"NM_175698","SSX2"
"NM_014237","ADAM18"
"NM_007347","AP4E1"
"A_32_P80198",NA
"NM_182647","OPRL1"
"NM_000127","EXT1"
"ENST00000357684",NA
"BM999256",NA
"NM_014408","TRAPPC3"
"BC001783",NA
"NM_024015","HOXB4"
"XR_019234",NA
"NM_003358","UGCG"
"NM_198389","PDPN"
"AK026765",NA
"BC032913",NA
"NM_000804","FOLR3"
"BM808621",NA
"AK094772",NA
"NM_021070","LTBP3"
"THC2648584",NA
"BC033127",NA
"AV707343",NA
"ENST00000334574",NA
"THC2497722",NA
"THC2529452",NA
"XM_001129707",NA
"BC036479",NA
"CN478720",NA
"BX397553",NA
"NM_001013439","FXR1"
"A_24_P923331",NA
"A_24_P929158",NA
"AK123333",NA
"NM_130438","DYRK1A"
"BC010870",NA
"THC2587763",NA
"ENST00000333731",NA
"NR_002763","CPS1-IT1"
"XM_061890",NA
"NM_032044","REG4"
"NM_001042702","PJVK"
"NM_001001920","OR4C15"
"A_24_P674924",NA
"NM_022659","EBF2"
"A_24_P174353",NA
"ENST00000335534",NA
"NM_017879","ZNF416"
"NM_003033","ST3GAL1"
"AF130069",NA
"A_24_P918367",NA
"NM_005912","MC4R"
"NM_000306","POU1F1"
"NM_001025100","MBP"
"NM_198076","COX20"
"NM_005859","PURA"
"A_24_P910080",NA
"AF010144",NA
"NM_001077482","NR1I3"
"NM_020412","CHMP1B"
"BC031344",NA
"AY143171",NA
"NM_170741","KCNJ16"
"THC2530072",NA
"NM_006084","IRF9"
"NM_144674","TEKT5"
"AK021762",NA
"XR_019116",NA
"THC2540041",NA
"NM_020385","REXO4"
"ENST00000378953",NA
"NM_001040427","HAGH"
"A_24_P481301",NA
"NM_024045","DDX50"
"NM_178422","PAQR7"
"NM_016047","SF3B6"
"A_24_P685691",NA
"THC2633081",NA
"BU733098",NA
"BC042469",NA
"NM_015995","KLF13"
"NM_030570","UPK3B"
"THC2710559",NA
"BF364571",NA
"THC2657541",NA
"NM_181719","TMCO4"
"NM_006247","PPP5C"
"AK023376",NA
"NM_182976","ZNF326"
"NM_145080","NSMCE1"
"AF338234",NA
"THC2689572",NA
"AK095037",NA
"BC040628",NA
"NM_152710","TBATA"
"XR_019210",NA
"NM_001040185","ZNF765"
"A_24_P914782",NA
"A_24_P856273",NA
"THC2694422",NA
"AK002042",NA
"AB002313",NA
"NM_182489","STRA8"
"NM_181844","BCL6B"
"BC042026",NA
"NM_022173","TIA1"
"NM_000231","SGCG"
"A_32_P122962",NA
"NM_018994","FBXO42"
"AF085871",NA
"NM_173576","MKX"
"A_24_P119094",NA
"A_32_P207151",NA
"NM_018982","YIPF1"
"THC2677796",NA
"NM_017622","BORCS6"
"XR_018459",NA
"NM_022342","KIF9"
"NM_001031677","RAB24"
"NM_025209","EPC1"
"AK090950",NA
"ENST00000343253",NA
"NM_213674","TPM2"
"THC2687779",NA
"NM_152781","HEATR9"
"X66087",NA
"AK024457",NA
"NM_017628","TET2"
"XR_016510",NA
"NM_000496","CRYBB2"
"NP186050",NA
"NM_021013","KRT34"
"NM_001542","IGSF3"
"A_32_P3914",NA
"AK022802",NA
"NM_004766","COPB2"
"THC2702563",NA
"A_23_P84791",NA
"AK095583",NA
"NM_030899","ZSCAN31"
"AK026497",NA
"BF572267",NA
"THC2585464",NA
"NM_053023","ZFP91"
"THC2673862",NA
"NM_152504","SHLD1"
"NM_001025","RPS23"
"A_24_P940290",NA
"NM_144590","ANKRD22"
"NR_003192","UQCC5"
"NM_032871","RELT"
"NM_003780","B4GALT2"
"ENST00000255896",NA
"THC2705254",NA
"A_32_P196669",NA
"AK054879",NA
"A_32_P219011",NA
"NM_024817","THSD4"
"XR_017288",NA
"NM_178125","TRIM50"
"NM_001384","DPH2"
"NM_033655","CNTNAP3"
"NM_003006","SELPLG"
"THC2539923",NA
"NM_182504","TMEM270"
"NM_032728","PLPP7"
"AK058001",NA
"BC110908",NA
"NM_022826","MARCHF7"
"NM_031953","SNX25"
"A_24_P832831",NA
"NM_006161","NEUROG1"
"NM_001042698","ZSWIM7"
"NM_013268","LGALS13"
"THC2692433",NA
"NM_024888","PLPPR3"
"NM_001001996","GPM6B"
"THC2575933",NA
"AW150698",NA
"NM_024844","NUP85"
"AK024242",NA
"THC2480066",NA
"CR600638",NA
"NM_001001411","ZNF676"
"CB240827",NA
"NM_138818","PRUNE2"
"NM_012135","FAM50B"
"NM_021922","FANCE"
"THC2651447",NA
"NM_017919","STX17"
"AK090400",NA
"XR_015764",NA
"THC2606573",NA
"AB014771",NA
"AL512720",NA
"THC2514496",NA
"BC016751",NA
"A_24_P247616",NA
"NM_172027","ABTB1"
"NM_031429","RTBDN"
"BX537594",NA
"ENST00000307366",NA
"BC056883",NA
"BC049371",NA
"NM_020782","KLHL42"
"NM_144949","SOCS5"
"AY117690",NA
"NM_139207","NAP1L1"
"AF119908",NA
"NM_001042468","SUMF2"
"BF478043",NA
"THC2511310",NA
"NM_021977","SLC22A3"
"THC2529512",NA
"NM_032438","L3MBTL3"
"XR_016180",NA
"DB153264",NA
"AK094322",NA
"NM_182706","SCRIB"
"ENST00000278934",NA
"NM_139162","MIEF2"
"NM_016023","OTUD6B"
"AK126509",NA
"ENST00000282366",NA
"AF086098",NA
"NM_152755","CNPY4"
"NM_000331","SAA1"
"NM_001007542","LOC100288254"
"THC2756047",NA
"NM_006850","IL24"
"NM_001555","IGSF1"
"BI035281",NA
"NM_054027","ANKH"
"NM_016643","ZNF771"
"THC2677432",NA
"AK023392",NA
"NM_001017417","CT45A1"
"NM_006753","SURF6"
"NM_177401","MIDN"
"BC010934",NA
"AK090451",NA
"A_24_P7570",NA
"BG031574",NA
"THC2586959",NA
"NM_002796","PSMB4"
"NM_000706","AVPR1A"
"NM_019027","RBM47"
"NM_024111","CHAC1"
"NM_002379","MATN1"
"AK094769",NA
"THC2724078",NA
"NM_018067","MAP7D1"
"NM_021947","SRR"
"BC045798",NA
"NM_012216","MID2"
"NM_006138","MS4A3"
"BC007552",NA
"NM_003335","UBA7"
"NM_018447","EMC3"
"THC2746807",NA
"NM_052884","SIGLEC11"
"NM_207401","LINC02897"
"U18288",NA
"X77690",NA
"NM_001040704","DEFB106B"
"THC2625001",NA
"XR_019532",NA
"NM_019593","GPCPD1"
"NM_000918","P4HB"
"THC2613407",NA
"M87790",NA
"XM_001128267",NA
"NM_001945","HBEGF"
"THC2668629",NA
"A_23_P120644",NA
"BC035184",NA
"A_24_P924671",NA
"THC2535767",NA
"A_32_P179807",NA
"NM_138454","NXNL1"
"AK056855",NA
"AI335947",NA
"BC036529",NA
"AY077696",NA
"AI954795",NA
"NM_003268","TLR5"
"THC2693441",NA
"NM_004730","ETF1"
"NM_016819","OGG1"
"NM_004736","XPR1"
"NM_012360","OR1F1"
"CK904801",NA
"A_23_P130639",NA
"THC2704459",NA
"CR598345",NA
"THC2529685",NA
"NM_015284","SZT2"
"NM_016199","LSM7"
"NM_021976","RXRB"
"A_32_P97674",NA
"AF323119",NA
"NM_016102","TRIM17"
"A_32_P30730",NA
"NM_017533","MYH4"
"NM_006668","CYP46A1"
"ENST00000361567",NA
"THC2679011",NA
"A_24_P607195",NA
"A_32_P193952",NA
"NM_006631","ZNF266"
"NM_015917","GSTK1"
"NM_020807","ZNF319"
"NM_013271","PCSK1N"
"BX119718",NA
"NM_012182","FOXB1"
"NM_003001","SDHC"
"AK000627",NA
"NM_152468","TMC8"
"THC2650822",NA
"BU607658",NA
"A_32_P10643",NA
"THC2639653",NA
"NM_017509","KLK15"
"NM_016032","ZDHHC9"
"NM_017444","CHRAC1"
"NM_145316","TMEM217"
"ENST00000324445",NA
"NM_024963","FBXL18"
"NM_178430","LCE2D"
"A_24_P928228",NA
"NM_001014979","CFAP119"
"XR_019476",NA
"ENST00000326881",NA
"NM_033060","KRTAP4-1"
"NM_004755","RPS6KA5"
"A_23_P95125",NA
"NM_173575","STK32C"
"A_24_P919168",NA
"NM_015525","IBTK"
"NM_005755","EBI3"
"A_32_P51975",NA
"NM_002364","MAGEB2"
"NM_080656","CDKN2AIPNL"
"XR_018758",NA
"AB196634",NA
"ENST00000246024",NA
"NM_130772","S100Z"
"A_32_P19460",NA
"NM_000091","COL4A3"
"NM_181484","ZGPAT"
"NM_152310","ELOVL3"
"NM_006134","TMEM50B"
"NM_001890","CSN1S1"
"THC2468883",NA
"NM_032164","ZNF394"
"NM_001018082",NA
"NM_007171","POMT1"
"NM_001008707","EML1"
"NM_012137","DDAH1"
"NM_007058","CAPN11"
"AA458660",NA
"NM_015569","DNM3"
"AK074080",NA
"NM_005629","SLC6A8"
"NM_052987","CDK10"
"A_24_P930327",NA
"NM_024824","ZC3H14"
"A_32_P127658",NA
"AF165514",NA
"BC020163",NA
"NM_020193","EMSY"
"NM_005779","LHFPL2"
"BC079833",NA
"NM_024520","MAIP1"
"NM_032853","PWWP3A"
"NM_005265","GGT1"
"NM_020528","PCBP3"
"NM_173620","HEXD"
"AL137530",NA
"AW337952",NA
"ENST00000374860",NA
"NM_144618","GABPB2"
"THC2552322",NA
"ENST00000367012",NA
"NM_003759","SLC4A4"
"CR619653",NA
"NM_138346","KIAA2013"
"ENST00000249760",NA
"NM_014741","ATG13"
"NM_001920","DCN"
"XR_016712",NA
"NM_152335","TMEM266"
"CR592318",NA
"THC2647073",NA
"NM_033070","HDHD5"
"NM_020143","PNO1"
"NM_016500","PBDC1"
"A_24_P307395",NA
"NM_001005749","GBA1"
"THC2682672",NA
"NM_031446","RMP24"
"NM_000744","CHRNA4"
"NM_001469","XRCC6"
"NM_000867","HTR2B"
"NM_001240","CCNT1"
"U22680",NA
"THC2545702",NA
"NM_002488","NDUFA2"
"NM_001702","ADGRB1"
"NM_144564","SLC39A3"
"CR601260",NA
"NM_005188","CBL"
"NM_178232","HAPLN3"
"A_32_P71212",NA
"CR595522",NA
"ENST00000220507",NA
"NM_030920","ANP32E"
"NM_000152","GAA"
"NM_175911","OR2L13"
"ENST00000361390",NA
"NM_021202","TP53INP2"
"A_24_P929407",NA
"A_24_P272798",NA
"NM_002020","FLT4"
"NM_174959","SVOPL"
"NM_014473","DIMT1"
"A_24_P552131",NA
"ENST00000380635",NA
"THC2695809",NA
"THC2561889",NA
"NM_003713","PLPP3"
"NM_000887","ITGAX"
"NM_017706","WDR55"
"NM_002145","HOXB2"
"NM_007011","ABHD2"
"THC2543840",NA
"NM_005837","POP7"
"NM_057179","TWIST2"
"NM_022457","COP1"
"AK096806",NA
"NM_004547","NDUFB4"
"BC007070",NA
"BC011372",NA
"NM_080652","TMEM41A"
"NM_015151","DIP2A"
"A_24_P913078",NA
"THC2520035",NA
"AF130086",NA
"NM_001025071","RPS14"
"BC047952",NA
"NM_014829","DDX46"
"AK074236",NA
"BC073764",NA
"A_24_P925678",NA
"NM_016353","ZDHHC2"
"ENST00000360896",NA
"NM_022574","GIGYF1"
"AF086329",NA
"A_24_P919825",NA
"THC2646374",NA
"NM_004579","MAP4K2"
"G36726",NA
"NM_002979","SCP2"
"NM_138939","CD200R1"
"NM_000083","CLCN1"
"NM_013945","PAX7"
"NM_170744","UNC5B"
"ENST00000380487",NA
"AA451906",NA
"NM_020530","OSM"
"NM_001042747","FGR"
"NM_017786","SYBU"
"AK129943",NA
"CR609905",NA
"NM_182537","HTR3D"
"AB023144",NA
"NM_032134","QRICH2"
"THC2651723",NA
"NM_005231","CTTN"
"BC004287",NA
"ENST00000379884",NA
"NM_032945","TNFRSF6B"
"THC2683448",NA
"NM_003243","TGFBR3"
"NM_022782","MPHOSPH9"
"BX427054",NA
"NM_171828","KCNMB3"
"BQ926066",NA
"AK027179",NA
"BC008131",NA
"ENST00000354343",NA
"AK130896",NA
"NM_019848","SLC10A3"
"NM_003755","EIF3G"
"NM_152394","ERICH6"
"AK090463",NA
"THC2647962",NA
"NM_001032410","USP16"
"NM_015170","SULF1"
"A_24_P486427",NA
"NM_152520","ZNF385B"
"NM_006209","ENPP2"
"X97261",NA
"NM_020804","PACSIN1"
"NM_006058","TNIP1"
"NM_000950","PRRG1"
"NM_017417","GALNT8"
"CR622844",NA
"BC101436",NA
"NM_005332","HBZ"
"A_24_P938461",NA
"NM_012167","FBXO11"
"NM_001009899","USF3"
"NM_001033723","ZNF704"
"NR_002776","MCM3AP-AS1"
"NM_012306","FAIM2"
"AK097700",NA
"NM_033025","SYDE1"
"NM_012158","FBXL3"
"NM_012269","HYAL4"
"NM_001406","EFNB3"
"AK093171",NA
"AK096984",NA
"NM_022834","VWA1"
"AK055730",NA
"AW378392",NA
"XM_001130778",NA
"NM_199260","TPTE"
"NM_002184","IL6ST"
"NM_022760","PCED1A"
"NM_033304","ADRA1A"
"NM_145167","PIGM"
"THC2668923",NA
"BC032041",NA
"NM_000316","PTH1R"
"NM_001040166","METTL26"
"NM_031947","SLC25A2"
"BC007357",NA
"BC034319",NA
"XM_929084",NA
"THC2658813",NA
"NM_199037","SCN1B"
"NM_004719","SCAF11"
"NM_015993","PLLP"
"ENST00000326831",NA
"NM_017882","CLN6"
"ENST00000314984",NA
"XR_018424",NA
"NM_001004457","OR1N2"
"NM_003838","FPGT"
"ENST00000366822",NA
"A_32_P134301",NA
"A_24_P143257",NA
"NM_152588","TMTC2"
"THC2721124",NA
"NM_138433","KLHDC7B"
"NM_173564","NYAP1"
"NM_002183","IL3RA"
"NM_018399","VNN3P"
"NM_016178","OAZ3"
"NM_152374","C1orf216"
"THC2665106",NA
"NM_153353","LRRC34"
"A_24_P482189",NA
"AK075161",NA
"A_24_P678034",NA
"NM_018163","DNAJC17"
"AF009616",NA
"AK056172",NA
"NM_018267","H2AJ"
"A_24_P413286",NA
"NM_182539","DRC5"
"NM_032109","OTP"
"AK128457",NA
"NM_016045","PRELID3B"
"NM_012339","TSPAN15"
"AF116720",NA
"NM_001001655","ALKBH2"
"BC105278",NA
"A_24_P50601",NA
"BC039082",NA
"NM_025193","HSD3B7"
"NM_021956","GRIK2"
"NM_000745","CHRNA5"
"NM_001040138","CKLF"
"NM_002159","HTN1"
"BC031325",NA
"NM_173629","DYNAP"
"NM_020931","KIAA1586"
"NM_017836","SLC41A3"
"BC009297",NA
"CD630738",NA
"NM_139126","PPIL4"
"NM_001015878","AURKC"
"XM_934590",NA
"XR_016677",NA
"AK054840",NA
"NM_022839","MRPS11"
"NM_018174","MAP1S"
"NM_174942","GAS2L3"
"NM_080838","CCN4"
"THC2657742",NA
"BQ379494",NA
"NM_001040","SHBG"
"NM_152763","AKNAD1"
"NM_003273","TM7SF2"
"ENST00000332432",NA
"A_24_P932355",NA
"NM_005931","MICB"
"AF131788",NA
"ENST00000331096",NA
"CA432213",NA
"NM_032574","DPY30"
"NM_004651","USP11"
"NM_001071775","MZT1"
"NM_021170","HES4"
"BX108468",NA
"NM_000818","GAD2"
"AK056375",NA
"NM_001467","SLC37A4"
"BU540282",NA
"NM_020462","ERGIC1"
"NM_002950","RPN1"
"NM_000358","TGFBI"
"DQ786272",NA
"NM_133493","CD109"
"NM_022113","KIF13A"
"AK124956",NA
"A_24_P937904",NA
"ENST00000316962",NA
"AF075000",NA
"NM_016097","IER3IP1"
"AK025420",NA
"NM_005519","HMX2"
"NM_025159","TASL"
"NM_032165","LRRIQ1"
"BC033590",NA
"BC008034",NA
"NM_153685","PIANP"
"A_24_P911482",NA
"NM_020345","NKIRAS1"
"NM_002117","HLA-C"
"NM_015670","SENP3"
"NM_017924","C14orf119"
"AF130097",NA
"XM_938885",NA
"XR_015770",NA
"NM_006990","WASF2"
"XM_209227",NA
"NM_133266","SHANK2"
"NM_018942","HMX1"
"NM_022912","REEP1"
"NM_001005852","TXLNGY"
"NM_014858","TMCC2"
"THC2614840",NA
"NM_198391","FLRT3"
"NM_018243","SEPTIN11"
"NM_000153","GALC"
"A_32_P90615",NA
"NR_002166",NA
"NM_005932","MIPEP"
"THC2673554",NA
"BC037255",NA
"NM_016625","RSRC1"
"THC2530322",NA
"A_32_P95973",NA
"NM_007155","ZP3"
"NM_174951","FAM9A"
"BC030112",NA
"NM_001652","AQP6"
"NR_002829","P2RX6P"
"ENST00000368602",NA
"ENST00000297035",NA
"A_24_P712845",NA
"NM_020349","ANKRD2"
"NM_000296","PKD1"
"AF124170",NA
"NM_001040284","TENT4B"
"BG461173",NA
"NM_004691","ATP6V0D1"
"THC2785765",NA
"AK098637",NA
"AK123433",NA
"THC2728374",NA
"U01925",NA
"NM_176813","AGR3"
"NM_017816","LYAR"
"AK091468",NA
"NM_130803","MEN1"
"A_24_P912994",NA
"AK055900",NA
"AY035383",NA
"A_24_P936373",NA
"NM_001024912","CEACAM1"
"XR_017165",NA
"THC2710988",NA
"NM_016235","GPRC5B"
"NM_014422","INPP5J"
"A_24_P808579",NA
"NM_001010860","SAMD15"
"NM_171997","USP2"
"NM_003018","SFTPC"
"BC028690",NA
"XR_019634",NA
"NM_000595","LTA"
"XR_019057",NA
"NM_199324","OTUD4"
"NM_018365","MNS1"
"THC2671898",NA
"NM_005848","DENND4A"
"AF251048",NA
"NM_018196","TMLHE"
"A_24_P934704",NA
"NM_016068","FIS1"
"XR_018510",NA
"ENST00000316497",NA
"NM_001076780","PKD1L2"
"ENST00000252482",NA
"NM_152349","KRT222"
"NM_015949","GET4"
"AL133031",NA
"A_24_P931264",NA
"A_24_P911553",NA
"NM_014757","MAML1"
"AK096179",NA
"BF822111",NA
"NM_015933","TMA7"
"NM_018093","WDR74"
"NM_170745","H2AC1"
"NM_152892","LRWD1"
"A_24_P349590",NA
"A_24_P916228",NA
"THC2570492",NA
"NM_000519","HBD"
"BC011369",NA
"THC2672325",NA
"NM_175768","GRIK2"
"AL549236",NA
"NM_001010867","IBA57"
"ENST00000379879",NA
"AK027678",NA
"NM_006943","SOX12"
"AA905316",NA
"THC2699446",NA
"NM_014673","EMC2"
"THC2671553",NA
"NM_018223","CHFR"
"XR_018572",NA
"AK126241",NA
"AF161347",NA
"BC023515",NA
"NM_001003940","BMF"
"AI276257",NA
"NR_002784",NA
"NM_080431","ACTRT2"
"NM_002444","MSN"
"NM_022139","GFRA4"
"NM_005133","RCE1"
"ENST00000287144",NA
"NM_001730","KLF5"
"NM_001001732","CC2D2B"
"AK095300",NA
"NM_001030015","OPN4"
"NM_080664","DTD2"
"NM_001670","ARVCF"
"BC017563",NA
"AF116659",NA
"AA609065",NA
"ENST00000371461",NA
"NM_153200","EDF1"
"BQ002790",NA
"BC009539",NA
"AF119849",NA
"NM_152640","DCP1B"
"THC2718751",NA
"NM_003689","AKR7A2"
"NM_033428","DMAC1"
"XR_015423",NA
"ENST00000346061",NA
"A_23_P112957",NA
"NM_018351","FGD6"
"ENST00000369291",NA
"BU674437",NA
"NM_016123","IRAK4"
"THC2628920",NA
"NM_144598","LRRC28"
"NM_020890","CIP2A"
"THC2559123",NA
"NM_152437","ZNF664"
"THC2697746",NA
"NM_173514","SLC38A9"
"THC2548256",NA
"AF315716",NA
"BC035590",NA
"ENST00000370708",NA
"NM_004934","CDH18"
"NM_022817","PER2"
"THC2696194",NA
"NM_001006118","RBMY1E"
"A_32_P212820",NA
"AF116661",NA
"NM_178037",NA
"NM_005081",NA
"NM_006192","PAX1"
"NM_022436","ABCG5"
"NM_002283","KRT85"
"NM_001008496","PIWIL3"
"NM_033133","CNP"
"NM_032024","LRMDA"
"A_24_P915634",NA
"BC002665",NA
"XR_018276",NA
"THC2774217",NA
"NM_015547","ACOT11"
"BC030993",NA
"AK022351",NA
"NM_183057","VPS28"
"NM_033280","SEC11C"
"NM_004177","STX3"
"AK092577",NA
"NM_004252","NHERF1"
"A_24_P917549",NA
"NM_145658","SPESP1"
"NM_152909","ZNF548"
"NM_002516","NOVA2"
"AK001796",NA
"NM_006047","RBM12"
"A_24_P937796",NA
"AK094175",NA
"NM_198433","AURKA"
"NM_006633","IQGAP2"
"NM_001002921",NA
"NM_004801","NRXN1"
"NM_003836","DLK1"
"BX110500",NA
"BC010615",NA
"BC021739",NA
"AF116675",NA
"XR_018415",NA
"NM_001031745","RIBC1"
"NM_020233","ADPRM"
"NM_001010925","ANKRD19P"
"NM_153027","FAM218A"
"NM_201438","PPHLN1"
"NM_020809","ARHGAP20"
"XM_001127731",NA
"THC2662123",NA
"AL522622",NA
"ENST00000320994",NA
"U77706",NA
"NM_000198","HSD3B2"
"THC2641906",NA
"NM_015011","MYO16"
"NM_173833","SCARA5"
"NM_017520","MPHOSPH8"
"S72422",NA
"NM_024913","CPED1"
"NM_021808","GALNT9"
"A_24_P153363",NA
"A_24_P332504",NA
"NM_020901","PHRF1"
"NM_017656","ZNF562"
"NM_002524","NRAS"
"AI214728",NA
"NM_020133","AGPAT4"
"AF289591",NA
"BE835490",NA
"NM_019556","MOSPD1"
"ENST00000355609",NA
"NM_004525","LRP2"
"AF086109",NA
"NM_033020","TRIM33"
"NM_001302","CORT"
"AK002097",NA
"THC2713266",NA
"NM_173588","IGSF22"
"NM_004907","IER2"
"NM_203355","MIA2"
"NM_000857","GUCY1B1"
"NM_152495","CNIH3"
"AK124080",NA
"THC2683270",NA
"A_24_P110601",NA
"AK095727",NA
"NM_153610","CMYA5"
"NM_013433","TNPO2"
"NM_001001664","SPOPL"
"A_32_P44987",NA
"NM_021833","UCP1"
"NM_015585","CFAP61"
"BC008795",NA
"THC2712687",NA
"THC2664860",NA
"BC018086",NA
"NM_006808","SEC61B"
"AK124515",NA
"NM_182699","DDX53"
"THC2664742",NA
"NM_032429","LZTS2"
"NM_000962","PTGS1"
"NM_024091","FASTKD3"
"A_24_P930613",NA
"NM_172387","NFATC1"
"NM_003886","AKAP4"
"D16474",NA
"NM_024621","VEPH1"
"NM_004336","BUB1"
"AK094842",NA
"NM_001204","BMPR2"
"AK091550",NA
"AJ318805",NA
"AK123481",NA
"NM_000204","CFI"
"NM_138463","TLCD1"
"AK094995",NA
"NM_173160","FXYD4"
"NM_012318","LETM1"
"AA814210",NA
"ENST00000341191",NA
"NM_018486","HDAC8"
"THC2553406",NA
"NM_174945","ZNF575"
"AK098491",NA
"NM_174978","C14orf39"
"NM_173858","VN1R5"
"NM_005925","MEP1B"
"NM_173854","SLC41A1"
"XM_928464",NA
"A_32_P74771",NA
"NM_012458","TIMM13"
"AK055386",NA
"BM983766",NA
"A_32_P149246",NA
"AK074635",NA
"NM_006985","NPIPA1"
"AL834145",NA
"BE502686",NA
"NM_001485","GBX2"
"NM_022132","MCCC2"
"NR_002193","RBMY2FP"
"NM_130768","ASZ1"
"NM_198511","LANCL3"
"NM_002427","MMP13"
"A_24_P340966",NA
"NM_138806","CD200R1"
"BC034236",NA
"NM_182548","LHFPL5"
"A_23_P324890",NA
"AJ005791",NA
"NM_004808","NMT2"
"NM_017680","ASPN"
"NM_018931","PCDHB11"
"NM_133496","SLC30A7"
"NM_000915","OXT"
"A_24_P940952",NA
"AK091942",NA
"NM_001033047","NPNT"
"AF119900",NA
"NM_006931","SLC2A3"
"NM_052863","SCGB3A1"
"NM_001075","UGT2B10"
"XM_001128865",NA
"THC2552359",NA
"BG206235",NA
"NM_000917","P4HA1"
"NM_004329","BMPR1A"
"NM_019051","MRPL50"
"BC025666",NA
"AL117582",NA
"NM_057175","NAA15"
"NM_173574","ZNF683"
"AK127078",NA
"DQ786232",NA
"NM_019058","DDIT4"
"NM_133336","NSD2"
"A_23_P21862",NA
"THC2514800",NA
"ENST00000382817",NA
"AK124400",NA
"THC2591019",NA
"A_24_P230486",NA
"NM_001012337","ROPN1B"
"A_32_P157213",NA
"NM_000123","ERCC5"
"NM_144613","COX6B2"
"NM_198283","EYS"
"NM_014801","PCNX2"
"A_24_P942760",NA
"BX100437",NA
"NM_002527","NTF3"
"THC2632909",NA
"NM_198566","C5orf34"
"NM_012290","TLK1"
"AF034209",NA
"BC033331",NA
"ENST00000299969",NA
"THC2559114",NA
"XR_015425",NA
"NM_001690","ATP6V1A"
"NM_032511","FAXC"
"ENST00000248668",NA
"NM_207340","ZDHHC24"
"NM_213589","RAPH1"
"ENST00000373210",NA
"BC025755",NA
"NM_015141","GPD1L"
"A_24_P872838",NA
"NM_003036","SKI"
"AK091744",NA
"BC002811",NA
"NM_138446","MALSU1"
"A_24_P75994",NA
"A_24_P375962",NA
"THC2757796",NA
"NM_178128","FADS6"
"ENST00000296873",NA
"A_24_P170147",NA
"CA945082",NA
"AK093563",NA
"NM_003665","FCN3"
"AI820956",NA
"A_24_P937506",NA
"NM_175733","SYT9"
"AK024382",NA
"THC2668779",NA
"AK055981",NA
"NM_173039","AQP11"
"NM_004119","FLT3"
"AW015165",NA
"NM_001488","TADA2A"
"NM_018122","DARS2"
"AL573187",NA
"THC2648557",NA
"NM_201648","GLYAT"
"NM_021189","CADM3"
"NM_003134","SRP14"
"THC2588113",NA
"AL832142",NA
"NM_032550","AFAP1L2"
"NM_006825","CKAP4"
"BC031342",NA
"NM_015117","ZC3H3"
"NM_130760","MADCAM1"
"AK057637",NA
"NM_022044","SDF2L1"
"NM_152219","GJD3"
"BC035156",NA
"AK023803",NA
"NM_001012974","LRRC73"
"NM_004133","HNF4G"
"AK022140",NA
"AK056624",NA
"CR601823",NA
"AB067495",NA
"THC2698534",NA
"NM_007187","WBP4"
"NM_015234","ADGRF5"
"NM_004313","ARRB2"
"NM_138790","PLD4"
"THC2708262",NA
"NM_001042519","AKAP19"
"BC038799",NA
"A_32_P210744",NA
"AF085846",NA
"THC2613107",NA
"NM_003088","FSCN1"
"NM_001494","GDI2"
"BC032874",NA
"NM_016593","CYP39A1"
"AK096512",NA
"BM091498",NA
"NM_005109","OXSR1"
"NM_018109","MTPAP"
"NM_015039","NMNAT2"
"AK055676",NA
"NM_199132","ZNF468"
"AI828007",NA
"NM_004630","SF1"
"THC2540294",NA
"NM_198594","C1QTNF1"
"NM_152351","SLC5A10"
"NM_144968","RIBC1"
"THC2658991",NA
"NM_201636","TBXA2R"
"NM_004811","LPXN"
"NM_004956","ETV1"
"THC2676504",NA
"NM_004793","LONP1"
"AL833334",NA
"AK001808",NA
"CR592043",NA
"D31825",NA
"NM_031209","QTRT1"
"BC015772",NA
"THC2785331",NA
"NM_001967","EIF4A2"
"THC2530551",NA
"NM_020765","UBR4"
"NM_147196","TMIE"
"DB325746",NA
"NM_003510","H2AC15"
"A_24_P264549",NA
"THC2653283",NA
"NM_001626","AKT2"
"AF130093",NA
"NM_001546","ID4"
"A_24_P464701",NA
"NM_003975","SH2D2A"
"NR_003260","DNM1P46"
"NM_172171","CAMK2G"
"NM_018381","SHFL"
"NM_001040708","HEY1"
"NM_005171","ATF1"
"NM_002371","MAL"
"NM_198569","ADGRG6"
"NM_006777","ZBTB33"
"U80773",NA
"NM_015178","RHOBTB2"
"A_24_P705167",NA
"NM_145010","ENKUR"
"NM_005588","MEP1A"
"A_24_P940041",NA
"A_24_P917971",NA
"NM_001008895","CUL4A"
"NM_012127","CIZ1"
"A_24_P932369",NA
"NM_021203","SRPRB"
"NM_001034832","SSX4B"
"BC036599",NA
"AL050131",NA
"NM_020360","PLSCR3"
"NM_018176","LGI2"
"NM_007281","SCRG1"
"ENST00000227451",NA
"NM_003884","KAT2B"
"NM_014701","SECISBP2L"
"NM_001004349",NA
"AY142148",NA
"AK094373",NA
"NM_025189","ZNF430"
"BC082981",NA
"THC2665655",NA
"NM_152687","GAPT"
"AK055101",NA
"NM_205861","DHDDS"
"NM_145247","SFR1"
"THC2674649",NA
"NM_025004","CCDC15"
"NM_007223","GPR176"
"NM_001408","CELSR2"
"AY358491",NA
"NM_182500","CIMIP5"
"THC2620306",NA
"AK094506",NA
"THC2548381",NA
"NM_006089","SCML2"
"NM_172095","CATSPER2"
"NM_001004484","OR13D1"
"NM_014738","TMEM94"
"NM_000420","KEL"
"AF295726",NA
"AA846667",NA
"NM_001703",NA
"NM_001005735","CHEK2"
"BC006011",NA
"A_24_P915664",NA
"AL566369",NA
"NM_012468","TCL6"
"NM_100264","WAC"
"AK097118",NA
"NM_152725","SLC39A12"
"ENST00000380946",NA
"XR_018087",NA
"ENST00000242224",NA
"NM_005097","LGI1"
"AK127378",NA
"NM_182498","ZNF428"
"NM_004645","COIL"
"AK123861",NA
"NM_002629","PGAM1"
"NR_002733","DGCR5"
"AB011115",NA
"NM_017432","PTOV1"
"ENST00000309746",NA
"NM_016355","DDX47"
"BC099903",NA
"NM_015922","NSDHL"
"A_24_P789842",NA
"NM_178542","ASB16-AS1"
"THC2558776",NA
"THC2684874",NA
"NM_004559","YBX1"
"AB042555",NA
"NM_003617","RGS5"
"NM_030567","PRR7"
"NM_003726","SKAP1"
"AF116633",NA
"AK056703",NA
"NM_003961","RHBDL1"
"NM_001031618","SPDYE2"
"NM_005478","INSL5"
"NM_145702","TIGD1"
"BC062717",NA
"NM_016286","DCXR"
"BC030768",NA
"CR614803",NA
"NM_001040619","ATF3"
"THC2516687",NA
"NM_006095","ATP8A1"
"XR_019079",NA
"NM_016213","TRIP4"
"XM_001128497",NA
"THC2649313",NA
"NM_021064","H2AC11"
"NM_002431","MNAT1"
"NM_006691","LYVE1"
"NM_001635","AMPH"
"AJ312026",NA
"AK023652",NA
"NM_152945","RBM45"
"NM_001909","CTSD"
"AK055960",NA
"NM_006265","RAD21"
"AK123846",NA
"NM_002167","ID3"
"NM_002994","CXCL5"
"A_24_P927339",NA
"NM_014342","MTCH2"
"NM_002064","GLRX"
"NM_175875","SIX5"
"THC2762599",NA
"NM_138777","MRRF"
"AA005355",NA
"BF899060",NA
"A_32_P182135",NA
"BC006340",NA
"A_24_P683734",NA
"A_24_P837085",NA
"NM_153005","RIOK1"
"A_24_P931699",NA
"AF289590",NA
"NM_021225","OPRPN"
"NM_001951","E2F5"
"BC034289",NA
"NM_007264","ACKR5"
"THC2479309",NA
"XR_015663",NA
"A_24_P50057",NA
"AK090418",NA
"ENST00000369529",NA
"A_32_P182246",NA
"NM_021005","NR2F2"
"ENST00000343149",NA
"NM_005584","MAB21L1"
"AK023853",NA
"S80491",NA
"XR_019361",NA
"BC034497",NA
"AF078165",NA
"A_23_P129405",NA
"AY358469",NA
"NM_001014977","BANF2"
"AK124778",NA
"NM_000564","IL5RA"
"AK056689",NA
"AK097965",NA
"BC007940",NA
"AK027315",NA
"A_24_P929051",NA
"AK001784",NA
"NM_033027","CSRNP1"
"NM_001007027","ALG8"
"A_32_P163472",NA
"NM_012459","TIMM8B"
"A_24_P161655",NA
"NM_005953","MT2A"
"CR740913",NA
"XR_018040",NA
"NM_021727","FADS3"
"AK095258",NA
"NM_000629","IFNAR1"
"THC2671679",NA
"A_32_P161913",NA
"ENST00000383490",NA
"CR590862",NA
"NM_145288","ZNF296"
"AB209318",NA
"NM_022111","CLSPN"
"BC030702",NA
"AK024516",NA
"NM_001032999","CBFA2T2"
"AB016902",NA
"NM_002940","ABCE1"
"AK127768",NA
"NM_032840","SPRYD3"
"AF086044",NA
"A_32_P170847",NA
"NM_001004697","OR2T5"
"NM_025267","PTGES3L-AARSD1"
"NM_053064","GNG2"
"NM_033018","CDK16"
"L13689",NA
"A_24_P942974",NA
"NM_152903","KBTBD6"
"CR626222",NA
"A_24_P836315",NA
"NM_023077","COA7"
"NM_024918","DSN1"
"NM_004113","FGF12"
"NM_000261","MYOC"
"NM_173635","SIGLECL1"
"NM_000721","CACNA1E"
"NM_002865","RAB2A"
"NM_012154","AGO2"
"ENST00000256367",NA
"ENST00000369183",NA
"NM_021049","MAGEA5P"
"NM_004287","GOSR2"
"BC044608",NA
"NM_016319","COPS7A"
"XR_019195",NA
"A_24_P885910",NA
"ENST00000381475",NA
"NM_002353","TACSTD2"
"NM_052897","MBD6"
"A_23_P135063",NA
"THC2574606",NA
"NM_025000","DCAF17"
"NR_002773","AOC4P"
"THC2694735",NA
"THC2537371",NA
"THC2657597",NA
"NM_006644","HSPH1"
"NM_152641","ARID2"
"AK092544",NA
"ENST00000374558",NA
"NM_053024","PFN2"
"THC2769953",NA
"NM_144770","RBM11"
"AJ488207",NA
"AK026784",NA
"NM_032828","ZNF587"
"NM_001040442","FABP6"
"THC2527464",NA
"NM_002978","SCNN1D"
"THC2716178",NA
"AK090830",NA
"NM_022115","PRDM15"
"XR_017247",NA
"NM_006151","LPO"
"NM_005549","KCNA10"
"AK095050",NA
"THC2668483",NA
"NM_022064","RNF123"
"W60781",NA
"AK130118",NA
"BC007360",NA
"A_24_P739785",NA
"NM_014321","ORC6"
"BC044941",NA
"A_23_P28743",NA
"NM_018430","TSNAXIP1"
"NM_001005207","TRIM37"
"AK098422",NA
"THC2788634",NA
"BC034407",NA
"NM_000481","AMT"
"NM_139313","YME1L1"
"BC090061",NA
"NM_032251","CCDC88B"
"AA687366",NA
"ENST00000339437",NA
"NM_014518","ZNF229"
"THC2645874",NA
"ENST00000269720",NA
"NM_173082","SHPRH"
"AW858928",NA
"NM_000117","EMD"
"A_32_P101799",NA
"NP102221",NA
"XR_016540",NA
"NM_152414","BHLHE22"
"AK096821",NA
"NM_018561","USP49"
"NM_004111","FEN1"
"THC2476224",NA
"NM_006887","ZFP36L2"
"THC2647514",NA
"ENST00000370660",NA
"NM_013995","LAMP2"
"NM_007344","TTF1"
"NM_001176","ARHGDIG"
"NM_002843","PTPRJ"
"A_24_P608790",NA
"NM_176871","PDLIM2"
"A_24_P932168",NA
"BE168511",NA
"NM_173622","CDRT4"
"NM_024734","CLMN"
"AA576497",NA
"NM_021920","SCT"
"A_24_P390974",NA
"NM_004944","DNASE1L3"
"THC2623121",NA
"NM_021639","GPBP1L1"
"NM_001042366",NA
"AI219192",NA
"NR_001434","HLA-H"
"NM_005119","THRAP3"
"NM_176787","PIGN"
"THC2487053",NA
"A_32_P15169",NA
"NM_020800","IFT80"
"NM_016495","TBC1D7"
"AI911586",NA
"A_24_P42140",NA
"BC063383",NA
"ENST00000308989",NA
"THC2726661",NA
"ENST00000305119",NA
"NM_006284","TAF10"
"THC2665077",NA
"NM_005067","SIAH2"
"A_24_P810074",NA
"NM_015073","SIPA1L3"
"NM_201515","PPHLN1"
"AB021923",NA
"NM_024303","ZSCAN5A"
"AK000959",NA
"BC032033",NA
"AW192569",NA
"NM_006324","CFDP1"
"NM_005052","RAC3"
"NM_004173","SLC7A4"
"THC2709049",NA
"NM_001039492","FHL2"
"ENST00000241813",NA
"NM_020186","SDHAF3"
"A_32_P67303",NA
"NM_001012631","IL32"
"NM_012256","ZNF212"
"THC2645839",NA
"A_24_P593724",NA
"NM_017482","ADD2"
"NM_014346","TBC1D22A"
"NM_020734","RIMKLB"
"NM_006742","PSKH1"
"AF030162",NA
"NM_020998","MST1"
"BC029043",NA
"NM_003400","XPO1"
"NM_004462","FDFT1"
"NM_001039091","PRPS2"
"AK056716",NA
"NM_145244","DDIT4L"
"A_24_P221778",NA
"AI123606",NA
"THC2510124",NA
"NM_002829","PTPN3"
"NM_005337","NCKAP1L"
"NM_138809","CMBL"
"CR610925",NA
"NM_024763","DNAI4"
"AK123679",NA
"AI267511",NA
"A_32_P172698",NA
"THC2654273",NA
"NM_017422","CALML5"
"NM_203451","SERTM1"
"BC002534",NA
"NM_004412","TRDMT1"
"A_24_P758256",NA
"AK021820",NA
"A_24_P273004",NA
"A_32_P36709",NA
"THC2672892",NA
"A_32_P220161",NA
"BC030123",NA
"BC010538",NA
"BC028028",NA
"A_24_P943411",NA
"BX113895",NA
"NM_152295","TARS1"
"A_24_P306994",NA
"NM_004126","GNG11"
"NM_017857","SSH3"
"XM_295058",NA
"A_32_P221641",NA
"XR_018768",NA
"A_32_P201792",NA
"THC2510958",NA
"NM_015901","NUDT13"
"THC2739684",NA
"NM_031432","UCK1"
"A_32_P37943",NA
"NM_014881","DCLRE1A"
"NM_005665","EVI5"
"NM_198988","LENG9"
"NM_000954","PTGDS"
"A_32_P188404",NA
"A_32_P155043",NA
"AK125225",NA
"THC2724451",NA
"AF116663",NA
"A_32_P73717",NA
"A_24_P922893",NA
"NM_198841","FAM120AOS"
"NM_020918","GPAM"
"ENST00000315293",NA
"NM_001040702","DEFB104B"
"ENST00000355898",NA
"BM310182",NA
"NM_078468","BCCIP"
"THC2525505",NA
"THC2664135",NA
"NM_021002","IFNA6"
"A_24_P926993",NA
"NM_007009","ZPBP"
"NM_024535","CORO7"
"AK024680",NA
"THC2666227",NA
"NM_080670","SLC35A4"
"NM_152309","PIK3AP1"
"NM_198401","ANKRD46"
"AW972815",NA
"AL049254",NA
"XM_001132409",NA
"NM_004817","TJP2"
"NM_152733","BTBD9"
"THC2657938",NA
"A_32_P222106",NA
"THC2726143",NA
"NM_153818","PEX10"
"NM_032432","ABLIM2"
"AK129956",NA
"NM_004148","NINJ1"
"T19827",NA
"A_24_P941266",NA
"BF827150",NA
"DQ786199",NA
"NM_032192","PPP1R1B"
"AK024224",NA
"NM_000272","NPHP1"
"NM_002476","MYL4"
"XR_019171",NA
"XR_019472",NA
"A_24_P20623",NA
"AY260738",NA
"AK094796",NA
"THC2680257",NA
"NM_006096","NDRG1"
"NM_032673","PCGF1"
"NM_003122","SPINK1"
"THC2652836",NA
"NM_144600","CEP20"
"A_32_P71456",NA
"CR607569",NA
"H92965",NA
"ENST00000376155",NA
"A_24_P852099",NA
"BC049373",NA
"NM_194286","SRRM4"
"NM_012311","KIN"
"THC2637028",NA
"NM_152484","ZNF569"
"NM_001033658","DRC12"
"NM_173698","FAM133A"
"AF090902",NA
"A_24_P944582",NA
"ENST00000303868",NA
"NM_002810","PSMD4"
"AT_ssH_PC_5",NA
"NM_001360","DHCR7"
"NM_022169","ABCG4"
"NM_004609","TCF15"
"NM_007199","IRAK3"
"NM_015361","R3HDM1"
"AF339799",NA
"THC2607120",NA
"A_24_P480464",NA
"NM_007127","VIL1"
"AF305820",NA
"NM_016042","EXOSC3"
"NM_014804","KIAA0753"
"NM_001031695","RBFOX2"
"NM_013366","ANAPC2"
"NM_175064","SPDYE1"
"A_24_P928671",NA
"NM_018993","RIN2"
"XM_001129019",NA
"A_24_P521318",NA
"NM_012447","STAG3"
"NM_004027","INPP4A"
"NM_018896","CACNA1G"
"NM_152713","STT3A"
"BC030713",NA
"NM_173092","KCNH6"
"CR592968",NA
"NM_178326","ATG4B"
"BX393727",NA
"NM_000798","DRD5"
"NM_017742","ZCCHC2"
"NM_015680","CNPPD1"
"AF116652",NA
"NM_152762","TSGA10IP"
"NM_015911","ZNF691"
"NM_152490","B3GALNT2"
"BC112359",NA
"XR_018626",NA
"NM_024830","LPCAT1"
"AK127048",NA
"NM_021158","TRIB3"
"BC015836",NA
"NM_002529","NTRK1"
"NM_017548","CDV3"
"ENST00000273582",NA
"NM_148977","PANK1"
"NM_144641","PPM1M"
"NM_012229","NT5C2"
"NM_017525","CDC42BPG"
"A_24_P186764",NA
"AK098124",NA
"DB134736",NA
"THC2628231",NA
"AW235110",NA
"NM_178860","SEZ6"
"A_24_P135391",NA
"AF113009",NA
"BC016338",NA
"AA707467",NA
"AK093982",NA
"ENST00000383706",NA
"XR_015936",NA
"NM_004090","DUSP3"
"ENST00000324050",NA
"NM_182961","SYNE1"
"BQ632351",NA
"NM_007208","MRPL3"
"NM_014409","TAF5L"
"ENST00000383548",NA
"NM_033084","FANCD2"
"ENST00000295941",NA
"AF339787",NA
"NM_133509","RAD51B"
"BC037837",NA
"NM_017885","HCFC1R1"
"AY032628",NA
"NM_144652","LETM2"
"AF285606",NA
"BF514513",NA
"ENST00000306750",NA
"NM_181600","KRTAP13-4"
"THC2534144",NA
"BF436751",NA
"A_24_P933249",NA
"NM_003826","NAPG"
"AK056365",NA
"NM_020845","PITPNM2"
"NM_001009820","SNRNP70"
"THC2666329",NA
"NM_016552","ANKMY1"
"NM_006625","SRSF10"
"AK123143",NA
"AI274416",NA
"AK027257",NA
"BM984396",NA
"CD300452",NA
"AK095295",NA
"THC2635386",NA
"NM_021924","CDHR5"
"NM_054110","GALNT15"
"NM_033100","CDHR1"
"NM_001001938","S1PR3"
"NM_001306","CLDN3"
"BQ321120",NA
"BQ674642",NA
"AK131404",NA
"NM_152497","STMN1"
"AK000276",NA
"NM_153638","PANK2"
"NM_197964","FMC1"
"NM_033124","DRC2"
"NM_002528","NTHL1"
"BG721329",NA
"A_24_P314290",NA
"X78261",NA
"NM_001014336","IL31"
"A_24_P272523",NA
"BC010943",NA
"NM_001265","CDX2"
"AK024684",NA
"NM_001003702","ARHGEF35"
"NM_032539","SLITRK2"
"AF086179",NA
"NM_138768","MYEOV"
"NM_175057","TAAR9"
"AL050256",NA
"AK056275",NA
"NM_003458","BSN"
"NM_016228","AADAT"
"NM_001033088","NGRN"
"A_24_P50390",NA
"NM_032735","BEST3"
"AK074662",NA
"NM_004906","WTAP"
"NM_130786","A1BG"
"NM_002729","HHEX"
"A_24_P921801",NA
"THC2551944",NA
"NM_170679","SKP1"
"BM975266",NA
"H01893",NA
"NM_014789","ZNF623"
"BC014643",NA
"NM_022467","CHST8"
"THC2679050",NA
"A_32_P17416",NA
"NM_032827","ATOH8"
"ENST00000354668",NA
"A_32_P160670",NA
"AY098593",NA
"NM_152852","MS4A6A"
"THC2660661",NA
"NM_005154","USP8"
"NM_033284","TBL1Y"
"NM_032862","TIGD5"
"NM_006415","SPTLC1"
"NM_000837","GRINA"
"NM_020999","NEUROG3"
"THC2559669",NA
"AL541613",NA
"AI559980",NA
"NM_002710","PPP1CC"
"NM_018976","SLC38A2"
"THC2572696",NA
"AB209304",NA
"ENST00000375419",NA
"NM_001846","COL4A2"
"BC019060",NA
"BC034817",NA
"NM_001079529","FAM153B"
"AK021458",NA
"NM_005247","FGF3"
"THC2730466",NA
"THC2716080",NA
"BC015129",NA
"AL833294",NA
"AJ000096",NA
"NM_003309","TSPYL1"
"NM_003887","ASAP2"
"NM_006165","NFRKB"
"AW771919",NA
"BC059396",NA
"NM_000054","AVPR2"
"NM_003410","ZFX"
"BC002470",NA
"NM_018441","PECR"
"XM_001127131",NA
"NM_001025200","CTRB2"
"NM_012331","MSRA"
"NM_032601","MCEE"
"NM_017488","ADD2"
"BC004884",NA
"NM_012084","GLUD2"
"AK057293",NA
"NM_198513","PHF20L1"
"BC048264",NA
"AF090937",NA
"NM_006189","OMP"
"NM_002589","PCDH7"
"NM_005333","HCCS"
"NM_018327","SPTLC3"
"BC039363",NA
"ENST00000374049",NA
"NM_003491","NAA10"
"NM_004788","UBE4A"
"THC2533016",NA
"BC042517",NA
"A_32_P34064",NA
"NM_005169","PHOX2A"
"NM_138819","PABIR3"
"AK091315",NA
"NM_207332","ERICH1"
"AK026475",NA
"BC071732",NA
"NM_002271","IPO5"
"THC2663614",NA
"NM_017569","SUPT20H"
"THC2636523",NA
"NM_001013579","AWAT1"
"A_23_P207049",NA
"NM_001782","CD72"
"NM_054025","B3GAT1"
"NM_175052","ST8SIA4"
"A_24_P790361",NA
"AW191706",NA
"NM_018159","NUDT11"
"NM_015138","RTF1"
"NM_001001561","GGA1"
"NM_022074","FAM111A"
"ENST00000340621",NA
"A_24_P84608",NA
"AK000815",NA
"THC2520461",NA
"NM_152621","SGMS2"
"THC2696614",NA
"XR_017139",NA
"NM_001126","ADSS2"
"NM_000396","CTSK"
"NM_015272","RPGRIP1L"
"A_23_P206741",NA
"ENST00000360151",NA
"BC028022",NA
"AK026938",NA
"AK024490",NA
"NM_001031855","LONRF3"
"A_32_P36280",NA
"NM_005589","ALDH6A1"
"AL162045",NA
"AK126415",NA
"NM_001039145","WBSCR23"
"NM_012092","ICOS"
"NM_017880","C2orf42"
"AK022268",NA
"NR_002578","GAS5"
"XR_019529",NA
"NM_006904","PRKDC"
"NM_024781","CCDC102B"
"NM_178273","PILRA"
"NM_080599","UPF2"
"AF161533",NA
"AF086126",NA
"THC2723431",NA
"NM_018052","VAC14"
"NM_171982","TRIM35"
"BQ447335",NA
"NM_005410","SELENOP"
"NM_003601","SMARCA5"
"NM_022449","RAB17"
"NM_018405","COPRS"
"NM_174887","IFT20"
"THC2505403",NA
"A_23_P113762",NA
"BC088374",NA
"NM_145266","NUDCD2"
"AF001542",NA
"NM_003054","SLC18A2"
"AK058196",NA
"A_24_P106166",NA
"A_24_P399341",NA
"NM_021190","PTBP2"
"A_32_P233569",NA
"THC2586544",NA
"DQ786194",NA
"A_32_P88605",NA
"NM_021828","HPSE2"
"NM_003550","MAD1L1"
"THC2482196",NA
"NM_031937","TBC1D10A"
"NM_006044","HDAC6"
"NM_000689","ALDH1A1"
"NM_139125","MASP1"
"ENST00000389477",NA
"NM_014425","INVS"
"AF034176",NA
"A_32_P112263",NA
"AA627222",NA
"ENST00000305752",NA
"ENST00000382416",NA
"A_32_P92500",NA
"NM_015215","CAMTA1"
"BC073870",NA
"NM_181784","SPRED2"
"ENST00000381046",NA
"NM_152482","C19orf25"
"NM_003492","TMEM187"
"A_24_P639321",NA
"A_24_P934653",NA
"NM_003061","SLIT1"
"NM_015974","CRYL1"
"AL137709",NA
"NM_145644","MRPL35"
"U92992",NA
"A_32_P124392",NA
"THC2694693",NA
"A_24_P915764",NA
"AK092338",NA
"ENST00000339446",NA
"BU618279",NA
"THC2709260",NA
"NM_138789","PIH1D2"
"NM_152281","GORAB"
"NM_017820","EXD3"
"NM_004573","PLCB2"
"NM_015209","KAZN"
"A_24_P549927",NA
"NM_031304","DOHH"
"NM_003302","TRIP6"
"AJ251708",NA
"NM_017986","SLC52A1"
"NM_052938","FCRL1"
"NM_000377","WAS"
"NM_001007279","RASL10A"
"BC019341",NA
"BC035960",NA
"A_24_P93184",NA
"NM_003775","S1PR4"
"ENST00000381158",NA
"NM_022768","RBM15"
"NM_001039382","ZNF252P-AS1"
"NM_178841","RNF166"
"AI652176",NA
"NM_004382","CRHR1"
"THC2670523",NA
"THC2694227",NA
"AF268617",NA
"NM_013380","ZNF112"
"NM_018723","RBFOX1"
"ENST00000260276",NA
"NM_013382","POMT2"
"BC038512",NA
"NM_152355","ZNF441"
"ENST00000323800",NA
"NM_004984","KIF5A"
"NM_152360","ZNF573"
"NM_032348","MXRA8"
"BC034142",NA
"A_24_P846810",NA
"NM_005143","HP"
"NM_007211","RASSF8"
"AK126814",NA
"NM_182530","MYRFL"
"NM_181538","GJC3"
"NM_004219","PTTG1"
"A_24_P616082",NA
"ENST00000375268",NA
"NM_003834","RGS11"
"A_24_P101426",NA
"ENST00000294663",NA
"NM_182508","FAM216B"
"NM_004825","CDY2A"
"NM_024327","ZNF576"
"NM_000282","PCCA"
"NM_017521","FEV"
"NM_003904","ZPR1"
"BC012876",NA
"BC040991",NA
"ENST00000382591",NA
"XR_017499",NA
"AL831922",NA
"NM_002034","FUT5"
"NM_000537","REN"
"U80739",NA
"AY513723",NA
"NM_181688","KRTAP10-10"
"L34035",NA
"NM_012215","OGA"
"A_32_P162958",NA
"AF116716",NA
"NM_030797","CYRIA"
"AL109783",NA
"AK055439",NA
"AK131277",NA
"NM_173358","SSX7"
"A_24_P921376",NA
"CR611098",NA
"ENST00000360040",NA
"A_24_P534133",NA
"AK092138",NA
"NM_017516","RAB39A"
"NM_152453","TMCO5A"
"NM_207380","CCDC9B"
"THC2769342",NA
"AK000257",NA
"NM_002356","MARCKS"
"THC2611641",NA
"NM_152319","C12orf54"
"NM_022371","TOR3A"
"NM_020970","ANKRD36B"
"NM_003546","H4C13"
"NM_003331","TYK2"
"NM_005804","DDX39A"
"BX111600",NA
"NM_012162","FBXL6"
"NM_000936","PNLIP"
"BC021928",NA
"NM_015363","ZIM2"
"BC038207",NA
"NM_138327","TAAR1"
"THC2557387",NA
"NM_001042471","GSDMB"
"NM_005159","ACTC1"
"A_24_P531074",NA
"NM_005324","H3-3B"
"NM_001006683","SPIN2B"
"NM_153218","LACC1"
"NM_178423","HDAC9"
"AA807748",NA
"NM_001666","ARHGAP4"
"NM_001005340","GPNMB"
"ENST00000262969",NA
"NM_003519","H2BC13"
"AK023354",NA
"AL713718",NA
"NM_015695","BRPF3"
"BC010009",NA
"A_32_P89049",NA
"NM_153330","DNAJB8"
"ENST00000362792",NA
"NM_182734","PLCB1"
"NM_178172","GPIHBP1"
"DB527271",NA
"NM_016094","COMMD2"
"NM_015299","KHNYN"
"NM_032256","TMEM117"
"NM_001005275","OR4A15"
"AJ291676",NA
"AA428090",NA
"NM_001040664","PPAN-P2RY11"
"AL157426",NA
"ENST00000296328",NA
"NM_001017995","SH3PXD2B"
"AW138903",NA
"NM_003094","SNRPE"
"AF152351",NA
"ENST00000341154",NA
"NM_013233","STK39"
"THC2586456",NA
"A_24_P931804",NA
"A_24_P913405",NA
"NM_001017969","BRD10"
"NM_014656","KIAA0040"
"NM_139171","STARD6"
"NM_002910","RENBP"
"A_24_P524519",NA
"NM_173804","TMEM86B"
"NM_002300","LDHB"
"A_24_P349580",NA
"AK126594",NA
"NM_016078","TVP23B"
"CR618217",NA
"NM_024335","IRX6"
"AW804939",NA
"NM_152688","KHDRBS2"
"NM_138802","ZFAND2B"
"AK023110",NA
"THC2584954",NA
"AF113698",NA
"THC2713545",NA
"NM_004653","KDM5D"
"NM_000118","ENG"
"NM_003388","CLIP2"
"BC033110",NA
"NM_144969","ZDHHC15"
"NM_005587","MEF2A"
"NM_005004","NDUFB8"
"BC054888",NA
"NM_030807","SLC2A11"
"NM_001005372","METTL2A"
"ENST00000378252",NA
"NM_001077693","ECSCR"
"NM_001008661","KYAT3"
"NM_001042572","CHD2"
"U50536",NA
"CD370114",NA
"NM_152600","ZNF579"
"NM_030891","LRRC3"
"NM_207107","HAUS7"
"THC2500665",NA
"A_32_P24295",NA
"NM_022468","MMP25"
"NM_003284","TNP1"
"NM_002491","NDUFB3"
"CB852269",NA
"THC2516487",NA
"NM_001470","GABBR1"
"NM_198514","NHLRC2"
"THC2550474",NA
"A_24_P933372",NA
"NM_030793","FBXO38"
"NM_002503","NFKBIB"
"THC2688475",NA
"AI720033",NA
"XR_019349",NA
"NM_145051","RNF183"
"NM_033400","ZFHX2"
"NM_003167","SULT2A1"
"NM_138703","MAGEE2"
"THC2673285",NA
"NM_152548","FAM81B"
"NM_002107","H3-3A"
"NM_176887","TAS2R46"
"THC2744399",NA
"NM_007184","NISCH"
"NM_017702","DEF8"
"NM_001039897",NA
"NM_197956","NAIF1"
"NM_198148","CPXM2"
"BC106057",NA
"CB305813",NA
"NM_080732","EGLN2"
"NM_004280","EEF1E1"
"AK055181",NA
"AK096014",NA
"THC2642212",NA
"NM_178536","LCN12"
"NM_014018","MRPS28"
"BC062636",NA
"NM_173650","DNAJC5G"
"THC2774873",NA
"A_23_P10605",NA
"NM_013341","OLA1"
"A_24_P33403",NA
"NM_004085","TIMM8A"
"NM_052850","GADD45GIP1"
"AF238487",NA
"AF156973",NA
"NM_152543","SPMIP2"
"AF119886",NA
"A_24_P153002",NA
"NM_182758","WDR72"
"NM_001039966","GPER1"
"NM_014694","ADAMTSL2"
"NM_002521","NPPB"
"A_24_P633686",NA
"NM_003350","UBE2V2"
"AK057320",NA
"XR_018217",NA
"A_32_P131449",NA
"NP086850",NA
"NM_197941","ADAMTS6"
"AF465407",NA
"NM_020148","SPIRE1"
"AK001101",NA
"AK021866",NA
"A_24_P922979",NA
"NM_018004","TMEM45A"
"NM_001033515","TEKT4P2"
"THC2616697",NA
"AK000028",NA
"NM_178454","DRAM2"
"AA617765",NA
"NM_001436","FBL"
"NM_033502","TRERF1"
"A_24_P926875",NA
"NM_176798","P2RY6"
"NM_013272","SLCO3A1"
"A_24_P128255",NA
"BC034574",NA
"NM_014460","CSDC2"
"A_24_P923909",NA
"A_24_P358406",NA
"NM_014465","SULT1B1"
"NM_005896","IDH1"
"NM_002052","GATA4"
"A_24_P701582",NA
"NM_175736","FMNL3"
"A_32_P89415",NA
"AK226066",NA
"CR607939",NA
"NM_024718","RABL6"
"A_32_P157671",NA
"NM_138445","GPR146"
"BF932142",NA
"NM_052867","NALCN"
"NM_018235","CNDP2"
"NM_012191","NAA80"
"NM_130759","GIMAP1"
"NM_004746","DLGAP1"
"A_24_P930482",NA
"AK022678",NA
"ENST00000273064",NA
"BC014938",NA
"NM_153273","IP6K1"
"NM_000169","GLA"
"NM_031889","ENAM"
"NM_018433","KDM3A"
"BM678897",NA
"NM_017575","SMG6"
"NM_020548","DBI"
"THC2651036",NA
"NM_020927","VAT1L"
"CR606630",NA
"ENST00000244249",NA
"NM_001040140",NA
"AB058754",NA
"AK074191",NA
"AK021606",NA
"THC2707049",NA
"AK098126",NA
"NM_002864","PZP"
"NM_031294","DRC3"
"BM981574",NA
"THC2493621",NA
"A_24_P920038",NA
"NM_012281","KCND2"
"NM_198949","NUDT1"
"NM_181985","LILRA5"
"NM_001002294","FMO3"
"AL117511",NA
"NM_001005526","SF3B1"
"A_32_P220567",NA
"NM_000156","GAMT"
"THC2690338",NA
"A_32_P194887",NA
"A_23_P204225",NA
"ENST00000306804",NA
"THC2733316",NA
"CA314185",NA
"NM_002544","OMG"
"THC2714497",NA
"NM_002138","HNRNPD"
"NM_052926","PNMA5"
"NM_033088","STRIP1"
"A_24_P753638",NA
"NM_133452","RAVER1"
"NM_052886","MAL2"
"NM_001039693","TYW5"
"NM_002862","PYGB"
"AF289596",NA
"ENST00000337682",NA
"NM_004446","EPRS1"
"NM_002436","MPP1"
"NM_017935","BANK1"
"ENST00000308077",NA
"NM_001077620","PRCD"
"NM_003381","VIP"
"NM_173631","ZNF547"
"NM_018100","EFHC1"
"NM_004107","FCGRT"
"NM_130810","DNAAF4"
"NM_001254","CDC6"
"ENST00000316859",NA
"NM_003034","ST8SIA1"
"NM_000534","PMS1"
"AK096104",NA
"BM723547",NA
"NM_020163","SEMA3G"
"NM_153376","CFAP184"
"ENST00000284293",NA
"CR620567",NA
"ENST00000316634",NA
"AK094477",NA
"NM_133264","WIPF2"
"THC2678919",NA
"BC001576",NA
"A_32_P213469",NA
"XR_015600",NA
"BG292169",NA
"XM_001130995",NA
"NM_000747","CHRNB1"
"DA422275",NA
"NM_013275","ANKRD11"
"NM_016056","TMBIM4"
"XM_373495",NA
"NM_002236","KCNF1"
"BC026081",NA
"THC2754547",NA
"XR_019536",NA
"BC030752",NA
"NM_172251","MRPL54"
"A_24_P306614",NA
"XR_018883",NA
"THC2497780",NA
"NM_032866","CGNL1"
"NM_022894","PAPOLG"
"NM_024066","ERI3"
"NM_020440","PTGFRN"
"NM_016138","COQ7"
"NM_004461","FARSA"
"ENST00000307437",NA
"BC031604",NA
"AK097517",NA
"NM_016098","MPC1"
"NM_032412","CYSTM1"
"THC2685994",NA
"A_24_P306585",NA
"NM_145298","APOBEC3F"
"NM_000933","PLCB4"
"NM_004896","VPS26A"
"AA431401",NA
"NM_003226","TFF3"
"AF435956",NA
"NM_181645","DEUP1"
"BC000853",NA
"THC2685559",NA
"A_24_P483374",NA
"XR_017289",NA
"NM_005717","ARPC5"
"NM_017941","MTNAP1"
"A_24_P392312",NA
"ENST00000304181",NA
"XR_018209",NA
"XR_018091",NA
"AY008410",NA
"NM_144599","NIPA1"
"AK074670",NA
"NM_006498","LGALS2"
"CR936642",NA
"NM_015012","TMEM41B"
"NM_001017926","ZHX1"
"BU153693",NA
"CR622110",NA
"NM_198560","LHFPL4"
"BI256572",NA
"ENST00000319327",NA
"BC002431",NA
"NM_153681","PIGP"
"THC2697412",NA
"THC2526427",NA
"NM_001034852","SMOC1"
"BC023288",NA
"NM_004345","CAMP"
"NM_032147","USP44"
"ENST00000366577",NA
"ENST00000289105",NA
"THC2632459",NA
"CR598179",NA
"NM_001040100","SPTSSB"
"A_24_P400970",NA
"AF212044",NA
"NM_021627","SENP2"
"THC2539634",NA
"THC2689175",NA
"NM_016196","RBM19"
"NM_001025091","ABCF1"
"NM_203350","ZRANB2"
"ENST00000316131",NA
"NM_032631","HDGFL2"
"NM_007168","ABCA8"
"ENST00000297540",NA
"NM_173519","CLVS1"
"NM_020812","DOCK6"
"NM_002311","LIG3"
"NM_004430","EGR3"
"NM_001042758","SRGAP2"
"NM_024607","PPP1R3B"
"NM_014034","ASF1A"
"NM_019080","NDFIP2"
"NM_001025356","ANO6"
"NM_182920","ADAMTS9"
"AI827481",NA
"NM_000393","COL5A2"
"A_24_P930829",NA
"THC2532927",NA
"A_24_P195454",NA
"NM_024333","FSD1"
"NM_002968","SALL1"
"AK023228",NA
"AK124598",NA
"BX248259",NA
"XM_001130569",NA
"CR597240",NA
"NM_017851","PARP16"
"THC2667213",NA
"A_24_P384604",NA
"THC2641682",NA
"AK001406",NA
"THC2530054",NA
"NM_033405","HELZ2"
"NM_005071","SLC1A6"
"NM_005301","GPR35"
"NM_001004333","RNASEK"
"ENST00000355793",NA
"AJ457067",NA
"NM_014267","C11orf58"
"NM_016016","SLC25A39"
"D13814",NA
"A_24_P938243",NA
"NM_152637","TMT1B"
"A_24_P324606",NA
"AF090899",NA
"THC2720561",NA
"NM_001742","CALCR"
"NM_181882","PRX"
"AW316654",NA
"AK096973",NA
"ENST00000319246",NA
"NM_133466","ZFP82"
"NM_025133","FBXO11"
"NM_001249","ENTPD5"
"NM_033118","MYLK2"
"ENST00000371207",NA
"NM_000780","CYP7A1"
"BC022054",NA
"A_24_P622697",NA
"NM_007114","TMF1"
"NM_004088","DNTT"
"NM_003756","EIF3H"
"NM_000365","TPI1"
"THC2554498",NA
"BC036201",NA
"NM_001974","ADGRE1"
"AL137475",NA
"AA702627",NA
"THC2720182",NA
"ENST00000304372",NA
"A_24_P289573",NA
"NM_024627","RTL10"
"AF086321",NA
"NM_080667","CFAP36"
"BC044845",NA
"NM_013385","CYTH4"
"BC000134",NA
"NM_197954","CLEC7A"
"A_32_P145159",NA
"A_24_P924567",NA
"NM_017626","DNAJB12"
"ENST00000388915",NA
"NM_032785","AGBL4"
"NM_052840","CELF6"
"AK000900",NA
"AK090969",NA
"NM_014555","TRPM5"
"A_32_P114268",NA
"NM_017925","DENND4C"
"NM_003697","OR5F1"
"AF075112",NA
"NM_033085","FATE1"
"ENST00000308384",NA
"A_24_P934434",NA
"THC2479747",NA
"ENST00000254846",NA
"NM_006361","HOXB13"
"NM_030626","LRRC27"
"NM_016192","TMEFF2"
"AK098160",NA
"A_24_P631625",NA
"NM_006582","GMEB1"
"BC025026",NA
"NM_000512","GALNS"
"NM_017697","ESRP1"
"NM_003534","H3C8"
"BU632168",NA
"NM_148179","RPP25L"
"NM_006288","THY1"
"AK094895",NA
"M96686",NA
"AK026418",NA
"NM_002702","POU6F1"
"NM_003885","CDK5R1"
"NM_144660","SAMD8"
"NR_002830","GEMIN8P4"
"NM_004270","MED7"
"ENST00000302942",NA
"ENST00000370238",NA
"NM_003731","SSNA1"
"BU685399",NA
"NM_080678","UBE2F"
"THC2721501",NA
"NM_020708","SLC12A5"
"NM_178012","TUBB2B"
"BC037918",NA
"NM_152599","MFSD6L"
"NM_021943","ZFAND3"
"NM_017917","PPP2R3C"
"CR619805",NA
"NM_033069","GFOD1"
"NM_019082","DDX56"
"NM_001548","IFIT1"
"NM_015193","ARC"
"NM_001233","CAV2"
"ENST00000380410",NA
"THC2734788",NA
"AL713623",NA
"NM_006152","IRAG2"
"NM_017789","SEMA4C"
"NM_031457","MS4A8"
"AF007193",NA
"BC028068",NA
"ENST00000290786",NA
"A_32_P149072",NA
"F13170",NA
"AB209689",NA
"NM_003965","CCRL2"
"NM_014669","NUP93"
"NM_007101","SARDH"
"THC2703583",NA
"NM_015268","DNAJC13"
"NM_004352","CBLN1"
"THC2637307",NA
"NM_144675","GSG1L"
"NM_002790","PSMA5"
"AK092522",NA
"NM_003114","SPAG1"
"NM_080474","SERPINB12"
"XR_019283",NA
"NM_005295","GPR22"
"A_24_P203984",NA
"THC2655396",NA
"ENST00000312015",NA
"NM_018319","TDP1"
"NM_080740","ZNF280A"
"NM_006327","TIMM23"
"NM_014227","SLC5A4"
"CR602569",NA
"NM_001007271","DUSP13A"
"NM_007149","ZNF184"
"NM_183404","RBL1"
"NM_014731","LZTS3"
"NM_032907","UBL7"
"NM_003083","SNAPC2"
"AK001019",NA
"NM_138736","GNAO1"
"NM_019893","ASAH2"
"NM_018380","DDX28"
"AF086013",NA
"NM_006122","MAN2A2"
"NM_023067","FOXL2"
"NM_176885","TAS2R31"
"NM_016093","RPL26L1"
"NM_001039372","HEPACAM2"
"XR_018142",NA
"ENST00000294383",NA
"BC035417",NA
"NR_001565",NA
"ENST00000374019",NA
"NM_001010877","ZNF311"
"AK024095",NA
"THC2685965",NA
"NM_173342","KCNIP2"
"NM_206921","CEP85L"
"NM_001005377","PLAUR"
"AK027372",NA
"THC2677783",NA
"NM_032783","CBR4"
"THC2657896",NA
"ENST00000333131",NA
"NM_130899","GARIN3"
"BC031073",NA
"BF688944",NA
"BC029568",NA
"AW292854",NA
"A_24_P638608",NA
"XR_017338",NA
"AK054895",NA
"NM_005641","TAF6"
"NM_003038","SLC1A4"
"NM_017583","TRIM44"
"NM_005390","PDHA2"
"NM_020702","MYORG"
"NM_182569","GDPD1"
"THC2650668",NA
"NM_003000","SDHB"
"NM_019102","HOXA5"
"NM_006246","PPP2R5E"
"NM_175711","SSX3"
"NM_001008211","OPTN"
"BC033020",NA
"NM_019063","EML4"
"AW389914",NA
"AK097574",NA
"THC2511513",NA
"A_32_P200429",NA
"A_24_P746044",NA
"NM_020689","SLC24A3"
"THC2594845",NA
"A_24_P829882",NA
"NM_022166","XYLT1"
"THC2493376",NA
"NM_015340","LARS2"
"NM_030900","TBRG4"
"NM_000806","GABRA1"
"A_24_P832737",NA
"THC2645879",NA
"A_24_P941070",NA
"BX649112",NA
"NM_002027","FNTA"
"BG778254",NA
"AY358179",NA
"NM_014254","RXYLT1"
"M62303",NA
"NM_001037231","LINC00326"
"NM_022114","PRDM16"
"AL137337",NA
"NM_134470","IL1RAP"
"THC2582897",NA
"CR596550",NA
"NM_057161","KLHDC3"
"NM_016573","GMIP"
"NM_173602","DIP2B"
"NM_016538","SIRT7"
"ENST00000376646",NA
"CR620977",NA
"NM_001038618","NARF"
"THC2647160",NA
"A_24_P101146",NA
"ENST00000219090",NA
"NM_016321","RHCG"
"AK023286",NA
"XM_001129548",NA
"NM_182833","GDPD4"
"NM_002538","OCLN"
"AF130101",NA
"NM_004230","S1PR2"
"CB242429",NA
"NM_015421","TMEM186"
"NM_001801","CDO1"
"ENST00000316149",NA
"NM_144706","C2orf15"
"THC2623335",NA
"NM_000303","PMM2"
"BX538272",NA
"AK128769",NA
"AB095943",NA
"NM_020960","GPR107"
"S73205",NA
"CR936711",NA
"AK023628",NA
"AK090499",NA
"NM_001570","IRAK2"
"A_24_P837537",NA
"NM_015481","ZNF385A"
"AY090769",NA
"NM_005891","ACAT2"
"NM_005185","CALML3"
"ENST00000344015",NA
"NM_019844","SLCO1B3"
"NM_182617","ACSM2B"
"NM_003938","AP3D1"
"NM_182767","SLC6A15"
"BF956667",NA
"THC2668853",NA
"BX102475",NA
"A_24_P714707",NA
"NM_004827","ABCG2"
"NM_130807","MOB3A"
"NM_006944","SPP2"
"THC2681889",NA
"NM_017664","ANKRD10"
"NM_001697","ATP5PO"
"NM_024954","UBTD1"
"ENST00000321464",NA
"NM_153446","B4GALNT2"
"NM_003126","SPTA1"
"NM_033402","LRRCC1"
"NM_024690","MUC16"
"THC2541678",NA
"BC045168",NA
"AK023574",NA
"A_24_P33217",NA
"NM_004899","BABAM2"
"ENST00000370892",NA
"BF115114",NA
"NM_001062","TCN1"
"NM_006191","PA2G4"
"ENST00000342294",NA
"ENST00000379547",NA
"NM_031273","TEX13B"
"NM_006947","SRP72"
"NM_139027","ADAMTS13"
"AL571926",NA
"ENST00000375855",NA
"M28219",NA
"THC2526432",NA
"NR_001450","RFPL3S"
"NM_012108","STAP1"
"THC2663846",NA
"NM_014924","ATG14"
"THC2725153",NA
"NM_002857","PEX19"
"NM_012071","COMMD3"
"AK092445",NA
"NM_024762","ZNF552"
"NM_002615","SERPINF1"
"ENST00000379287",NA
"BC067103",NA
"NM_005093","CBFA2T2"
"NM_018960","GNMT"
"NM_014188","SSU72"
"NM_001795","CDH5"
"NM_001423","EMP1"
"NM_138694","PKHD1"
"BC067908",NA
"NM_006172","NPPA"
"NM_052816",NA
"ENST00000367013",NA
"NM_005262","GFER"
"NM_018087","NDC1"
"BC009749",NA
"NM_003129","SQLE"
"ENST00000321792",NA
"NM_052828","TRIM10"
"AK055659",NA
"THC2558941",NA
"NM_173857","VN1R4"
"NM_007317","KIF22"
"A_24_P900721",NA
"A_24_P238666",NA
"NM_000305","PON2"
"NM_014962","BTBD3"
"AK057318",NA
"NM_003090","SNRPA1"
"NM_001037866","RGPD6"
"BC036806",NA
"A_24_P834210",NA
"BC002881",NA
"A_32_P32923",NA
"NM_001457","FLNB"
"THC2560357",NA
"A_24_P934622",NA
"THC2652075",NA
"AK096804",NA
"AK057704",NA
"AI873271",NA
"AK126075",NA
"NM_001793","CDH3"
"NM_006304","SEM1"
"BC027922",NA
"NM_212559","XKRX"
"A_24_P186779",NA
"NM_153267","MAMDC2"
"NR_002226","INGX"
"BC041638",NA
"BC010426",NA
"NM_138614","DHX30"
"A_32_P210311",NA
"AI374885",NA
"A_24_P914895",NA
"NM_032300","TCHP"
"D87470",NA
"BC004103",NA
"A_24_P862524",NA
"THC2726026",NA
"NM_145034","TOR1AIP2"
"A_24_P911306",NA
"AL137668",NA
"THC2710211",NA
"ENST00000338660",NA
"BX116245",NA
"THC2740030",NA
"NM_022489","INF2"
"NM_015420","DCAF13"
"NM_003876","TMEM11"
"NM_178539","TAFA2"
"NM_016256","NAGPA"
"AY429544",NA
"A_23_P9707",NA
"NM_152620","TRIM60"
"A_32_P190944",NA
"THC2695840",NA
"NM_005184","CALM3"
"U82382",NA
"NM_002201","ISG20"
"NM_152630","TENT5D"
"NM_012202","GNG3"
"AF039564",NA
"ENST00000261741",NA
"NM_001039717","ABHD18"
"NM_000702","ATP1A2"
"A_24_P324506",NA
"NM_152350","SNHG29"
"NM_020423","SCYL3"
"NM_144725","TTC23L"
"NM_001005189","OR6Y1"
"AF116687",NA
"AK096567",NA
"NM_032517","LYZL1"
"NM_012453","TBL2"
"NM_152367","MAB21L3"
"NM_005575","LNPEP"
"THC2649363",NA
"A_32_P200025",NA
"ENST00000323383",NA
"NM_017822","KANSL2"
"NM_014142","NUDT5"
"NM_006334","OLFM1"
"A_24_P916743",NA
"NM_002984","CCL4"
"ENST00000217537",NA
"A_32_P186348",NA
"THC2498312",NA
"NM_001013748","FKBP6P2"
"NM_177403","RAB7B"
"D63478",NA
"NM_006629","ZNF271P"
"NM_001524","HCRT"
"NM_019599","TAS2R1"
"BC111063",NA
"NM_182796","MAT2B"
"NM_017429","BCO1"
"NM_016111","TELO2"
"NM_023038","ADAM19"
"ENST00000359466",NA
"NM_024632","SAP30L"
"Y15200",NA
"NM_139172","TMEM190"
"AK026225",NA
"XR_018628",NA
"THC2678411",NA
"ENST00000380020",NA
"NM_003493","H3-4"
"NM_173651","FSIP2"
"A_24_P924433",NA
"NM_005999","TSNAX"
"BG201859",NA
"NM_006836","GCN1"
"NM_030809","CSRNP2"
"NM_016400","HYPK"
"A_23_P253168",NA
"AI247465",NA
"NM_003526","H2BC4"
"NM_015201","BOP1"
"NM_019065","NECAB2"
"NM_006298","ZKSCAN8"
"AK097894",NA
"NM_022130","GOLPH3"
"NM_001002006","NT5C1B"
"NM_144594","GTSF1"
"NM_007186","CEP250"
"NM_201553","FGL1"
"NM_178502","DTX3"
"NM_033092","TRIM5"
"THC2620544",NA
"A_24_P943723",NA
"NM_001005325","OR6M1"
"BQ185350",NA
"BX648045",NA
"A_23_P61191",NA
"ENST00000274695",NA
"NM_173578","NDUFV1-DT"
"NM_001008566","TPST2"
"THC2727302",NA
"NM_004942","DEFB4A"
"NM_007063","TBC1D8"
"THC2636500",NA
"NM_018487","TMEM176A"
"NM_003326","TNFSF4"
"NM_182766","AXDND1"
"NM_001003395","TPD52L1"
"THC2515651",NA
"NM_003274","TRAPPC10"
"L10403",NA
"NM_025027","ZNF606"
"NM_014711","CCP110"
"NM_006038","SPATA2"
"NM_202000","ACSM3"
"AW269773",NA
"NM_001042683","SHPRH"
"NM_032776","JMJD1C"
"THC2656875",NA
"BC043259",NA
"A_32_P14737",NA
"AF116611",NA
"THC2526410",NA
"NM_032847","C8orf76"
"A_24_P919403",NA
"NM_005166","APLP1"
"ENST00000325814",NA
"AK021514",NA
"NM_014373","GPR160"
"THC2657259",NA
"NM_173572","CFAP46"
"NM_014547","TMOD3"
"AK098378",NA
"NM_005567","LGALS3BP"
"AF118075",NA
"AW389851",NA
"NM_006869","ADAP1"
"NM_198833","SERPINB8"
"NM_001005747","CACNB4"
"NM_006118","HAX1"
"NM_018293","ZNF654"
"AI627917",NA
"AK128592",NA
"NM_018607","NDUFAF7"
"NM_024908","WDR76"
"NM_022551","RPS18"
"CR597807",NA
"A_24_P524462",NA
"CR622586",NA
"NM_012155","EML2"
"NM_003281","TNNI1"
"A_24_P655888",NA
"NM_032526","NT5C1A"
"NM_018397","CHDH"
"ENST00000367142",NA
"U56433",NA
"NM_004993","ATXN3"
"U79304",NA
"NM_145697","NUF2"
"NM_019055","ROBO4"
"AK124299",NA
"NM_001202","BMP4"
"NM_020979","SH2B2"
"NM_002477","MYL5"
"NM_152542","PPM1K"
"AF161343",NA
"DB324111",NA
"A_24_P940385",NA
"NM_001418","EIF4G2"
"NM_173353","TPH2"
"AA453520",NA
"BX110656",NA
"NM_199186","BPGM"
"NM_004781","VAMP3"
"NM_006311","NCOR1"
"NM_003593","FOXN1"
"NM_032189","ATP11A"
"NM_016478","ZC3HC1"
"BC020909",NA
"A_23_P3083",NA
"NM_023089","CAPN10"
"NM_003505","FZD1"
"AB034694",NA
"NM_006651","CPLX1"
"BG193790",NA
"A_24_P891265",NA
"NM_000945","PPP3R1"
"AA731781",NA
"NM_020421","ADCK1"
"NM_005720","ARPC1B"
"NM_001867","COX7C"
"BC002465",NA
"XM_001133381",NA
"NM_002298","LCP1"
"NM_020546","ADCY2"
"NM_152362","TNFAIP8L1"
"AI608782",NA
"A_32_P209163",NA
"NM_005631","SMO"
"THC2666469",NA
"NM_002930","RIT2"
"NM_001042402","NAAA"
"ENST00000343903",NA
"NM_018164","INTS13"
"NM_003156","STIM1"
"NM_002358","MAD2L1"
"AW631496",NA
"CR603195",NA
"NM_023946","LYNX1-SLURP2"
"NM_016303","TCEAL9"
"THC2651324",NA
"NM_172138","IFNL2"
"NM_024100","WDR18"
"NM_014326","DAPK2"
"NM_025161","FAAP100"
"NM_001001998","EXOSC10"
"XM_292820",NA
"NM_145756","ZNF396"
"NM_031945","TSPAN10"
"THC2583971",NA
"AK091483",NA
"THC2524477",NA
"NM_178556","TRIML1"
"NM_014296","CAPN7"
"A_32_P147797",NA
"A_24_P143785",NA
"NM_053004","GNB1L"
"ENST00000359653",NA
"AB043584",NA
"BX161420",NA
"A_24_P477102",NA
"A_23_P118135",NA
"NM_152610","CCDC185"
"THC2563387",NA
"A_23_P213350",NA
"NM_002486","NCBP1"
"A_32_P164351",NA
"BC011643",NA
"NM_001779","CD58"
"AW673984",NA
"BM511013",NA
"A_24_P943866",NA
"NR_001544","TTTY14"
"NM_014410","CLUL1"
"NM_001007529","FLJ40194"
"NM_152869","RGN"
"NR_001279","CST13P"
"AK093333",NA
"ENST00000377538",NA
"NM_005435","ARHGEF5"
"NM_145290","ADGRA3"
"AK022390",NA
"NM_022749","FHIP2B"
"AF232216",NA
"NM_148896","NPB"
"NM_004108","FCN2"
"NM_170720","KCNJ14"
"A_24_P884690",NA
"THC2636507",NA
"THC2708687",NA
"A_24_P918458",NA
"AA678491",NA
"NM_002883","RANGAP1"
"AK057196",NA
"NM_015553","IPCEF1"
"NM_001698","AUH"
"AV736006",NA
"NM_138418","MCRIP2"
"A_32_P69653",NA
"NM_001007189","IGIP"
"AK123673",NA
"A_24_P921857",NA
"THC2530515",NA
"NM_172311","STON1-GTF2A1L"
"NM_024986","RPS2P45"
"AK097908",NA
"THC2569379",NA
"NM_033191","KRTAP9-4"
"AA513183",NA
"NM_023938","C1orf116"
"NM_002277","KRT31"
"NM_022072","NSUN3"
"NM_000756","CRH"
"NM_181623","KRTAP15-1"
"NM_152290","CFAP107"
"NM_152392","AHSA2P"
"NM_001042780","TNNT3"
"NM_014323","PATZ1"
"NM_001433","ERN1"
"NM_139265","EHD4"
"NM_138451","DRC10"
"XM_927514",NA
"A_32_P158543",NA
"NM_020841","OSBPL8"
"AF007190",NA
"NM_006404","PROCR"
"NM_012228","MSRB2"
"NM_032012","TMEM245"
"BC037244",NA
"BC043607",NA
"THC2729414",NA
"AA435826",NA
"NM_006144","GZMA"
"THC2648791",NA
"AY358239",NA
"NM_018218","USP40"
"BX641014",NA
"ENST00000320202",NA
"ENST00000321662",NA
"BX114143",NA
"BX427588",NA
"BC009979",NA
"NM_004512","IL11RA"
"A_24_P298143",NA
"NM_152323","SPIC"
"NM_013393","MRM2"
"ENST00000321715",NA
"NM_182854","SNX20"
"BC039065",NA
"AL834308",NA
"A_24_P917228",NA
"NM_017933","PID1"
"AJ301561",NA
"A_23_P113811",NA
"AA579646",NA
"AK024956",NA
"NM_005986","SOX1"
"NM_017638","MED18"
"NM_005830","MRPS31"
"NM_001024662","RPL6"
"CA414006",NA
"NM_032528","ST6GAL2"
"NM_025130","HKDC1"
"NM_019618","IL36G"
"A_32_P158376",NA
"NM_138785","GINM1"
"NM_004161","RAB1A"
"NM_015570","AUTS2"
"NM_138408","GTF3C6"
"NM_031267","CDK13"
"AK023663",NA
"NM_018449","UBAP2"
"NM_001005368","ZNF32"
"NM_017691","LRRC49"
"NM_030662","MAP2K2"
"NM_031309","SCRT1"
"A_32_P30187",NA
"NM_016507","CDK12"
"ENST00000373748",NA
"THC2753798",NA
"THC2617368",NA
"NM_002975","CLEC11A"
"NM_013340","PCDHB1"
"A_24_P110591",NA
"NM_021134","MRPL23"
"AK024092",NA
"AK026869",NA
"NM_006200","PCSK5"
"NM_016582","SLC15A3"
"THC2692456",NA
"BC017854",NA
"BX102076",NA
"THC2563568",NA
"NM_133502","ZNF274"
"BC033993",NA
"THC2504193",NA
"NM_001018113","FANCB"
"NM_002818","PSME2"
"AF280547",NA
"NM_001745","CAMLG"
"NM_005796","NUTF2"
"NM_001004323","SPACDR"
"AK022008",NA
"NM_000030","AGXT"
"BC036557",NA
"NM_003278","CLEC3B"
"NM_178429","LCE2C"
"A_24_P525029",NA
"NM_030820","COL21A1"
"NM_001002878","THOC5"
"NM_004982","KCNJ8"
"NM_015430","PAMR1"
"AK097045",NA
"AK001795",NA
"BC094802",NA
"XM_001127349",NA
"NM_006054","RTN3"
"NM_033387","FAM78A"
"THC2698150",NA
"ENST00000252229",NA
"NM_001906","CTRB1"
"AF086156",NA
"ENST00000369797",NA
"NM_001283","AP1S1"
"U62899",NA
"NM_001013680","HTATSF1P2"
"BC015434",NA
"AB007937",NA
"NM_052873","IFT43"
"NM_138330","ZNF675"
"ENST00000381924",NA
"NM_002743","PRKCSH"
"THC2683439",NA
"THC2726048",NA
"NM_003318","TTK"
"A_24_P452293",NA
"BC053858",NA
"NM_000379","XDH"
"NM_183009","VIRMA"
"AK057443",NA
"NM_013938","OR10H3"
"AK074162",NA
"THC2699448",NA
"NM_198055","MZF1"
"BC030635",NA
"NM_145307","RTKN2"
"NM_005090","JMJD7-PLA2G4B"
"NM_002655","PLAG1"
"NM_031900","AGXT2"
"NM_016622","MRPL35"
"THC2709441",NA
"THC2727226",NA
"NM_014969","WDR47"
"NM_001037533","GON4L"
"A_24_P917363",NA
"NM_001007538","SHISA2"
"AK090720",NA
"A_24_P298238",NA
"NM_016950","SPOCK3"
"NM_017515","SLC35F2"
"AK094691",NA
"NM_012482","ZNF281"
"A_23_P84272",NA
"BX433326",NA
"THC2684461",NA
"NM_001039379","NCOR1P1"
"A_23_P32583",NA
"XR_019568",NA
"THC2567195",NA
"NM_014476","PDLIM3"
"NM_024939","ESRP2"
"NM_002445","MSR1"
"AK055939",NA
"NM_145300","ALMS1P1"
"NM_004618","TOP3A"
"THC2571725",NA
"NM_022901","LRRC19"
"THC2719256",NA
"BC037791",NA
"NM_006356","ATP5PD"
"NM_006234","POLR2J"
"NM_173492","PIP5KL1"
"BC015903",NA
"AF070620",NA
"NM_004239","TRIP11"
"AK000038",NA
"AK000908",NA
"AL713654",NA
"AK055841",NA
"BC038806",NA
"NM_080836","STK35"
"A_24_P802963",NA
"NM_002828","PTPN2"
"THC2616195",NA
"NM_013409","FST"
"NM_138983","OLIG1"
"AK128396",NA
"NM_006883","SHOX"
"AB040899",NA
"NM_207354","ANKRD13D"
"XM_097278",NA
"M74509",NA
"NM_001042550","SMC2"
"AI719994",NA
"NM_024959","SLC8B1"
"NM_014641","MDC1"
"AJ406950",NA
"NM_030792","GDPD5"
"NM_030594","CPEB1"
"DB360728",NA
"ENST00000309878",NA
"XR_018269",NA
"THC2658685",NA
"NM_001011547","SLC5A9"
"NR_002947","TCAM1P"
"AK055893",NA
"NM_001042465","PSAP"
"NM_152487","TLCD4"
"NM_139286","CDC26"
"BC064349",NA
"NM_152679","SLC10A4"
"NM_002221","ITPKB"
"AI682237",NA
"NM_032547","SCOC"
"A_24_P126902",NA
"NM_014704","CEP104"
"NM_144709","PUS10"
"ENST00000338205",NA
"NM_018237","CCAR1"
"A_24_P486216",NA
"A_24_P417996",NA
"THC2614203",NA
"NM_000441","SLC26A4"
"A_24_P857002",NA
"NM_023003","TM6SF1"
"BX111592",NA
"NM_017951","SMPD4"
"NM_173080","SPRR4"
"ENST00000267918",NA
"NM_004371","COPA"
"NM_024608","NEIL1"
"NM_181503","EXOSC8"
"NM_012295","CABIN1"
"NM_174889","NDUFAF2"
"CA438288",NA
"NM_174896","C1orf162"
"NM_021159","RAP1GDS1"
"NM_144607","CYB5D1"
"NM_002762","PRM2"
"NM_173582","PGM2L1"
"A_24_P152315",NA
"NM_002808","PSMD2"
"A_32_P159706",NA
"A_24_P922387",NA
"A_23_P87684",NA
"NM_181900","STARD5"
"A_24_P496089",NA
"AK024315",NA
"AK000383",NA
"NM_017631","DDX60"
"NM_152498","CFAP57"
"THC2697029",NA
"AK097709",NA
"NM_004595","SMS"
"A_32_P176790",NA
"AF119888",NA
"AW872828",NA
"NM_015358","MORC3"
"NM_170776","ADGRG3"
"A_24_P636834",NA
"NM_013293","TRA2A"
"BC048298",NA
"NM_005424","TIE1"
"ENST00000317656",NA
"BQ272125",NA
"NM_005870","SAP18"
"NM_182827","FKBP9P1"
"NM_000929","PLA2G5"
"NM_019839","LTB4R2"
"NM_144667","LINC00477"
"BC031042",NA
"ENST00000284676",NA
"BC018597",NA
"A_24_P212654",NA
"AK092594",NA
"NM_138462","ZMYND19"
"NM_080659","C11orf52"
"NM_138804","M1AP"
"NM_006875","PIM2"
"NM_138704","NSMCE3"
"NM_033184","KRTAP2-4"
"AU149534",NA
"A_23_P144208",NA
"NM_000355","TCN2"
"NM_001012991","KNOP1"
"NM_004118","FOXS1"
"NM_052919","CSPG4P5"
"A_24_P341376",NA
"NM_014660","PHF14"
"BC030685",NA
"NM_173469","UBE2Q2"
"ENST00000320216",NA
"NM_194252","TTLL11"
"THC2644855",NA
"AL136922",NA
"A_24_P464273",NA
"A_32_P218707",NA
"BM975332",NA
"A_32_P131870",NA
"THC2657091",NA
"THC2526765",NA
"ENST00000358079",NA
"NM_030781","COLEC12"
"BC064492",NA
"THC2691882",NA
"NM_002911","UPF1"
"NM_005292","GPR18"
"NM_017547","FOXRED1"
"NM_016545","IER5"
"THC2603732",NA
"NM_024902","DNAJC22"
"NM_000145","FSHR"
"NM_182592","YIPF7"
"THC2579654",NA
"AK090602",NA
"XR_016019",NA
"AB082529",NA
"NM_024119","DHX58"
"A_32_P113871",NA
"NM_025107","MYCT1"
"NM_145113","MAX"
"NM_013280","FLRT1"
"AL117482",NA
"NM_004891","MRPL33"
"NM_016929","CLIC5"
"NM_001144","AMFR"
"A_24_P488510",NA
"NM_173566","PRR14L"
"AK025797",NA
"THC2688335",NA
"AL136602",NA
"NM_004644","AP3B2"
"NM_080676","MACROD2"
"A_24_P926478",NA
"NM_145258","LRRIQ3"
"NM_001016","RPS12"
"NM_002567","PEBP1"
"THC2549728",NA
"ENST00000389400",NA
"XR_018903",NA
"BC007784",NA
"NM_183239","GSTO2"
"U73799",NA
"NM_182565","UBALD2"
"NM_153451","LTO1"
"NM_006704","SUGT1"
"NM_016642","SPTBN5"
"NM_002144","HOXB1"
"A_32_P135767",NA
"NM_144980","C6orf118"
"NM_032756","HPDL"
"AK024241",NA
"NM_024676","SH3D21"
"AK056691",NA
"ENST00000357979",NA
"XR_019233",NA
"A_24_P255874",NA
"BF436068",NA
"THC2649791",NA
"AK096041",NA
"NM_032765","TRIM52"
"NM_152494","DCST1"
"NM_000941","POR"
"BQ184357",NA
"A_24_P392436",NA
"AF063695",NA
"ENST00000377028",NA
"AK025576",NA
"NM_198177","MITF"
"NM_000075","CDK4"
"NP511100",NA
"BF826743",NA
"NM_001012502","CFAP157"
"NM_032637","SKP2"
"NM_001033046","CYBC1"
"AK023816",NA
"A_24_P918592",NA
"NM_015062","PPRC1"
"AK097034",NA
"NM_004513","IL16"
"NM_177478","FTMT"
"NM_002944","ROS1"
"NM_152879","DGKD"
"AK074578",NA
"NM_172139","IFNL3"
"NM_013372","GREM1"
"NM_178233","OTOP3"
"NM_145114","MAX"
"AV705991",NA
"XM_001133802",NA
"NM_012062","DNM1L"
"AK056856",NA
"A_24_P212764",NA
"NM_014500","HTATSF1"
"NM_007283","MGLL"
"NM_007153","ZNF208"
"A_24_P204257",NA
"THC2507817",NA
"NM_002593","PCOLCE"
"ENST00000229088",NA
"THC2533088",NA
"A_32_P148407",NA
"A_24_P882666",NA
"NM_144568","PIP4P1"
"D70834",NA
"AK097471",NA
"NM_024571","SNRNP25"
"NM_004616","TSPAN8"
"AK024061",NA
"NM_018651","ZKSCAN7"
"THC2666687",NA
"NM_144650","ADHFE1"
"NM_001017421","POTEKP"
"NM_018161","NADSYN1"
"NM_152759","LRRC43"
"THC2714296",NA
"THC2661318",NA
"THC2610657",NA
"NM_012116","CBLC"
"NM_031890","TMEM121B"
"AB051473",NA
"AK002023",NA
"AK125672",NA
"NM_004328","BCS1L"
"AF116657",NA
"NM_052950","WDFY2"
"NM_138706","B3GNT6"
"A_24_P135933",NA
"NM_022360","EDDM3B"
"NM_002135","NR4A1"
"NM_152456","IL34"
"NM_145251","STYX"
"A_32_P99744",NA
"NM_033319","CENPL"
"ENST00000331195",NA
"NM_001034837","KCNIP1"
"THC2655094",NA
"A_24_P657117",NA
"AY358102",NA
"NM_001031801","LIMK2"
"A_24_P312594",NA
"NM_001013743","TMEM225"
"NM_004073","PLK3"
"NM_002224","ITPR3"
"NM_030818","YJU2B"
"NM_001549","IFIT3"
"NM_018641","CHST12"
"AK090407",NA
"NM_213611","SLC25A3"
"THC2737176",NA
"THC2673062",NA
"THC2677118",NA
"NM_001005522","OR2T8"
"A_24_P930253",NA
"NM_001097","ACR"
"NM_005620","S100A11"
"THC2675496",NA
"NM_170695","TGIF1"
"ENST00000326140",NA
"THC2653820",NA
"ENST00000359236",NA
"NM_002045","GAP43"
"H28997",NA
"CR618615",NA
"A_32_P151087",NA
"AF194971",NA
"THC2701948",NA
"NM_012138","AATF"
"NM_001760","CCND3"
"NM_032180","FAM161A"
"BE835321",NA
"NM_005449","FCMR"
"AL137474",NA
"BC034423",NA
"BC032598",NA
"NM_017859","UCKL1"
"NM_147199","MRGPRX1"
"NM_133375","DIS3L"
"BQ716254",NA
"BC014404",NA
"NM_016018","PHF20L1"
"THC2723523",NA
"THC2574620",NA
"NM_032088","PCDHGA8"
"BC034006",NA
"BC066916",NA
"AK057922",NA
"ENST00000262525",NA
"BC036619",NA
"NM_012392","PEF1"
"NM_004498","ONECUT1"
"NM_022895","C12orf43"
"NM_003355","UCP2"
"NM_013451","MYOF"
"A_32_P144634",NA
"NM_015243","VPS13B"
"NM_022495","PCNX4"
"THC2656690",NA
"NM_005922","MAP3K4"
"NM_005509","DMXL1"
"S72478",NA
"NM_004317","GET3"
"NR_002177","TTTY4C"
"NM_016568","RXFP3"
"NM_003850","SUCLA2"
"BX490547",NA
"NM_152631","FAM47B"
"AK128047",NA
"NM_207296","MBNL1"
"THC2590641",NA
"ENST00000369285",NA
"THC2557626",NA
"A_24_P925673",NA
"CR609342",NA
"A_24_P856176",NA
"BC022398",NA
"NM_001004469","OR10J5"
"NM_002947","RPA3"
"NM_000071","CBS"
"NM_006571","DCTN6"
"NM_004732","KCNAB3"
"NM_003393","WNT8B"
"ENST00000377047",NA
"NM_021015","SSX5"
"NM_000892","KLKB1"
"BC014505",NA
"NM_001103","ACTN2"
"NM_007224","NXPH4"
"AK096506",NA
"AK055504",NA
"NM_152574","TTC39B"
"CR936613",NA
"A_32_P71183",NA
"CR619772",NA
"NM_001005356","POTEG"
"NM_001264","CDSN"
"THC2659348",NA
"NM_006649","UTP14A"
"A_24_P341426",NA
"NM_001032998","KYNU"
"NM_032730","RTN4IP1"
"A_24_P455100",NA
"CR592082",NA
"NM_022336","EDAR"
"ENST00000369572",NA
"A_24_P144314",NA
"BC032569",NA
"A_32_P118959",NA
"AK098644",NA
"BQ130147",NA
"A_24_P877411",NA
"NM_001394","DUSP4"
"BG190682",NA
"NM_001037232","ZNF829"
"A_23_P301803",NA
"ENST00000368025",NA
"A_24_P927245",NA
"NM_017890","VPS13B"
"THC2704037",NA
"BC063426",NA
"NM_003881","CCN5"
"NM_016072","GOLT1B"
"AF143879",NA
"EG328448",NA
"XR_018292",NA
"CR610954",NA
"ENST00000357180",NA
"AK093416",NA
"AA311568",NA
"NM_001365","DLG4"
"AK126987",NA
"NM_021827","CCDC81"
"NM_003439","ZKSCAN1"
"NM_022153","VSIR"
"AK000709",NA
"NM_024581","FAM184A"
"NM_005207","CRKL"
"NM_005429","VEGFC"
"A_24_P341626",NA
"XM_001131685",NA
"NM_080685","PTPN13"
"NM_001148","ANK2"
"NM_017556","FBLIM1"
"AF143331",NA
"XR_016079",NA
"NM_013392","NRBP1"
"XM_940966",NA
"AF086376",NA
"NM_206966","C5orf46"
"AY358705",NA
"NM_001040033","CD53"
"NM_033053","DMRTC1"
"THC2664480",NA
"NM_021067","GINS1"
"A_24_P759241",NA
"NM_006873","STON1"
"BX248748",NA
"AK025573",NA
"AK000760",NA
"NM_005127","CLEC2B"
"NM_014311","SMUG1"
"THC2617584",NA
"NM_001003818","TRIM6"
"NM_005516","HLA-E"
"AK090824",NA
"AL713753",NA
"THC2533854",NA
"NM_022037","TIA1"
"NM_021221","LY6G5B"
"A_24_P914908",NA
"NM_001259","CDK6"
"THC2694828",NA
"ENST00000324414",NA
"AK055959",NA
"NM_005908","MANBA"
"NM_001637","AOAH"
"NM_030787","CFHR5"
"NM_001042762","FIGNL1"
"AK057632",NA
"A_32_P183519",NA
"NM_014735","JADE3"
"BX537946",NA
"NM_014216","ITPK1"
"NM_018302","PGCKA1"
"THC2683470",NA
"AK057152",NA
"NM_004157","PRKAR2A"
"NM_002918","RFX1"
"A_23_P255637",NA
"NM_014710","GPRASP1"
"X57818",NA
"NM_138996","CNTNAP5"
"AK095453",NA
"BF869497",NA
"AK024110",NA
"BC107050",NA
"NM_012111","AHSA1"
"NM_014382","ATP2C1"
"NM_015727","TACR1"
"NM_152387","KCTD18"
"AK027341",NA
"AK128436",NA
"CR595668",NA
"NM_006005","WFS1"
"NM_032507","PGBD1"
"AL833452",NA
"THC2481891",NA
"A_24_P931711",NA
"NM_017745","BCOR"
"NM_003104","SORD"
"AF090884",NA
"XR_019409",NA
"CD743044",NA
"NM_018172","FAM86C1P"
"NM_015291","DNAJC16"
"THC2697162",NA
"A_24_P212355",NA
"NM_001040436","YARS2"
"NM_004096","EIF4EBP2"
"NM_019008","MIEF1"
"NM_173512","SLC38A11"
"NM_005674","ZNF239"
"AK024937",NA
"XM_944412",NA
"NM_138288","SPTSSA"
"NM_002180","IGHMBP2"
"NM_013396","USP25"
"NM_080388","S100A16"
"AK124192",NA
"BC031230",NA
"AK125170",NA
"A_24_P783656",NA
"BX344068",NA
"AL096727",NA
"A_24_P41540",NA
"NM_013402","FADS1"
"BC004936",NA
"THC2572908",NA
"NM_014577","BRD1"
"NM_004206","SEC22C"
"NM_138931","BCL6"
"AI948877",NA
"NM_025214","CCDC68"
"BX104982",NA
"S67289",NA
"AK026760",NA
"THC2676436",NA
"THC2670603",NA
"NM_057176","BSND"
"NM_175078","KRT77"
"XR_017241",NA
"AF086017",NA
"BE836206",NA
"ENST00000373093",NA
"NM_153354","TMEM161B"
"BC037281",NA
"A_24_P914859",NA
"BC037548",NA
"NM_000797","DRD4"
"BF002532",NA
"NM_138422","ADAT3"
"AA004321",NA
"THC2569387",NA
"NM_017714","TASP1"
"NM_173162","KCNH7"
"XM_001126762",NA
"THC2680689",NA
"BC020897",NA
"NM_024683","TEFM"
"X58814",NA
"NM_014991","WDFY3"
"NM_080621","SAMD10"
"NM_001731","BTG1"
"BE719776",NA
"NM_012445","SPON2"
"NM_031948","PRSS27"
"NM_004998","MYO1E"
"NM_173480","ZNF57"
"AJ002425",NA
"CR936651",NA
"NM_004690","LATS1"
"THC2644309",NA
"THC2582042",NA
"AL136830",NA
"NM_003967","TAAR5"
"AK097085",NA
"A_32_P180185",NA
"NM_024722","ACBD4"
"NM_153215","LSMEM2"
"NM_004343","CALR"
"NM_058244","WNT8A"
"THC2746190",NA
"A_24_P350008",NA
"NM_138434","ZBED10P"
"NM_173821","RTP5"
"NM_207365","AADACL2"
"NM_001037234","LINC02912"
"BC067287",NA
"AK057898",NA
"NM_012255","XRN2"
"NM_024556","FAM118B"
"NM_002599","PDE2A"
"A_24_P934667",NA
"A_24_P742420",NA
"X91103",NA
"AF200348",NA
"A_24_P745670",NA
"BC020879",NA
"DB363693",NA
"NM_001012979","TCEAL5"
"NM_005615","RNASE6"
"NM_182523","CMC1"
"A_24_P375132",NA
"NM_145059","FCSK"
"THC2691645",NA
"THC2522342",NA
"BX105253",NA
"NM_005994","TBX2"
"NM_003995","NPR2"
"NM_001009567","MRC1"
"NM_018169","RESF1"
"ENST00000332750",NA
"NM_019592","RNF20"
"DQ786230",NA
"CR613982",NA
"BF575152",NA
"NM_144965","TTC16"
"NM_002638","PI3"
"NM_032855","HSH2D"
"AA554330",NA
"NM_016053","WASHC3"
"THC2701797",NA
"AF193046",NA
"NM_052880","PIK3IP1"
"NM_004082","DCTN1"
"NM_152995","NFXL1"
"NM_201999","ELF2"
"NM_002964","S100A8"
"NM_002700","POU4F3"
"NM_022725","FANCF"
"AK021804",NA
"A_24_P938006",NA
"NM_022082","SLC17A9"
"BC041860",NA
"NM_001005333","MAGED1"
"NR_002940","LRRC37A4P"
"AF086301",NA
"NM_012222","MUTYH"
"CA421238",NA
"NM_001026","RPS24"
"AK023802",NA
"A_24_P59211",NA
"NM_031290","CCDC70"
"NM_014004","PCDHGA8"
"NM_203411","TMEM88"
"NM_133629","RAD51D"
"NM_017600","GOLGA2P5"
"ENST00000373310",NA
"AK055124",NA
"BC047542",NA
"NM_032883","TOX2"
"BM768581",NA
"A_32_P83973",NA
"NM_018836","AJAP1"
"X58739",NA
"THC2524261",NA
"NM_152647","FAM227B"
"NM_001017981","RNF215"
"NM_017938","TMEM255A"
"AF086032",NA
"BC006264",NA
"AK023732",NA
"AF119906",NA
"NM_145037","NXPE3"
"NM_153360","APCDD1L"
"NM_014214","IMPA2"
"L10405",NA
"AK093435",NA
"NM_080593","H2BC12"
"NM_144566","ZNF700"
"NM_001189","NKX3-2"
"BC004397",NA
"THC2571287",NA
"XR_018355",NA
"BI496440",NA
"NM_016305","SS18L2"
"NM_013258","PYCARD"
"AF116655",NA
"NM_004236","COPS2"
"A_24_P715434",NA
"ENST00000323662",NA
"NM_015267","CUX2"
"NM_002094","GSPT1"
"NM_032457","PCDH7"
"NM_006473","TAF6L"
"NM_018956","SPACA9"
"BF965065",NA
"BC022382",NA
"AF334588",NA
"NM_021248","CDH22"
"NM_016542","STK26"
"AA768015",NA
"NM_199051","BRINP3"
"NM_002297","LCN1"
"NM_015316","PPP1R13B"
"NM_003866","INPP4B"
"NM_021949","ATP2B3"
"NM_001068","TOP2B"
"BC070490",NA
"ENST00000367058",NA
"NM_172071","RC3H1"
"THC2783023",NA
"NM_014429","MORC1"
"ENST00000299756",NA
"ENST00000334810",NA
"NM_152286","PNPLA7"
"A_32_P53976",NA
"NM_001012398","AKTIP"
"NM_025087","CWH43"
"NM_002736","PRKAR2B"
"NM_005293","GPR20"
"NM_058189","LINC01547"
"NM_000167","GK"
"ENST00000374717",NA
"ENST00000360166",NA
"NM_020992","PDLIM1"
"NM_173471","SLC25A26"
"NM_016446","TMEM8B"
"THC2646425",NA
"NM_032490","GON7"
"NM_033439","IL33"
"XR_015762",NA
"NM_004483","GCSH"
"THC2676186",NA
"BC014534",NA
"NM_032779","CCDC142"
"BF246504",NA
"AK024488",NA
"A_32_P10165",NA
"NM_000374","UROD"
"AK027225",NA
"ENST00000356216",NA
"NM_001511","CXCL1"
"AF361250",NA
"NM_025158","RUFY1"
"AK026687",NA
"THC2559929",NA
"NM_033543","CEACAM21"
"NM_032565","EBPL"
"NM_006909","RASGRF2"
"NM_001039675","UNC45A"
"NM_017668","NDE1"
"AK027209",NA
"NM_144721","THAP6"
"BG213931",NA
"NM_015979","MED23"
"NM_001042544","LTBP4"
"A_24_P885303",NA
"AK001243",NA
"NM_004775","B4GALT6"
"NM_001025190","MSLNL"
"U08023",NA
"NM_000344","SMN1"
"NM_014352","POU2F3"
"A_32_P11501",NA
"A_24_P940012",NA
"A_24_P923056",NA
"THC2685688",NA
"AK001884",NA
"AI652920",NA
"A_24_P33213",NA
"A_24_P919388",NA
"NM_032933","SLC35D4"
"NM_080677","DYNLL2"
"A_24_P489976",NA
"S77878",NA
"NM_003643","GCM1"
"BC007822",NA
"THC2610143",NA
"NM_002456","MUC1"
"AK057766",NA
"NM_012163","FBXL9P"
"NM_006771","KRT38"
"NM_032545","CFC1"
"NM_002098","GUCA1B"
"NM_018338","CFAP44"
"A_32_P202621",NA
"ENST00000272035",NA
"NM_004685","MTMR6"
"NM_173484","KLF17"
"NM_020429","SMURF1"
"NM_020762","SRGAP1"
"BC105699",NA
"NM_002207","ITGA9"
"NM_030907","CPLANE2"
"NM_006589","ENTREP3"
"NM_024706","ZNF668"
"AL833006",NA
"BX538342",NA
"BE893137",NA
"NM_173551","ANKS6"
"XM_001131466",NA
"NM_001017921","VMAC"
"ENST00000298047",NA
"NM_000292","PHKA2"
"NM_001767","CD2"
"NM_018368","LMBRD1"
"NM_024889","PLEKHS1"
"AK022251",NA
"NM_014632","MICAL2"
"NM_014712","SETD1A"
"NM_001013720","LINC00602"
"AK055141",NA
"NM_001014373",NA
"NM_004068","AP2M1"
"AK025173",NA
"NM_022752","ZNF574"
"NM_014467","SRPX2"
"NM_002470","MYH3"
"NM_181716","CENPV"
"BC037740",NA
"NM_002273","KRT8"
"NM_016369","CLDN18"
"NM_020215","C14orf132"
"NM_032323","TMEM79"
"THC2670384",NA
"NM_020777","SORCS2"
"NM_015226","CLEC16A"
"BG618056",NA
"NM_178468","FAM83C"
"NM_145805","ISL2"
"NM_016162","ING4"
"BX648950",NA
"NM_138358","TIMM29"
"NM_020980","AQP9"
"NM_138333","PABIR1"
"AI143493",NA
"NM_004882","CIRSR"
"A_24_P937281",NA
"NM_032036","IFI27L2"
"AI472054",NA
"BC039524",NA
"XM_208930",NA
"BM914371",NA
"THC2549122",NA
"CR936670",NA
"THC2526269",NA
"ENST00000334647",NA
"XR_018064",NA
"XR_018069",NA
"NM_014872","ZBTB5"
"ENST00000360312",NA
"NM_172249","CSF2RA"
"BC019703",NA
"AK092810",NA
"U14391",NA
"AK095259",NA
"U79301",NA
"THC2680948",NA
"THC2571088",NA
"AK125961",NA
"NM_007366","PLA2R1"
"BU567832",NA
"A_24_P941012",NA
"NM_025082","CENPT"
"AF487338",NA
"NM_005765","ATP6AP2"
"AI743753",NA
"NM_020865","DHX36"
"NM_031427","DNAL1"
"BC028351",NA
"T33495",NA
"NM_001607","ACAA1"
"AA465699",NA
"THC2693652",NA
"AK090485",NA
"NM_001008388","CISD2"
"BC013657",NA
"NM_001024074","HNMT"
"NM_030577","TMEM177"
"ENST00000375664",NA
"XM_496278",NA
"NM_001039842","OXLD1"
"A_32_P55799",NA
"BG115911",NA
"NM_182943","PLOD2"
"A_24_P944490",NA
"NM_153264","COL6A5"
"NM_138714","NFAT5"
"THC2668971",NA
"NM_007341","SH3BGR"
"A_24_P487766",NA
"AF222857",NA
"NM_019605","SERTAD4"
"AK027222",NA
"BC087732",NA
"NM_181706","DNAJC24"
"XR_019546",NA
"AL359596",NA
"NM_002505","NFYA"
"NM_006206","PDGFRA"
"NM_007178","STRAP"
"NM_016327","UPB1"
"NM_054016","SRSF10"
"NM_080668","CDCA5"
"THC2587357",NA
"NM_013444","UBQLN2"
"NM_052858","MARVELD3"
"THC2537219",NA
"NM_152389","CFAP65"
"THC2687466",NA
"ENST00000338146",NA
"A_24_P812172",NA
"BC032420",NA
"A_24_P940244",NA
"BC039256",NA
"AK026235",NA
"THC2577106",NA
"NM_000330","RS1"
"AK125299",NA
"NM_152908","SLC47A2"
"XM_496446",NA
"NM_005187","CBFA2T3"
"NM_005505","SCARB1"
"NM_004249","RAB28"
"BX648831",NA
"A_24_P935417",NA
"BC042947",NA
"THC2719609",NA
"A_24_P110239",NA
"NM_015654","NAT9"
"A_24_P937062",NA
"NM_001009609","SPANXN3"
"THC2681733",NA
"A_24_P582307",NA
"NM_003238","TGFB2"
"BC014395",NA
"T35358",NA
"NM_017757","ZNF407"
"NM_003833","MATN4"
"A_24_P127621",NA
"NM_007360","KLRK1"
"AK123439",NA
"NM_018477","ACTR10"
"NM_133267","GSX2"
"NM_000067","CA2"
"NM_176880","NR2C2AP"
"NM_014389","PELP1"
"NM_021223","MYL7"
"A_32_P205522",NA
"U91329",NA
"AI961578",NA
"THC2677594",NA
"NM_152685","SLC23A1"
"THC2747295",NA
"A_23_P72014",NA
"NM_138370","PKDCC"
"THC2718172",NA
"AK124939",NA
"NM_018308","ACOXL"
"NM_006010","MANF"
"NM_000208","INSR"
"AF440762",NA
"ENST00000186436",NA
"NM_022466",NA
"NM_052947","ALPK2"
"NM_173654","EOGT"
"CR625878",NA
"T11922",NA
"BC036627",NA
"NM_147188","FBXO22"
"A_32_P23154",NA
"X86121",NA
"NM_022483","TMEM267"
"NM_181756","ZNF233"
"NM_022366","TFB2M"
"NM_032095","PCDHGB1"
"NM_152321","ERP27"
"AK097139",NA
"AI241561",NA
"BX648310",NA
"NM_021021","SNTB1"
"NM_002799","PSMB7"
"A_32_P204565",NA
"CR742006",NA
"THC2706230",NA
"THC2689579",NA
"NM_183062","PRSS38"
"NM_152546","SRFBP1"
"NM_173584","CRACR2B"
"A_23_P329062",NA
"NM_001009568","SMPDL3B"
"BC013171",NA
"D14041",NA
"NM_004914","RAB36"
"NM_001004465","OR10H4"
"A_24_P33105",NA
"NM_145029","C6orf136"
"NM_001337","CX3CR1"
"AK022288",NA
"BE672559",NA
"AK055884",NA
"NM_152443","RDH12"
"BF129169",NA
"NM_020451","SELENON"
"NM_145036","CEP112"
"A_24_P921649",NA
"NM_004549","NDUFC2"
"AF130087",NA
"THC2667921",NA
"NM_020151","STARD7"
"AF116621",NA
"NM_017589","BTG4"
"NM_177542","SNRPD2"
"ENST00000383810",NA
"ENST00000335282",NA
"THC2668744",NA
"NM_003521","H2BC14"
"AL137303",NA
"U27333",NA
"A_24_P927254",NA
"NM_002621","CFP"
"NM_000255","MMUT"
"NM_022104","PCIF1"
"BC008667",NA
"NM_006108","SPON1"
"NM_001400","S1PR1"
"BM857492",NA
"NM_021116","ADCY1"
"A_24_P195276",NA
"A_24_P7750",NA
"NM_000277","PAH"
"NM_001006933","TCEAL3"
"NM_006167","NKX3-1"
"A_32_P136614",NA
"NM_007189","ABCF2"
"A_24_P845649",NA
"THC2733540",NA
"NM_207038","TCF12"
"NM_006370","VTI1B"
"NM_133378","TTN"
"A_24_P940079",NA
"NM_001897","CSPG4"
"NM_005918","MDH2"
"J03651",NA
"ENST00000368766",NA
"ENST00000285383",NA
"THC2665933",NA
"BG980953",NA
"THC2507846",NA
"NM_173201","ATP2A1"
"NM_139155","ADAMTS14"
"BX095032",NA
"NM_133479","SLC4A5"
"ENST00000308092",NA
"AK131423",NA
"THC2657612",NA
"NM_206818","OSCAR"
"NM_170724","PKHD1"
"THC2518705",NA
"NM_134266","SLC26A7"
"CR623787",NA
"AF116705",NA
"NM_023925","CAPRIN2"
"NM_003599","SUPT3H"
"A_24_P480722",NA
"NM_001031739","ASB9"
"NM_080706","TRPV1"
"NM_024579","C1orf54"
"BC034629",NA
"BC071826",NA
"NM_015981","CAMK2A"
"AK023635",NA
"NM_003883","HDAC3"
"NM_002637","PHKA1"
"XM_291989",NA
"NM_002199","IRF2"
"NM_145727","LPAL2"
"AK091914",NA
"NM_004052","BNIP3"
"NM_004045","ATOX1"
"NM_153254","TTLL10"
"AK123483",NA
"BC034424",NA
"NM_001003676","CSTPP1"
"AK021546",NA
"NM_001040667","HSF4"
"THC2724034",NA
"BQ223486",NA
"NM_012086","GTF3C3"
"NM_182506","MAGEB10"
"ENST00000321614",NA
"THC2591480",NA
"ENST00000382261",NA
"NM_152396","METTL6"
"ENST00000380186",NA
"NM_182476","COQ6"
"NM_005869","CWC27"
"AK127362",NA
"NM_182795","NPM2"
"A_32_P219704",NA
"A_32_P108420",NA
"BC022827",NA
"NM_014678","PPP6R2"
"NM_003482","KMT2D"
"NM_145637","APOL2"
"NM_152299","NCAPH2"
"NM_199248","CACNB1"
"ENST00000379528",NA
"XR_017295",NA
"BC030655",NA
"BC070210",NA
"AK096134",NA
"THC2651556",NA
"AB040941",NA
"NM_015568","PPP1R16B"
"NM_001035518","CEP250"
"AI206757",NA
"ENST00000328043",NA
"NM_015198","COBL"
"BC028591",NA
"NM_145046","CALR3"
"NM_004820","CYP7B1"
"A_24_P928031",NA
"NM_018371","CSGALNACT1"
"ENST00000359491",NA
"THC2497143",NA
"XR_019180",NA
"NM_006627","POP4"
"A_24_P341126",NA
"NM_181782","NCOA7"
"THC2717825",NA
"NM_016129","COPS4"
"T25391",NA
"ENST00000361453",NA
"NM_001032281","TFPI"
"AK054990",NA
"THC2644861",NA
"A_23_P10525",NA
"THC2637849",NA
"NM_012144","DNAI1"
"NM_014062","NOB1"
"NM_021257","NGB"
"NM_003783","B3GALT2"
"AF180519",NA
"NM_023926","ZSCAN18"
"NM_004649","GATD3"
"A_32_P218079",NA
"NM_013434","KCNIP3"
"NM_018670","MESP1"
"A_32_P225328",NA
"NM_080661","GLYATL1"
"NM_002850","PTPRS"
"A_23_P9509",NA
"NM_199427","ZFP64"
"NM_032126","TEX35"
"NM_145292","GALNTL5"
"NM_025144","ALPK1"
"NM_005296","LPAR4"
"THC2708422",NA
"XR_016918",NA
"NM_004636","SEMA3B"
"NM_153612","HS3ST5"
"NM_153251","ZDHHC20"
"AK125846",NA
"THC2643265",NA
"NM_015626","WSB1"
"NM_005201","CCR8"
"NM_020402","CHRNA10"
"AL359570",NA
"AK023791",NA
"NM_021132","PPP3CB"
"A_24_P635991",NA
"NM_182826","SCARA3"
"AY037144",NA
"NM_007161","LST1"
"AK126447",NA
"NM_001743","CALM2"
"BI818647",NA
"BC030654",NA
"NM_001012426","FOXP4"
"A_32_P25380",NA
"NM_006346","PIBF1"
"BC089156",NA
"NM_019028","ZDHHC13"
"NM_017766","CASZ1"
"A_24_P50139",NA
"NM_018034","WDR70"
"NM_003419","ZNF345"
"AL713762",NA
"NM_002617","PEX10"
"NM_001014986","FOLH1"
"NM_001006939","LRRC18"
"A_24_P657695",NA
"AK091569",NA
"NM_014698","TMEM63A"
"NM_024525","TTC13"
"AK095600",NA
"NM_007265","ECD"
"NM_054112","DEFB118"
"THC2569209",NA
"NM_019119","PCDHB9"
"NM_032510","PARD6G"
"THC2648250",NA
"A_24_P651859",NA
"A_32_P24338",NA
"NM_148957","TNFRSF19"
"NP111687",NA
"NM_022821","ELOVL1"
"NM_024014","HOXA6"
"A_24_P666795",NA
"NM_000524","HTR1A"
"NM_006920","SCN1A"
"THC2636529",NA
"NM_023076",NA
"ENST00000370237",NA
"AF095737",NA
"NM_014553","TFCP2L1"
"NM_001004302",NA
"CR623296",NA
"AL117481",NA
"NM_002195","INSL4"
"AK123150",NA
"A_23_P83991",NA
"THC2708826",NA
"NM_018428","UTP6"
"AK000130",NA
"NM_003922","HERC1"
"NM_004818","DDX23"
"NM_018699","PRDM5"
"NM_184231","NCKIPSD"
"NM_152476","ZNF560"
"NM_001012959","DISC1"
"AF116678",NA
"AK021616",NA
"ENST00000375256",NA
"A_24_P844470",NA
"NM_001439","EXTL2"
"BX107768",NA
"THC2683356",NA
"A_32_P163558",NA
"NM_002291","LAMB1"
"NM_018936","PCDHB2"
"AK021668",NA
"NM_005138","SCO2"
"NR_001435","HLA-DPB2"
"N59744",NA
"NM_019602","BTNL2"
"NM_032752","ZNF496"
"ENST00000265271",NA
"BC033839",NA
"NM_182909","FILIP1L"
"NM_003459","SLC30A3"
"NM_002645","PIK3C2A"
"A_32_P142160",NA
"AV721971",NA
"NM_014800","ELMO1"
"NM_201222","MAGED2"
"NM_173216","ST6GAL1"
"NM_032307","QNG1"
"AK057071",NA
"AK097854",NA
"A_32_P1869",NA
"NM_145231","EFCAB11"
"THC2676963",NA
"A_32_P136575",NA
"THC2688313",NA
"AK026249",NA
"CR593845",NA
"AK022222",NA
"NM_001076683","UBTF"
"THC2558699",NA
"NM_001001479","SLC35E4"
"NM_033388","ATG16L2"
"AF130099",NA
"A_32_P43415",NA
"NM_005508","CCR4"
"NM_018462","BRK1"
"AB011137",NA
"NM_205545","LYPD2"
"T47335",NA
"AK124072",NA
"A_24_P221724",NA
"NM_003906","MCM3AP"
"AI022779",NA
"NM_018009","TAPBPL"
"AK023743",NA
"NM_005075","SLCO1A2"
"NM_005193","CDX4"
"X86816",NA
"THC2636678",NA
"NM_138399","TMEM44"
"NM_005693","NR1H3"
"AK027361",NA
"NM_002956","CLIP1"
"THC2624264",NA
"XR_019439",NA
"A_24_P279760",NA
"NM_022067","VIPAS39"
"A_24_P933043",NA
"BX115064",NA
"NM_001966","EHHADH"
"BC007778",NA
"NM_018214","LRRC1"
"NM_001031740","MANEAL"
"CD050206",NA
"A_24_P169503",NA
"AK093691",NA
"NM_175769","TCF23"
"THC2494410",NA
"NM_032433","ZNF333"
"NM_032357","VMA22"
"NM_007159","SLMAP"
"AB014581",NA
"NM_020815","PCDH10"
"BC045677",NA
"BC110042",NA
"BI836739",NA
"NP1246069",NA
"AK056630",NA
"NM_003453","ZMYM2"
"AK125648",NA
"THC2645580",NA
"NM_000229","LCAT"
"NM_178466","BPIFA3"
"THC2645690",NA
"NM_001048226","DBNDD2"
"ENST00000251847",NA
"NM_012133","COPG2"
"NM_182643","DLC1"
"NM_012325","MAPRE1"
"AF075008",NA
"A_24_P700941",NA
"AK000327",NA
"NM_000692","ALDH1B1"
"NM_052906","ELFN2"
"ENST00000261651",NA
"AL137284",NA
"NM_032599","GARIN1B"
"NM_005849","IGSF6"
"AK023645",NA
"NM_133444","ZNF526"
"AK128103",NA
"NM_033257","DGCR6L"
"XR_018133",NA
"NM_004988","MAGEA1"
"AK094846",NA
"NM_181832","NF2"
"BC007524",NA
"NM_080423","PTPN2"
"NM_152315","NXPE1"
"AF150420",NA
"CA943539",NA
"NM_002889","RARRES2"
"NM_003960","NAT8"
"AY039244",NA
"NM_005321","H1-4"
"BC014215",NA
"AK074335",NA
"NM_016240","SCARA3"
"NM_144587","BTBD16"
"ENST00000334503",NA
"NM_001015882","DNAJC25"
"NM_145005","C9orf72"
"NM_002233","KCNA4"
"NM_152997","FDCSP"
"AK127569",NA
"ENST00000379019",NA
"NM_020824","ARHGAP21"
"NM_000260","MYO7A"
"AK025669",NA
"BC037882",NA
"NM_021815","SLC5A7"
"NM_018668","VPS33B"
"NM_004935","CDK5"
"NM_024907","FBXO17"
"AK094213",NA
"NM_024054","C7orf25"
"NM_000824","GLRB"
"A_32_P128399",NA
"BX409884",NA
"A_24_P777388",NA
"A_24_P915105",NA
"NM_003181","TBXT"
"THC2696831",NA
"NM_181690","AKT3"
"NM_013358","PADI1"
"NM_021983","HLA-DRB4"
"NM_014767","SPOCK2"
"NM_003569","STX7"
"NM_031467","SLC4A9"
"A_24_P391748",NA
"NM_199133","ATPSCKMT"
"NM_014984","CEP131"
"NM_012308","KDM2A"
"BC029655",NA
"A_24_P799580",NA
"CR618023",NA
"AK123438",NA
"THC2536709",NA
"NM_001013354","OR11H12"
"THC2681673",NA
"NM_145259","ACVR1C"
"THC2609466",NA
"NM_001184","ATR"
"NM_021603","FXYD2"
"NM_006048","UBE4B"
"NM_001523","HAS1"
"NM_138499","PWWP2B"
"NM_174890","ZFAND4"
"BC068045",NA
"NM_152607","CIMAP2"
"NM_023108","FGFR1"
"A_24_P910724",NA
"BF841801",NA
"NM_020769","RTL9"
"CR619110",NA
"THC2675074",NA
"AL133576",NA
"NM_003518","H2BC8"
"NM_138731","MIPOL1"
"AK022083",NA
"AK056230",NA
"ENST00000358870",NA
"AA527754",NA
"AK057670",NA
"NM_178497","ODAPH"
"BC000807",NA
"NM_016451","COPB1"
"A_32_P18630",NA
"NM_001932","MPP3"
"NM_003909","CPNE3"
"NM_001003","RPLP1"
"NM_018339","RFK"
"NM_001010855","PIK3R6"
"AF038194",NA
"BC043173",NA
"THC2637319",NA
"AK025182",NA
"NM_004361","CDH7"
"A_23_P90470",NA
"NM_015893","PRLH"
"NM_004359","CDC34"
"NM_025201","PLEKHO2"
"A_24_P767972",NA
"NM_016230","CYB5R4"
"THC2505102",NA
"A_24_P894763",NA
"NM_003285","TNR"
"NM_032523","OSBPL6"
"THC2577459",NA
"AK023593",NA
"U92025",NA
"NM_080736","WFDC2"
"NM_002642","PIGC"
"THC2633747",NA
"XM_001133211",NA
"NM_016376","ANKFY1"
"NM_002878","RAD51D"
"NM_012206","HAVCR1"
"A_24_P708161",NA
"NM_015540","RPAP1"
"NM_002949","MRPL12"
"THC2579173",NA
"L04336",NA
"AJ291670",NA
"NM_138813","ATP8B3"
"A_32_P102581",NA
"BC063385",NA
"A_24_P587882",NA
"A_24_P932253",NA
"NM_138447","ZNF689"
"NM_172217","IL16"
"NM_020893","CCDC180"
"AK024474",NA
"CX869207",NA
"NM_001018062","MRNIP"
"NM_018071","ARHGEF40"
"NM_006137","CD7"
"THC2613363",NA
"NM_138387","G6PC3"
"A_32_P72682",NA
"NM_001165","BIRC3"
"BC036431",NA
"BC029927",NA
"NM_013452","VCX"
"NM_000975","RPL11"
"AB023218",NA
"NM_022146","NPFFR1"
"A_32_P92922",NA
"A_32_P132422",NA
"NM_019089","HES2"
"NM_031938","BCO2"
"THC2668907",NA
"A_24_P919114",NA
"BC039503",NA
"BE795374",NA
"XR_018702",NA
"NM_024759","NIPAL2"
"NM_001127","AP1B1"
"A_32_P28158",NA
"AK025947",NA
"NM_080475","SERPINB11"
"BC014218",NA
"NM_016951","CKLF"
"ENST00000388816",NA
"NM_153450","MED19"
"ENST00000333066",NA
"NM_002674","PMCH"
"NM_006335","TIMM17A"
"NM_006274","CCL19"
"THC2530075",NA
"NM_024536","CHPF"
"THC2660307",NA
"NM_003968","UBA3"
"NM_005850","SF3B4"
"NM_002148","HOXD10"
"NM_021188","ZNF410"
"NM_014292","CBX6"
"NM_031430","RILP"
"NM_133644","GTPBP3"
"NM_002800","PSMB9"
"NM_033062","KRTAP4-2"
"THC2551477",NA
"NM_178313","SPTBN1"
"AF172328",NA
"AU145544",NA
"NM_201286","USP51"
"NM_006149","LGALS4"
"NM_000805","GAST"
"BC032028",NA
"NM_001042388","PPP4R1"
"NM_152718","VWCE"
"NM_015508","TIPARP"
"NR_002791","EMX2OS"
"NM_145303","OSTCP1"
"NM_175872","ZNF792"
"A_24_P919940",NA
"A_32_P55586",NA
"NM_000574","CD55"
"AF086221",NA
"XR_018135",NA
"XR_018290",NA
"NM_030767","AKNA"
"NM_001013620","ALG10B"
"ENST00000370378",NA
"NM_022059","CXCL16"
"NM_145695","DGKB"
"NM_006695","RUNDC3A"
"NM_001032392","PLGLB1"
"NM_201631","TGM5"
"NM_030813","CLPB"
"A_24_P777185",NA
"AK021693",NA
"NM_001001394","DNAJB3"
"AK024445",NA
"NM_175885","FAM181B"
"AY358109",NA
"NM_019079","L1TD1"
"NM_006354","TADA3"
"NM_032319","PRADC1"
"THC2741486",NA
"AK025434",NA
"NM_018340","CPPED1"
"A_32_P12494",NA
"NM_006077","MICU1"
"AI143116",NA
"CA436590",NA
"NM_013285","GNL2"
"NM_000993","RPL31"
"NM_174932","BPIFC"
"NM_000324","RHAG"
"NM_003476","CSRP3"
"X89741",NA
"H25835",NA
"NM_004805","POLR2D"
"NM_001013621","CHIAP2"
"AF091089",NA
"THC2551317",NA
"NM_006688","C1QL1"
"NM_018847","KLHL9"
"W05707",NA
"A_24_P637226",NA
"BC033615",NA
"THC2688000",NA
"BC032910",NA
"THC2661012",NA
"BC036938",NA
"NM_145267","SDHAF4"
"NM_016075","VPS36"
"NM_003179","SYP"
"NM_024531","SLC52A2"
"NM_152608","SDE2"
"NM_024031","PRR14"
"NM_019884","GSK3A"
"NM_001449","FHL1"
"NM_002571","PAEP"
"AL514561",NA
"AK124663",NA
"AL833283",NA
"THC2509143",NA
"BC009786",NA
"AF119892",NA
"ENST00000270031",NA
"BC062992",NA
"NM_052832","SLC26A7"
"NM_139250","CTAG1A"
"NM_178040","ERC1"
"NM_017818","WRAP73"
"BX645706",NA
"NM_018288","PHF10"
"NM_025227","BPIFB2"
"NM_024674","LIN28A"
"NM_003916","AP1S2"
"ENST00000265986",NA
"NM_001007551","CT45A5"
"NM_001891","CSN2"
"NM_001037126","EXOC4"
"XR_019400",NA
"AI760454",NA
"A_23_P253774",NA
"AK096772",NA
"NM_001465","FYB1"
"BC005130",NA
"NR_003083","SLC6A10P"
"NM_171846","LACTB"
"A_24_P938553",NA
"NM_004974","KCNA2"
"NM_024541","ARMH3"
"NM_032339","MIEN1"
"NM_001030078",NA
"NM_001040025","ARL16"
"NM_001870","CPA3"
"THC2564099",NA
"AF116715",NA
"A_32_P146320",NA
"S75881",NA
"XR_019347",NA
"XR_019386",NA
"AI571129",NA
"NM_012117","CBX5"
"THC2655314",NA
"THC2639184",NA
"NM_001013705",NA
"NM_022480","KLHL25"
"NM_006669","LILRB1"
"NM_018661","DEFB103B"
"NM_198485","TPRG1"
"AB020709",NA
"NM_006051","APBB3"
"NM_003935","TOP3B"
"XR_015971",NA
"AF305822",NA
"XR_018460",NA
"NM_153284","HYAL1"
"AA604115",NA
"NM_001017978","CT83"
"NM_153763","KCNC4"
"A_24_P916182",NA
"NM_006585","CCT8"
"A_24_P807445",NA
"NM_207346","TSEN54"
"THC2637838",NA
"A_24_P213073",NA
"A_24_P566027",NA
"AK097149",NA
"NM_014361","CNTN5"
"AK021906",NA
"NM_078481","ADGRE5"
"NM_002530","NTRK3"
"NM_015253","WSCD1"
"NM_172201","KCNE2"
"BX107899",NA
"BC014983",NA
"NM_014222","NDUFA8"
"A_32_P185628",NA
"BC007984",NA
"AF159055",NA
"NM_178532","RNF180"
"NM_004302","ACVR1B"
"NM_178861","RNF113B"
"THC2626634",NA
"BM982777",NA
"NM_006384","CIB1"
"NM_206836","ECI2"
"XR_015864",NA
"NM_178817","MRAP"
"AW975013",NA
"NM_018667","SMPD3"
"NM_153839","ADGRF2P"
"AK124263",NA
"AK024925",NA
"NM_006841","SLC38A3"
"THC2681410",NA
"NM_004193","GBF1"
"NM_006919","SERPINB3"
"AK092807",NA
"A_24_P24786",NA
"AK092704",NA
"NM_000956","PTGER2"
"NM_152415","VPS37A"
"NM_006449","CDC42EP3"
"NM_013248","NXT1"
"A_24_P926006",NA
"AF533250",NA
"AK057921",NA
"AK021983",NA
"THC2510656",NA
"BE138567",NA
"AK093927",NA
"NM_052872","IL17F"
"BC006314",NA
"AA805504",NA
"NM_022105","DIDO1"
"NM_175734","SPEM2"
"NM_147133","NFX1"
"NM_020485","RHCE"
"ENST00000308436",NA
"NM_021807","EXOC4"
"BX647641",NA
"NM_014220","TM4SF1"
"NM_014112","TRPS1"
"NR_002766","MEG3"
"NM_152466","LINC02210"
"AK001846",NA
"NM_212479","ZMYND11"
"AK092352",NA
"NM_016363","GP6"
"AF426412",NA
"CA433167",NA
"AF289601",NA
"NM_018256","WDR12"
"NM_181738","PRDX2"
"NM_005221","DLX5"
"NM_016587","CBX3"
"U97060",NA
"A_32_P24685",NA
"NM_152363","ANKLE1"
"NM_032557","USP38"
"NM_178148","SLC35B2"
"NM_144680","ZNF18"
"AF119858",NA
"BC027586",NA
"NM_003305","TRPC3"
"AK131521",NA
"NM_014764","DAZAP2"
"A_32_P9737",NA
"BM980603",NA
"NM_013276","SHPK"
"NR_002190","SUMO1P3"
"A_32_P885123",NA
"NM_007131","ZNF75D"
"A_24_P562242",NA
"A_32_P1291",NA
"NM_001001343","FNDC9"
"NM_006332","IFI30"
"BC031979",NA
"AK056119",NA
"THC2555710",NA
"AK023303",NA
"NM_006399","BATF"
"AK056776",NA
"A_32_P6452",NA
"NM_001200","BMP2"
"NM_144636","CHCHD4"
"AA854957",NA
"AL133055",NA
"THC2560137",NA
"THC2622815",NA
"AY014273",NA
"A_32_P185089",NA
"THC2647213",NA
"NM_020806","GPHN"
"NM_003513","H2AC4"
"A_24_P571824",NA
"NM_001171","ABCC6"
"A_24_P933984",NA
"ENST00000368426",NA
"A_24_P924968",NA
"NM_004860","FXR2"
"NM_001001971","FAM13C"
"NM_001025579","NDEL1"
"AI814116",NA
"BM986936",NA
"NM_032875","FBXL20"
"NM_006639","CYSLTR1"
"NM_004047","ATP6V0B"
"A_23_P170551",NA
"AK096580",NA
"NM_024527","ABHD8"
"NM_152408","POC5"
"NM_000257","MYH7"
"CR594200",NA
"NM_015545","PTCD1"
"BX089409",NA
"NM_147156","SGMS1"
"NM_000452","SLC10A2"
"A_24_P392195",NA
"CN414940",NA
"ENST00000372493",NA
"BG199525",NA
"THC2539273",NA
"CR616748",NA
"THC2782843",NA
"AF020645",NA
"NM_174927","SPATA19"
"NM_005864","EFS"
"NM_021177","LSM2"
"AK026612",NA
"AK022110",NA
"NM_152889","CHST13"
"A_32_P142521",NA
"NM_020436","SALL4"
"NM_002855","NECTIN1"
"NM_001355","DDT"
"XR_019611",NA
"BC062368",NA
"BC040870",NA
"NM_145313","RASGEF1A"
"NM_020175","DUS3L"
"AL096748",NA
"NM_178537","B4GALNT4"
"BE826587",NA
"BG547557",NA
"BE924986",NA
"A_24_P931244",NA
"AY358789",NA
"ENST00000303697",NA
"NM_000764","CYP2A7"
"NM_153183","NUDT10"
"A_32_P599",NA
"BQ064481",NA
"BC028207",NA
"A_24_P54230",NA
"XR_019178",NA
"NM_007067","KAT7"
"NM_014359","OPTC"
"THC2663167",NA
"AK091801",NA
"NM_173793","C22orf39"
"AB051439",NA
"THC2697511",NA
"NM_013313","YPEL1"
"NM_198460","GBP6"
"NM_015440","MTHFD1L"
"AK094334",NA
"NM_006461","SPAG5"
"NM_005256","GAS2"
"NM_003301","TRHR"
"NM_024689","DIPK2B"
"NM_203376","TMEM81"
"AI090268",NA
"NM_006296","VRK2"
"NM_173360",NA
"THC2713710",NA
"NM_153646","SLC24A4"
"ENST00000372583",NA
"NM_018330","SHTN1"
"NM_130434","DPP8"
"A_32_P212958",NA
"NM_014469","RBMXL2"
"AK092895",NA
"NM_015106","RAD54L2"
"NM_002252","KCNS3"
"ENST00000383513",NA
"NM_144972","LDHAL6A"
"NM_152462","SLC35G3"
"AU157551",NA
"NM_016289","CAB39"
"NM_001239","CCNH"
"A_24_P887805",NA
"NM_006388","KAT5"
"A_24_P483213",NA
"AF086375",NA
"NM_002903","RCVRN"
"NM_032017","STK40"
"NM_024007","EBF1"
"NM_052960","RBP7"
"NM_005556","KRT7"
"NM_001013442","EPGN"
"NM_003604","IRS4"
"BX647685",NA
"NM_001008739","PEX39"
"NM_004258","CD101"
"NM_000517","HBA2"
"NM_138927","SON"
"THC2701088",NA
"NM_019069","WDR5B"
"BX100171",NA
"NM_021098","CACNA1H"
"A_24_P475115",NA
"BX091362",NA
"AF289566",NA
"THC2760643",NA
"AF334184",NA
"NM_005946","MT1A"
"NM_015603","CCDC9"
"NM_032797","AIFM2"
"A_24_P932125",NA
"AK023682",NA
"NM_015069","ZNF423"
"AK094117",NA
"NM_004422","DVL2"
"BG191465",NA
"THC2746310",NA
"NM_173510","CCDC117"
"AI911302",NA
"CR615245",NA
"BX281073",NA
"NM_000891","KCNJ2"
"NM_018431","DOK5"
"NM_032780","TMEM25"
"Z38565",NA
"NM_001087","AAMP"
"NM_176677","NHLRC4"
"AF116662",NA
"AF086187",NA
"NM_133450","ANKS3"
"NM_001008394","EID3"
"NM_001447","FAT2"
"NM_004425","ECM1"
"NM_024042","METRN"
"AB082523",NA
"THC2688821",NA
"BC032755",NA
"THC2567672",NA
"AF075045",NA
"NM_032803","SLC7A3"
"BC038761",NA
"THC2725746",NA
"NM_174923","CCDC107"
"NR_003148","TPM3P9"
"BX641010",NA
"NM_178351","LCE1C"
"NM_053280","CIMAP1A"
"NM_012396","PHLDA3"
"NM_005009","NME4"
"NM_016937","POLA1"
"NM_005336","HDLBP"
"A_24_P780353",NA
"ENST00000383620",NA
"BX648207",NA
"AF086175",NA
"A_32_P81696",NA
"ENST00000355570",NA
"AX721288",NA
"NM_015050","CMTR1"
"L26953",NA
"THC2653896",NA
"NM_000183","HADHB"
"BC014678",NA
"NM_014226","MOK"
"NM_016614","TDP2"
"NM_002727","SRGN"
"NM_001077358","PDE11A"
"AK091784",NA
"NM_004139","LBP"
"NM_001008226","SAXO2"
"THC2670421",NA
"NM_005786","TSHZ1"
"A_24_P910255",NA
"NM_014978","SORCS3"
"NM_005488","TOM1"
"AI885257",NA
"A_24_P646543",NA
"THC2684143",NA
"NM_022161","BIRC7"
"S65761",NA
"NM_058170","OLFM3"
"NM_016074","BOLA1"
"NM_203408","FAM47A"
"XR_015516",NA
"NM_001649","SHROOM2"
"NM_177974","GOLM2"
"BC023330",NA
"ENST00000376209",NA
"NM_130794","CST11"
"NM_001430","EPAS1"
"A_24_P41530",NA
"NM_015885","PCF11"
"BC038356",NA
"BC048213",NA
"NM_138402","SP140L"
"BC064400",NA
"XR_016602",NA
"NM_001042576","RRBP1"
"XR_018749",NA
"NM_015353","KCTD2"
"ENST00000289135",NA
"THC2712447",NA
"ENST00000262971",NA
"NM_003478","CUL5"
"X58329",NA
"NM_012328","DNAJB9"
"NR_002786","CIDECP1"
"BC035714",NA
"NM_080647","TBX1"
"ENST00000312943",NA
"A_23_P393495",NA
"NM_002031","FRK"
"NM_003745","SOCS1"
"NM_148959","HUS1B"
"NM_024577","SH3TC2"
"NM_152463","EME1"
"A_24_P187340",NA
"A_32_P82530",NA
"NM_025251","ARHGAP39"
"NM_005802","TOPORS"
"NM_006726","LRBA"
"AB033019",NA
"A_24_P912730",NA
"THC2677617",NA
"NM_144663","C11orf40"
"NM_004314","ART1"
"ENST00000330469",NA
"A_32_P229037",NA
"A_24_P212949",NA
"A_32_P184304",NA
"NM_001010857","LELP1"
"NM_022343","GLIPR2"
"A_24_P508946",NA
"NM_000200","HTN3"
"BC045187",NA
"NM_006517","SLC16A2"
"THC2620175",NA
"NM_006364","SEC23A"
"NM_015282","CLASP1"
"XR_017251",NA
"BC021127",NA
"NM_000865","HTR1E"
"NM_004282","BAG2"
"ENST00000380676",NA
"S67044",NA
"NM_014964","EPN2"
"NM_017721","CC2D1A"
"NM_144642","SYNPR"
"NM_006817","ERP29"
"NM_024926","IFT56"
"NM_018254","RCOR3"
"THC2532455",NA
"A_23_P130187",NA
"THC2611971",NA
"BC035145",NA
"L06175",NA
"THC2698892",NA
"AF086071",NA
"NM_004086","COCH"
"AI874270",NA
"NM_024060","AHNAK"
"BC040272",NA
"AK024898",NA
"A_24_P84112",NA
"NM_002206","ITGA7"
"NM_006950","SYN1"
"NM_015374","SUN2"
"AK023907",NA
"NM_001076680","LYRM9"
"NM_020445","ACTR3B"
"G36946",NA
"NM_025252","RAPH1"
"NM_199444","COPE"
"NM_176816","CCDC125"
"NM_015960","CUTC"
"AK024870",NA
"BC061638",NA
"AB058774",NA
"AF295728",NA
"THC2681965",NA
"NM_080865","GPR62"
"NM_004756","NUMBL"
"XR_017566",NA
"NM_032727","INA"
"DQ786237",NA
"AI475779",NA
"A_32_P121234",NA
"NM_022746","MTARC1"
"NM_018272","DNAI7"
"A_24_P913411",NA
"NM_017458","MVP"
"A_24_P924783",NA
"A_24_P913835",NA
"ENST00000380357",NA
"AB062482",NA
"NM_015950","MRPL2"
"NM_014315","KLHDC2"
"NM_014337","PPIL2"
"NM_024715","TXNDC15"
"NM_178835","ZNF827"
"NM_016466","ANKRD39"
"NM_002359","MAFG"
"A_24_P923998",NA
"THC2540767",NA
"NM_019111","HLA-DRA"
"NR_001282","PCDHB19P"
"BC029662",NA
"NM_138962","MSI2"
"AK025312",NA
"NM_207645","C11orf87"
"XR_019235",NA
"NM_203302","RPL23AP82"
"NM_024753","TTC21B"
"AB028986",NA
"THC2515524",NA
"XR_018393",NA
"NM_003531","H3C3"
"CR602210",NA
"U14383",NA
"NM_001482","GATM"
"AL713796",NA
"NM_004183","BEST1"
"AK023508",NA
"A_23_P124177",NA
"AW276844",NA
"THC2673161",NA
"A_24_P15803",NA
"BU930695",NA
"A_24_P917519",NA
"BC017967",NA
"AK129955",NA
"AF136408",NA
"THC2703271",NA
"THC2665036",NA
"BC038559",NA
"THC2529684",NA
"NM_058192","RPUSD1"
"NM_002826","QSOX1"
"NM_001274","CHEK1"
"NM_003255","TIMP2"
"NM_138994","CNTNAP4"
"NM_153840","ADGRF1"
"ENST00000327423",NA
"NM_032411","ECRG4"
"THC2739717",NA
"XM_001131192",NA
"A_24_P452896",NA
"AF483645",NA
"ENST00000316575",NA
"NM_016257","HPCAL4"
"ENST00000266712",NA
"A_32_P9931",NA
"A_24_P725895",NA
"NM_014783","ARHGAP11A"
"A_23_P143676",NA
"BG686022",NA
"NM_006237","POU4F1"
"AJ420454",NA
"XR_015124",NA
"AK095151",NA
"AL834164",NA
"NM_004975","KCNB1"
"NM_001002811","PDE4DIP"
"THC2710949",NA
"NM_177454","FAM171B"
"ENST00000331807",NA
"THC2730631",NA
"NM_018640","LMO3"
"NM_006409","ARPC1A"
"BC012029",NA
"NM_032342","PGAP4"
"NM_152689","TMEM184A"
"THC2484951",NA
"A_24_P627678",NA
"H68939",NA
"NM_002129","HMGB2"
"NM_014505","KCNMB4"
"NM_006006","ZBTB16"
"NM_007351","MMRN1"
"NM_207191","ADAM15"
"AA291137",NA
"AK000861",NA
"BC033990",NA
"A_32_P194171",NA
"CR605947",NA
"NM_001013640","C3P1"
"NM_005527","HSPA1L"
"NM_018279","TMEM19"
"NM_001001290","SLC2A9"
"A_24_P409420",NA
"NM_153456","HS6ST3"
"NM_005238","ETS1"
"NM_006774","INMT"
"NM_014679","CEP57"
"A_24_P392900",NA
"THC2557016",NA
"NM_152603","ZNF567"
"NM_052999","CMTM1"
"NM_153007","ODF4"
"NM_031293","PMFBP1"
"NM_003754","EIF3F"
"G31710",NA
"CR613944",NA
"ENST00000358828",NA
"AI094165",NA
"NM_018420","SLC22A15"
"AK091677",NA
"XR_019470",NA
"NM_007225","NXPH3"
"THC2684051",NA
"ENST00000371030",NA
"NM_000952","PTAFR"
"AK127177",NA
"NM_013361","ZNF223"
"ENST00000256031",NA
"NM_003182","TAC1"
"CR603437",NA
"NM_032888","COL27A1"
"NM_018217","EDEM2"
"NM_004681","EIF1AY"
"THC2598362",NA
"NM_001149","ANK3"
"NM_145049","UBLCP1"
"THC2654007",NA
"AK094724",NA
"BM819787",NA
"NM_001039613","IAH1"
"NM_001005279","OR6K2"
"ENST00000300469",NA
"NM_019103","ZMAT5"
"THC2523411",NA
"NM_147152","ITSN2"
"NM_015649","IRF2BP1"
"ENST00000373542",NA
"BX106126",NA
"A_23_P20793",NA
"AK092508",NA
"CD385156",NA
"AF086546",NA
"ENST00000327469",NA
"AB209070",NA
"NM_017727","TMEM214"
"ENST00000323556",NA
"A_24_P682550",NA
"AK025363",NA
"NM_032310","CARD19"
"NM_173829","SREK1IP1"
"NM_153374","LYSMD2"
"NM_001040715","MATCAP1"
"BC041898",NA
"NM_032269","DRC7"
"ENST00000380643",NA
"ENST00000379557",NA
"THC2662250",NA
"AK092180",NA
"BC022881",NA
"NM_021220","OVOL2"
"AK074179",NA
"NM_001898","CST1"
"NM_002876","RAD51C"
"NM_032916",NA
"NM_002176","IFNB1"
"BC010931",NA
"NM_020456","SPRYD7"
"NM_152615","PARP15"
"NM_033063","MAP6"
"THC2720893",NA
"NM_080737","SYTL4"
"AA768672",NA
"NM_001557","CXCR2"
"THC2656460",NA
"AK022228",NA
"BM683433",NA
"ENST00000379900",NA
"NM_001017424","KCNK2"
"NM_004227","CYTH3"
"NM_024884","L2HGDH"
"NM_006262","PRPH"
"AK124097",NA
"AL533431",NA
"THC2668196",NA
"AL713660",NA
"NM_000425","L1CAM"
"NM_013240","HEMK2"
"THC2750780",NA
"A_24_P915294",NA
"THC2645298",NA
"NM_178834","LAYN"
"A_24_P824642",NA
"NM_148976","PSMA1"
"NM_007162","TFEB"
"THC2550882",NA
"ENST00000360182",NA
"BC071773",NA
"NM_001677","ATP1B1"
"A_32_P34167",NA
"NM_001002033","JPT1"
"ENST00000377711",NA
"NM_002018","FLII"
"NM_006459","ERLIN1"
"A_32_P68205",NA
"A_32_P187143",NA
"A_24_P679997",NA
"BC027465",NA
"NM_003317","NKX2-1"
"NM_005721","ACTR3"
"A_24_P552677",NA
"AA524504",NA
"THC2669092",NA
"A_32_P46899",NA
"ENST00000331406",NA
"NM_001042600","MAP4K1"
"NM_025182","ATOSB"
"ENST00000248076",NA
"NM_025031","PKD1L1-AS1"
"AK022486",NA
"AF438406",NA
"NM_152654","DAND5"
"THC2660448",NA
"NM_016558","SCAND1"
"NM_018192","P3H2"
"NM_018995","MOV10L1"
"NM_004414","RCAN1"
"NM_012236","SCMH1"
"NM_004447","EPS8"
"BC034499",NA
"A_23_P119407",NA
"NM_145207","AFG2A"
"BI825704",NA
"NM_001012985","COA6"
"NM_016021","UBE2J1"
"NM_033271","BTBD6"
"NM_032627","SSBP4"
"BC015216",NA
"AF318367",NA
"NM_001029857",NA
"NM_001990","EYA3"
"THC2485189",NA
"NM_031885","BBS2"
"A_32_P82293",NA
"THC2737361",NA
"NM_005259","MSTN"
"NM_020188","CMC2"
"NM_002040","GABPA"
"NM_001039182","BOLA2B"
"XR_015556",NA
"NM_018262","IFT122"
"NM_021129","PPA1"
"THC2740766",NA
"NM_130783","TSPAN18"
"BC092424",NA
"XR_018509",NA
"NM_032175","UTP15"
"BX100298",NA
"NM_018396","METTL2B"
"NM_019114","EPB41L4B"
"THC2591397",NA
"NM_001031735","IZUMO4"
"A_32_P222241",NA
"THC2505541",NA
"NM_006799","PRSS21"
"BX117479",NA
"NM_170677","MEIS2"
"NM_014021","SSX2IP"
"THC2621771",NA
"NM_015987","HEBP1"
"BC034812",NA
"NM_014170","GTPBP8"
"NM_181746","CERS2"
"NM_001033719","ZNF404"
"NM_003005","SELP"
"AK026368",NA
"AK056973",NA
"XM_001128098",NA
"NM_001042633","SNX21"
"NM_024578","OCEL1"
"AF116603",NA
"XR_015535",NA
"THC2596775",NA
"AY263163",NA
"NM_001656","TRIM23"
"A_32_P23872",NA
"NM_198504","PAQR9"
"THC2548198",NA
"NM_017503","SURF2"
"NM_002788","PSMA3"
"AX721087",NA
"AF119866",NA
"BC009415",NA
"NM_005453","ZBTB22"
"XR_019431",NA
"NM_182562","FAM169BP"
"A_24_P648813",NA
"NM_138697","TAS1R1"
"AF234262",NA
"NM_000884","IMPDH2"
"AK026984",NA
"THC2622569",NA
"NM_032966","CXCR5"
"ENST00000354689",NA
"AF143888",NA
"ENST00000368778",NA
"NM_025261","LY6G6C"
"NM_001005786","DAZ2"
"AK097222",NA
"THC2700690",NA
"BC014604",NA
"BQ448507",NA
"NM_019040","ELP4"
"NM_006321","ARIH2"
"THC2661413",NA
"ENST00000333462",NA
"XM_001127140",NA
"ENST00000372263",NA
"NM_003806","HRK"
"NM_152474","C19orf18"
"NM_014805","EPM2AIP1"
"AK122995",NA
"NM_006991","ZNF197"
"XR_019410",NA
"NM_016144","COMMD10"
"NM_004946","DOCK2"
"AK095439",NA
"BC007304",NA
"NM_021192","HOXD11"
"NM_145054","CFAP52"
"NM_020401","NUP107"
"NM_013417","IARS1"
"AI936672",NA
"NM_145315","AFG1L"
"NM_003115","UAP1"
"NM_145044","ZNF501"
"A_24_P486462",NA
"BC007879",NA
"AB032985",NA
"NM_152500","CCDC17"
"NM_152730","TBC1D32"
"AK000901",NA
"NR_003088","ABCC13"
"NM_033414","ZNF622"
"NM_002462","MX1"
"ENST00000389155",NA
"NM_017704","ANKRD49"
"A_24_P878472",NA
"NM_031419","NFKBIZ"
"THC2740432",NA
"NM_003137","SRPK1"
"BX647764",NA
"NM_003849","SUCLG1"
"A_24_P752208",NA
"A_24_P170357",NA
"NM_001006607","LRRC37A2"
"BC026109",NA
"AK055428",NA
"BC040982",NA
"BC005991",NA
"NM_001035516","DMKN"
"NM_020657","ZNF304"
"A_24_P928006",NA
"NP1252191",NA
"NM_134260","RORA"
"AA918648",NA
"THC2654608",NA
"THC2533833",NA
"A_32_P105940",NA
"NM_002105","H2AX"
"NM_016127","SARAF"
"NM_004429","EFNB1"
"A_24_P118422",NA
"NM_005254","GABPB1"
"BC019907",NA
"NM_052844","DYNC2I2"
"XR_018118",NA
"NM_033035","TSLP"
"BQ233242",NA
"NM_020919","ALS2"
"THC2646965",NA
"S71486",NA
"AK074467",NA
"NM_014967","FAN1"
"NM_032043","BRIP1"
"NM_013431","KLRC4"
"ENST00000293695",NA
"AK001062",NA
"THC2658269",NA
"NM_019886","CHST7"
"NM_174936","PCSK9"
"NM_002534","OAS1"
"BC024651",NA
"THC2611894",NA
"AB022847",NA
"AB040942",NA
"NM_148956","NSUN5"
"NM_021638","AFAP1"
"NM_176072","P2RY2"
"NM_148887","MRPL10"
"NM_002193","INHBB"
"AW168145",NA
"THC2507152",NA
"AF128541",NA
"AA975908",NA
"NM_007046","EMILIN1"
"NM_024701","ASB13"
"NM_020199","C5orf15"
"THC2674530",NA
"THC2650011",NA
"AK023047",NA
"NM_014727","KMT2B"
"AA293788",NA
"NM_005819","STX6"
"NM_001953","TYMP"
"NM_001024609","LRRC63"
"A_24_P41979",NA
"NM_152365","KDF1"
"ENST00000263956",NA
"NM_020155","GPR137"
"NR_001551","TTTY12"
"NM_080671","KCNE4"
"AK097445",NA
"NM_002547","OPHN1"
"AL162073",NA
"NM_032436","CHAMP1"
"NM_012298","CAND2"
"A_23_P79351",NA
"NM_000341","SLC3A1"
"NM_198828","MAST4"
"NM_032311","POLDIP3"
"A_23_P170427",NA
"A_24_P50696",NA
"BC031041",NA
"ENST00000305922",NA
"NM_006645","STARD10"
"BC107860",NA
"NM_033505","SELENOI"
"NM_007039","PTPN21"
"THC2690661",NA
"NM_138786","TM4SF18"
"NM_007217","PDCD10"
"CR749275",NA
"THC2732032",NA
"A_24_P298179",NA
"NM_003729","RTCA"
"NR_001589","HBBP1"
"NM_001206","KLF9"
"AK125361",NA
"A_24_P144084",NA
"NM_003461","ZYX"
"NM_005452","WDR46"
"NM_134444","NLRP4"
"NM_002553","ORC5"
"NM_000825","GNRH1"
"NM_015866","PRDM2"
"NM_000342","SLC4A1"
"NM_018684","ZC4H2"
"NM_024093","C2orf49"
"AF182077",NA
"A_24_P812155",NA
"NM_014653","WSCD2"
"NM_173860","HOXC12"
"CR617865",NA
"NM_178836","PLD6"
"NM_021184","C6orf47"
"NM_024780","TMC5"
"NM_032832","LRP11"
"NM_013308","GPR171"
"NM_003159","CDKL5"
"NM_013330","NME7"
"AY358510",NA
"NM_002825","PTN"
"NM_004715","CTDP1"
"NM_001031746","VSTM4"
"THC2659066",NA
"AJ319669",NA
"NM_033546","MYL12B"
"NM_020039","ASIC1"
"A_24_P771173",NA
"A_24_P315581",NA
"BQ880155",NA
"BX648343",NA
"NM_003851","CREG1"
"NM_003567","BCAR3"
"AK094354",NA
"AL117621",NA
"NM_014255","CNPY2"
"A_24_P937677",NA
"ENST00000373636",NA
"NP074673",NA
"NM_213602","SIGLEC15"
"A_24_P556328",NA
"A_32_P128952",NA
"NM_016390","SPOUT1"
"NM_175066","DDX51"
"NM_006674",NA
"NM_000440","PDE6A"
"CN418636",NA
"XM_931434",NA
"NM_199321","ZPBP2"
"A_24_P934971",NA
"NM_001039725","PNPLA1"
"BC045818",NA
"ENST00000341689",NA
"NM_033222","PSIP1"
"THC2663494",NA
"NM_018970","GPR85"
"AF119861",NA
"NM_018424","EPB41L4B"
"THC2753968",NA
"NM_014799","HEPH"
"XR_016098",NA
"NM_001002914","KCTD11"
"NM_018075","ANO10"
"AF218021",NA
"NM_153822","PSMD4"
"THC2615996",NA
"NM_000591","CD14"
"NM_181774","SLC36A3"
"AI755057",NA
"AF151068",NA
"NM_015442","CNOT10"
"NM_002519","NPAT"
"AF090930",NA
"NM_014853","SGSM2"
"NM_032265","ZMYND15"
"NM_053285","TEKT1"
"BC004503",NA
"THC2719076",NA
"BX537786",NA
"NM_173847","SPACA3"
"NM_017949",NA
"NM_006232","POLR2H"
"NM_006756","TCEA1"
"ENST00000357907",NA
"NM_080660","ZC3HAV1L"
"ENST00000367866",NA
"NM_014803","ZNF518A"
"THC2728305",NA
"NM_014629","ARHGEF10"
"A_24_P255836",NA
"NM_020783","SYT4"
"NR_002171","OR7E156P"
"NM_002836","PTPRA"
"NM_001039656","TESMIN"
"AK098728",NA
"ENST00000332814",NA
"XR_016842",NA
"BM968705",NA
"BC062632",NA
"ENST00000360903",NA
"NM_021629","GNB4"
"BE176693",NA
"NM_020322","ASIC3"
"A_32_P89480",NA
"BQ019626",NA
"NM_175881","CIMAP1C"
"AJ307469",NA
"AK094547",NA
"NM_003958","RNF8"
"NM_018647","TNFRSF19"
"THC2699786",NA
"A_24_P911754",NA
"BX104493",NA
"NM_173206","PIAS2"
"NM_203348",NA
"THC2645336",NA
"AK023017",NA
"AI570094",NA
"A_24_P922096",NA
"A_24_P650562",NA
"A_32_P70237",NA
"NM_005894","CD5L"
"AK090440",NA
"BC024198",NA
"NM_152553","RNF217"
"NM_024552","CERS4"
"BQ010172",NA
"A_24_P924908",NA
"THC2640786",NA
"NM_198679","RAPGEF1"
"AK023121",NA
"NM_001003941","OGDH"
"NM_152445","FAM161B"
"THC2556305",NA
"NM_012083","FRAT2"
"AL162056",NA
"NM_019120","PCDHB8"
"NM_000500","CYP21A2"
"THC2510672",NA
"NM_000076","CDKN1C"
"NM_138286","ZNF681"
"NM_023018","NADK"
"NM_020776","KIAA1328"
"THC2608750",NA
"AB023136",NA
"ENST00000356102",NA
"NR_003267","GGT3P"
"NM_001001485","ATP2C1"
"NM_002448","MSX1"
"AK129653",NA
"NM_000199","SGSH"
"NM_139249","MS4A6E"
"AL049270",NA
"NM_030788","DCSTAMP"
"XR_018955",NA
"NM_014699","ZNF646"
"AK024860",NA
"NM_002963","S100A7"
"NM_198517","TBC1D10C"
"NM_004838","HOMER3"
"ENST00000381936",NA
"NM_015471","NSL1"
"NM_002092","GRSF1"
"BC012317",NA
"ENST00000258817",NA
"NM_000531","OTC"
"NM_003840","TNFRSF10D"
"XR_016404",NA
"A_32_P10100",NA
"THC2664916",NA
"AA865794",NA
"BC001555",NA
"NM_006135","CAPZA1"
"THC2582065",NA
"NM_006411","AGPAT1"
"A_24_P120381",NA
"NM_144563","RPIA"
"A_24_P513764",NA
"NM_024602","HECTD3"
"NM_000906","NPR1"
"NM_001452","FOXF2"
"NM_015027","PDXDC1"
"NM_002922","RGS1"
"NM_004451","ESRRA"
"NM_004396","DDX5"
"A_24_P464580",NA
"NM_005198","CHKB"
"THC2744582",NA
"NM_000840","GRM3"
"AK056047",NA
"NM_005098","MSC"
"NM_031444","GUCD1"
"AF144054",NA
"NM_001040065","SPATA31A1"
"NM_001042723","RYR1"
"NM_019619","PARD3"
"ENST00000381108",NA
"AB015616",NA
"NM_020168","PAK6"
"AK095719",NA
"NM_172207","CAMKK1"
"NM_005642","TAF7"
"ENST00000359676",NA
"NM_194325","ZNF30"
"A_24_P850336",NA
"S69683",NA
"THC2690553",NA
"NM_001001660","ETFRF1"
"BC031228",NA
"NM_015713","RRM2B"
"NM_001035254","EEIG1"
"NM_003859","DPM1"
"NM_052951","DNTTIP1"
"A_24_P366465",NA
"AF070565",NA
"N24703",NA
"NM_020210","SEMA4B"
"BM045853",NA
"NM_176782","FAM151A"
"THC2749290",NA
"NM_032415","CARD11"
"NM_006373","VAT1"
"NM_001005159","SFMBT1"
"NM_020343","RALGAPA2"
"NM_138401","MVB12A"
"NM_145004","ADAM32"
"NM_033064","ATCAY"
"NM_014661","FAM53B"
"AY063125",NA
"L17328",NA
"AK094187",NA
"AL040873",NA
"T66139",NA
"NM_001303","COX10"
"NM_032944","STK31"
"NM_007244","PRR4"
"NM_001999","FBN2"
"NM_148674","SMC1B"
"NM_016447","PALS2"
"NM_001732","BTN1A1"
"BC021184",NA
"AL117400",NA
"NM_009586","SIM2"
"NM_005619","RTN2"
"NR_002720","TRPC2"
"NM_006951","TAF5"
"A_23_P43977",NA
"BC106900",NA
"THC2614421",NA
"NM_006339","HMG20B"
"A_24_P919008",NA
"NM_001868","CPA1"
"NM_014855","AP5Z1"
"NM_181795","PKIB"
"NM_020128","MDM1"
"THC2623354",NA
"NM_206908","GUSBP4"
"THC2584866",NA
"AL137476",NA
"NM_014293","NPTXR"
"THC2591905",NA
"NM_003140","SRY"
"THC2705329",NA
"XR_018050",NA
"A_32_P225647",NA
"ENST00000305319",NA
"THC2486950",NA
"XR_018726",NA
"NR_002451","ABCA11P"
"NM_032094","PCDHGA12"
"A_23_P15233",NA
"THC2534106",NA
"NM_015571","SENP6"
"AL137361",NA
"DB352368",NA
"A_24_P41250",NA
"BQ323258",NA
"NM_015305","ANGEL1"
"NM_018706","DHTKD1"
"NM_001738","CA1"
"NM_030770","TMPRSS5"
"NM_006837","COPS5"
"THC2644803",NA
"A_24_P409521",NA
"NM_006814","PSMF1"
"THC2747796",NA
"NM_000411","HLCS"
"NM_014139","SCN11A"
"NM_024526","EPS8L3"
"D37933",NA
"NM_024821","CCDC134"
"NM_015186","VPS13A"
"A_24_P401150",NA
"AF019618",NA
"NM_145115","ZSCAN25"
"NM_015845","MBD1"
"THC2692628",NA
"CA306742",NA
"NM_025129","FUZ"
"NM_001032287","NR2C1"
"CB987747",NA
"ENST00000078131",NA
"NM_016066","GLRX2"
"BC036197",NA
"THC2585530",NA
"NM_022899","ACTR8"
"THC2673084",NA
"NM_014140","SMARCAL1"
"AK091308",NA
"U94902",NA
"AW235815",NA
"NM_145165","CHURC1"
"NM_001024608","FAM27E2"
"A_23_P89529",NA
"NM_001651","AQP5"
"AK097219",NA
"NM_005651","TDO2"
"NM_001319","CSNK1G2"
"NM_174922","ADCK5"
"NM_001025252","TPD52"
"XM_930195",NA
"BC030083",NA
"A_24_P921832",NA
"A_24_P280953",NA
"NM_000730","CCKAR"
"NM_003796","URI1"
"NM_004883","NRG2"
"NM_001008407","BCAP29"
"A_23_P136849",NA
"NM_001011545","BACH1"
"L02932",NA
"NM_023924","BRD9"
"U58146",NA
"L12350",NA
"XR_017056",NA
"NM_003044","SLC6A12"
"ENST00000369334",NA
"NM_017619","RNPC3"
"A_24_P263983",NA
"NM_001039548","KLHL35"
"AL833749",NA
"A_24_P392099",NA
"ENST00000369123",NA
"BC022385",NA
"NM_001014291","SPRR2G"
"THC2548564",NA
"NM_014184","CNIH4"
"NM_001010861","PLPPR5"
"NM_001041","SI"
"NM_006954","ZNF33A"
"A_32_P163594",NA
"NM_001003793","RBMS3"
"NM_147195","ANKRD18A"
"A_24_P927148",NA
"THC2660197",NA
"CR621698",NA
"A_24_P316767",NA
"NM_024719","GRTP1"
"BQ008507",NA
"BC030118",NA
"BC041459",NA
"BF969441",NA
"THC2673265",NA
"NM_003276","TMPO"
"A_24_P912968",NA
"S72869",NA
"NM_001011700","MCCD1"
"THC2675931",NA
"NM_033542","SYS1"
"AI818152",NA
"THC2655505",NA
"ENST00000340612",NA
"NM_001039844","ACBD7"
"NM_006993","NPM3"
"THC2713677",NA
"AK022035",NA
"THC2650501",NA
"XM_001126447",NA
"A_32_P101420",NA
"NM_006062","SMYD5"
"NM_138568","EXOC3L2"
"AA235942",NA
"NM_206855","QKI"
"NM_017761","PNRC2"
"AB046791",NA
"NM_152262","ZNF439"
"CF527929",NA
"NM_004153","ORC1"
"ENST00000246872",NA
"NM_016640","MRPS30"
"ENST00000331306",NA
"NM_032876","AJUBA"
"NM_201649","SLC6A9"
"BU678009",NA
"NM_002657","PLAGL2"
"THC2559650",NA
"NM_005668","ST8SIA4"
"AK125591",NA
"NM_007053","CD160"
"A_24_P934083",NA
"BC025340",NA
"NR_003039","GLYCAM1"
"BC054347",NA
"A_24_P16291",NA
"NM_206894","ZNF790"
"ENST00000240820",NA
"NM_032402","PCDHGC3"
"DB728175",NA
"BC041366",NA
"A_24_P924016",NA
"NM_004484","GPC3"
"NM_000351","STS"
"NM_014364","GAPDHS"
"BC055421",NA
"XM_926898",NA
"AK095167",NA
"THC2578835",NA
"NM_001238","CCNE1"
"XR_017103",NA
"AW572204",NA
"BC006113",NA
"CR609948",NA
"NM_001006938","TCEAL6"
"AK092801",NA
"NM_003923","FOXH1"
"AJ245002",NA
"BU687083",NA
"NM_003529","H3C1"
"BC042806",NA
"NM_001984","ESD"
"NM_021224","ZNF462"
"NM_016653","MAP3K20"
"NM_182528","C1QL2"
"XR_018322",NA
"THC2682152",NA
"AL833456",NA
"NM_194303","JAKMIP3"
"NM_018835","RC3H2"
"ENST00000377233",NA
"NM_014399","TSPAN13"
"NM_152904","SPECC1"
"AK000347",NA
"NM_025195","TRIB1"
"NM_018134","IQCC"
"A_32_P111492",NA
"NM_000408","GPD2"
"NM_016374","ARID4B"
"BC042334",NA
"THC2685373",NA
"THC2674099",NA
"NR_001574","RBMY2EP"
"NM_001415","EIF2S3"
"NM_138459","NUS1"
"NM_144777","SCEL"
"BF803942",NA
"NM_015086","DDN"
"NM_033516","TPD52L3"
"NM_144661","SPMIP5"
"NM_021938","CELF5"
"NM_003627","SLC43A1"
"ENST00000255667",NA
"BU940040",NA
"NM_021100","NFS1"
"AY326436",NA
"NM_148903","GREB1"
"NM_005216","DDOST"
"NM_023008","KRI1"
"NM_003903","CDC16"
"THC2538534",NA
"NM_173487","C4orf33"
"A_32_P197899",NA
"THC2756581",NA
"AK025022",NA
"BG680979",NA
"BX093417",NA
"BC032871",NA
"BE716310",NA
"BX112970",NA
"NM_152461","ERN1"
"NM_005535","IL12RB1"
"NM_006562","LBX1"
"AL110257",NA
"BQ441611",NA
"AF111850",NA
"NM_005251","FOXC2"
"NM_021020","LZTS1"
"NM_018301","RBM41"
"NM_020695","REXO1"
"ENST00000371244",NA
"NM_003642","HAT1"
"A_32_P46112",NA
"NM_032120","RBM48"
"ENST00000330044",NA
"NM_005772","RCL1"
"ENST00000366930",NA
"ENST00000359598",NA
"AK094614",NA
"AK096306",NA
"BE707436",NA
"ENST00000381318",NA
"NM_018201","TBC1D13"
"AK129844",NA
"AL133015",NA
"THC2551395",NA
"U43279",NA
"NM_013284","POLM"
"NM_014615","GSE1"
"A_32_P143530",NA
"BX339253",NA
"A_24_P915467",NA
"NM_058177","HDAC9"
"A_24_P281853",NA
"NM_001005614","EDA"
"XR_018944",NA
"BC108274",NA
"NM_175630","DNMT3A"
"NM_033247","PML"
"NM_012469","PRPF6"
"AV722457",NA
"NM_031922","REPS1"
"NM_178868","CMTM8"
"BC011266",NA
"ENST00000295249",NA
"NR_002184","RRP7BP"
"NM_173541",NA
"THC2642612",NA
"A_23_P159163",NA
"BC022307",NA
"NM_176870","MT1M"
"NM_138425","C12orf57"
"ENST00000310344",NA
"NM_006024","TAX1BP1"
"BC043390",NA
"NM_024496","IRF2BPL"
"NM_024504","PRDM14"
"NM_016359","NUSAP1"
"NM_014329","EDC4"
"NM_201630","LRRN2"
"AK128236",NA
"NM_207443","DICER1-AS1"
"NM_014053","FLVCR1"
"NM_138620","DDX31"
"NM_005867","DSCR4"
"NM_018434","RNF130"
"NM_005008","SNU13"
"THC2709254",NA
"AI431972",NA
"NM_006110","CD2BP2"
"NM_004695","SLC16A5"
"NM_144981","IMMP1L"
"NM_001008708","CHAC2"
"AF090940",NA
"A_32_P69639",NA
"NM_005018","PDCD1"
"NM_001002265","MARCHF8"
"NM_080823","SRMS"
"NM_001006657","WDR35"
"NM_016828","OGG1"
"NM_032849","MEDAG"
"NM_030762","BHLHE41"
"THC2645562",NA
"AY116214",NA
"NM_001006109","HMCES"
"NM_003615","SLC4A7"
"AW298233",NA
"NM_024789","SLC68A1"
"THC2664989",NA
"NM_199290","NACA2"
"NM_020535","KIR2DL5A"
"BC005884",NA
"ENST00000312275",NA
"AF010235",NA
"NM_002899","RBP1"
"NM_182628","CFAP100"
"THC2659646",NA
"NM_000738","CHRM1"
"NM_198440","DERL3"
"NM_017875","SLC25A38"
"ENST00000377209",NA
"A_24_P500186",NA
"NR_002820","RNASEH2CP1"
"AY209188",NA
"ENST00000369248",NA
"NM_002951","RPN2"
"NM_001013617","YIF1B"
"ENST00000321795",NA
"BX101252",NA
"THC2545097",NA
"NM_020320","RARS2"
"ENST00000327506",NA
"NM_001077446","TSEN34"
"NM_201384","PLEC"
"ENST00000293201",NA
"NM_019067","GNL3L"
"NM_144490","AKAP11"
"THC2506382",NA
"NM_005420","SULT1E1"
"NM_032168","WDR75"
"NM_175858","KRTAP11-1"
"AL079999",NA
"NM_033429","CALML4"
"THC2525188",NA
"NM_014020","TMEM176B"
"THC2490007",NA
"AY660577",NA
"NM_018049","PLEKHJ1"
"NM_024587","TMEM53"
"AF130054",NA
"BF870807",NA
"AK098605",NA
"NM_006281","STK3"
"AF088076",NA
"NM_153344","C6orf141"
"ENST00000263997",NA
"AK123107",NA
"ENST00000340147",NA
"NM_001769","CD9"
"NM_152450","FAM81A"
"NM_173580",NA
"THC2672768",NA
"AB041269",NA
"AL834536",NA
"THC2527842",NA
"BC085019",NA
"NM_015934","NOP58"
"ENST00000357954",NA
"BC036697",NA
"NM_000482","APOA4"
"THC2499675",NA
"NM_145252","ZG16B"
"NM_015957","APIP"
"AK055621",NA
"AK096882",NA
"NM_182558","LINC01559"
"BX640618",NA
"AK027091",NA
"AB064670",NA
"NM_000161","GCH1"
"THC2693741",NA
"NM_052965","TSEN15"
"L79986",NA
"BC000969",NA
"NM_153611","CYB561A3"
"A_24_P628766",NA
"NM_014951","ZNF365"
"NM_006499","LGALS8"
"AK097743",NA
"NM_184234","RBM39"
"AL713773",NA
"BX096603",NA
"AA748674",NA
"ENST00000261569",NA
"NM_004675","DIRAS3"
"AI434681",NA
"NM_001042604","XRN1"
"NM_152385","CLHC1"
"AL136837",NA
"NM_004458","ACSL4"
"NM_001008701","ADGRL1"
"AK027248",NA
"BX115137",NA
"NM_025092","PGGHG"
"THC2541992",NA
"NM_080622","ABHD16B"
"A_24_P815570",NA
"NM_175085","GART"
"THC2646867",NA
"NM_007179","INSL6"
"ENST00000332666",NA
"A_24_P551758",NA
"AK021570",NA
"ENST00000334683",NA
"THC2704401",NA
"THC2714530",NA
"NM_001226","CASP6"
"THC2726401",NA
"XR_018522",NA
"NM_001005733",NA
"NM_000150","FUT6"
"THC2692434",NA
"NM_002556","OSBP"
"THC2544911",NA
"THC2610628",NA
"THC2766102",NA
"NM_006268","DPF2"
"BC110073",NA
"NM_152559","METTL27"
"NM_173511","FAM117B"
"BX104490",NA
"NM_018655","LENEP"
"THC2553216",NA
"AK126322",NA
"THC2565393",NA
"THC2557134",NA
"NM_005029","PITX3"
"NM_052996","PRDM7"
"NM_003272","GPR137B"
"NM_175898","ST20-AS1"
"AK024162",NA
"A_24_P114463",NA
"NM_003602","FKBP6"
"AK056771",NA
"NM_001015891","AK6"
"ENST00000300996",NA
"NM_004553","NDUFS6"
"CR607522",NA
"NM_173624","KRT18P55"
"NM_018988","GFOD1"
"NM_001005180","OR56B1"
"NM_203339",NA
"NM_003248","THBS4"
"NM_018097","HAUS2"
"ENST00000304389",NA
"NM_002863","PYGL"
"THC2577090",NA
"NM_016618","KRCC1"
"NM_001280","CIRBP"
"XR_019446",NA
"NM_003269","NR2E1"
"NM_018977","NLGN3"
"BC041686",NA
"T71274",NA
"THC2657747",NA
"NM_024078","NOC4L"
"NM_002447","MST1R"
"NM_017563","IL17RD"
"NM_199242","UNC13D"
"NM_175619","ZAR1"
"AK129904",NA
"ENST00000359589",NA
"NM_006587","CORIN"
"NM_001014283","DCUN1D2"
"NM_145262","GLYCTK"
"X90874",NA
"NM_002478","MYOD1"
"THC2641484",NA
"ENST00000333722",NA
"NM_001979","EPHX2"
"NM_145012","CCNY"
"AK021715",NA
"BM690036",NA
"NM_198516","GALNT18"
"NM_018704","CTTNBP2NL"
"ENST00000318934",NA
"AW751974",NA
"NM_014736","PCLAF"
"AV647560",NA
"A_24_P84711",NA
"AL526449",NA
"NM_032635","TMEM147"
"A_24_P937936",NA
"A_32_P69616",NA
"BC066644",NA
"NM_181337","KAAG1"
"ENST00000291567",NA
"NM_000522","HOXA13"
"NM_032532","FNDC1"
"NM_002061","GCLM"
"NM_183352","SEC13"
"A_24_P931157",NA
"NM_024804","ZNF669"
"A_24_P221285",NA
"THC2779700",NA
"THC2672076",NA
"NM_005155","PPT2"
"NM_014270","SLC7A9"
"BF928446",NA
"BC065285",NA
"M78162",NA
"NM_001033050","MTERF2"
"A_24_P565430",NA
"AL832253",NA
"A_24_P937734",NA
"AF116667",NA
"NM_001992","F2R"
"NM_198565","NRROS"
"NM_005269","GLI1"
"NM_144616","JSRP1"
"NM_005476","GNE"
"NM_005151","USP14"
"NM_199417","NDUFAF3"
"NM_013432","TONSL"
"NM_005271","GLUD1"
"NM_001004306","CCDC144NL"
"NM_002305","LGALS1"
"U87229",NA
"A_24_P791553",NA
"NM_005972","NPY4R"
"NM_199136","FAM221A"
"A_23_P46070",NA
"NM_018189","DPPA4"
"THC2616558",NA
"AK096051",NA
"NM_017585","SLC2A6"
"NM_020834","HOMEZ"
"NM_005761","PLXNC1"
"X92778",NA
"AK023445",NA
"AF119901",NA
"NM_170681","GFM2"
"NM_006907","PYCR1"
"NM_020897","HCN3"
"U89331",NA
"ENST00000273641",NA
"NM_005750","LINC01587"
"XR_017079",NA
"NM_015085","RAP1GAP2"
"BC056662",NA
"THC2651727",NA
"NM_004840","ARHGEF6"
"NM_053276","VIT"
"BF512676",NA
"XM_001127738",NA
"NM_134431","SLCO1A2"
"NM_000363","TNNI3"
"NM_015310","PSD3"
"NM_199418","PRCP"
"NM_022827","SPATA20"
"NM_153221","CILP2"
"THC2652331",NA
"NM_004260","RECQL4"
"NM_021167","GATAD1"
"NM_014745",NA
"NM_004387","NKX2-5"
"ENST00000296742",NA
"NM_014287","NOMO1"
"BX119852",NA
"NM_004271","LY86"
"XM_001125895",NA
"AI207522",NA
"NM_182898","CREB5"
"NR_000008","SNORD22"
"A_24_P920381",NA
"NM_198398","ERGIC3"
"NM_004847","AIF1"
"AK056348",NA
"AB039791",NA
"NM_182552","WDR27"
"NM_001013673",NA
"NM_017534","MYH2"
"NM_005959","MTNR1B"
"XM_001128028",NA
"NM_025250","TTYH3"
"NM_032304","HAGHL"
"A_24_P938583",NA
"AF049893",NA
"NM_006502","POLH"
"NM_003042","SLC6A1"
"NM_213566","DFFA"
"AF075097",NA
"BX113452",NA
"AK123722",NA
"AF116637",NA
"BC092452",NA
"NM_198270","NHS"
"A_24_P242319",NA
"AF336795",NA
"NM_001039661","TIRAP"
"NM_005281","GPR3"
"BX096418",NA
"THC2649581",NA
"THC2648740",NA
"AI808973",NA
"ENST00000244221",NA
"THC2520630",NA
"NM_001260","CDK8"
"NM_014508","APOBEC3C"
"THC2637568",NA
"A_23_P64184",NA
"CB243784",NA
"NM_005734","HIPK3"
"BC028099",NA
"NM_024493","ZKSCAN3"
"XM_001126539",NA
"AK022976",NA
"NM_170604","RASGRP4"
"NM_133499","SYN1"
"ENST00000376347",NA
"A_24_P195286",NA
"NM_012433","SF3B1"
"THC2701341",NA
"BC027947",NA
"NM_173848","RALYL"
"AK095331",NA
"NM_001005845","ADAM9"
"NM_012267","HSPBP1"
"U44954",NA
"NM_002049","GATA1"
"AK026826",NA
"NM_017887","CZIB"
"NM_001013723","ZNRF2P1"
"NM_004092","ECHS1"
"THC2677229",NA
"NM_000318","PEX2"
"A_23_P96035",NA
"THC2492329",NA
"CR624880",NA
"NP102468",NA
"BE702235",NA
"NM_024736","GSDMD"
"THC2654000",NA
"THC2686332",NA
"AK025278",NA
"A_32_P83579",NA
"NM_002157","HSPE1"
"AL833114",NA
"AF274934",NA
"AY274809",NA
"AK021957",NA
"XR_016376",NA
"AF090921",NA
"NM_021105","PLSCR1"
"NM_006153","NCK1"
"NM_001003799","TARP"
"XR_018530",NA
"NM_017984","ZCWPW1"
"NM_006291","TNFAIP2"
"NM_080414","VPS16"
"AF527552",NA
"AF275804",NA
"NM_001814","CTSC"
"NM_020646","ASCL3"
"NM_058164","OLFM2"
"NM_001048183","PHACTR4"
"THC2654039",NA
"AF432209",NA
"XR_018043",NA
"XR_018475",NA
"NM_002959","SORT1"
"ENST00000374929",NA
"NM_024574","NDNF"
"NM_001805","CEBPE"
"NM_020801","ARRDC3"
"BC010432",NA
"A_24_P654649",NA
"ENST00000379108",NA
"NM_175878","XKR3"
"NM_031303","KATNAL2"
"NM_000391","TPP1"
"A_24_P788373",NA
"NM_173830","CEP57L1"
"CR625571",NA
"NM_207391","RGS9BP"
"NM_181552","CUX1"
"NM_002267","KPNA3"
"NM_205841","SPINK6"
"NM_001003686","PMS2P3"
"NM_021145","DMTF1"
"A_24_P942676",NA
"ENST00000382170",NA
"AI084055",NA
"THC2581431",NA
"NM_003805","CRADD"
"AB188495",NA
"NM_014430","CIDEB"
"A_32_P82179",NA
"NM_003370","VASP"
"NM_198947","FAM111B"
"ENST00000322446",NA
"NM_152478","ZNF583"
"A_32_P179646",NA
"BC014230",NA
"THC2655810",NA
"NM_001629","ALOX5AP"
"NM_153692","HTRA4"
"NM_001048197",NA
"NM_000717","CA4"
"THC2736130",NA
"NR_002710","ALOX12P2"
"THC2556456",NA
"NM_002821","PTK7"
"BC000988",NA
"NM_014358","CLEC4E"
"NM_001040457","RHBDD2"
"BQ897248",NA
"AK000422",NA
"A_23_P392897",NA
"NM_015171","XPO6"
"THC2723774",NA
"NM_032138","KBTBD7"
"THC2717023",NA
"BC110083",NA
"BE222825",NA
"BF338081",NA
"NM_144987","U2AF1L4"
"NM_004589","SCO1"
"NM_002663","PLD2"
"NM_001817","CEACAM4"
"BX647985",NA
"NM_181711","TAMALIN"
"NM_001024","RPS21"
"AK056396",NA
"A_24_P755505",NA
"AF158555",NA
"L25664",NA
"NM_024773","KDM8"
"NM_014042","ANAPC15"
"THC2612020",NA
"ENST00000343567",NA
"NM_012451","SYNGR4"
"THC2538568",NA
"NM_021181","SLAMF7"
"NM_182935","MOBP"
"NM_006023","CDC123"
"AF363068",NA
"NM_001082","CYP4F2"
"NM_032454","WHR1"
"NM_020225","STOX2"
"NM_001040694","INCENP"
"NM_152786","C9orf43"
"NM_001011546","DSTN"
"NM_182663","RASSF5"
"NM_000701","ATP1A1"
"NM_021143","ZNF20"
"AK096981",NA
"THC2652429",NA
"THC2604598",NA
"NM_020463","PPP4R3B"
"AY358245",NA
"NM_206862","TACC2"
"NM_000432","MYL2"
"NM_145912","NFAM1"
"AK026194",NA
"NR_001555","GOLGA2P2Y"
"NM_003495","H4C9"
"BI024548",NA
"NM_014814","PSMD6"
"XM_941086",NA
"THC2663953",NA
"NM_033261","IDI2"
"THC2749076",NA
"THC2727548",NA
"NM_024522","NKAIN1"
"NM_032143","ZRANB3"
"NM_001001412","CALHM1"
"NM_015263","DMXL2"
"NM_014149","WDR91"
"THC2662125",NA
"NM_013940","OR10H1"
"CR605719",NA
"BC031655",NA
"CB959193",NA
"NM_078483","SLC36A1"
"NM_198956","SP8"
"NM_006496","GNAI3"
"BC064806",NA
"NM_183420","FBXO25"
"AB028977",NA
"THC2700191",NA
"NM_015497","TMEM87A"
"AB007457",NA
"CR745651",NA
"AJ313204",NA
"NM_024898","DENND1C"
"NM_144720","JAKMIP1"
"THC2629706",NA
"NM_001010844","IRAK1BP1"
"ENST00000221282",NA
"NM_000129","F13A1"
"ENST00000369914",NA
"A_32_P154956",NA
"NM_002023","FMOD"
"XM_291077",NA
"NM_005805","PSMD14"
"THC2612620",NA
"NM_025194","ITPKC"
"BX457728",NA
"NM_032115","KCNK16"
"AK026295",NA
"BC098428",NA
"ENST00000383448",NA
"A_24_P101771",NA
"NM_153268","PLCXD2"
"AK091093",NA
"NM_003405","YWHAH"
"BC029107",NA
"NM_001040402","DCUN1D4"
"NM_182607","VSIG1"
"THC2626557",NA
"THC2743491",NA
"NM_006558","KHDRBS3"
"AB020720",NA
"XR_017277",NA
"AL133018",NA
"NM_182502","TMPRSS11B"
"THC2578493",NA
"NM_004147","DRG1"
"NM_005068","SIM1"
"A_32_P149043",NA
"AI359640",NA
"A_24_P538328",NA
"NR_001446","ANXA2P3"
"NR_002788","CYP4Z2P"
"THC2515527",NA
"A_32_P94976",NA
"NM_176889","TAS2R20"
"THC2683228",NA
"NM_015503","SH2B1"
"XR_019373",NA
"NM_198897","FIBP"
"NM_024741","ZNF408"
"BC010145",NA
"NM_014904","RAB11FIP2"
"NM_020818","UNC79"
"NM_018149","SMG8"
"THC2645960",NA
"NM_001006630","CHRM2"
"NM_020358","TRIM49"
"A_24_P281025",NA
"NR_003242","PFN1P2"
"NM_003800","RNGTT"
"NM_003628","PKP4"
"M32220",NA
"AK098597",NA
"NM_020644","TMEM9B"
"NM_032298","SYT3"
"AF333762",NA
"NM_153485","NUP155"
"NM_013304","ZDHHC1"
"NM_172082","CAMK2B"
"AF118066",NA
"AK125070",NA
"THC2694215",NA
"NM_152352","FAM210A"
"NM_173591","OTOGL"
"THC2527764",NA
"NM_174953","ATP2A3"
"AK125261",NA
"NM_178154","FUT8"
"A_24_P926462",NA
"NM_002230","JUP"
"NM_021076","NEFH"
"NM_024840","ZNF613"
"NM_005564","LCN2"
"ENST00000324656",NA
"NM_003105","SORL1"
"A_24_P915322",NA
"THC2649506",NA
"BC040309",NA
"NM_002652","PIP"
"NM_173515","CNKSR3"
"NM_002673","PLXNB1"
"NM_018484","SLC22A11"
"NM_130902","COX7B2"
"NM_014859","ARHGAP44"
"BU629094",NA
"NM_005492","CST8"
"CB853424",NA
"NM_014972","TCF25"
"NM_003145","SSR2"
"CA431756",NA
"BC094862",NA
"NM_025125","TMEM254"
"NM_002509","NKX2-2"
"AK055214",NA
"NM_015013","KDM1A"
"A_24_P920227",NA
"AK091161",NA
"A_32_P46700",NA
"NM_130771","OSCAR"
"NM_138933","A1CF"
"NM_018010","IFT57"
"NM_012470","TNPO3"
"BM351936",NA
"NM_020123","TM9SF3"
"NM_030643","APOL4"
"A_24_P915107",NA
"ENST00000278590",NA
"BX647987",NA
"BC032532",NA
"NM_012115","CASP8AP2"
"BC011660",NA
"NM_152426","APOBEC3D"
"AL137712",NA
"NM_031421","ODAD4"
"A_24_P676259",NA
"NM_005483","CHAF1A"
"NM_002605","PDE8A"
"ENST00000369739",NA
"NM_003656","CAMK1"
"NM_173475","DCUN1D3"
"AK125540",NA
"AF086337",NA
"NM_001004431","METRNL"
"NM_133467","CITED4"
"THC2707492",NA
"BC000651",NA
"AL117235",NA
"AK090401",NA
"BC104018",NA
"NM_022117","TSPYL2"
"BF727393",NA
"AK023401",NA
"NM_021630","PDLIM2"
"BC008936",NA
"NM_145057","CDC42EP5"
"NM_018445","SELENOS"
"AI380795",NA
"NM_013352","DSE"
"NM_032299","DCUN1D5"
"BF433885",NA
"NM_033103","RHPN2"
"A_23_P13202",NA
"NM_032413","COXFA4L3"
"NM_133439","TADA2A"
"NM_021004","DHRS4"
"BC010099",NA
"A_24_P850069",NA
"NM_001850","COL8A1"
"NM_016246","HSD17B14"
"AK024093",NA
"AK001025",NA
"AK090481",NA
"BF475893",NA
"THC2536560",NA
"NM_000827","GRIA1"
"AA719641",NA
"A_24_P725365",NA
"NM_014788","TRIM14"
"NM_020167","NMUR2"
"AK023159",NA
"NM_001018090","GCOM1"
"NM_004925","AQP3"
"NM_016332","MSRB1"
"CD653123",NA
"AK124175",NA
"NM_005461","MAFB"
"AK097051",NA
"A_23_P50195",NA
"NM_138794","LYPLAL1"
"NM_012231","PRDM2"
"NM_015052","HECW1"
"NM_022346","NCAPG"
"A_24_P612890",NA
"A_24_P401392",NA
"AB007954",NA
"BC011942",NA
"AV652851",NA
"NM_017803","DUS2"
"NM_005003","NDUFAB1"
"NM_032360","ACBD6"
"NM_001567","INPPL1"
"NM_033125","SLC22A16"
"NM_020119","ZC3HAV1"
"AK123627",NA
"NM_015694","ZNF777"
"AF086551",NA
"NM_021959","PPP1R11"
"BC050563",NA
"AK055241",NA
"NM_002413","MGST2"
"BU631567",NA
"AF161557",NA
"NM_001003694","BRPF1"
"NM_004720","LPAR2"
"NM_015529","MOXD1"
"NM_194283","DNAJC21"
"A_24_P375550",NA
"NM_032854","CORO6"
"THC2654987",NA
"NM_001018008","TPM1"
"AF119839",NA
"NM_022726","ELOVL4"
"AF144233",NA
"NM_002569","FURIN"
"A_24_P170309",NA
"NM_014970","KIFAP3"
"THC2530077",NA
"NM_014485","HPGDS"
"AA593970",NA
"A_24_P332754",NA
"AK056825",NA
"NM_001507","MLNR"
"AK025431",NA
"NM_144497","AKAP12"
"NM_182903","KIF9"
"NM_001005199","OR8H1"
"XM_084868",NA
"NM_014883","FAM13A"
"NM_018226","RNPEPL1"
"NM_001991","EZH1"
"NM_181533","ABHD12B"
"NM_024956","TMEM62"
"NM_001009993","FAM168B"
"NM_015687","FILIP1"
"NM_138432","SDSL"
"NM_014886","NSA2"
"NM_033179","OR51B4"
"NM_031456","FBXW10"
"NM_001040710","FAM228A"
"NM_007037","ADAMTS8"
"THC2537873",NA
"CR613361",NA
"AF161360",NA
"AF088054",NA
"NM_021077","NMB"
"XR_017483",NA
"THC2653001",NA
"BC036403",NA
"THC2600744",NA
"THC2665816",NA
"A_24_P358765",NA
"ENST00000261275",NA
"AB033063",NA
"NM_080742","B3GAT2"
"A_32_P208856",NA
"NM_032359","CMSS1"
"NM_003877","SOCS2"
"AK096548",NA
"CR612053",NA
"NM_016372","TPRA1"
"A_24_P213375",NA
"NM_170752","CDYL"
"A_24_P204484",NA
"NR_002146",NA
"XR_018742",NA
"ENST00000341533",NA
"NM_001916","CYC1"
"AL138396",NA
"CR610885",NA
"A_23_P28927",NA
"THC2559651",NA
"NM_003222","TFAP2C"
"NM_080611","DUSP15"
"NM_016627","AMZ2"
"NM_182704","SELENOV"
"NM_178559","ABCB5"
"AL833099",NA
"DB318477",NA
"NM_145013","KCNJ5-AS1"
"A_23_P75192",NA
"XR_015752",NA
"AL359584",NA
"NM_001013648","FUNDC2P2"
"THC2729053",NA
"NM_003720","PSMG1"
"A_24_P943258",NA
"NM_000168","GLI3"
"THC2779319",NA
"U82320",NA
"AF289611",NA
"AL832767",NA
"NM_152898","FERD3L"
"NM_015865","SLC14A1"
"NM_006365","MIR9-1HG"
"BE644757",NA
"AK025082",NA
"BC000772",NA
"XR_015746",NA
"NM_002417","MKI67"
"AV701505",NA
"NM_005286","NPBWR2"
"NM_152536","FGD5"
"NM_172247","CSF2RA"
"NM_000485","APRT"
"DB526586",NA
"L40520",NA
"A_24_P835921",NA
"AK123260",NA
"NM_206594","ESRRG"
"THC2654929",NA
"NM_030811","MRPS26"
"AK096685",NA
"NM_018120","ARMC1"
"NM_020244","CHPT1"
"NM_025176","NINL"
"A_24_P247205",NA
"BC033551",NA
"A_24_P136415",NA
"THC2685096",NA
"AF070579",NA
"BC048283",NA
"NM_001816","CEACAM8"
"AI630979",NA
"BC041636",NA
"NM_030938","VMP1"
"NM_013321","SNX8"
"NM_006282","STK4"
"ENST00000341638",NA
"NM_014707","HDAC9"
"BX647599",NA
"NR_003273","SRP14P1"
"NM_030791","SGPP1"
"NM_002962","S100A5"
"NM_005177","ATP6V0A1"
"NM_031288","INO80B"
"NM_000403","GALE"
"A_24_P161733",NA
"NM_173799","TIGIT"
"A_32_P21742",NA
"ENST00000321925",NA
"NM_015577","RAI14"
"A_32_P85880",NA
"NM_032273","TMEM126A"
"NM_002969","MAPK12"
"AF086205",NA
"BC039151",NA
"NM_001038628","B3GALNT1"
"NM_173660","DOK7"
"NM_018022","TMEM51"
"DQ249310",NA
"AK022291",NA
"NM_054034","FN1"
"NM_024747","HPS6"
"THC2505910",NA
"THC2733339",NA
"NM_004036","ADCY3"
"NM_017519","ARID1B"
"NM_001872","CPB2"
"NM_173598","KSR2"
"THC2691936",NA
"AF088062",NA
"ENST00000357504",NA
"NM_031206","LAS1L"
"NM_018423","STYK1"
"NM_014440","IL36A"
"THC2565422",NA
"A_24_P290109",NA
"ENST00000312847",NA
"NM_001151","SLC25A4"
"NM_014663","KDM4A"
"NM_000266","NDP"
"NM_018023","YEATS2"
"ENST00000262494",NA
"NM_031944","MIXL1"
"NM_002048","GAS1"
"NM_015230","ARAP2"
"THC2674306",NA
"AK090706",NA
"NM_025069","ZNF703"
"NM_006770","MARCO"
"BX103476",NA
"NM_020315","PDXP"
"NM_032584","ZNF347"
"AF147727",NA
"NM_032799","ZDHHC12"
"NM_004136","IREB2"
"ENST00000211092",NA
"NM_152680","TMEM154"
"NM_012478","WBP2"
"L06610",NA
"BC063316",NA
"NM_024067","INTS15"
"NM_133638","ADAMTS19"
"ENST00000316517",NA
"BC014346",NA
"NM_004411","DYNC1I1"
"NM_006662","SRCAP"
"A_24_P923415",NA
"AK023036",NA
"NR_001458","MIR155HG"
"XR_018525",NA
"NM_002101","GYPC"
"NR_003064","PYY2"
"NM_177458","SLURP2"
"NM_006043","HS3ST2"
"NM_152596","EXD1"
"THC2532114",NA
"NM_002285","AFF3"
"NM_016205","PDGFC"
"ENST00000325151",NA
"NM_002220","ITPKA"
"NM_021030","ZNF14"
"NM_020633","VN1R1"
"BC020341",NA
"NM_000527","LDLR"
"CF139200",NA
"NM_030579","CYB5B"
"AK124776",NA
"NM_014035","SNX24"
"NM_004957","FPGS"
"NM_003254","TIMP1"
"A_32_P15581",NA
"NM_033198","PIGS"
"XM_059166",NA
"NM_002054","GCG"
"BC004382",NA
"NM_031453","FAM107B"
"NM_173517","VKORC1L1"
"NM_144569","SPOCD1"
"NM_198976","NELFCD"
"NM_006438","COLEC10"
"A_24_P930582",NA
"THC2690323",NA
"BC042737",NA
"ENST00000333546",NA
"NM_020707","HHATL"
"NM_003259","ICAM5"
"NM_198489","CENATAC"
"THC2643957",NA
"NM_002334","LRP4"
"CV390614",NA
"NM_020063","BARHL2"
"NM_004174","SLC9A3"
"AK022880",NA
"BC061927",NA
"NM_178348","LCE1A"
"ENST00000330777",NA
"U04815",NA
"BQ045216",NA
"NM_175874","C12orf60"
"THC2575761",NA
"NM_017412","FZD3"
"THC2641587",NA
"A_32_P13442",NA
"AK123248",NA
"NM_052870","SNX18"
"ENST00000373464",NA
"THC2682884",NA
"NM_018085","IPO9"
"BC005241",NA
"NM_000754","COMT"
"NM_003099","SNX1"
"NM_014570","ARFGAP3"
"NM_178519","LINC00482"
"NM_152405","JMY"
"NM_052836","CDH23"
"AI090310",NA
"NM_145230","ATP6V0E2"
"THC2696722",NA
"NM_181515","MRPL21"
"A_24_P205307",NA
"NM_005113","GOLGA5"
"NM_017629","AGO4"
"THC2650296",NA
"XR_018403",NA
"AK098256",NA
"AF531436",NA
"AI752947",NA
"NM_014844","TECPR2"
"AA042935",NA
"THC2710780",NA
"THC2748857",NA
"AK093532",NA
"NM_014680","BLTP2"
"THC2658030",NA
"A_24_P164815",NA
"NM_022474","PALS1"
"NM_020729","ODF2L"
"NM_006040","HS3ST4"
"BC005092",NA
"AF147398",NA
"NM_002286","LAG3"
"N68297",NA
"BC043527",NA
"AK023029",NA
"THC2491122",NA
"NM_018691","FAM114A2"
"AK027610",NA
"NM_020376","PNPLA2"
"THC2671036",NA
"ENST00000354618",NA
"XR_016102",NA
"BQ438133",NA
"AF289567",NA
"A_24_P599237",NA
"AK027214",NA
"ENST00000328105",NA
"NM_003687","PDLIM4"
"AB011180",NA
"A_32_P205350",NA
"NM_021649","TICAM2"
"A_24_P350252",NA
"XR_018578",NA
"THC2640030",NA
"THC2655140",NA
"NM_001013","RPS9"
"NM_024941","TRAPPC13"
"NM_003294","TPSAB1"
"A_24_P488342",NA
"AA436686",NA
"NM_001001484","PTER"
"AK096020",NA
"AK055407",NA
"NM_001275","CHGA"
"BC007689",NA
"THC2691941",NA
"A_24_P931272",NA
"NR_001447","MT1L"
"NM_014320","HEBP2"
"NM_000300","PLA2G2A"
"NM_004106","FCER1G"
"THC2548576",NA
"NM_020126","SPHK2"
"THC2506748",NA
"BX360933",NA
"NM_000096","CP"
"THC2520263",NA
"NM_018099","FAR2"
"THC2646590",NA
"NM_001336","CTSZ"
"NM_004076","CRYBB3"
"AF355801",NA
"AL110223",NA
"NM_002976","SCN7A"
"AK095260",NA
"NM_018063","HELLS"
"NM_016291","IP6K2"
"NM_138732","NRXN2"
"BC004343",NA
"NM_017977","CRYBG2"
"NM_014771","RNF40"
"NM_173852","KRTCAP2"
"AK025252",NA
"NM_197939","RNF135"
"NM_007263","COPE"
"A_24_P591119",NA
"THC2779528",NA
"NM_001029858","SLC35F1"
"BC028622",NA
"AK021824",NA
"NR_001553","FAM197Y2"
"AK021694",NA
"BC018675",NA
"A_32_P743731",NA
"NM_032281","ELAVL3"
"NM_002171","IFNA10"
"NM_004668","MGAM"
"THC2648638",NA
"AK023112",NA
"NM_001003679","LEPR"
"THC2474831",NA
"S81335",NA
"NM_002217","ITIH3"
"NM_032047","B3GNT5"
"NM_173473","ANAPC16"
"NM_182492","LRP5L"
"BF512474",NA
"NM_003804","RIPK1"
"NM_006912","RIT1"
"NM_030962","SBF2"
"NR_001540","TTTY23"
"NM_001025076","CELF2"
"NM_000139","MS4A2"
"NM_001640","APEH"
"AL122087",NA
"BC093850",NA
"THC2691419",NA
"NM_002624","PFDN5"
"A_24_P367282",NA
"THC2560976",NA
"A_24_P935647",NA
"NM_002618","PEX13"
"NR_001286","LOC260339"
"NM_207371","SKIDA1"
"NM_016944","TAS2R4"
"NM_152343","SPATA32"
"THC2650029",NA
"NM_052958","C8orf34"
"BC027875",NA
"AK056190",NA
"BF896527",NA
"A_24_P889886",NA
"BC035180",NA
"NM_130808","CPNE4"
"AJ406940",NA
"A_24_P647732",NA
"NM_021018","H3C7"
"NM_001428","ENO1"
"AF009267",NA
"BC017904",NA
"NM_213594","RFX4"
"A_32_P429046",NA
"NM_004262","TMPRSS11D"
"AK057137",NA
"NM_130396","CCN6"
"NM_001089","ABCA3"
"ENST00000369239",NA
"NM_020139","BDH2"
"NM_133377","RAD1"
"NM_014369","PTPN18"
"A_24_P932385",NA
"THC2534800",NA
"NM_153711","CALHM5"
"NM_178434","LCE3C"
"NM_152353","CLDND2"
"BU570396",NA
"BC044822",NA
"ENST00000362001",NA
"NM_024896","ERMP1"
"AF229166",NA
"NM_012466","TSPAN16"
"CR613874",NA
"NM_021082","SLC15A2"
"NM_001002926","POLR1F"
"A_24_P214556",NA
"NM_018166","EVA1B"
"AF143325",NA
"NM_025084","GOLGA2P10"
"NM_001039503","PRSS53"
"BM451513",NA
"NM_006020","ALKBH1"
"NM_178173","IHO1"
"BC033940",NA
"AU144988",NA
"R79977",NA
"AK130431",NA
"THC2606490",NA
"NM_000087","CNGA1"
"NM_001918","DBT"
"AL136618",NA
"BG056597",NA
"BC067110",NA
"NM_003608","GPR65"
"NM_001076675","ZNF626"
"NM_174856","IDH3B"
"NM_001039463","NEXN-AS1"
"NM_001042724","NECTIN2"
"THC2671836",NA
"NM_000414","HSD17B4"
"BC057844",NA
"THC2559752",NA
"A_24_P934096",NA
"NM_001155","ANXA6"
"AF131852",NA
"AK000719",NA
"A_32_P71016",NA
"AF083130",NA
"THC2665111",NA
"THC2538953",NA
"AK097472",NA
"NM_172069","PLEKHH2"
"NM_003312","TST"
"NR_002556","LOC388242"
"A_24_P127517",NA
"NM_014016","SACM1L"
"NM_014822","SEC24D"
"THC2651172",NA
"ENST00000356293",NA
"BC016138",NA
"DB363893",NA
"NM_020921","NIN"
"NM_031281","FCRL5"
"A_23_P124377",NA
"AX781433",NA
"NM_203308",NA
"AK091271",NA
"AF119872",NA
"NM_006341","MAD2L2"
"NM_001639","APCS"
"NM_001466","FZD2"
"AI922845",NA
"NM_015932","POMP"
"ENST00000381391",NA
"BE004814",NA
"NM_080746","RPL10L"
"THC2628387",NA
"A_24_P930469",NA
"NM_207377","TOMM20L"
"THC2700133",NA
"NM_153343","ENPP6"
"NM_024090","ELOVL6"
"NM_004049","BCL2A1"
"NM_015157","PHLDB1"
"XR_019315",NA
"A_24_P641673",NA
"THC2534781",NA
"THC2538822",NA
"BC042060",NA
"NM_138337","CLEC12A"
"ENST00000340783",NA
"AF090920",NA
"NM_014782","ARMCX2"
"NM_002971","SATB1"
"BC039021",NA
"NM_012326","MAPRE3"
"BC036029",NA
"NM_032910","URB1-AS1"
"A_24_P545807",NA
"NM_001076","UGT2B15"
"AK022805",NA
"NM_199189","MATR3"
"NM_015035","ZHX3"
"A_23_P113453",NA
"A_24_P941847",NA
"ENST00000330370",NA
"THC2612011",NA
"NM_005383","NEU2"
"NM_144625","WDR64"
"NM_001077594","EXOC3L4"
"NM_000858","GUK1"
"THC2681183",NA
"NM_001031835","PHKB"
"NM_031433","MFRP"
"AK130583",NA
"THC2689957",NA
"ENST00000327436",NA
"D50915",NA
"AF086427",NA
"BC020966",NA
"THC2730567",NA
"NM_005608","PTPRCAP"
"THC2551948",NA
"NM_199367","SPG7"
"NR_002775","RPLP0P2"
"A_24_P783433",NA
"BC030567",NA
"NM_005044","PRKX"
"THC2644634",NA
"NM_015322","FEM1B"
"NM_020297","ABCC9"
"AK002210",NA
"NM_138774","R3HDM4"
"THC2702073",NA
"DQ145726",NA
"NM_002860","ALDH18A1"
"THC2699697",NA
"NM_144710","SEPTIN10"
"AK125176",NA
"ENST00000292530",NA
"NM_058191","PAXBP1"
"AF086092",NA
"NM_018158","SLC4A1AP"
"AK074418",NA
"NM_014748","SNX17"
"BC018064",NA
"ENST00000314720",NA
"NM_003684","MKNK1"
"THC2682885",NA
"CR616535",NA
"NM_018979","WNK1"
"NM_001015002","LLGL2"
"NM_033550","TP53RK"
"NM_000965","RARB"
"NM_014621","HOXD4"
"NM_014350","TNFAIP8"
"AK056401",NA
"NM_000953","PTGDR"
"XM_001131005",NA
"NM_001029835","CCM2"
"NM_032924","ZNF3"
"A_32_P133402",NA
"NM_133431","XAGE1B"
"NM_212461","PRKAG1"
"NM_001398","ECH1"
"BX097486",NA
"A_32_P59990",NA
"BU160948",NA
"BC039711",NA
"BC041899",NA
"NM_138471","SPINDOC"
"AK055501",NA
"XM_940314",NA
"THC2608967",NA
"NM_207335","KBTBD12"
"AJ437018",NA
"NM_174878","CLRN1"
"THC2550160",NA
"NM_016022","APH1A"
"ENST00000341782",NA
"A_32_P39991",NA
"NP450512",NA
"NM_005353","ITGAD"
"NM_138379","TIMD4"
"NM_001039885","FKRP"
"BC020822",NA
"NP103207",NA
"BC037535",NA
"NM_005445","SMC3"
"A_24_P929042",NA
"A_24_P782102",NA
"NM_004528","MGST3"
"NM_001040446","MTMR12"
"NM_006833","COPS6"
"BC079831",NA
"AL512706",NA
"NR_002714","REG1CP"
"NM_173562","KCTD20"
"THC2508817",NA
"A_24_P698376",NA
"NM_001003408","ABLIM1"
"NM_003632","CNTNAP1"
"NM_052928","SMYD4"
"NM_000609","CXCL12"
"BC040195",NA
"BC008585",NA
"BC009009",NA
"THC2523417",NA
"NM_005969","NAP1L4"
"AB030181",NA
"NM_002496","NDUFS8"
"NM_033151","ABCC11"
"NM_012124","CHORDC1"
"NM_176886","TAS2R45"
"NM_001039891","ZNF674"
"A_24_P196134",NA
"NM_007215","POLG2"
"A_24_P452175",NA
"THC2637858",NA
"NM_018086","FIGN"
"BC000986",NA
"M34432",NA
"THC2644835",NA
"A_23_P125109",NA
"NM_000098","CPT2"
"NM_021796","PLAC1"
"AI364887",NA
"A_24_P916858",NA
"NM_001029882","AHDC1"
"NM_013242","CFAP20"
"NM_181078","IL21R"
"THC2673973",NA
"NM_198951","TGM2"
"BX640928",NA
"NM_175735","LYG2"
"NM_153445","OR5P3"
"NM_001007526",NA
"AK090402",NA
"NM_005688","ABCC5"
"BQ318668",NA
"THC2491858",NA
"THC2672817",NA
"THC2671280",NA
"XM_001132267",NA
"THC2659504",NA
"ENST00000335106",NA
"A_24_P932488",NA
"THC2672361",NA
"NM_032793","MFSD2A"
"NM_003830","SIGLEC5"
"NM_004442","EPHB2"
"NM_181846","ZSCAN22"
"NM_022822","KLC2"
"BF879636",NA
"NM_003591","CUL2"
"ENST00000313620",NA
"NM_015710","NOP53"
"NM_022719","ESS2"
"NM_005681","TAF1A"
"THC2586764",NA
"AA278755",NA
"NM_198540","B3GNT8"
"NM_002158","FOXN2"
"A_24_P783810",NA
"NM_001375","DNASE2"
"NM_015991","C1QA"
"NM_003868","FGF16"
"NM_033345","RGS8"
"NM_144974","CCDC122"
"XR_019598",NA
"BX641027",NA
"NM_016441","CRIM1"
"NM_152769","CBARP"
"A_32_P228570",NA
"A_24_P221960",NA
"NM_001040066",NA
"THC2650292",NA
"NM_004465","FGF10"
"AK024824",NA
"NM_003078","SMARCD3"
"NM_003089","SNRNP70"
"NM_182832",NA
"NM_001005217","FRG2"
"A_32_P143793",NA
"AF119867",NA
"AA065042",NA
"NM_003445","ZNF155"
"NM_001010974","BCAS4"
"NM_001024847","TGFBR2"
"THC2713078",NA
"A_32_P121923",NA
"NM_145233","ZNF625"
"NM_144651","PXDNL"
"AK022015",NA
"NM_018359","UFSP2"
"BC112006",NA
"AL117599",NA
"THC2654982",NA
"THC2737770",NA
"NM_080738","EDARADD"
"AK096231",NA
"THC2699924",NA
"THC2522470",NA
"NM_175739","SERPINA9"
"NM_005330","HBE1"
"BC002482",NA
"NM_144708","ANKAR"
"NM_004450","ERH"
"THC2631229",NA
"ENST00000307840",NA
"NM_001042517","DIAPH3"
"AK092378",NA
"AF220234",NA
"NM_198542","ZNF773"
"NM_133463","AMZ1"
"BC027954",NA
"NM_020248","CTNNBIP1"
"NM_145728","SYNM"
"ENST00000359050",NA
"A_32_P57453",NA
"A_24_P600036",NA
"NM_001040107","HVCN1"
"AF336106",NA
"NM_001039528","LINC02880"
"ENST00000382002",NA
"NM_002370","MAGOH"
"A_32_P167111",NA
"XR_017480",NA
"A_24_P752690",NA
"NM_006026","H1-10"
"A_23_P21804",NA
"BG719281",NA
"NM_001077628","APH1A"
"A_24_P694998",NA
"NM_002991","CCL24"
"CR609843",NA
"A_24_P101503",NA
"A_24_P194954",NA
"A_24_P93397",NA
"AA765447",NA
"NM_020359","PLSCR2"
"BG216262",NA
"NM_031907","USP26"
"ENST00000359495",NA
"BC041440",NA
"A_32_P227648",NA
"XR_019518",NA
"A_24_P453865",NA
"NM_006863","LILRA1"
"NM_002367","MAGEB4"
"AK126364",NA
"NM_007240","DUSP12"
"BC033082",NA
"NM_004062","CDH16"
"NM_020223","FAM20C"
"NM_015907","LAP3"
"AF283771",NA
"D87716",NA
"NM_022131","CLSTN2"
"NM_030578","B9D2"
"XM_932810",NA
"THC2673918",NA
"NM_004435","ENDOG"
"AF271256",NA
"AK055497",NA
"NM_004941","DHX8"
"AK095225",NA
"XM_926158",NA
"NM_032512","PDZD4"
"NM_015190","DNAJC9"
"NM_018840","RAB5IF"
"NM_003128","SPTBN1"
"THC2628968",NA
"THC2617552",NA
"NM_017752","TBC1D8B"
"THC2503151",NA
"A_24_P920712",NA
"AK021676",NA
"NM_017839","LPCAT2"
"AL136875",NA
"NM_016391","NOP16"
"AL601841",NA
"NM_016307","PRRX2"
"NM_033272","KCNH7"
"NM_014362","HIBCH"
"XR_018187",NA
"CR621710",NA
"AL080179",NA
"NM_032804","ADO"
"NM_032860","LTV1"
"A_32_P70759",NA
"A_23_P21587",NA
"NM_021619","PRDM12"
"NM_015150","RFTN1"
"BC032716",NA
"AF130075",NA
"NM_006204","PDE6C"
"NM_134428","RFX3"
"NM_002845","PTPRM"
"NM_004888","ATP6V1G1"
"THC2655358",NA
"A_24_P687465",NA
"A_23_P122481",NA
"NM_006528","TFPI2"
"NM_001858","COL19A1"
"AK025264",NA
"A_32_P113462",NA
"THC2530832",NA
"NM_002751","MAPK11"
"NM_014949","KHDC4"
"AB032526",NA
"NM_173529","C18orf54"
"A_24_P272515",NA
"NM_016287","HP1BP3"
"AK096065",NA
"NM_001855","COL15A1"
"A_24_P930262",NA
"BC017357",NA
"THC2626078",NA
"THC2620182",NA
"NM_024589","ROGDI"
"M96956",NA
"NM_004722","AP4M1"
"NM_001018051","POLR3H"
"THC2654991",NA
"NM_002015","FOXO1"
"THC2629736",NA
"AK056055",NA
"BU608568",NA
"ENST00000377275",NA
"NM_144570","JPT2"
"ENST00000333582",NA
"NM_005762","TRIM28"
"A_24_P76008",NA
"ENST00000361080",NA
"AK056809",NA
"AB062480",NA
"XM_001133847",NA
"AK094963",NA
"THC2566704",NA
"BG951379",NA
"A_23_P357504",NA
"AK056033",NA
"CR613654",NA
"NM_145245","EVI5L"
"BC043009",NA
"BC010055",NA
"NM_005807","PRG4"
"NM_017409","HOXC10"
"AF279773",NA
"NM_001299","CNN1"
"NM_022779","DDX31"
"THC2757340",NA
"A_32_P63630",NA
"A_24_P921412",NA
"NM_003618","MAP4K3"
"NM_006955","ZNF33B"
"NM_152515","CKAP2L"
"NM_003765","STX10"
"XM_001131329",NA
"BX100997",NA
"A_24_P921947",NA
"NM_021804","ACE2"
"A_32_P113646",NA
"NM_001043","SLC6A2"
"ENST00000380897",NA
"AK055306",NA
"NM_199297","THYN1"
"A_32_P10968",NA
"NM_021066","H2AC14"
"AK057970",NA
"NM_001017992","ACTBL2"
"NM_178570","RTN4RL2"
"CR619760",NA
"AL562818",NA
"CA307890",NA
"NM_006659","TUBGCP2"
"NM_012368","OR2C1"
"NM_201564","SYCE1"
"NM_006187","OAS3"
"BC031632",NA
"NM_021826","FASTKD5"
"AK054684",NA
"NM_001044369","DIPK1C"
"A_24_P24415",NA
"AK026372",NA
"AK054572",NA
"NM_033029","LMLN"
"NM_032372","DYDC2"
"NM_025112","ZXDC"
"NM_014719","TCAF1"
"BC035060",NA
"NM_000154","GALK1"
"XR_019343",NA
"NM_173728","ARHGEF15"
"NM_018934","PCDHB14"
"NM_177444","PPFIBP1"
"NM_153026","PRICKLE1"
"NM_001407","CELSR3"
"NM_001077621","VPS37D"
"NM_022843","PCDH20"
"AF116677",NA
"A_32_P61708",NA
"NM_001211","BUB1B"
"NM_004542","NDUFA3"
"NM_030928","CDT1"
"NM_175617","MT1E"
"NM_153035","TCEANC2"
"AK022086",NA
"AF257098",NA
"NM_080552","SLC32A1"
"AY358101",NA
"THC2632923",NA
"NM_182639","HPS1"
"BC108721",NA
"NM_014442","SIGLEC8"
"THC2654601",NA
"AK098210",NA
"THC2643488",NA
"NM_001011539","GUSBP5"
"NM_032408","BAZ1B"
"NM_003532","H3C6"
"NM_007313","ABL1"
"THC2697409",NA
"AK075052",NA
"NM_014448","ARHGEF16"
"NM_001631","ALPI"
"NM_001927","DES"
"THC2706547",NA
"NM_012382","TTC33"
"NM_016132","MYEF2"
"XR_018969",NA
"A_32_P96085",NA
"NM_007038","ADAMTS5"
"NM_173800","LVRN"
"NM_181302","WDR20"
"BX118161",NA
"NM_022788","P2RY12"
"XR_018533",NA
"NM_003520","H2BC15"
"Z39851",NA
"NM_152758","YTHDF3"
"NM_144638","TMEM42"
"XR_015627",NA
"NM_007056","CLASRP"
"NM_020348","CNNM1"
"NM_001008657","TCOF1"
"AL133577",NA
"BC033222",NA
"XR_015294",NA
"THC2655842",NA
"A_24_P736617",NA
"NM_152423","PWWP3B"
"NM_015101","COLGALT2"
"XR_018312",NA
"NM_007115","TNFAIP6"
"NM_016508","CDKL3"
"A_23_P72330",NA
"NM_022337","RAB38"
"NM_145693","LPIN1"
"XR_017446",NA
"A_24_P922750",NA
"NM_032152","PRAM1"
"A_32_P121334",NA
"THC2644853",NA
"BC062758",NA
"A_32_P107968",NA
"NM_003469","SCG2"
"NM_001013652","PTGES2-DT"
"NM_001031806","ALDH3A2"
"BC004543",NA
"ENST00000377705",NA
"THC2631043",NA
"NM_004130","GYG1"
"AF118071",NA
"NM_016378","VCX2"
"ENST00000308537",NA
"NM_004347","CASP5"
"NR_003128","ACTR2P2"
"A_32_P231143",NA
"NM_006737","KIR3DL2"
"NM_020064","BARHL1"
"THC2685686",NA
"AJ697972",NA
"NM_003203","GCFC2"
"AL832717",NA
"A_32_P148780",NA
"THC2703234",NA
"NM_032133","MYCBPAP"
"A_24_P587938",NA
"NM_152524","SGO2"
"BU164445",NA
"BU076193",NA
"ENST00000328018",NA
"A_24_P135515",NA
"NM_152278","TCEAL7"
"NM_032195","SON"
"BP290435",NA
"NM_001893","CSNK1D"
"A_24_P32930",NA
"A_24_P920664",NA
"ENST00000320547",NA
"X87893",NA
"ENST00000369043",NA
"D90278",NA
"NM_014181","LGALSL"
"NM_000361","THBD"
"THC2706493",NA
"BC035740",NA
"NM_203298","CHCHD1"
"A_24_P457021",NA
"THC2560098",NA
"NM_001039954","MT1HL1"
"NM_004728","DDX21"
"THC2730823",NA
"BC013295",NA
"AI919230",NA
"NM_004454","ETV5"
"NM_006217","SERPINI2"
"A_24_P648391",NA
"NM_001004459","OR1S2"
"ENST00000339692",NA
"A_24_P41890",NA
"NM_004875","POLR1C"
"NM_014717","ZNF536"
"BC015334",NA
"THC2568453",NA
"NM_001608","ACADL"
"AY358688",NA
"AK023400",NA
"AK055067",NA
"NM_138810","TAGAP"
"CD641036",NA
"NM_005585","SMAD6"
"XR_019271",NA
"NM_003542","H4C3"
"AK021929",NA
"NM_000948","PRL"
"AF181999",NA
"NM_024924","ZNF702P"
"BM955917",NA
"THC2533951",NA
"THC2698927",NA
"NM_176817","TAS2R38"
"NM_153447","NLRP5"
"THC2739211",NA
"AK126751",NA
"AW327568",NA
"U88360",NA
"NM_018117","WDR11"
"NM_005498","AP1M2"
"NM_017646","TRIT1"
"A_24_P273074",NA
"NM_016086","STYXL1"
"A_24_P254915",NA
"NM_152236","GAS2L1"
"NM_002602","PDE6G"
"A_32_P163046",NA
"BF939304",NA
"ENST00000379204",NA
"NM_153333","TCEAL8"
"THC2542952",NA
"A_24_P315774",NA
"NM_003799","RNMT"
"NM_078487","CDKN2B"
"NM_012419","RGS17"
"NM_004897","MINPP1"
"A_24_P401221",NA
"NM_018077","RBM28"
"AB007870",NA
"NM_007176","ERG28"
"NM_213609","TAFA1"
"NM_138283","CSTL1"
"NM_138278","BNIPL"
"A_24_P490463",NA
"NM_014266","HCST"
"A_32_P62983",NA
"A_24_P607751",NA
"NM_006002","UCHL3"
"A_24_P937084",NA
"NM_052846","EMILIN3"
"NM_138555","KIF23"
"BC053669",NA
"THC2536817",NA
"X15674",NA
"NM_032974","CASP10"
"NP1247838",NA
"NM_153705","POGLUT3"
"BQ189494",NA
"AF093744",NA
"A_24_P358606",NA
"THC2579856",NA
"THC2538841",NA
"NM_005372","MOS"
"NM_002870","RAB13"
"NM_016486","TMEM69"
"NM_001037558","HEPN1"
"BC082970",NA
"BC064553",NA
"NM_000271","NPC1"
"AK022194",NA
"ENST00000389382",NA
"BC015064",NA
"THC2657961",NA
"BC031876",NA
"NM_014367","FAM162A"
"NM_021176","G6PC2"
"NM_020905","RDH14"
"A_24_P625898",NA
"NM_024076","KCTD15"
"A_24_P75688",NA
"NM_001014975","CFH"
"NM_013256","ZNF180"
"NM_022065","THADA"
"NM_016529","ATP8A2"
"W81715",NA
"AY168775",NA
"ENST00000302079",NA
"NM_182627","WDR53"
"ENST00000329808",NA
"BM468849",NA
"THC2587773",NA
"ENST00000238576",NA
"NM_001013692",NA
"BC030058",NA
"XR_017030",NA
"NM_025073","SIKE1"
"ENST00000295339",NA
"NM_000541","SAG"
"NM_181535","KRT28"
"NM_012337","CFAP45"
"NM_001002234","SCNM1"
"NM_020190","OLFML3"
"AK125077",NA
"AF041410",NA
"NM_004138","KRT33A"
"A_32_P101073",NA
"NM_006998","SCGN"
"ENST00000369783",NA
"NM_170783","POLR1H"
"NM_006207","PDGFRL"
"A_23_P132606",NA
"BC034924",NA
"AK023050",NA
"AK091509",NA
"A_24_P934826",NA
"XR_015605",NA
"NM_004444","EPHB4"
"NM_152683","PRIMPOL"
"THC2653884",NA
"THC2577727",NA
"NM_153613","LPCAT4"
"NM_001001936","AFAP1L2"
"AF083121",NA
"NM_005660","SLC35A2"
"NM_022762","RMND5B"
"NM_002030","FPR3"
"NM_003536","H3C10"
"NM_000916","OXTR"
"CR936771",NA
"A_24_P564761",NA
"A_24_P384029",NA
"NM_025263","PRR3"
"THC2662526",NA
"NM_001060","TBXA2R"
"A_32_P108203",NA
"NM_016458","HGH1"
"NM_005792","MPHOSPH6"
"NM_003165","STXBP1"
"A_24_P161074",NA
"NM_198329","UBA5"
"A_23_P158699",NA
"NM_015630","EPC2"
"NM_004522","KIF5C"
"NM_005713","CERT1"
"AI291464",NA
"NM_021079","NMT1"
"THC2505349",NA
"A_32_P99825",NA
"NM_205855","FAM180A"
"NM_078629","MSL3"
"AL834140",NA
"NM_032680","CRACR2A"
"NM_145065","PELI3"
"AK022489",NA
"BQ004014",NA
"NM_006526","ZNF217"
"NM_015918","POP5"
"AK055402",NA
"NM_006433","GNLY"
"AL561405",NA
"AY203961",NA
"BC038717",NA
"AF038184",NA
"NM_012341","GTPBP4"
"NM_002188","IL13"
"NM_015589","SAMD4A"
"THC2634611",NA
"NM_004158","PSPN"
"NM_002758","MAP2K6"
"NM_001614","ACTG1"
"NM_001003827","TRIM34"
"NM_139208","MASP2"
"ENST00000274361",NA
"NM_000588","IL3"
"NM_000040","APOC3"
"A_24_P588578",NA
"NM_001017402","LAMB3"
"AK022471",NA
"CR597597",NA
"A_23_P399604",NA
"NM_001889","CRYZ"
"NM_182538","SPNS3"
"BC031940",NA
"NR_001578","TDH"
"NM_014737","RASSF2"
"ENST00000373316",NA
"NM_144703","LSM14B"
"NM_138969","SDR16C5"
"ENST00000343505",NA
"NM_000281","PCBD1"
"THC2653521",NA
"NM_003597","KLF11"
"NM_006223","PIN4"
"NM_020787","ZNF624"
"NM_144765","MPZL2"
"AA585242",NA
"BX648100",NA
"NM_153437","ODF2"
"NM_016275","SELENOT"
"NM_016300","ARPP21"
"AU185665",NA
"NM_032262","TMEM191A"
"BC020888",NA
"NM_001002836","ZNF787"
"NM_002303","LEPR"
"NM_174944","TSSK4"
"A_24_P24332",NA
"NM_024629","CENPU"
"THC2618570",NA
"NM_006147","IRF6"
"THC2729730",NA
"NM_019845","RPRM"
"NM_017869","BANP"
"BC014048",NA
"NM_001232","CASQ2"
"AK126324",NA
"BU633383",NA
"NM_016551","TM7SF3"
"BC047589",NA
"XR_018662",NA
"THC2656802",NA
"NR_002181","PPY2P"
"BG214826",NA
"NM_001024215","FBLIM1"
"NM_012225","NUBP2"
"THC2667587",NA
"NM_016306","DNAJB11"
"NM_020682","AS3MT"
"NM_001012446","FAM221B"
"NM_172313","CSF3R"
"NM_057091","ARTN"
"NM_018119","POLR3E"
"A_32_P184417",NA
"NM_152613","WBP2NL"
"NM_019018","OTULINL"
"AK125129",NA
"NM_053006","TSSK2"
"NM_006407","ARL6IP5"
"NM_018203","KLHDC8A"
"A_23_P39746",NA
"A_32_P142363",NA
"NM_021934","ATG101"
"ENST00000289382",NA
"A_24_P654255",NA
"NM_080825","C20orf144"
"NM_003708","RDH16"
"CR591264",NA
"NM_001002252","ARL6IP4"
"NM_001004343","MAP1LC3C"
"NM_025108","TEDC2"
"BI008718",NA
"THC2672505",NA
"NM_014203","AP2A1"
"AF035297",NA
"NM_021200","PLEKHB1"
"THC2613527",NA
"NM_014334","FRRS1L"
"XR_019557",NA
"NM_024808","BORA"
"NM_003816","ADAM9"
"AK091027",NA
"CR620831",NA
"BC008476",NA
"AB040957",NA
"NM_018076","ODAD2"
"NM_002779","PSD"
"A_24_P384196",NA
"NM_021971","GMPPB"
"NM_012404","ANP32D"
"THC2553569",NA
"ENST00000376573",NA
"NM_020161","SLC19A4P"
"AF232217",NA
"NM_080610","CST9L"
"A_24_P921426",NA
"NM_003325","HIRA"
"AW294929",NA
"NM_145213","MRPL30"
"THC2651722",NA
"A_24_P510515",NA
"BC056896",NA
"A_24_P178663",NA
"BG618474",NA
"AB075828",NA
"NM_018068","PIWIL2"
"BC038431",NA
"XR_019351",NA
"THC2770152",NA
"NM_000795","DRD2"
"THC2721785",NA
"NM_001079539","XBP1"
"XR_016059",NA
"NM_199077","CNNM2"
"CR616845",NA
"AL133627",NA
"A_24_P290068",NA
"NM_000339","SLC12A3"
"NM_003858","CCNK"
"AK123750",NA
"ENST00000324663",NA
"THC2676596",NA
"NM_153604","MYOCD"
"A_24_P349606",NA
"S69023",NA
"NM_002586","PBX2"
"BQ287889",NA
"AK027233",NA
"A_32_P206391",NA
"A_32_P140501",NA
"NM_000698","ALOX5"
"NM_001004063","OR4K1"
"A_23_P128897",NA
"NM_014817","TRIL"
"AB063115",NA
"NM_000221","KHK"
"BE708118",NA
"THC2536711",NA
"A_32_P140122",NA
"NM_144664","FAM76B"
"NM_018663","PXMP2"
"NM_145664","SPANXB1"
"XR_016528",NA
"AK025855",NA
"THC2544903",NA
"XR_016415",NA
"NM_170664","OTOA"
"NM_176881","TAS2R39"
"BC034228",NA
"AF119871",NA
"NM_000724","CACNB2"
"NM_014709","USP34"
"ENST00000295112",NA
"ENST00000305423",NA
"AK055438",NA
"NM_000312","PROC"
"A_24_P814872",NA
"ENST00000311218",NA
"NM_206933","USH2A"
"NM_138371","PCED1B"
"A_23_P206568",NA
"AK123083",NA
"NM_173494","DNAAF6"
"A_24_P921597",NA
"NM_004928","CFAP410"
"AK094154",NA
"A_23_P5512",NA
"THC2635301",NA
"NM_004768","SRSF11"
"THC2731608",NA
"NM_006795","EHD1"
"NM_000028","AGL"
"BC007572",NA
"AF086261",NA
"NM_012317","LDOC1"
"THC2661861",NA
"NM_032018","SPRTN"
"BC034752",NA
"NM_001008237","TTC32"
"NM_001025158","CD74"
"NM_015378","VPS13D"
"NM_003048","SLC9A2"
"NM_213647","FGFR4"
"AK001829",NA
"NM_145171","GPHB5"
"NM_032214","SLA2"
"BC005914",NA
"CA438802",NA
"A_32_P100719",NA
"NM_005984","SLC25A1"
"AB058699",NA
"NR_001283","TOP1P2"
"A_32_P214860",NA
"XR_015536",NA
"NM_012283","KCNG2"
"A_24_P289130",NA
"NM_005465","AKT3"
"NM_014240","LIMD1"
"THC2642650",NA
"AX721252",NA
"BX537551",NA
"NM_201433","GAS7"
"BC033057",NA
"BX640923",NA
"A_32_P104995",NA
"THC2714090",NA
"NM_001048252","CTXN3"
"BX116997",NA
"NM_005472","KCNE3"
"A_24_P924452",NA
"AL365511",NA
"A_32_P26721",NA
"XR_018681",NA
"XR_017173",NA
"AK022348",NA
"NM_002689","POLA2"
"THC2642409",NA
"AK055370",NA
"XM_497341",NA
"NM_012260","HACL1"
"NM_020197","SMYD2"
"NM_213568","SLC39A3"
"NM_001830","CLCN4"
"NM_001007563","IGFBPL1"
"AK001998",NA
"AY650034",NA
"NM_013982","NRG2"
"NM_001040661","SLC29A4"
"NM_004959","NR5A1"
"A_24_P221475",NA
"NM_018725","IL17RB"
"NM_001042422","SLC16A3"
"A_23_P5171",NA
"THC2667127",NA
"ENST00000329730",NA
"AK055784",NA
"CR601694",NA
"THC2535233",NA
"ENST00000319822",NA
"A_24_P340866",NA
"BC040902",NA
"AI791143",NA
"A_23_P205500",NA
"AK096401",NA
"NM_007207","DUSP10"
"NM_178527","SLC9C2"
"AF085960",NA
"NM_000672","ADH6"
"THC2646969",NA
"A_24_P925901",NA
"ENST00000315208",NA
"NM_052957","GCNA"
"NM_024867","SPEF2"
"CN272797",NA
"NM_002705","PPL"
"NM_001033953","CALCA"
"NM_144604","ZC3H18"
"NM_001032283","TMPO"
"NM_000733","CD3E"
"NM_016383","LUZP4"
"NM_014700","RAB11FIP3"
"NM_178837","DNAAF3"
"NM_015696","GPX7"
"D00022",NA
"NM_033520","C19orf33"
"ENST00000329044",NA
"NM_003865","HESX1"
"NM_020246","SLC12A9"
"NP086111",NA
"NM_024664","PPCS"
"NM_205767","MICOS13"
"BC041467",NA
"NM_006093","PRG3"
"AK094379",NA
"BM479752",NA
"NM_152573","RASEF"
"AF088066",NA
"AK023862",NA
"NM_001040167","LFNG"
"NM_001012754","NHLRC3"
"AK128027",NA
"NM_015983","UBE2D4"
"ENST00000275546",NA
"AK094875",NA
"NM_021141","XRCC5"
"NM_001013839","EXOC7"
"AW076051",NA
"M69012",NA
"ENST00000381528",NA
"A_32_P26443",NA
"XR_015377",NA
"A_24_P367100",NA
"NM_133180","EPS8L1"
"NM_003369","UVRAG"
"NM_173483","CYP4F22"
"AF357221",NA
"AK096677",NA
"NM_001004707","OR4D2"
"NM_025241","UBXN6"
"THC2558878",NA
"NM_001013703","EIF2AK4"
"NM_017807","OSGEP"
"NM_173807","CATSPERE"
"THC2632411",NA
"NM_007309","DIAPH2"
"ENST00000389043",NA
"AA856716",NA
"BC117434",NA
"NM_024866","ADM2"
"NM_014517","UBP1"
"NM_004259","RECQL5"
"AF130109",NA
"AJ310938",NA
"NM_014055","IFT81"
"NM_002068","GNA15"
"AI890644",NA
"NM_152572","AK8"
"THC2554996",NA
"THC2786662",NA
"A_32_P232647",NA
"AW664702",NA
"A_24_P940209",NA
"ENST00000380248",NA
"A_24_P928713",NA
"NM_017755","NSUN2"
"NM_032039","FAM234A"
"XR_018148",NA
"NM_000558","HBA1"
"NM_020747","ZNF608"
"AK091274",NA
"AK094969",NA
"NM_002127","HLA-G"
"NM_019841","TRPV5"
"NM_003645","SLC27A2"
"BC008410",NA
"BQ329909",NA
"AA719759",NA
"NM_053284","WFIKKN1"
"NM_006074","TRIM22"
"A_24_P934497",NA
"NM_153717","EVC"
"A_23_P71635",NA
"THC2727164",NA
"NM_024744","CARF"
"NM_000885","ITGA4"
"NM_001440","EXTL3"
"A_23_P105732",NA
"XR_015904",NA
"NM_003059","SLC22A4"
"AL133090",NA
"A_24_P273033",NA
"BX648347",NA
"A_23_P250072",NA
"ENST00000376333",NA
"A_24_P755069",NA
"THC2651047",NA
"NM_006936","SUMO3"
"BC030816",NA
"THC2753719",NA
"NM_198965","PTHLH"
"AL834134",NA
"BC047940",NA
"NM_145754","KIFC2"
"NM_000543","SMPD1"
"THC2618074",NA
"NM_018314","UEVLD"
"NM_025077","TOE1"
"NM_001033045","GPR155"
"NM_014697","NOS1AP"
"XM_944447",NA
"NM_002881","RALB"
"A_32_P196411",NA
"NM_001008495","TMEM64"
"A_24_P101271",NA
"AK124901",NA
"AL831818",NA
"NM_025196","GRPEL1"
"BC014023",NA
"A_24_P927015",NA
"AK022168",NA
"BC062473",NA
"NM_005936","AFDN"
"NM_052955","TGM7"
"NM_152612","CCDC116"
"ENST00000329615",NA
"NM_006871","RIPK3"
"NM_138571","HINT3"
"NM_033199","UCN2"
"NM_001667","ARL2"
"A_24_P419323",NA
"ENST00000322831",NA
"ENST00000366906",NA
"AK094520",NA
"ENST00000367846",NA
"THC2536579",NA
"NM_023933","ANTKMT"
"THC2721409",NA
"THC2765813",NA
"XR_019375",NA
"A_32_P151470",NA
"A_24_P678056",NA
"AJ519285",NA
"THC2750786",NA
"NM_145007","NLRP11"
"NM_017841","SDHAF2"
"NM_001671","ASGR1"
"A_23_P136013",NA
"NM_201380","PLEC"
"NM_006717","SPIN1"
"ENST00000320925",NA
"NM_025138","PROSER1"
"ENST00000321892",NA
"NM_005672","PSCA"
"NM_002137","HNRNPA2B1"
"BC010662",NA
"THC2490328",NA
"THC2477828",NA
"NM_020062","SLC2A4RG"
"THC2716093",NA
"NM_001009814","VWA8"
"NM_020685","CEP15"
"BX092137",NA
"AF116635",NA
"NM_006378","SEMA4D"
"AF339771",NA
"AK098688",NA
"ENST00000370203",NA
"CR600271",NA
"NM_024046","CAMKV"
"BC020945",NA
"AB014766",NA
"AA301508",NA
"NM_152709","STOX1"
"NM_006604","RFPL3"
"AK023796",NA
"NM_032303","HSDL2"
"THC2665346",NA
"NM_001002906",NA
"NM_024626","VTCN1"
"NM_019035","PCDH18"
"NM_033128","SCIN"
"NM_199000","LHFPL3"
"NM_004887","CXCL14"
"NM_001333","CTSV"
"AK022430",NA
"NM_020696","KIAA1143"
"XR_019265",NA
"NM_022803","UCP3"
"NM_016591","GCNT4"
"NM_015436","RCHY1"
"NM_178431","LCE3A"
"NM_001145","ANG"
"A_24_P929974",NA
"NM_181671","PITPNC1"
"A_32_P139012",NA
"AF123320",NA
"NM_144659","TCP10L"
"NM_004274","AKAP6"
"CR626252",NA
"AF130051",NA
"THC2503300",NA
"BE144057",NA
"NM_207351","PRRT3"
"N34499",NA
"NM_014581","OBP2B"
"T15787",NA
"NM_003506","FZD6"
"NM_032456","PCDH7"
"AK097080",NA
"CB123670",NA
"NM_005842","SPRY2"
"BC034225",NA
"NM_000027","AGA"
"A_24_P110521",NA
"BF509481",NA
"AY007124",NA
"NM_001839","CNN3"
"ENST00000297537",NA
"NM_001051","SSTR3"
"NM_005666","CFHR2"
"AA903587",NA
"NM_006751","ITPRID2"
"NM_002084","GPX3"
"XR_019334",NA
"ENST00000334122",NA
"AB058742",NA
"CR616058",NA
"THC2701278",NA
"BC000228",NA
"NM_181723","MICU3"
"BC011136",NA
"NM_172088","TNFSF13"
"NM_001983","ERCC1"
"AB075827",NA
"BC034418",NA
"AK096461",NA
"NM_017510","TMED9"
"NM_021732","AVPI1"
"A_24_P945375",NA
"NM_203486","DLL3"
"NM_019612","IRGC"
"NM_198075","LRRC56"
"NM_015872",NA
"NM_002631","PGD"
"NM_022491","SUDS3"
"A_24_P135830",NA
"NM_015871","ZNF593"
"NM_001001547","CD36"
"NM_203311","CSAG3"
"NM_016227","SUCO"
"NM_144695","BROX"
"AL581249",NA
"NM_013399","CDIP1"
"NM_001004751","OR51D1"
"A_24_P273214",NA
"A_24_P636974",NA
"ENST00000324808",NA
"NM_206819","MYBPC1"
"BC039414",NA
"AK097847",NA
"NM_012233","RAB3GAP1"
"AK094481",NA
"NM_019005","MIOS"
"NM_002573","PAFAH1B3"
"NM_004621","TRPC6"
"A_24_P786912",NA
"A_24_P332292",NA
"NM_013442","STOML2"
"NM_015722","CALY"
"AK092826",NA
"ENST00000370128",NA
"BX398964",NA
"BU507302",NA
"NM_014520","MYBBP1A"
"NM_016095","GINS2"
"BX411238",NA
"AK125389",NA
"AF113674",NA
"DQ080207",NA
"AB033094",NA
"NM_003878","GGH"
"NM_017926","GPATCH2L"
"ENST00000318291",NA
"NM_006183","NTS"
"A_24_P33055",NA
"U92981",NA
"AL359561",NA
"ENST00000270238",NA
"AK130486",NA
"NM_001185","AZGP1"
"NM_018056","TMEM39B"
"BM928667",NA
"ENST00000339388",NA
"NM_005729","PPIF"
"NM_001737","C9"
"THC2668308",NA
"XR_016847",NA
"D26122",NA
"BC011648",NA
"NM_001081","CUBN"
"NM_005686","SOX13"
"NM_001888","CRYM"
"NM_001042367","REC114"
"AK094726",NA
"NM_032493","AP1M1"
"NM_006342","TACC3"
"NM_003547","H4C7"
"NM_022170","EIF4H"
"NM_001008393","C4orf46"
"NP111770",NA
"NM_005844","HCG9"
"AK091722",NA
"THC2679057",NA
"THC2699065",NA
"NM_024662","NAT10"
"A_32_P38228",NA
"NM_001039670","IFFO1"
"BC029850",NA
"A_24_P410100",NA
"THC2614520",NA
"NM_006789","APOBEC2"
"NM_003028","SHB"
"NM_024603","BEND5"
"AF471475",NA
"BC001809",NA
"NM_000085","CLCNKB"
"NM_024668","ANKHD1"
"NM_001004688","OR2M2"
"NM_032334","UTP23"
"NM_007329","DMBT1"
"NM_181661","VPS13B"
"A_23_P335398",NA
"A_24_P195749",NA
"NM_001077239","RNF214"
"AK056260",NA
"NR_001559","VENTXP1"
"NM_001042490","GTF2H2C_2"
"A_24_P511776",NA
"AB007961",NA
"BM998048",NA
"THC2620541",NA
"NM_002070","GNAI2"
"THC2671164",NA
"THC2560068",NA
"THC2530905",NA
"AK024388",NA
"BX100565",NA
"NM_001167","XIAP"
"AK091025",NA
"BX110223",NA
"NM_021968","H4C11"
"NM_173855","MORN3"
"NM_020912","FLYWCH1"
"THC2667666",NA
"BG944924",NA
"NR_001537","TTTY13"
"NM_001005191","OR7D4"
"AL080134",NA
"THC2703681",NA
"AY129023",NA
"NM_032028","TSSK1B"
"AI669333",NA
"AF247820",NA
"AK022102",NA
"A_32_P107994",NA
"THC2644672",NA
"NM_024660","IGFLR1"
"A_24_P169645",NA
"NM_000853","GSTT1"
"A_24_P417751",NA
"BF335933",NA
"ENST00000373222",NA
"AK055167",NA
"NM_003368","USP1"
"BC040619",NA
"A_32_P77759",NA
"NM_014398","LAMP3"
"A_23_P210297",NA
"BC036699",NA
"BE093050",NA
"BC090867",NA
"AA420988",NA
"NM_001024596","ZNF772"
"THC2719403",NA
"AK126559",NA
"BC040048",NA
"THC2699069",NA
"NM_130791","WWOX"
"AB053310",NA
"A_24_P238769",NA
"NM_033553","GUCA2A"
"NM_004564","GATB"
"NM_024910","ZNF767P"
"NM_032873","UBASH3B"
"NM_000064","C3"
"NM_001537","HSBP1"
"BC035659",NA
"NM_021809","TGIF2"
"A_24_P539080",NA
"NM_003430","ZNF91"
"NM_016167","NOL7"
"NM_016222","DDX41"
"THC2584902",NA
"NM_030960","SPACA1"
"ENST00000254271",NA
"NM_020899","ZBTB4"
"DB534761",NA
"THC2751913",NA
"AL161971",NA
"THC2717907",NA
"XR_018711",NA
"NM_018940","PCDHB7"
"AK056836",NA
"NM_018124","RFWD3"
"NM_003733","OASL"
"BE003490",NA
"THC2736955",NA
"ENST00000314571",NA
"NM_172239","REXO1L1P"
"NM_002404","MFAP4"
"NM_001621","AHR"
"NM_032213","ELMOD3"
"ENST00000375280",NA
"NM_138441","CGAS"
"NM_031229","RBCK1"
"A_24_P712798",NA
"NR_002939","SNX29P2"
"NM_002240","KCNJ6"
"THC2762463",NA
"THC2612889",NA
"NM_002111","HTT"
"NM_005219","DIAPH1"
"AK026408",NA
"NM_001330","CTF1"
"AF116689",NA
"NM_005199","CHRNG"
"THC2656602",NA
"NM_002619","PF4"
"NM_152667","NANP"
"BC036424",NA
"AJ459827",NA
"AF143328",NA
"NM_201520","SLC25A35"
"NM_016100","NAA20"
"NM_181718","ASPHD1"
"NM_024523","GCC1"
"XR_018194",NA
"A_24_P925334",NA
"AL136541",NA
"NM_012131","CLDN17"
"XR_018618",NA
"X63966",NA
"A_32_P169142",NA
"THC2698414",NA
"ENST00000343319",NA
"NM_032458","PHF6"
"NM_016010","ZC2HC1A"
"THC2661917",NA
"A_32_P162443",NA
"THC2617330",NA
"A_24_P237820",NA
"AK022058",NA
"ENST00000329627",NA
"NM_152910","DGKH"
"AK024878",NA
"NM_005426","TP53BP2"
"NM_194281","INO80C"
"NM_015194","MYO1D"
"NM_021216","ZNF71"
"AF010236",NA
"NM_002960","S100A3"
"THC2610890",NA
"BC036246",NA
"NM_212492","GPS1"
"NM_012353","OR1C1"
"A_32_P38500",NA
"NM_032376","TMEM101"
"NM_174892","CD300LB"
"NM_003338","UBE2D1"
"NM_003496","TRRAP"
"NM_000286","PEX12"
"AW197343",NA
"NM_016848","SHC3"
"NM_000289","PFKM"
"A_24_P925052",NA
"BC038368",NA
"NM_000335","SCN5A"
"NM_153244","RPP38-DT"
"NM_014877","HELZ"
"NM_177543","PLPP2"
"NM_130897","DYNLRB2"
"NM_000981","RPL19"
"NM_001018041","EPM2A"
"AK025997",NA
"NM_152525","CATSPERT"
"NM_170610","H2BC1"
"NM_004034","ANXA7"
"A_24_P375573",NA
"BG114486",NA
"NM_015926","TEX264"
"AF086528",NA
"NM_014606","HERC3"
"NM_145200","CABP4"
"AK126851",NA
"A_24_P85524",NA
"XR_019510",NA
"BC020899",NA
"NM_004612","TGFBR1"
"AK026697",NA
"NM_030877","CTNNBL1"
"R38716",NA
"BC010054",NA
"NM_002620","PF4V1"
"NM_057157","CYP26A1"
"NM_004737","LARGE1"
"NM_012285","KCNH4"
"ENST00000340576",NA
"NM_153230","FBXO39"
"A_32_P56726",NA
"THC2666498",NA
"A_23_P93247",NA
"AK128691",NA
"NM_173485","TSHZ2"
"BC047014",NA
"NM_176883","TAS2R41"
"AK021439",NA
"NM_016035","COQ4"
"NM_003829","MPDZ"
"A_24_P710868",NA
"A_32_P72553",NA
"THC2743472",NA
"ENST00000331594",NA
"AI240896",NA
"A_32_P141938",NA
"NM_006061","CRISP3"
"THC2653641",NA
"ENST00000313946",NA
"AF083117",NA
"U50277",NA
"ENST00000334591",NA
"NM_015832","MBD2"
"NM_020715","PLEKHH1"
"NM_005432","XRCC3"
"THC2750143",NA
"BE714307",NA
"BC017848",NA
"A_24_P923510",NA
"NM_017865","ZNF692"
"L34088",NA
"XM_001126701",NA
"ENST00000341108",NA
"NM_016310","POLR3K"
"NR_001297","PCDHGB8P"
"CR749685",NA
"NM_003901","SGPL1"
"NM_021255","PELI2"
"NM_031307","PUS3"
"A_24_P817186",NA
"J05272",NA
"NM_014777","URB2"
"NM_000848","GSTM2"
"NM_198281","GPRIN3"
"AK056079",NA
"AK124396",NA
"NM_001509","GPX5"
"ENST00000379426",NA
"BF326811",NA
"A_32_P18072",NA
"BC007286",NA
"NM_003336","UBE2A"
"ENST00000320159",NA
"ENST00000371611",NA
"NM_006328","RBM14"
"CR624679",NA
"NM_001031800","TIPRL"
"NM_139242","MTFMT"
"NM_017952","PTCD3"
"CR591210",NA
"THC2506243",NA
"NM_007051","FAF1"
"NM_005104","BRD2"
"NM_014828","TOX4"
"THC2734192",NA
"NM_030642","APOL5"
"NM_005401","PTPN14"
"NM_052837","SCAMP3"
"XM_925839",NA
"AK021432",NA
"NM_001033112","PAIP2"
"NM_194293","XIRP1"
"NM_006244","PPP2R5B"
"THC2534222",NA
"AF161549",NA
"ENST00000192788",NA
"NM_080653","ATP6V1E2"
"NM_006524","ZNF138"
"THC2711048",NA
"NM_014208","DSPP"
"NM_001047160","NET1"
"XR_015796",NA
"NM_004385","VCAN"
"NM_022060","ABHD4"
"NM_174943","SLIRP-OT1"
"NM_058182","SMIM11"
"NM_178483","SCP2D1"
"THC2478531",NA
"NM_016945","TAS2R16"
"NR_003061","LILRP2"
"NM_014390","SND1"
"NM_201629","TJP2"
"A_32_P198601",NA
"BC032643",NA
"AK095841",NA
"BX115853",NA
"NM_004750","CRLF1"
"AK056822",NA
"NM_003747","TNKS"
"BC078172",NA
"AW178774",NA
"NM_014061","MAGEH1"
"NM_001029864","KIAA1755"
"AF052115",NA
"NM_213636","PDLIM7"
"BC009926",NA
"NM_016140","TPPP3"
"NM_020387","RAB25"
"NM_152670","SPMIP9"
"NM_024730","RERGL"
"NM_032928","TMEM141"
"AK097877",NA
"NM_017770","ELOVL2"
"THC2773066",NA
"NM_203390","RBM12B"
"NM_152506","LINC00479"
"NM_001077399","PNKD"
"NM_004878","PTGES"
"A_23_P14432",NA
"NM_003213","TEAD4"
"NM_004570","PIK3C2G"
"NM_182739","NDUFB6"
"NM_001174","ARHGAP6"
"ENST00000261364",NA
"NM_002718","PPP2R3A"
"XM_117266",NA
"NM_006611","KLRA1P"
"AF110908",NA
"NM_006471","MYL12A"
"AF264629",NA
"THC2667891",NA
"AK001164",NA
"AK130930",NA
"BF947045",NA
"NM_024775","GEMIN6"
"NM_005562","LAMC2"
"NM_014298","QPRT"
"ENST00000353442",NA
"NM_022334","ITGB1BP1"
"NM_181717",NA
"BC033058",NA
"BU742669",NA
"XR_019151",NA
"AK092155",NA
"XR_019448",NA
"NM_080751","TMC2"
"NM_017726","PPP1R14D"
"NM_017750","RETSAT"
"NM_001030004","HNF4A"
"AF495759",NA
"NM_173077","CPO"
"NM_138814","PNPLA5"
"THC2676139",NA
"ENST00000369326",NA
"NM_130385","IRAG1"
"NM_015849","CELA2B"
"NM_025079","ZC3H12A"
"NM_145020","CFAP53"
"NM_006495","EVI2B"
"THC2757997",NA
"CR625942",NA
"NM_020917","ZFP14"
"AK025211",NA
"U82303",NA
"THC2719106",NA
"NM_021646","ZNF500"
"THC2700217",NA
"NM_003660","PPFIA3"
"NM_001182","ALDH7A1"
"NM_024299","PPDPF"
"NM_006460","HEXIM1"
"AI732974",NA
"ENST00000361204",NA
"THC2595309",NA
"XR_018458",NA
"NM_001040152","PEG10"
"NM_006492","ALX3"
"NM_001924","GADD45A"
"THC2538610",NA
"NM_022820","CYP3A43"
"ENST00000371528",NA
"ENST00000381826",NA
"AK092228",NA
"THC2654381",NA
"AV739664",NA
"NM_005777","RBM6"
"NM_032737","LMNB2"
"AF238870",NA
"A_23_P23593",NA
"THC2651140",NA
"NM_018665","DDX43"
"NM_032571","ADGRE3"
"AI950749",NA
"NM_052961","SLC26A8"
"NM_173638","NBPF15"
"NM_015214","DDHD2"
"A_24_P461547",NA
"NM_025246","SLC35G2"
"NM_001493","GDI1"
"NR_003110","CCT6P1"
"ENST00000327591",NA
"NM_014268","MAPRE2"
"NM_001011541","MARK2P21"
"NM_182505","C9orf85"
"NM_025211","GKAP1"
"A_24_P679984",NA
"NM_177986","DSG4"
"NM_198491","CIBAR2"
"NM_006389","HYOU1"
"NM_007235","XPOT"
"NM_002175","IFNA21"
"A_24_P918561",NA
"BC035091",NA
"NM_031915","SETDB2"
"NM_007284","TWF2"
"ENST00000320415",NA
"BC043279",NA
"BC025290",NA
"BX110903",NA
"AF035291",NA
"NM_004669","CLIC3"
"NM_175065","H2AC21"
"NM_003041","SLC5A2"
"AK057116",NA
"AB040883",NA
"NM_004865","TBPL1"
"NM_001871","CPB1"
"NR_001524","TTTY3"
"A_24_P348428",NA
"AK022364",NA
"NM_033114","ZCRB1"
"NM_015345","DAAM2"
"NM_001517","GTF2H4"
"NM_015466","PTPN23"
"NM_006513","SARS1"
"NM_153649","TPM3"
"NM_015698","GPKOW"
"NM_001009552","PPP2CB"
"NM_004714","DYRK1B"
"NM_015496","VIRMA"
"NM_033285","TP53INP1"
"NM_016623","CYRIB"
"A_24_P922430",NA
"NM_006257","PRKCQ"
"T07777",NA
"THC2538067",NA
"NM_006308","HSPB3"
"AK093987",NA
"NM_032846","RAB2B"
"NM_018998","FBXW5"
"M21191",NA
"NM_178460","SIRPD"
"NM_173628","DNAH17"
"A_23_P28397",NA
"BC029479",NA
"AK125371",NA
"CR595983",NA
"NM_080833","RBBP8NL"
"THC2499898",NA
"BC007329",NA
"THC2696211",NA
"NM_018983","GAR1"
"A_32_P214758",NA
"AK096721",NA
"CR597846",NA
"NM_003571","BFSP2"
"NM_023939","CENPBD2P"
"NM_003817","ADAM7"
"NM_000635","RFX2"
"A_23_P165513",NA
"NM_014939","TRAPPC8"
"AU144005",NA
"NM_015931","SSUH2"
"NM_003551","NME5"
"A_32_P24080",NA
"NM_001008494","ISX"
"AK022213",NA
"NM_194282","LIN54"
"NM_138285","NUP35"
"NM_130443","DPP3"
"ENST00000376087",NA
"BC035622",NA
"AW445156",NA
"NM_003110","SP2"
"THC2708103",NA
"BC092421",NA
"AL080220",NA
"NM_016299","HSPA14"
"NM_005232","EPHA1"
"NM_025264","THUMPD2"
"NM_013239","PPP2R3B"
"NM_022479","GALNT17"
"NM_014071","NCOA6"
"NR_001281","PCDHB18P"
"NM_020713","ZNF512B"
"NM_001389","DSCAM"
"BC033000",NA
"NM_016954","TBX22"
"ENST00000294485",NA
"THC2788431",NA
"BG188151",NA
"NM_006193","PAX4"
"BC022395",NA
"NM_001700","AZU1"
"THC2673108",NA
"BC021267",NA
"ENST00000332168",NA
"NM_000116","TAFAZZIN"
"X78926",NA
"A_32_P223327",NA
"NM_152372","MYOM3"
"NM_145197","LIPT1"
"NM_018039","KDM4D"
"NM_007105","SLC67A1-AS"
"NM_005995","TBX10"
"NM_023037","FRY"
"AF384996",NA
"NM_004296","RGS6"
"AK025816",NA
"THC2677780",NA
"NM_176884","TAS2R43"
"AF119885",NA
"BE243347",NA
"NM_001003703","ATP5PF"
"NM_138787","IFTAP"
"BX648283",NA
"NM_003431","ZNF124"
"A_32_P84119",NA
"NM_017849","TMEM127"
"NM_021038","MBNL1"
"NM_004370","COL12A1"
"A_32_P231880",NA
"NM_003924","PHOX2B"
"ENST00000377144",NA
"NM_004619","TRAF5"
"AA975481",NA
"THC2663894",NA
"BC092429",NA
"BU526515",NA
"NM_003081","SNAP25"
"NM_001002009","NT5C3A"
"A_24_P770746",NA
"THC2549857",NA
"A_23_P256973",NA
"NM_001006640","TCEAL1"
"THC2607703",NA
"X90978",NA
"NM_145735","ARHGEF7"
"AL049246",NA
"NM_001077639","NXPE4"
"NM_182564","LINC00469"
"AK055145",NA
"NM_004208","AIFM1"
"BC005407",NA
"NM_006664","CCL27"
"NM_013246","CLCF1"
"NM_133433","NIPBL"
"NM_001008572","TTLL1"
"A_32_P36225",NA
"NM_144605","SEPTIN12"
"BC022082",NA
"NM_017904","TTC22"
"NM_031850","AGTR1"
"DB451431",NA
"A_32_P198807",NA
"AF113013",NA
"XR_019087",NA
"NM_015472","WWTR1"
"NM_001043351","TPM3"
"AK123658",NA
"THC2648656",NA
"NM_033119","NKD1"
"NM_001665","RHOG"
"NM_015432","PLEKHG4"
"NM_020665","CLTRN"
"A_24_P919931",NA
"NM_005875","EIF1B"
"XR_017398",NA
"THC2764893",NA
"BC000206",NA
"THC2586873",NA
"XR_019146",NA
"NM_080612","GAB3"
"A_24_P221928",NA
"NM_014648","DZIP3"
"NM_032802","SPPL2A"
"ENST00000299512",NA
"AK023629",NA
"ENST00000374224",NA
"ENST00000244062",NA
"NM_032701","KMT5C"
"XR_018979",NA
"NM_018364","RSBN1"
"NM_002942","ROBO2"
"A_24_P3627",NA
"NM_019590","KIAA1217"
"NM_003897","IER3"
"NM_001031680","RUNX3"
"NM_144689","ZNF420"
"AK055921",NA
"NM_178150","FBH1"
"NM_001007125","LKAAEAR1"
"NM_030783","PTDSS2"
"AK093319",NA
"A_23_P57836",NA
"NM_012293","PXDN"
"NM_002606","PDE9A"
"NM_018991","STAG3L1"
"AK126720",NA
"A_24_P925201",NA
"NM_138355","SCRN2"
"ENST00000332101",NA
"AK096829",NA
"X62009",NA
"THC2538556",NA
"NM_018421","TBC1D2"
"AK001094",NA
"THC2748306",NA
"NM_198477","CXCL17"
"NM_013291","CPSF1"
"NM_000794","DRD1"
"ENST00000333605",NA
"THC2677285",NA
"NM_024657","MORC4"
"AK074696",NA
"BG943680",NA
"NR_002186","DKFZP586I1420"
"ENST00000380295",NA
"NM_182573","LYPD5"
"BC033237",NA
"NM_002153","HSD17B2"
"AK131430",NA
"AB028946",NA
"NM_006974","ZNF33A"
"AJ314645",NA
"NM_015323","UFL1"
"A_23_P251002",NA
"NM_001123","ADK"
"THC2543120",NA
"NM_020234","DTWD1"
"NM_003501","ACOX3"
"A_24_P247169",NA
"DQ786266",NA
"BC093991",NA
"A_32_P74901",NA
"THC2749949",NA
"NM_002585","PBX1"
"BC012202",NA
"NM_033178","DUX4L1"
"ENST00000300061",NA
"NM_198721","COL25A1"
"DB352127",NA
"AB007928",NA
"NM_005893","CCIN"
"AK098081",NA
"NM_017446","MRPL39"
"XM_001132580",NA
"BC045679",NA
"NM_000720","CACNA1D"
"NM_206899","OR10P1"
"AW627852",NA
"NM_033504","TMEM54"
"A_24_P878366",NA
"AK098354",NA
"AL565181",NA
"NM_001944","DSG3"
"NM_024515","WDR25"
"NM_014482","BMP10"
"NM_153706","SETD9"
"THC2644389",NA
"CR593388",NA
"NM_178127","ANGPTL5"
"NM_002225","IVD"
"BM461836",NA
"BG190831",NA
"ENST00000326261",NA
"THC2517558",NA
"NM_000418","IL4R"
"AK126092",NA
"NM_173791","PDZD8"
"A_23_P113056",NA
"NM_198403","MMD2"
"NM_182613","EP400P1"
"NM_001007157","PHF14"
"NM_017741","DCAF16"
"AK024372",NA
"AW167080",NA
"THC2668335",NA
"NM_017921","NPLOC4"
"A_24_P466439",NA
"THC2634493",NA
"NR_002932","GSTM2P1"
"NM_014781","RB1CC1"
"BC015765",NA
"S61396",NA
"AB002342",NA
"NM_032135","FSCB"
"AK092602",NA
"THC2679323",NA
"BF373107",NA
"NM_005719",NA
"NM_033497","HK1"
"THC2675272",NA
"NM_002909","REG1A"
"BC030706",NA
"A_24_P67574",NA
"AF181286",NA
"NM_005609","PYGM"
"A_24_P256073",NA
"A_24_P289753",NA
"NM_017681","NUP62CL"
"NM_001001957","OR2W3"
"NM_000949","PRLR"
"A_24_P929985",NA
"A_24_P170103",NA
"NM_016065","MRPS16"
"AB051533",NA
"XR_018532",NA
"CR594711",NA
"NM_002548","OR1D2"
"NM_019887","DIABLO"
"XR_018960",NA
"NM_001012960","SZT2"
"NM_016128","COPG1"
"BC033728",NA
"NM_000449","RFX5"
"THC2665334",NA
"NM_203370","INKA1"
"NM_006179","NTF4"
"NM_018679","TCP11"
"NM_002869","RAB6A"
"A_32_P25838",NA
"AK090970",NA
"A_23_P99731",NA
"AI452448",NA
"NM_153380","ZNF41"
"NM_004671","PIAS2"
"BE798911",NA
"BC008390",NA
"NM_012113","CA14"
"CD691495",NA
"NM_182534","TMEM51-AS1"
"NM_015397","DCAF12"
"BC030099",NA
"NM_198276","TMEM17"
"BC064430",NA
"A_24_P50639",NA
"ENST00000332289",NA
"THC2721558",NA
"NM_001605","AARS1"
"NM_005892","FMNL1"
"NM_030572","SPX"
"NM_080473","GATA5"
"NM_006505","PVR"
"NM_001451","FOXF1"
"XM_931316",NA
"A_24_P940763",NA
"NM_001037132","NRCAM"
"XR_016799",NA
"THC2695821",NA
"DB010344",NA
"DQ786238",NA
"A_24_P33385",NA
"NM_013443","ST6GALNAC6"
"NM_001039550","DNAJB2"
"NM_001038706","FER1L6-AS1"
"NM_006511","RSC1A1"
"A_24_P290087",NA
"NM_001008656","TCOF1"
"NM_152902","TIPRL"
"NM_001007532","STH"
"BC043357",NA
"THC2647388",NA
"A_24_P212596",NA
"NM_178867","SFXN4"
"THC2483890",NA
"THC2655026",NA
"A_24_P916464",NA
"BC030765",NA
"A_24_P882309",NA
"BC040542",NA
"NM_152745","NXPH1"
"NM_139179","DAGLB"
"THC2772589",NA
"AY037153",NA
"NM_031219","HDHD3"
"U18259",NA
"AK093811",NA
"THC2546004",NA
"NM_033211","MACIR"
"NM_145287","ZNF519"
"R17697",NA
"THC2669492",NA
"ENST00000370774",NA
"A_32_P73491",NA
"NM_016120","RLIM"
"NM_021083","XK"
"ENST00000341016",NA
"NM_004637","RAB7A"
"NM_014424","HSPB7"
"ENST00000346165",NA
"CA420307",NA
"THC2552705",NA
"BX106262",NA
"CR593784",NA
"NM_182658","BPIFB3"
"NM_018263","ASXL2"
"NM_000762","CYP2A6"
"NM_002165","ID1"
"NM_032239","LARP1B"
"NM_030802","FAM117A"
"NM_012402","ARFIP2"
"NM_016265","ZNF12"
"NM_017647","FTSJ3"
"NM_013320","HCFC2"
"AK022065",NA
"NM_004349","RUNX1T1"
"A_32_P186678",NA
"NM_020169","LXN"
"THC2650360",NA
"ENST00000381854",NA
"A_24_P840868",NA
"NM_013362","ZNF225"
"NM_052931","SLAMF6"
"NM_000107","DDB2"
"NM_003151","STAT4"
"NM_032305","POLR3GL"
"NM_015149","RGL1"
"NM_015506","MMACHC"
"A_24_P674118",NA
"CR627135",NA
"AK024438",NA
"NM_000275","OCA2"
"NM_017911","FAM118A"
"BC008299",NA
"NM_018403","DCP1A"
"NM_015425","POLR1A"
"NM_014466","TEKT2"
"NM_139240","C1orf105"
"NM_015669","PCDHB5"
"NM_002517","NPAS1"
"THC2728570",NA
"NM_003249","THOP1"
"XR_018545",NA
"AI719574",NA
"NM_014851","KLHL21"
"A_32_P184039",NA
"ENST00000283243",NA
"XR_017639",NA
"ENST00000361972",NA
"NM_078471","MYO18A"
"NM_017545","HAO1"
"AK095012",NA
"ENST00000269142",NA
"THC2522223",NA
"NM_001018053","PFKFB2"
"BC028422",NA
"ENST00000287322",NA
"NM_003670","BHLHE40"
"A_23_P169949",NA
"THC2670291",NA
"AF088004",NA
"THC2697949",NA
"NM_006821","ACOT2"
"AK056814",NA
"NM_002507","NGFR"
"THC2750781",NA
"NM_018711","SVOP"
"XM_940977",NA
"AW950828",NA
"AF058296",NA
"NM_004627","GET1"
"NM_004738","VAPB"
"THC2685646",NA
"THC2659782",NA
"THC2495068",NA
"THC2532034",NA
"AK026502",NA
"THC2539856",NA
"THC2583120",NA
"NM_000149","FUT3"
"XR_015322",NA
"THC2728144",NA
"AK023559",NA
"XR_018032",NA
"AK095488",NA
"NM_152788","ANKS1B"
"AF052692",NA
"BC061909",NA
"M27126",NA
"NM_005021","ENPP3"
"T12588",NA
"ENST00000278654",NA
"NM_203380","ACSL5"
"NM_006078","CACNG2"
"NM_003068","SNAI2"
"THC2636941",NA
"NM_145001","STK32A"
"THC2691500",NA
"NM_178554","KY"
"U78519",NA
"NM_139054","ADAMTS18"
"THC2722757",NA
"NM_030666","SERPINB1"
"CR604826",NA
"NM_017460","CYP3A4"
"NM_005195","CEBPD"
"NM_031477","YPEL3"
"NM_173802","ETFBKMT"
"NM_198859","PRICKLE2"
"CD612636",NA
"XM_371694",NA
"AF119912",NA
"BC015579",NA
"NM_004531","MOCS2"
"NM_144653","NACC2"
"NM_024814","CBLL1"
"A_24_P715104",NA
"NM_001006635","MTX2"
"AF116619",NA
"A_24_P358337",NA
"NM_001048","SST"
"AK094603",NA
"NM_015723","PNPLA8"
"ENST00000359590",NA
"NM_003304","TRPC1"
"BQ028240",NA
"NM_005656","TMPRSS2"
"NM_016242","EMCN"
"NM_006202","PDE4A"
"NM_015343","CTDNEP1"
"NM_176811","NLRP8"
"THC2746585",NA
"NM_033177","GPANK1"
"N50366",NA
"NM_032314","COQ5"
"BC021055",NA
"THC2732746",NA
"A_32_P101195",NA
"A_32_P222872",NA
"A_24_P933135",NA
"NM_006041","HS3ST3B1"
"NM_014269","ADAM29"
"NM_021193","HOXD12"
"NM_147233","NCOA1"
"NM_021240","DMRT3"
"NM_001163","APBA1"
"NM_201523","KLC4"
"NM_032188","KAT8"
"THC2691929",NA
"NP113496",NA
"ENST00000312289",NA
"NM_002627","PFKP"
"AK025221",NA
"NM_006071","PKDREJ"
"NM_014975","MAST1"
"NM_021785","RAI2"
"NM_201612","IKBIP"
"NM_031289","GSG1"
"NM_000138","FBN1"
"NM_014432","IL20RA"
"BC036361",NA
"NM_015650","TRAF3IP1"
"NM_025245","PBX4"
"A_24_P392947",NA
"THC2646356",NA
"AI676010",NA
"THC2585201",NA
"NM_178839","LRRTM1"
"ENST00000355691",NA
"BC066878",NA
"NM_004516","ILF3"
"AK092009",NA
"BC018088",NA
"NM_000203","IDUA"
"NM_005655","KLF10"
"THC2690308",NA
"AK024470",NA
"NM_001456","FLNA"
"NM_003315","DNAJC7"
"AF116701",NA
"NM_006885","ZFHX3"
"NM_001628","AKR1B1"
"A_32_P147500",NA
"THC2741996",NA
"NM_173500","TTBK2"
"THC2666547",NA
"AF278760",NA
"NM_000332","ATXN1"
"NM_020957","PCDHB16"
"NM_006694","JTB"
"NM_003540","H4C6"
"NM_018078","LARP1B"
"THC2662514",NA
"BC069749",NA
"NM_213600","PLA2G4F"
"BX375060",NA
"NM_017894","ZSCAN2"
"NM_001633","AMBP"
"AI263220",NA
"NM_004905","PRDX6"
"X83127",NA
"AF074986",NA
"NM_002873","RAD17"
"NM_016540","GPR83"
"BE932552",NA
"AK025001",NA
"NM_015692","CPAMD8"
"NM_001682","ATP2B1"
"NM_024644","RIOX1"
"XR_018943",NA
"A_32_P78488",NA
"AY608689",NA
"AK091593",NA
"XM_375698",NA
"NM_001017967","MARVELD3"
"A_32_P225768",NA
"CR620599",NA
"NR_002802","NEAT1"
"DB301332",NA
"NM_145014","HYLS1"
"A_32_P406186",NA
"XR_019164",NA
"AF106005",NA
"NM_001977","ENPEP"
"A_23_P212149",NA
"NM_024070","PVRIG"
"A_24_P534290",NA
"NM_138442","CCDC124"
"XM_001127772",NA
"A_32_P185718",NA
"NM_014392","NSG1"
"A_24_P464528",NA
"THC2639806",NA
"NM_053003","SIGLEC12"
"NM_213720","CHCHD10"
"AK124788",NA
"THC2686012",NA
"NM_032965","CCL15"
"NM_004610","TCP10L3"
"ENST00000366873",NA
"NM_178310","SNAI3"
"BC073935",NA
"BC078169",NA
"AK025204",NA
"NM_005723","TSPAN5"
"ENST00000389905",NA
"NM_004686","MTMR7"
"A_32_P121978",NA
"NM_138415","PHF21B"
"NM_032844","MASTL"
"NM_181727","SPATA12"
"NM_054021","GPR101"
"THC2683796",NA
"A_24_P366445",NA
"NM_000938","POLR2B"
"A_24_P931939",NA
"AF035790",NA
"NM_030795","STMN4"
"BC112296",NA
"NM_002714","PPP1R10"
"A_24_P918454",NA
"NM_016172","UBAC1"
"AK055372",NA
"THC2563949",NA
"AI225215",NA
"NM_001033113","ENTPD8"
"BC039106",NA
"CR597260",NA
"NM_031272","TEX14"
"ENST00000312504",NA
"A_24_P676999",NA
"NM_016255","FAM8A1"
"NM_032890","DISP1"
"NM_021063","H2BC5"
"XM_933693",NA
"NM_003298","NR2C2"
"AL832321",NA
"NM_017612","ZCCHC8"
"NM_002595","CDK17"
"NM_001657","AREG"
"BE935032",NA
"AI937300",NA
"NM_001042414","PSPC1"
"A_24_P75700",NA
"A_24_P473972",NA
"THC2714184",NA
"NM_199441","ZNF334"
"NM_004590","CCL16"
"AF029325",NA
"NM_014014","SNRNP200"
"NM_006890","CEACAM7"
"NM_021160","ABHD16A"
"NM_001004318","ACP7"
"NM_005329","HAS3"
"THC2726281",NA
"A_24_P703803",NA
"AF264622",NA
"XR_019505",NA
"NM_005398","PPP1R3C"
"XR_018963",NA
"THC2722939",NA
"NM_004854","CHST10"
"THC2646917",NA
"NM_001243","TNFRSF8"
"ENST00000326474",NA
"A_24_P410070",NA
"XR_018238",NA
"CV326037",NA
"NM_032496","ARHGAP9"
"NM_005646","TARBP1"
"XR_018905",NA
"NM_016734","PAX5"
"A_23_P28514",NA
"NM_001001551","IDNK"
"NM_001561","TNFRSF9"
"NM_024511","HAUS3"
"NM_133490","KCNG4"
"NM_138281","DLX4"
"A_24_P940738",NA
"NM_000723","CACNB1"
"NM_138820","HIGD2A"
"THC2523033",NA
"BC000849",NA
"ENST00000309901",NA
"XR_018505",NA
"THC2635921",NA
"NM_018719","CDCA7L"
"AK001857",NA
"AA854379",NA
"NM_138360","CARMIL3"
"Y10152",NA
"NM_018384","GIMAP5"
"NM_173647","RNF149"
"XM_374010",NA
"NM_013974","DDAH2"
"NM_207517","ADAMTSL3"
"AK098514",NA
"NM_006862","TDRKH"
"NM_173658","ZNF660"
"THC2641595",NA
"AK098699",NA
"AK126014",NA
"NM_032283","ZDHHC18"
"AK125173",NA
"NM_182503","ADAT2"
"X65665",NA
"AK057601",NA
"NM_001244","TNFSF8"
"XM_928637",NA
"XR_015548",NA
"THC2542546",NA
"X91815",NA
"ENST00000375816",NA
"NM_152264","SLC39A13"
"THC2667284",NA
"A_32_P187715",NA
"ENST00000253048",NA
"NM_004855","PIGB"
"AK001083",NA
"NM_207013","ELOB"
"ENST00000372899",NA
"NM_013292","MYL11"
"AK093229",NA
"THC2665925",NA
"NM_001002231","KLK2"
"NM_001949","E2F3"
"ENST00000252744",NA
"THC2721496",NA
"NM_004664","LIN7A"
"NM_032899","FAM83A"
"BC037528",NA
"AF118064",NA
"A_24_P324538",NA
"NM_023918","TAS2R8"
"NM_006184","NUCB1"
"A_32_P142195",NA
"NM_000327","ROM1"
"A_23_P4462",NA
"AY170823",NA
"THC2693842",NA
"AK025388",NA
"NM_052890","PGLYRP2"
"NM_001017973",NA
"NM_138780","SYTL5"
"AB051448",NA
"NM_001001937","ATP5F1A"
"NM_175887","PRR15"
"BG196990",NA
"A_24_P921519",NA
"NM_024667","VPS37B"
"ENST00000340158",NA
"XM_001128764",NA
"NM_002402","MEST"
"NM_001033678","TRPT1"
"NM_058176","HDAC9"
"NM_031420","MRPL9"
"BQ318652",NA
"AL834492",NA
"NM_001024916","ZNG1E"
"ENST00000162863",NA
"AK024921",NA
"NM_002342","LTBR"
"A_24_P367169",NA
"THC2524570",NA
"A_24_P456802",NA
"THC2678812",NA
"NM_001326","CSTF3"
"THC2721275",NA
"AL117528",NA
"NM_018553","NCBP3"
"NM_173805","GOLGA2P11"
"NM_152652","ZNF48"
"BC111068",NA
"A_24_P673209",NA
"AK022319",NA
"NM_014177","TIMM21"
"NM_022046","KLK14"
"NM_001024732","MECR"
"THC2677011",NA
"NM_001009954","ERCC6L"
"NM_138328","RHBDL3"
"NM_001388","DRG2"
"A_32_P17672",NA
"NM_004556","NFKBIE"
"NM_004211","SLC6A5"
"XR_015756",NA
"NM_005454","CER1"
"CR936662",NA
"NM_032177","PHAX"
"BQ447829",NA
"A_24_P75399",NA
"BX104825",NA
"NM_152699","SENP5"
"THC2666070",NA
"NM_016604","KDM3B"
"AF271775",NA
"AF211119",NA
"AF158383",NA
"NM_005763","AASS"
"THC2681402",NA
"NM_004642","CDK2AP1"
"NM_172200","IL15RA"
"A_24_P936820",NA
"AW340352",NA
"AL136803",NA
"THC2654949",NA
"NM_153211","TTC39C"
"NM_080749","NEURL2"
"NM_005797","MPZL2"
"NM_032263","DRC9"
"NM_014012","REM1"
"DB329052",NA
"AK094115",NA
"NM_006901","MYO9A"
"X03757",NA
"A_24_P927583",NA
"THC2614136",NA
"NM_006790","MYOT"
"NM_184041","ALDOA"
"THC2723931",NA
"NM_148961","OTOS"
"A_24_P418712",NA
"BC032036",NA
"BQ050540",NA
"THC2533996",NA
"NM_004700","KCNQ4"
"NM_018105","THAP1"
"THC2700053",NA
"NM_182626",NA
"NM_000160","GCGR"
"NM_024827","HDAC11"
"AF113010",NA
"BQ774797",NA
"NM_024339","THOC6"
"NM_012471","TRPC5"
"THC2688038",NA
"NM_006329","FBLN5"
"THC2656240",NA
"THC2536108",NA
"A_24_P945276",NA
"NM_000924","PDE1B"
"AK074369",NA
"NM_001790","CDC25C"
"NM_002279","KRT33B"
"NM_017665","ZCCHC10"
"NM_004192","ASMTL"
"NM_153274","BEST4"
"A_24_P572522",NA
"CR598940",NA
"THC2683530",NA
"NM_032940","POLR2C"
"NM_006294","UQCRB"
"NM_014353","RAB26"
"AK058145",NA
"ENST00000244321",NA
"ENST00000301038",NA
"BC016022",NA
"A_24_P925559",NA
"NM_020362","PITHD1"
"NM_032898","CEP19"
"A_24_P941977",NA
"ENST00000332107",NA
"XR_016075",NA
"AK022223",NA
"NM_018527","NAA16"
"NM_031910","C1QTNF6"
"NM_152347","EFCAB13"
"XR_018299",NA
"AF086041",NA
"A_24_P525144",NA
"NM_005624","CCL25"
"CA423842",NA
"NM_006133","DAGLA"
"BC036505",NA
"NM_016535","ZNF581"
"NM_000690","ALDH2"
"THC2680930",NA
"BC052945",NA
"A_24_P927230",NA
"ENST00000266058",NA
"NM_019010","KRT20"
"THC2679519",NA
"NM_001379","DNMT1"
"AK026099",NA
"A_23_P377680",NA
"NM_020230","PPAN"
"AA479896",NA
"BC026359",NA
"NM_005266","GJA5"
"NM_033212","CCDC102A"
"NM_022443","MLF1"
"NM_032048","EMILIN2"
"NM_001005855","ATP8B2"
"NM_001825","CKMT2"
"THC2652707",NA
"NM_005521","TLX1"
"NM_080588","PTPN7"
"NM_000691","ALDH3A1"
"NM_005325","H1-1"
"A_24_P58899",NA
"BC026344",NA
"NM_145030","PPP1R35"
"NM_005047","PSMD5"
"BC004962",NA
"AK022645",NA
"AK022018",NA
"AW452819",NA
"ENST00000334827",NA
"AF255792",NA
"A_24_P547659",NA
"A_24_P925913",NA
"AY172962",NA
"NM_002112","HDC"
"NM_152589","C12orf50"
"NM_205842","NCKAP1"
"BC042553",NA
"AF275684",NA
"NM_032280","ZCCHC9"
"AK074683",NA
"THC2506656",NA
"BC026998",NA
"NM_012301","MAGI2"
"NM_153040","C15orf32"
"NM_001654","ARAF"
"NM_032789","PARP10"
"THC2614521",NA
"AL831999",NA
"A_24_P681266",NA
"NR_002330","ST7-AS1"
"NM_152738","LINC00518"
"AL832481",NA
"NM_005676","RBM10"
"NM_001033030","FAIM"
"AK025142",NA
"BX392861",NA
"AF463496",NA
"NM_001040217","MINDY1"
"THC2730190",NA
"AK094065",NA
"ENST00000222543",NA
"NM_152369","SLC44A3"
"NM_175039","ST6GALNAC4"
"NM_001001671","MAP3K15"
"DQ786286",NA
"NM_014650","ZNF432"
"S75894",NA
"A_32_P9707",NA
"AY358681",NA
"NM_022785","EFCAB6"
"ENST00000360954",NA
"NM_012369","OR2F1"
"AK056182",NA
"NM_022819","PLA2G2F"
"NM_181686","KRTAP12-1"
"NM_080385","CPA5"
"BC105931",NA
"A_24_P920677",NA
"BE161325",NA
"AK022346",NA
"NM_181789","GLDN"
"AL049990",NA
"A_32_P189324",NA
"NM_004701","CCNB2"
"BC031936",NA
"AW079854",NA
"NM_003779","B4GALT3"
"BC038757",NA
"A_24_P936953",NA
"THC2645872",NA
"A_24_P230116",NA
"ENST00000355551",NA
"NM_007139","ZNF92"
"NM_001001872","ARMH4"
"NM_005288","GPR12"
"XR_018686",NA
"NM_025265","TSEN2"
"BC005015",NA
"BC027619",NA
"U05597",NA
"NM_014502","PRPF19"
"NM_005598","NHLH1"
"BF195408",NA
"NM_032575","GLIS2"
"A_24_P229911",NA
"NM_015884","MBTPS2"
"THC2626445",NA
"NM_002289","LALBA"
"NM_024947","PHC3"
"AF071111",NA
"AK025743",NA
"AK057458",NA
"NM_016059","PPIL1"
"NM_022039","FBXW4"
"THC2486737",NA
"NM_012170","FBXO22"
"NM_001017928","MIX23"
"BC014063",NA
"NM_002661","PLCG2"
"NR_002778","RPL29P2"
"ENST00000348624",NA
"AI989650",NA
"THC2689192",NA
"AK023338",NA
"AK092531",NA
"BQ286187",NA
"NM_006851","GLIPR1"
"AK097371",NA
"NM_178821","DAW1"
"NM_201397","GPX1"
"ENST00000295844",NA
"NM_014623","MEA1"
"NM_032295","SLC37A3"
"BX110856",NA
"NM_021217","ZNF77"
"NM_002766","PRPSAP1"
"A_23_P156609",NA
"A_24_P918693",NA
"THC2637686",NA
"NM_020640","DCUN1D1"
"NM_005618","DLL1"
"NM_003594","TTF2"
"ENST00000366539",NA
"NM_001004307","ARMH1"
"NM_000670","ADH4"
"NM_032377","ELOF1"
"Y11718",NA
"NM_001013841","STAP2"
"XR_016923",NA
"A_32_P93792",NA
"NM_152911","PAOX"
"NM_012259","HEY2"
"NM_000662","NAT1"
"NM_015599","PGM3"
"NM_024636","STEAP4"
"AL080082",NA
"NM_005919","BORCS8-MEF2B"
"ENST00000303310",NA
"NM_006978","RNF113A"
"NM_015057","MYCBP2"
"BX116846",NA
"AF132201",NA
"A_23_P136959",NA
"NM_016583","BPIFA1"
"AA991488",NA
"NM_000684","ADRB1"
"AK021843",NA
"NM_138783","ZNF653"
"A_23_P52868",NA
"NM_005032","PLS3"
"NM_032995","ARHGEF4"
"NM_003655","CBX4"
"THC2517310",NA
"NM_174858","AK5"
"NM_006830","UQCR11"
"NM_017787","WBP1L"
"NM_004524","LLGL2"
"ENST00000381800",NA
"NM_022106","FAM217B"
"NM_006735","HOXA2"
"NM_014762","DHCR24"
"ENST00000312498",NA
"AK023076",NA
"NM_013347","RPA4"
"A_24_P811954",NA
"NM_138335","GNPDA2"
"CD619445",NA
"NM_016041","DERL2"
"NM_022836","DCLRE1B"
"NM_014813","LRIG2"
"BC012894",NA
"AK027178",NA
"THC2602429",NA
"AK097109",NA
"A_23_P6101",NA
"THC2544885",NA
"NM_023013","PRAMEF1"
"A_23_P121971",NA
"AI167420",NA
"NM_005691","ABCC9"
"BC008219",NA
"NM_001982","ERBB3"
"AF159054",NA
"AF359269",NA
"NM_000678","ADRA1D"
"AK098548",NA
"NM_004256","SLC22A13"
"NM_148963","GPRC6A"
"A_24_P893668",NA
"A_24_P927556",NA
"BC034282",NA
"NM_001010971","SAMD13"
"NM_014713","LAPTM4A"
"NM_012307","EPB41L3"
"NM_016449","DRICH1"
"NM_004087","DLG1"
"NM_182597","LSMEM1"
"THC2675641",NA
"THC2672475",NA
"NM_005291","GPR17"
"THC2745380",NA
"NM_003549","HYAL3"
"ENST00000306565",NA
"BF986198",NA
"NM_145232","CTU1"
"NM_032181","EVA1A"
"A_24_P298616",NA
"NM_014509","SERHL2"
"BC013389",NA
"AF189251",NA
"CR627188",NA
"NR_001287","TFAMP2"
"NM_001039479","AREL1"
"THC2712372",NA
"BC017880",NA
"NM_024996","GFM1"
"THC2612626",NA
"A_24_P911442",NA
"NM_000538","RFXAP"
"ENST00000325371",NA
"NM_000326","RLBP1"
"NM_012204","GTF3C4"
"NM_177405","ADA2"
"NM_032488","CNFN"
"NM_175913","JPH2"
"ENST00000313807",NA
"NM_020336","RALGAPB"
"NM_004969","IDE"
"A_24_P268474",NA
"A_24_P384200",NA
"BE843546",NA
"NM_001017998","GNG10"
"NM_203394","E2F7"
"NM_001002876","CENPM"
"NM_005423","TFF2"
"NM_001946","DUSP6"
"NM_020996","FGF6"
"NM_138938","REG3A"
"NM_080658","ACY3"
"XM_928409",NA
"NM_000705","ATP4B"
"NM_005776","CNIH1"
"NM_004861","GAL3ST1"
"NM_153487","MDGA1"
"AK098629",NA
"NM_004901","ENTPD4"
"THC2739249",NA
"A_24_P714750",NA
"NM_002574","PRDX1"
"ENST00000262646",NA
"NM_178191","ATP5IF1"
"AI823874",NA
"XR_018189",NA
"NM_018194","HHAT"
"NM_003614","GALR3"
"A_23_P113101",NA
"AY003763",NA
"THC2681437",NA
"BC006276",NA
"BC042812",NA
"NM_145657","GSX1"
"NM_006426","DPYSL4"
"NM_000810","GABRA5"
"NM_001947","DUSP7"
"THC2643088",NA
"BC012493",NA
"NM_001012970","SPMIP3"
"ENST00000340455",NA
"NM_032037","TSSK6"
"NM_007262","PARK7"
"NM_000250","MPO"
"AK131409",NA
"NM_018181","ZNF532"
"NM_001025247","TAF5L"
"NM_006959","ZNF17"
"NM_024945","RMI1"
"NM_013445","GAD1"
"NM_032881","LSM10"
"NM_080759","DACH1"
"ENST00000344035",NA
"NM_016360","TACO1"
"ENST00000354653",NA
"NM_019859","HTR7"
"NM_006333","C1D"
"THC2513935",NA
"THC2668034",NA
"NM_194439","RNF212"
"A_32_P19466",NA
"NM_002794","PSMB2"
"CR605792",NA
"NM_003616","GEMIN2"
"NM_033089","ZCCHC3"
"AK074557",NA
"BE670437",NA
"AK001503",NA
"NM_207350","FRG1BP"
"NM_006730","DNASE1L1"
"AK096194",NA
"AK057319",NA
"A_24_P938475",NA
"NM_032158",NA
"NM_017881","NMRK1"
"NM_153235","TXLNB"
"XM_498537",NA
"NM_198153","TREML4"
"NM_002687","PNN"
"AK074481",NA
"XR_017260",NA
"A_24_P523345",NA
"NM_002284","KRT86"
"NM_017711","GDPD2"
"NM_016247","IMPG2"
"THC2539702",NA
"AF264625",NA
"NM_030615","KIF25"
"NM_001025436","SPAG16"
"NM_020982","CLDN9"
"BC035647",NA
"NM_017856","GEMIN8"
"NM_022151","MOAP1"
"BC020855",NA
"NM_022757","CCDC14"
"THC2704608",NA
"NM_014802","C2CD5"
"NM_181875","GRM7"
"A_24_P136155",NA
"NM_019074","DLL4"
"NM_013236","ATXN10"
"NM_016615","SLC6A13"
"NM_003022","SH3BGRL"
"NM_017872","THG1L"
"NM_015461","ZNF521"
"NM_025235","TNKS2"
"NM_198041","NUDT6"
"NM_001009185","ACSL6"
"NM_024893","SYNDIG1"
"AK057799",NA
"NM_015187","SEL1L3"
"AF150882",NA
"THC2659529",NA
"AF131834",NA
"AK090929",NA
"THC2714964",NA
"NM_001024372","BAALC"
"NM_178019","CATSPER3"
"NM_000551","VHL"
"THC2539939",NA
"NM_002042","GABRR1"
"NM_030979","PABPC3"
"AK022004",NA
"ENST00000229270",NA
"NM_003465","CHIT1"
"CR615261",NA
"NM_001039845","MDH1B"
"NM_152329","LRR1"
"AY081145",NA
"THC2652817",NA
"NM_014583","LMCD1"
"AY047582",NA
"AF258583",NA
"A_24_P92823",NA
"XR_018341",NA
"NM_153483","IL17RE"
"NM_001785","CDA"
"THC2615064",NA
"AB040943",NA
"NM_020356","CASS4"
"S57296",NA
"NM_005364","MAGEA8"
"NM_012406","PRDM4"
"NM_018025","GPATCH1"
"BF085047",NA
"NM_000173","GP1BA"
"THC2565113",NA
"AI355706",NA
"NM_153635","CPNE9"
"BX104098",NA
"BU661610",NA
"ENST00000320746",NA
"NM_198317","KLHL17"
"NM_004272","HOMER1"
"CR602702",NA
"NM_181425","FXN"
"NM_181304","MRPL52"
"XM_211749",NA
"NM_030639","GPRASP3"
"BC019234",NA
"NM_016267","VGLL1"
"NM_058241","CCNT2"
"AW015664",NA
"NM_014522","PCDH11X"
"XM_927967",NA
"THC2687340",NA
"A_32_P205792",NA
"A_32_P183451",NA
"AL832450",NA
"THC2530030",NA
"ENST00000295199",NA
"NM_173851","SLC30A8"
"BC033829",NA
"THC2678309",NA
"NM_182574","MAMSTR"
"AL137325",NA
"ENST00000298189",NA
"NM_005142","CBLIF"
"AF307332",NA
"XM_496078",NA
"NM_178588","PPP2R5C"
"NR_001534","TTTY7"
"AK094356",NA
"NM_015997","METTL25B"
"BM678403",NA
"XM_374705",NA
"ENST00000328394",NA
"AL834278",NA
"NM_024532","SPAG16"
"NM_024512","LRRC2"
"NM_016491","MRPL37"
"AK023134",NA
"A_24_P945345",NA
"THC2664171",NA
"AL581048",NA
"NM_053049","UCN3"
"NM_001757","CBR1"
"NM_173666","DTWD2"
"NM_175060","CLEC14A"
"BX098411",NA
"A_24_P943379",NA
"A_23_P78975",NA
"AA807805",NA
"A_32_P109165",NA
"NM_001644","APOBEC1"
"NM_004124","GMFB"
"NM_001024593","MSS51"
"NM_020191","MRPS22"
"A_24_P538119",NA
"AK091897",NA
"BC045716",NA
"THC2692269",NA
"BC039381",NA
"NM_000273","GPR143"
"NM_001007101","ZNF484"
"BC110326",NA
"NM_172006","WFDC10B"
"AB033029",NA
"NM_014212","HOXC11"
"XR_019037",NA
"NM_175839","SMOX"
"NM_080920","GGTLC1"
"A_32_P157002",NA
"THC2650514",NA
"NM_023935","DDRGK1"
"BC065566",NA
"AK092303",NA
"BC048265",NA
"NM_001038603","MARVELD2"
"A_24_P926242",NA
"AK096327",NA
"NM_000304","PMP22"
"THC2719959",NA
"NM_001042646","TRAK1"
"NM_174921","SMIM14"
"NM_019555","ARHGEF3"
"NM_015855","WT1-AS"
"NM_015474","SAMHD1"
"AK055694",NA
"AK096449",NA
"AK097753",NA
"A_32_P46544",NA
"NM_144657","HDX"
"A_24_P926813",NA
"A_24_P461676",NA
"NM_000426","LAMA2"
"XR_016779",NA
"NM_183008","UBXN11"
"AK024509",NA
"NM_032367","ZBED3"
"A_24_P289973",NA
"NM_004815","ARHGAP29"
"NM_001634","AMD1"
"NM_022750","PARP12"
"AK091366",NA
"NM_024096","DCTPP1"
"NM_014887","N4BP2L2"
"BC033748",NA
"NM_031894","FTHL17"
"THC2642550",NA
"NM_007084","SOX21"
"AF159174",NA
"AK094191",NA
"BC036006",NA
"BC040320",NA
"NM_015848","KRT76"
"THC2525955",NA
"THC2683231",NA
"BC034583",NA
"ENST00000235180",NA
"AF119895",NA
"NM_032580","HES7"
"BC018095",NA
"THC2618237",NA
"THC2615379",NA
"AF130064",NA
"NM_005780","LHFPL6"
"NM_173811","HARBI1"
"BC009467",NA
"NM_005809","PRDX2"
"NM_004864","GDF15"
"THC2728291",NA
"NM_172236","POFUT1"
"AK125038",NA
"NM_172004","CLECL1"
"NM_001007232","CARD17P"
"AK131288",NA
"AF419291",NA
"NM_024080","TRPM8"
"AF086077",NA
"NM_133484","TANK"
"ENST00000367994",NA
"NM_003508","FZD9"
"AF508906",NA
"NM_014241","HACD1"
"NM_139072","DNER"
"NM_019030","DHX29"
"NM_000453","SLC5A5"
"NM_207585","IFNAR2"
"ENST00000372871",NA
"NM_016104","RWDD1"
"AI015723",NA
"NM_152503","MROH8"
"NM_007006","NUDT21"
"NM_020383","XPNPEP1"
"BC032027",NA
"NM_004859","CLTC"
"XM_373600",NA
"XR_017372",NA
"ENST00000314238",NA
"A_23_P369758",NA
"NM_024296","CCDC28B"
"AL133089",NA
"CR611847",NA
"NM_000901","NR3C2"
"THC2615680",NA
"NM_006898","HOXD3"
"A_32_P166653",NA
"NM_000214","JAG1"
"BC021035",NA
"BC039345",NA
"ENST00000354929",NA
"AK096928",NA
"NM_003474","ADAM12"
"BC017945",NA
"BC027178",NA
"AK000005",NA
"AK127145",NA
"NM_015873","VILL"
"NM_020337","ANKRD50"
"NM_004460","FAP"
"THC2626957",NA
"NM_017918","MCUB"
"NM_005263","GFI1"
"NM_018476","BEX1"
"ENST00000312037",NA
"NM_207322","C2CD4A"
"NM_016533","NINJ2"
"NM_014878","PUM3"
"NM_002892","ARID4A"
"NM_182579",NA
"AK093429",NA
"NM_181873","MTMR11"
"BI911851",NA
"DB326574",NA
"ENST00000381325",NA
"THC2641678",NA
"NM_001012716","TYMSOS"
"NM_031442","TMEM47"
"NM_024692","CLIP4"
"CB047924",NA
"AF312387",NA
"NM_006307","SRPX"
"BU953908",NA
"AB001328",NA
"NM_198274","SMYD1"
"XR_018390",NA
"NM_152361","EID2B"
"NM_016830","VAMP1"
"NM_025015","HSPA12A"
"NM_001040157","CEP44"
"NM_001390","DTNA"
"THC2684848",NA
"THC2537502",NA
"BC104183",NA
"NM_005630","SLCO2A1"
"NM_152312","LARGE2"
"BU731317",NA
"NM_024717","MCTP1"
"AA131571",NA
"AW276332",NA
"NM_025090","USP36"
"AK023557",NA
"NM_133498","SPACA4"
"NM_138967","SCAMP5"
"NM_032423","ZNF528"
"THC2540738",NA
"AK074680",NA
"ENST00000371310",NA
"A_24_P929678",NA
"AB073386",NA
"AF119870",NA
"NM_133445","GRIN3A"
"BC103878",NA
"A_24_P572229",NA
"XR_019231",NA
"NM_005683","GPR55"
"BC045098",NA
"NM_014565","OR1A1"
"NM_015140","TTLL12"
"AA601902",NA
"NM_138700","TRIM40"
"NM_005210","CRYGB"
"NM_182760","SUMF1"
"NM_018190","BBS7"
"ENST00000380456",NA
"NM_016649","ESF1"
"BM477617",NA
"AF040248",NA
"AK054605",NA
"NM_178824","WDR49"
"NM_153265","EML3"
"NM_022356","P3H1"
"AK098220",NA
"A_24_P919805",NA
"THC2670898",NA
"BX648857",NA
"NM_144648","LRGUK"
"NM_001002295","GATA3"
"BC038556",NA
"BC080576",NA
"THC2500587",NA
"NM_020395","INTS12"
"NM_000743","CHRNA3"
"NM_002095","GTF2E2"
"NM_000841","GRM4"
"A_32_P124887",NA
"NM_005489","SH2D3C"
"THC2603239",NA
"A_32_P68479",NA
"NM_001039707","ENTR1"
"AF289600",NA
"NM_003408","ZFP37"
"ENST00000380064",NA
"AA639753",NA
"ENST00000327475",NA
"NM_002307","LGALS7"
"THC2648653",NA
"AK054935",NA
"AY030238",NA
"NM_004463","FGD1"
"NM_014815","MED24"
"AK074304",NA
"BC042481",NA
"BG775850",NA
"NM_032011","PCDHGA3"
"NM_178495","ITPRIPL1"
"NM_016610","TLR8"
"NM_138455","CTHRC1"
"NM_015717","CD207"
"THC2625435",NA
"THC2519126",NA
"NM_078628","MSL3"
"NM_181885","RXFP4"
"NM_001856","COL16A1"
"XR_015358",NA
"ENST00000381876",NA
"NM_001033714","NOP2"
"BC013423",NA
"NM_153608","ZNF114"
"BC008217",NA
"NM_002345","LUM"
"NM_015049","TRAK2"
"BE814519",NA
"XR_018208",NA
"NM_018659","CYTL1"
"THC2765857",NA
"BC044214",NA
"A_32_P229447",NA
"NM_014744","TBC1D5"
"BC035898",NA
"AF201385",NA
"A_32_P147395",NA
"NM_033641","COL4A6"
"ENST00000265450",NA
"NM_004217","AURKB"
"BC033250",NA
"BG951912",NA
"NM_004246","GLP2R"
"THC2519365",NA
"NM_018426","TMEM63B"
"NM_138290","RUNDC3B"
"AB051445",NA
"THC2689547",NA
"A_24_P66908",NA
"A_24_P152974",NA
"THC2549822",NA
"NM_198154","TMEM95"
"NM_181843","NUDT8"
"NM_002902","RCN2"
"A_24_P15083",NA
"NM_207042","ENSA"
"NM_013337","TIMM22"
"NM_001010895","ERCC6L2"
"NM_004470","FKBP2"
"THC2656466",NA
"XR_018052",NA
"NM_013332","HILPDA"
"BI771091",NA
"AY204747",NA
"BG004487",NA
"AF334590",NA
"NM_003327","TNFRSF4"
"NM_001508","GPR39"
"ENST00000267197",NA
"NM_005644","TAF12"
"A_32_P377577",NA
"NM_024321","RBM42"
"THC2620401",NA
"A_23_P216071",NA
"AK096857",NA
"DQ786252",NA
"BC039097",NA
"XR_016680",NA
"A_24_P931713",NA
"NM_005645","TAF13"
"ENST00000343959",NA
"A_24_P921213",NA
"AF445027",NA
"ENST00000360523",NA
"NM_021115","SEZ6L"
"NM_000811","GABRA6"
"CR601835",NA
"BC032946",NA
"A_24_P126246",NA
"Z73903",NA
"A_24_P924552",NA
"ENST00000379156",NA
"ENST00000344265",NA
"A_24_P187539",NA
"NM_006856","ATF7"
"NM_153426","PITX2"
"THC2584466",NA
"CR610759",NA
"NM_030815","PDRG1"
"NM_005897","IPP"
"AK091946",NA
"AK056384",NA
"AK021552",NA
"AK098638",NA
"BE019257",NA
"XR_017216",NA
"NM_012375","OR52A1"
"CN333321",NA
"NM_178181","CDCP1"
"AF230200",NA
"CR605933",NA
"NM_015956","MRPL4"
"AA516102",NA
"NM_005316","GTF2H1"
"NM_006678","CD300C"
"NM_182575","IZUMO1"
"NM_006876","B4GAT1"
"NM_024906","SCD5"
"A_24_P409824",NA
"NM_017813","BPNT2"
"AA130949",NA
"DQ983818",NA
"NM_022171","TCTA"
"NM_014917","NTNG1"
"NM_054014","FKBP1A"
"NM_030663","SMCP"
"NM_004104","FASN"
"A_24_P934541",NA
"A_24_P835388",NA
"NM_004134","HSPA9"
"NM_004459","BPTF"
"AL832535",NA
"NM_014433","RSPH14"
"XM_946374",NA
"NM_002987","CCL17"
"NM_003256","TIMP4"
"BC009353",NA
"NR_001590","IFITM4P"
"NM_001001786","BLID"
"L07392",NA
"NM_001008737",NA
"BC013935",NA
"A_24_P349756",NA
"AK021463",NA
"NM_024738","SPRING1"
"THC2578949",NA
"THC2528720",NA
"AF219140",NA
"CR616551",NA
"A_24_P213321",NA
"NM_139137","KCNC2"
"AK090420",NA
"NM_153361","NIM1K"
"NM_017793","RPP25"
"BC010906",NA
"XR_019039",NA
"CR610088",NA
"XR_018054",NA
"NM_005387","NUP98"
"NM_018290","PGM2"
"A_24_P502660",NA
"AK057355",NA
"BC031827",NA
"NM_024097","C1orf50"
"NM_018287","ARHGAP12"
"AF100640",NA
"AA714039",NA
"NM_003245","TGM3"
"BC019241",NA
"BC035247",NA
"NM_023930","KCTD14"
"NM_138343","KLC4"
"NM_004705","THAP12"
"NM_005767","LPAR6"
"NM_014248","RBX1"
"CB853344",NA
"NM_002056","GFPT1"
"ENST00000313350",NA
"THC2649077",NA
"BF432354",NA
"NM_032959","POLR2J2"
"ENST00000316577",NA
"NM_000122","ERCC3"
"NM_006547","IGF2BP3"
"U82313",NA
"AF332145",NA
"NM_138980","MAPK10"
"NM_013336","SEC61A1"
"AK097244",NA
"THC2740013",NA
"AK056171",NA
"NM_002269","KPNA5"
"A_23_P211603",NA
"NM_007328","KLRC1"
"AK023394",NA
"AB033055",NA
"NM_001012409","SGO1"
"NM_004215","EBAG9"
"AF113685",NA
"THC2751496",NA
"AA743218",NA
"ENST00000369002",NA
"THC2553238",NA
"ENST00000330655",NA
"NM_181708","BCDIN3D"
"NM_006347","PPIH"
"A_24_P471012",NA
"NM_006253","PRKAB1"
"NM_001818","AKR1C4"
"NM_018398","CACNA2D3"
"NM_033446","MVB12B"
"A_24_P913292",NA
"NM_182631","ANKRD18DP"
"NM_030936","RNF32"
"NM_033500","HK1"
"NM_032563","LCE3D"
"NM_032276","RHBDD1"
"THC2673187",NA
"BC020814",NA
"NM_001039706","CFAP69"
"THC2563522",NA
"A_24_P32735",NA
"NM_194291","TMEM65"
"NM_138702","MAGEC3"
"A_23_P115902",NA
"D70835",NA
"NM_033081","DIDO1"
"AK021629",NA
"NM_032089","PCDHGA9"
"THC2558594",NA
"NM_024426","WT1"
"BM674777",NA
"THC2662610",NA
"THC2664263",NA
"A_23_P47546",NA
"NM_001884","HAPLN1"
"NM_007031","HSF2BP"
"X54871",NA
"ENST00000368564",NA
"NR_003090","MOBP"
"NM_001007544","RHEX"
"NM_152418","DCAF4L2"
"THC2645975",NA
"ENST00000381140",NA
"A_24_P926150",NA
"NM_001040716","PC"
"ENST00000357778",NA
"A_24_P375751",NA
"NM_006879","MDM2"
"NM_173549","ERICH5"
"NM_021937","EEFSEC"
"A_32_P97373",NA
"BC015860",NA
"THC2718499",NA
"THC2497836",NA
"THC2571921",NA
"BX092917",NA
"NM_006128","BMP1"
"NM_000682","ADRA2B"
"A_23_P395705",NA
"L17330",NA
"NM_003899","ARHGEF7"
"NM_033512","TSPYL5"
"NM_173509","FAM163A"
"NM_052899","GPRIN1"
"NM_004110","FDXR"
"NM_133329","KCNG3"
"NM_173685","NSMCE2"
"NM_145176","SLC2A12"
"NM_018724","IL20"
"NM_017481","UBQLN3"
"AK024625",NA
"BC042091",NA
"NM_207406","BEND4"
"NM_016195","KIF20B"
"NM_022135","POPDC2"
"THC2634796",NA
"NM_005769","CHST4"
"AK095218",NA
"AF343078",NA
"NM_138576","BCL11B"
"NM_182525","FER1L6-AS2"
"NM_020886","USP28"
"THC2657193",NA
"BC014117",NA
"NM_022145","CENPK"
"A_24_P281605",NA
"NM_001247","ENTPD6"
"THC2637644",NA
"THC2533588",NA
"A_23_P257881",NA
"AJ420487",NA
"A_24_P391853",NA
"NM_002995","XCL1"
"AK027158",NA
"NM_007221","PMF1"
"NM_139355","MATK"
"NM_000444","PHEX"
"NM_000033","ABCD1"
"ENST00000373335",NA
"NM_020319","ANKMY2"
"CR624187",NA
"AK057971",NA
"NM_173625","C17orf78"
"NM_030785","RSPH6A"
"AK022936",NA
"NM_005045","RELN"
"NM_183050","BCKDHB"
"CR597075",NA
"A_23_P208609",NA
"AK092861",NA
"BC014370",NA
"AK091994",NA
"NM_001004439","ITGA11"
"AF090926",NA
"NM_031232","NECAB3"
"NM_152260","RPUSD2"
"BC063881",NA
"AF086547",NA
"NM_025268","TMEM121"
"AB051490",NA
"NM_018326","GIMAP4"
"XM_498110",NA
"NM_005833","RABEPK"
"L25597",NA
"THC2665444",NA
"NM_031898","TEKT3"
"AF088007",NA
"NM_020396","BCL2L10"
"NM_005148","UNC119"
"NM_144627","TSACC"
"AV756170",NA
"ENST00000321130",NA
"AW002417",NA
"A_24_P179029",NA
"AK124684",NA
"NM_000569","FCGR3A"
"NM_001009956","ZNF655"
"AK024924",NA
"NM_004179","TPH1"
"NM_016209","TRAPPC2L"
"ENST00000309024",NA
"NM_194284","CLDN23"
"A_24_P896373",NA
"A_24_P350027",NA
"NM_001008530","LGMN"
"BC004544",NA
"NM_007169","PEMT"
"NM_152676","FBXO15"
"NM_032350","CHLSN"
"AK001966",NA
"ENST00000340003",NA
"ENST00000304016",NA
"NM_080831","DEFB129"
"ENST00000314088",NA
"BU685000",NA
"BC011455",NA
"NM_153686","LCORL"
"NM_002425","MMP10"
"NM_201400","EEF2KMT"
"A_32_P181339",NA
"NM_001040453","MINDY2"
"NM_199043","NRDE2"
"AJ252276",NA
"AF490769",NA
"BC040846",NA
"BC043212",NA
"NM_033341","BIRC8"
"NM_138385","TMEM129"
"NM_020242","KIF15"
"BM677097",NA
"NM_016301","GPN3"
"NM_032663","USP30"
"ENST00000328458",NA
"NM_013388","PREB"
"A_23_P60189",NA
"CA866957",NA
"NM_017566","KLHDC4"
"AF116686",NA
"NM_001009936","PHF19"
"NM_019558","HOXD8"
"NM_021197","WFDC1"
"A_24_P914549",NA
"U25801",NA
"NM_002693","POLG"
"NM_001865","COX7A2"
"NM_152327","AK7"
"NM_004487","GOLGB1"
"THC2527772",NA
"NM_182511","CBLN2"
"XR_019160",NA
"NM_001001563","TIMM50"
"NM_020144","PAPOLB"
"BC047869",NA
"NM_022304","HRH2"
"THC2643340",NA
"NM_014791","MELK"
"NM_178491","R3HDML"
"NM_025205","MED28"
"ENST00000375434",NA
"THC2617924",NA
"NR_002837","UBE2MP1"
"A_24_P477610",NA
"NM_005929","MELTF"
"THC2584608",NA
"AA150211",NA
"AF242507",NA
"ENST00000328711",NA
"NM_016518","PIPOX"
"NM_001002909","GPATCH8"
"ENST00000256861",NA
"NM_002563","P2RY1"
"NM_001014830","LINC01599"
"NR_002812","HCG26"
"XR_015691",NA
"AV753543",NA
"NM_015392","NPDC1"
"BX089851",NA
"NM_020243","TOMM22"
"NM_004283","RAB3D"
"AK091335",NA
"NM_016292","TRAP1"
"XM_001132888",NA
"NM_002362","MAGEA4"
"NM_005652","TERF2"
"THC2686967",NA
"NR_001541","TTTY5"
"S75896",NA
"NM_174937","TCERG1L"
"NM_014297","ETHE1"
"NM_001031804","MAF"
"THC2613186",NA
"NM_002525","NRDC"
"A_24_P640212",NA
"THC2553305",NA
"A_24_P924777",NA
"THC2689970",NA
"THC2669126",NA
"NM_201280","BLOC1S5"
"ENST00000331596",NA
"NM_005257","GATA6"
"THC2512199",NA
"NM_201591","GPM6A"
"NM_006180","NTRK2"
"THC2496832",NA
"THC2669063",NA
"THC2520017",NA
"ENST00000286193",NA
"NM_003223","TFAP4"
"BC024303",NA
"NM_020672","S100A14"
"NM_005416","SPRR3"
"NM_153696","FOLH1B"
"NM_199357","ARHGAP11A"
"THC2672701",NA
"NM_018182","FAM222B"
"NM_178453","PRSS30P"
"AK026322",NA
"NM_003361","UMOD"
"NM_001323","CST6"
"THC2727102",NA
"NM_012190","ALDH1L1"
"THC2659848",NA
"AF107493",NA
"AF418573",NA
"THC2675069",NA
"NM_003761","VAMP8"
"AI076343",NA
"NM_014219","KIR2DL2"
"AK025716",NA
"NM_000912","OPRK1"
"NM_006056","NMUR1"
"NM_001704","ADGRB3"
"NM_004362","CLGN"
"ENST00000314811",NA
"NM_004439","EPHA5"
"A_24_P109973",NA
"A_32_P63236",NA
"A_24_P332461",NA
"NM_080608","SPATA25"
"AF118078",NA
"NM_001039590","USP9X"
"AK074562",NA
"NM_015082","FSTL4"
"NM_015091","TOGARAM1"
"AK026323",NA
"NM_175725","IL5RA"
"NM_001077191","GPBAR1"
"NM_138384","MTG1"
"A_24_P502752",NA
"CR749373",NA
"NM_133491","SAT2"
"NM_181042","PBRM1"
"NM_004983","KCNJ9"
"A_24_P400751",NA
"BQ310542",NA
"NM_018019","MED9"
"NM_007210","GALNT6"
"AK001132",NA
"AK128790",NA
"NM_182922","HEATR3"
"NM_006783","GJB6"
"NM_207582","ERVFRD-1"
"THC2706831",NA
"NM_005635","SSX1"
"NM_031418","ANO3"
"BC040420",NA
"THC2764011",NA
"NM_006812","OS9"
"NM_001039212","SRRM3"
"NM_172238","TFAP2D"
"A_24_P298744",NA
"NM_016656","RRAGB"
"AY358242",NA
"A_32_P4608",NA
"AK124953",NA
"DA834198",NA
"THC2662587",NA
"THC2690528",NA
"THC2663797",NA
"NM_000749","CHRNB3"
"NM_003937","KYNU"
"NM_020866","KLHL1"
"NM_030772","GJA9"
"ENST00000339980",NA
"NM_018390","PLCXD1"
"NM_024969","CSRNP3"
"CV323793",NA
"NM_033515","ARHGAP18"
"NM_017811","UBE2R2"
"THC2536823",NA
"A_32_P31321",NA
"NM_152791","ZNF555"
"NM_032169","ACAD11"
"NM_030631","SLC25A21"
"ENST00000377607",NA
"BE008305",NA
"AA609749",NA
"AK023929",NA
"NM_152698","AMER3"
"THC2717610",NA
"THC2681034",NA
"NM_007335","DLEC1"
"AK091802",NA
"NM_003734","AOC3"
"A_24_P237631",NA
"AL133118",NA
"NM_001253","CDC5L"
"BC002741",NA
"NM_001780","CD63"
"NM_004791","ITGBL1"
"AB015331",NA
"NM_198849","SIAH3"
"ENST00000381961",NA
"ENST00000323013",NA
"A_24_P850187",NA
"BX281397",NA
"NM_020632","ATP6V0A4"
"NM_001352","DBP"
"BC039397",NA
"ENST00000309178",NA
"BX119880",NA
"NM_004544","NDUFA10"
"NM_015720","PODXL2"
"AL521247",NA
"NM_001008490","KLF6"
"NM_007333","KLRC3"
"NM_153212","GJB4"
"AK129838",NA
"NM_032943","SYTL2"
"NM_006485","FBLN1"
"BC046172",NA
"NM_178448","SAPCD2"
"AK025166",NA
"NM_004056","CA8"
"AK128756",NA
"NM_005017","PCYT1A"
"BC069416",NA
"A_32_P139420",NA
"BQ009471",NA
"BF827074",NA
"THC2513403",NA
"NM_014848","SV2B"
"AK090546",NA
"THC2688348",NA
"NM_013978","BNIP1"
"A_32_P148636",NA
"NM_002697","POU2F1"
"NM_004753","DHRS3"
"NM_025257","SLC44A4"
"AK057830",NA
"NM_016575","NT5DC3"
"AK026162",NA
"BE710245",NA
"NM_001042467","MLPH"
"NM_032514","MAP1LC3A"
"NM_005306","FFAR2"
"AY562498",NA
"ENST00000318301",NA
"XM_001127354",NA
"A_24_P717462",NA
"NM_015458","MTMR9"
"AK027580",NA
"THC2778545",NA
"THC2681047",NA
"BC042589",NA
"AL518525",NA
"NM_006759","UGP2"
"AK094874",NA
"NM_173801","OOSP2"
"BC000868",NA
"A_24_P923670",NA
"NM_000988","RPL27"
"ENST00000342773",NA
"NM_000772","CYP2C18"
"THC2548567",NA
"AL122075",NA
"NM_003737","DCHS1"
"NM_015347","RIMBP2"
"ENST00000335142",NA
"AF118086",NA
"NM_207370","GPR153"
"NM_004225","MFHAS1"
"NM_006917","RXRG"
"NM_181537","KRT27"
"THC2704042",NA
"A_23_P201521",NA
"AI494047",NA
"ENST00000269499",NA
"BC047078",NA
"NM_152697","SLC44A5"
"NM_080662","PEX11G"
"THC2662240",NA
"NM_001033677","CABP1"
"AA581414",NA
"BC010732",NA
"BC000408",NA
"NM_145729","MRPL24"
"NM_024019","NEUROG2"
"NM_004679","VCY"
"NM_015341","NCAPH"
"NM_138572","TAF8"
"NM_022123","NPAS3"
"NM_080605","B3GALT6"
"THC2692879",NA
"NM_012175","FBXO3"
"AK090897",NA
"NM_177967","UBAC2"
"NM_054031","MRGPRX3"
"NM_015379","BRI3"
"NM_002255","KIR2DL4"
"NM_201446","EGFL7"
"NM_032375","AKT1S1"
"NM_017733","PIGG"
"NM_001009905","QTGAL"
"BC039457",NA
"AK056402",NA
"NM_152834","TMEM18"
"NM_000606","C8G"
"NM_002387","MCC"
"NM_148675","DSCR9"
"NM_001037125","UNKL"
"NM_033130","SIGLEC10"
"NM_178526","SLC25A42"
"NM_198461","LONRF2"
"NM_201263","WARS2"
"AK092263",NA
"AL831853",NA
"NM_002036","ACKR1"
"NM_020836","BEGAIN"
"A_32_P35603",NA
"THC2721182",NA
"AI580662",NA
"NM_017438","SETD4"
"NM_147164","CNTFR"
"A_24_P16430",NA
"THC2638097",NA
"NM_003296","CRISP2"
"BC030111",NA
"NM_002239","KCNJ3"
"NM_003667","LGR5"
"AF119914",NA
"NM_145893","RBFOX1"
"NM_007361","NID2"
"NM_032611","PTP4A3"
"AI751518",NA
"THC2713795",NA
"ENST00000382691",NA
"THC2623764",NA
"BC030100",NA
"AK024336",NA
"NM_002513","NME3"
"NM_004199","P4HA2"
"AF161342",NA
"AK093521",NA
"NM_003100","SNX2"
"NM_005611","RBL2"
"BX090709",NA
"NM_014847","UBAP2L"
"ENST00000382544",NA
"ENST00000380896",NA
"XM_059578",NA
"NM_152890","COL24A1"
"CR605298",NA
"THC2712190",NA
"ENST00000356555",NA
"NM_021209","NLRC4"
"AF458587",NA
"AF085913",NA
"AF190748",NA
"NM_020407","RHBG"
"NM_014017","LAMTOR2"
"NM_016424","LUC7L3"
"A_24_P934214",NA
"THC2747806",NA
"A_32_P93894",NA
"A_24_P799680",NA
"NM_182589","HTR3E"
"BC018891",NA
"NM_004240","TRIP10"
"NM_006221","PIN1"
"NM_003374","VDAC1"
"NM_016302","CRBN"
"BC022548",NA
"A_24_P925327",NA
"A_32_P169243",NA
"BX647358",NA
"NM_006188","OCM2"
"NM_148914","ABHD11"
"NM_015488","PNKD"
"NM_001431","EPB41L2"
"ENST00000389201",NA
"NM_005597","NFIC"
"NM_015653","RIBC2"
"THC2697838",NA
"AB002449",NA
"BC018681",NA
"NM_006661","PDE10A"
"A_24_P717824",NA
"NM_000180","GUCY2D"
"A_32_P212333",NA
"NM_175871","SWSAP1"
"NM_015684","DMAC2L"
"A_24_P67308",NA
"BC036527",NA
"NM_001527","HDAC2"
"NM_001799","CDK7"
"S80931",NA
"AK097339",NA
"NM_015344","LEPROTL1"
"NM_012352","OR1A2"
"NM_003039","SLC2A5"
"NM_153364","GARIN6"
"AK054826",NA
"BC039385",NA
"CR749234",NA
"NM_178557","NAT8L"
"AF372624",NA
"NM_052934","SLC26A9"
"AK001238",NA
"NM_002211","ITGB1"
"AK055212",NA
"THC2712084",NA
"NM_018300","ZNF83"
"ENST00000306024",NA
"NM_001039165","MRGPRE"
"THC2691517",NA
"AK023309",NA
"ENST00000329784",NA
"NM_020204","LHX9"
"NM_019100","DMAP1"
"NM_172390","NFATC1"
"AF361491",NA
"A_24_P834066",NA
"THC2675791",NA
"NM_152719","CBY2"
"THC2669119",NA
"AK091178",NA
"NM_014043","CHMP2B"
"BC009479",NA
"NM_174897","BPIFB6"
"NM_001972","ELANE"
"NM_001010938","TNK2"
"AL713680",NA
"BX111152",NA
"A_24_P919706",NA
"NM_023071","SPATS2"
"AK023773",NA
"NM_001717","BNC1"
"CK818049",NA
"BC052374",NA
"NM_177424","STX12"
"BC022205",NA
"AL834311",NA
"A_24_P925222",NA
"ENST00000242848",NA
"NM_001010862","SPIN3"
"NM_001018108","SERF2"
"A_24_P654314",NA
"NM_013277","RACGAP1"
"A_24_P933259",NA
"THC2683022",NA
"NM_016581","ECSIT"
"XR_015474",NA
"NM_030824","ZNF442"
"THC2496494",NA
"NM_182644","EPHA3"
"NM_003706","PLA2G4C"
"NM_145172","DNAI3"
"NM_006431","CCT2"
"A_24_P930162",NA
"NM_032482","DOT1L"
"NM_001009812","LBX2"
"AF119853",NA
"ENST00000342688",NA
"A_24_P384210",NA
"A_32_P16989",NA
"NM_014229","SLC6A11"
"AJ002788",NA
"NM_177437","TAS2R60"
"THC2683169",NA
"ENST00000327926",NA
"AA448469",NA
"NM_002315","LMO1"
"NM_001003682","TMEM200B"
"NM_001460","FMO2"
"AF086288",NA
"NM_174902","LDLRAD3"
"NM_032667","BSCL2"
"NM_019015","CHPF2"
"THC2634957",NA
"NM_133263","PPARGC1B"
"A_24_P657629",NA
"NM_033228","TRIM23"
"NM_002875","RAD51"
"XR_019458",NA
"A_32_P159126",NA
"NM_005273","GNB2"
"NM_001004","RPLP2"
"NM_015169","RRS1"
"BC098154",NA
"NM_001039803","CDK20"
"A_24_P928453",NA
"NM_005917","MDH1"
"NM_031410","PCDHA1"
"THC2554453",NA
"BC008846",NA
"NM_005872","BCAS2"
"AF007866",NA
"NR_001545","TTTY15"
"XR_015607",NA
"A_24_P790836",NA
"ENST00000258873",NA
"A_24_P928815",NA
"ENST00000330762",NA
"NM_022127","SLC28A3"
"A_24_P911734",NA
"ENST00000320378",NA
"NM_001040649","ACP1"
"NM_022098","XPNPEP3"
"BC042943",NA
"NM_021721","ADAM22"
"AF085896",NA
"AK123079",NA
"A_24_P930815",NA
"NM_024072","DDX54"
"BC062294",NA
"A_24_P929289",NA
"NM_018972","GDAP1"
"A_24_P49800",NA
"A_24_P298320",NA
"NM_198554",NA
"THC2724764",NA
"NM_018358","ABCF3"
"NM_023915","GPR87"
"NM_018419","SOX18"
"NM_013407",NA
"AY358259",NA
"XR_019230",NA
"NM_014594","ZNF354C"
"THC2519111",NA
"NM_080881","DBN1"
"AI114607",NA
"ENST00000310074",NA
"AL137342",NA
"THC2729051",NA
"NM_018695","ERBIN"
"NM_152775","CCDC110"
"NM_019098","CNGB3"
"THC2660834",NA
"NM_025135","FHOD3"
"NM_017831","RNF125"
"ENST00000379734",NA
"BC034233",NA
"ENST00000354771",NA
"NM_006962","ZNF182"
"X77737",NA
"THC2545337",NA
"THC2528572",NA
"BQ016822",NA
"BC012753",NA
"NM_022156","DUS1L"
"ENST00000320876",NA
"NM_016055","MRPL48"
"ENST00000317427",NA
"AK057476",NA
"ENST00000316915",NA
"THC2706887",NA
"NM_007373","SHOC2"
"AW081991",NA
"A_24_P733223",NA
"NM_014608","CYFIP1"
"NM_020634","GDF3"
"NR_003246","GOLGA6L5P"
"NM_002989","CCL21"
"A_24_P346859",NA
"NM_198077","C1orf52"
"AL357193",NA
"NM_006979","SLC39A7"
"A_24_P230009",NA
"NM_002931","RING1"
"A_24_P474384",NA
"AF086045",NA
"NM_001008712","RBPMS"
"A_32_P187304",NA
"NM_001011658","TRAPPC2"
"NM_031287","SF3B5"
"NM_001399","EDA"
"NM_006542",NA
"NM_153237","TMEM252"
"BC069765",NA
"NM_144577","ODAD1"
"NM_181787","DPY19L4"
"BI026064",NA
"NM_020888","NHSL3"
"NM_005512","LRRC32"
"BC015962",NA
"THC2765833",NA
"A_24_P585660",NA
"NM_170735","BDNF"
"NM_005573","LMNB1"
"NM_052855","ANKRD40"
"THC2719015",NA
"NM_001001976","ATE1"
"NM_001956","EDN2"
"AF087980",NA
"THC2692617",NA
"NM_012338","TSPAN12"
"NM_032380","GFM2"
"NM_032100","PCDHGB6"
"THC2546372",NA
"THC2672343",NA
"ENST00000343732",NA
"NM_020435","GJC2"
"NM_032040","CCDC8"
"NM_004997","MYBPH"
"NM_001263","CDS1"
"A_23_P300563",NA
"NM_025213","SPTBN4"
"NM_020683","TMIGD3"
"NM_031925","TMEM120A"
"NM_024328","THTPA"
"AF086124",NA
"THC2501086",NA
"NM_004388","CTBS"
"NM_016146","TRAPPC4"
"THC2711548",NA
"NM_014548","TMOD2"
"CD237413",NA
"AK058121",NA
"BC031631",NA
"XR_019250",NA
"THC2675117",NA
"THC2633438",NA
"CD608671",NA
"NM_021062","H2BC3"
"ENST00000375486",NA
"NM_018466","ALG13"
"AF277175",NA
"NM_001996","FBLN1"
"ENST00000357529",NA
"ENST00000216323",NA
"NM_005468","NAALADL1"
"NM_018027","FRMD4A"
"NM_198492","CLEC4G"
"AI570381",NA
"A_24_P920247",NA
"ENST00000313760",NA
"NM_024319","C1orf35"
"CN431194",NA
"NM_198074","OR2C3"
"NM_001293","CLNS1A"
"THC2586657",NA
"NM_033213","ZNF670"
"NM_002484","NUBP1"
"NM_003102","SOD3"
"NM_017810","ZSCAN32"
"NM_000799","EPO"
"NM_032284","PRPF38A"
"NM_206898","MRAP"
"A_32_P80697",NA
"THC2531204",NA
"AL533377",NA
"ENST00000338711",NA
"NM_001013649","C2orf68"
"NM_006822","RAB40B"
"NM_053043","RBM33"
"XM_293026",NA
"NM_002607","PDGFA"
"NM_080875","MIB2"
"NM_002945","RPA1"
"A_32_P11673",NA
"NM_145312","ZNF485"
"BC008813",NA
"NM_152416","NDUFAF6"
"AI690093",NA
"NM_001013651",NA
"NM_012156","EPB41L1"
"XR_018242",NA
"NM_022550","XRCC4"
"THC2732721",NA
"NM_000209","PDX1"
"AK129542",NA
"NM_006194","PAX9"
"NM_139169","TRUB1"
"NM_007241","SNF8"
"L08237",NA
"NM_145659","IL27"
"NM_001005202","OR8K3"
"NM_003026","SH3GL2"
"NM_198867","ALKBH6"
"NM_080877","SLC34A3"
"NM_005866","SIGMAR1"
"THC2698352",NA
"NM_004552","NDUFS5"
"ENST00000330861",NA
"AF204269",NA
"AF269287",NA
"U80770",NA
"AK026416",NA
"NM_005245","FAT1"
"NM_138326","ACMSD"
"BC032026",NA
"NM_001630","ANXA8L1"
"NM_005670","EPM2A"
"NM_032591","SLC9A7"
"NM_003539","H4C4"
"NM_002288","LAIR2"
"NM_004294","MTRF1"
"NM_001014436","DBNL"
"A_24_P565496",NA
"S69873",NA
"NM_152377","C1orf87"
"N67009",NA
"A_24_P775812",NA
"NM_152707","SLC25A16"
"BC063441",NA
"NM_016955","SEPSECS"
"NM_031858","NBR1"
"A_24_P673119",NA
"NM_005680","TAF1B"
"NM_012310","KIF4A"
"ENST00000244820",NA
"NM_198853","TRIM74"
"NM_000926","PGR"
"XR_016021",NA
"NM_003625","PPFIA2"
"NM_004538","NAP1L3"
"NM_013265","VPS51"
"BF959143",NA
"BC037328",NA
"NM_004209","SYNGR3"
"AK057762",NA
"THC2722365",NA
"XR_019100",NA
"NM_002777","PRTN3"
"AI766403",NA
"AK057548",NA
"A_23_P113263",NA
"NM_000034","ALDOA"
"THC2537829",NA
"NM_018374","TMEM106B"
"THC2609820",NA
"THC2556482",NA
"AK074291",NA
"NM_031965","HASPIN"
"NM_004067","CHN2"
"NM_003507","FZD7"
"NM_001015885","RAE1"
"A_24_P936092",NA
"BC007251",NA
"NP373359",NA
"BG259864",NA
"AL109707",NA
"NM_004567","PFKFB4"
"NM_003579","RAD54L"
"BE970058",NA
"NM_138423","GOLM2"
"AK094269",NA
"BM702245",NA
"NM_206814","MOG"
"BC030138",NA
"NM_002062","GLP1R"
"THC2647739",NA
"AI676130",NA
"NM_138436","SMIM19"
"THC2521188",NA
"NM_006684","CFHR4"
"AB014550",NA
"XR_019608",NA
"AK093202",NA
"NM_214710","PRSS57"
"BG115931",NA
"A_24_P917332",NA
"THC2537951",NA
"A_23_P145596",NA
"L33930",NA
"NM_176821","NLRP10"
"AB040885",NA
"AY163814",NA
"NM_013962","NRG1"
"ENST00000378119",NA
"NM_198353","KCTD8"
"NM_003362","UNG"
"NM_033127","SEC16B"
"NM_022765","MICAL1"
"A_32_P22245",NA
"BE644770",NA
"A_24_P922331",NA
"AF126109",NA
"NM_002419","MAP3K11"
"AK026089",NA
"NM_020871","LRCH2"
"AK021689",NA
"ENST00000330710",NA
"THC2621536",NA
"AK091443",NA
"NM_001039211","ATAD3C"
"A_24_P816073",NA
"NM_004391","CYP8B1"
"NM_033535",NA
"A_32_P125736",NA
"A_24_P901836",NA
"NM_018648","NOP10"
"NM_001017370","NHLRC3"
"NM_004344","CETN2"
"AL049443",NA
"A_24_P374973",NA
"NM_014900","COBLL1"
"NM_006035","CDC42BPB"
"ENST00000373361",NA
"NM_002988","CCL18"
"AL117630",NA
"NM_054030","MRGPRX2"
"A_24_P923303",NA
"THC2664068",NA
"NM_012254","SLC27A5"
"BC021677",NA
"NM_207118","GTF2H5"
"NM_005451","PDLIM7"
"NM_144684","ZNF480"
"ENST00000361278",NA
"AF289615",NA
"AK123584",NA
"THC2551927",NA
"BU625797",NA
"NM_015985","ANGPT4"
"A_23_P132197",NA
"NM_048368","CTDP1"
"A_23_P133949",NA
"NM_003164","STX5"
"AK025360",NA
"NM_022121","PERP"
"THC2520108",NA
"AK095622",NA
"NM_198478","NKPD1"
"AL117397",NA
"THC2658069",NA
"THC2698958",NA
"AF119910",NA
"BC018676",NA
"NM_153701","IL12RB1"
"AK056734",NA
"NM_173341","PHF7"
"AK024424",NA
"THC2615575",NA
"NM_024707","GEMIN7"
"ENST00000360758",NA
"NM_001278","CHUK"
"AF116642",NA
"NM_012128","CLCA4"
"NM_182595","POM121L12"
"NM_198793","CD47"
"NM_152400","FAM241A"
"U88316",NA
"A_24_P281264",NA
"AF425244",NA
"A_24_P922770",NA
"NM_006210","PEG3"
"NM_000590","IL9"
"NM_022369","STRA6"
"NM_174881","CRB3"
"NM_006519","DYNLT1"
"NM_152678","DENND6A"
"THC2687670",NA
"A_23_P136296",NA
"NM_001007","RPS4X"
"NM_006802","SF3A3"
"BX118699",NA
"BX537510",NA
"XR_015594",NA
"NM_005978","S100A2"
"AL134462",NA
"U87972",NA
"THC2661496",NA
"CR598849",NA
"AL566169",NA
"AK127258",NA
"NM_006406","PRDX4"
"THC2529191",NA
"NM_003313","GFUS"
"NM_003825","SNAP23"
"NM_053278","TAAR8"
"BC034593",NA
"ENST00000333351",NA
"NM_001122","PLIN2"
"NM_006744","RBP4"
"ENST00000342158",NA
"ENST00000295181",NA
"NM_152540","SCFD2"
"NM_080744","SSC4D"
"NM_001071","TYMS"
"AI857589",NA
"NM_173521","SHOC1"
"NM_152483",NA
"THC2680668",NA
"THC2594053",NA
"AK124390",NA
"A_24_P931598",NA
"NM_003087","SNCG"
"NM_001117","ADCYAP1"
"NM_012474","UCK2"
"AK096323",NA
"NM_021210","TRAPPC1"
"X83412",NA
"THC2661968",NA
"THC2629203",NA
"AK056084",NA
"ENST00000330640",NA
"W72450",NA
"CR740121",NA
"A_24_P204474",NA
"ENST00000379392",NA
"THC2499508",NA
"AK024188",NA
"NM_020116","FSTL5"
"A_23_P71179",NA
"A_24_P916992",NA
"NM_014290","TDRD7"
"THC2702650",NA
"AK097754",NA
"NM_152570","LINGO2"
"NM_001010875","SLC25A30"
"BC047326",NA
"NM_004063","CDH17"
"NM_018316","KLHL26"
"THC2679021",NA
"NM_019610","RBMXL1"
"BM725480",NA
"NM_053045","TMEM203"
"CR622342",NA
"NM_020369","FSCN3"
"NM_000863","HTR1B"
"NM_013267","GLS2"
"ENST00000373965",NA
"BC004968",NA
"NM_152397","IQCF1"
"NM_173623","TTLL6"
"NM_147777","SNX15"
"NM_003587","DHX16"
"A_24_P933655",NA
"NM_153217","TMEM174"
"NM_080817","GPR82"
"A_24_P921719",NA
"ENST00000366847",NA
"THC2676657",NA
"NM_001752","CAT"
"A_23_P165819",NA
"NM_006858","TMED1"
"ENST00000255403",NA
"NM_020061","OPN1LW"
"AK093869",NA
"NM_022354","SPATA1"
"ENST00000306502",NA
"NM_015718","NOX3"
"NM_003691","STK16"
"H62159",NA
"NM_017840","MRPL16"
"AI263083",NA
"NM_016509","CLEC1B"
"A_24_P6850",NA
"NM_173856","VN1R2"
"XR_015778",NA
"AI915259",NA
"NM_173465","COL23A1"
"AF467442",NA
"NM_152706","TEX47"
"CR624129",NA
"NM_005803","FLOT1"
"A_32_P758538",NA
"NM_178169","RASSF3"
"THC2624567",NA
"NM_017954","CADPS2"
"NM_006667","PGRMC1"
"BC018731",NA
"AY082339",NA
"NM_138632","TRIOBP"
"ENST00000379938",NA
"NM_207186","OR10A4"
"NM_006305","ANP32A"
"NM_021007","SCN2A"
"AF119852",NA
"NM_031284","ADPGK"
"THC2616009",NA
"NM_022450","RHBDF1"
"XR_019070",NA
"ENST00000358897",NA
"NM_207435","C12orf76"
"THC2529323",NA
"THC2659974",NA
"NM_005880","DNAJA2"
"NM_080734","WFDC2"
"NM_003889","NR1I2"
"NM_002047","GARS1"
"NM_019607","C8orf44"
"A_24_P928175",NA
"THC2556772",NA
"NM_032520","GNPTG"
"NM_031417","MARK4"
"A_24_P891116",NA
"NM_004515","ILF2"
"A_24_P76319",NA
"ENST00000302091",NA
"NM_024669","ANKRD55"
"NM_004526","MCM2"
"NM_018943","TUBA8"
"NM_012238","SIRT1"
"BE074871",NA
"ENST00000380195",NA
"NM_032821","HYDIN"
"NM_012437","SNAPIN"
"BU679059",NA
"NM_001017392","SUGP2"
"NM_001980","STX2"
"A_23_P77389",NA
"A_24_P716349",NA
"NM_004055","CAPN5"
"A_24_P42071",NA
"THC2682560",NA
"NM_005576","LOXL1"
"NM_000235","LIPA"
"NM_021728","OTX2"
"AA292106",NA
"NM_024791","NHERF4"
"NM_020653","ZNF287"
"NM_006983","MMP23B"
"AW451275",NA
"AK023391",NA
"NM_003659","AGPS"
"A_24_P935114",NA
"NM_145204","SENP8"
"XM_001125737",NA
"CR623141",NA
"ENST00000256969",NA
"BF692226",NA
"THC2621210",NA
"NM_001039752","SLC22A10"
"NM_139158","CDK15"
"NM_006905","PSG1"
"AF258576",NA
"S82024",NA
"THC2530793",NA
"NM_000520","HEXA"
"AB067468",NA
"NM_006914","RORB"
"NM_198469","MORN5"
"NM_004917","KLK4"
"NM_033337","CAV3"
"AK055258",NA
"NM_019888","MC3R"
"NM_001023582","RPGR"
"A_24_P196024",NA
"NM_006323","SEC24B"
"NM_015457","ZDHHC5"
"A_24_P15973",NA
"NM_173488","SLCO6A1"
"THC2627432",NA
"AK095097",NA
"NM_013349","NENF"
"NM_001040274","SYCP2L"
"NM_015154","MESD"
"NM_014047","C19orf53"
"BC005095",NA
"A_24_P770494",NA
"NM_024812","BAALC"
"AL137577",NA
"ENST00000312828",NA
"ENST00000366971",NA
"NM_144644","SPATA4"
"NM_017850","AIRIM"
"THC2677659",NA
"XR_019590",NA
"AL117474",NA
"A_24_P910246",NA
"NM_006671","SLC1A7"
"AK074678",NA
"NM_000766","CYP2A13"
"NM_002118","HLA-DMB"
"THC2514053",NA
"THC2651263",NA
"NR_002809","LINC01089"
"NM_013289","KIR3DL1"
"NM_001009943","ANKRD16"
"NM_013353","TMOD4"
"XR_019388",NA
"NM_030969","TMEM14B"
"AW504569",NA
"AF051164",NA
"AF263545",NA
"THC2722526",NA
"A_24_P944833",NA
"THC2667914",NA
"NM_004132","HABP2"
"NM_001008745","ATP6V0E2-AS1"
"NM_178174","TREML1"
"NM_153367","ZCCHC24"
"ENST00000374112",NA
"A_23_P47220",NA
"U06936",NA
"NM_021992","TMSB15A"
"THC2672675",NA
"AF131777",NA
"NM_182549","HLA-DQB2"
"A_24_P556503",NA
"A_24_P332953",NA
"THC2539425",NA
"NM_002833","PTPN9"
"NM_182581","SPATA46"
"NM_003096","SNRPG"
"AF533251",NA
"NM_001496","GFRA3"
"THC2646626",NA
"NM_030895","ZNF696"
"AL832834",NA
"NM_152465","PROCA1"
"AK123878",NA
"NM_001003790","ERLIN2"
"THC2668845",NA
"NM_199340","LRRC37A3"
"NM_001001927","MTUS1"
"XR_018345",NA
"NR_002724","MBL1P"
"NM_003454","ZNF200"
"NM_005958","MTNR1A"
"NM_001017956","OS9"
"NM_002065","GLUL"
"CR612065",NA
"THC2634889",NA
"NM_013351","TBX21"
"NM_007045","CEP43"
"THC2664581",NA
"NM_024605","ARHGAP10"
"NM_005446","P2RX6"
"AK127795",NA
"AK096536",NA
"THC2688670",NA
"NM_018557","LRP1B"
"NM_015448","DPCD"
"AF346307",NA
"NM_080607","VSTM2L"
"NM_002275","KRT15"
"NM_007108","ELOB"
"NM_144576","COQ10A"
"NM_052913","TMEM200A"
"NM_015061","KDM4C"
"NM_002185","IL7R"
"THC2663668",NA
"NM_004455","EXTL1"
"NM_002408","MGAT2"
"THC2777277",NA
"BM504117",NA
"NM_181598","ATL1"
"AY358202",NA
"NM_006427","SIVA1"
"THC2734388",NA
"NM_177924","ASAH1"
"NM_013376","SERTAD1"
"BG989839",NA
"A_32_P169383",NA
"A_24_P943986",NA
"NM_006105","RAPGEF3"
"NM_005458","GABBR2"
"A_24_P920662",NA
"BF355106",NA
"NM_153713","LIX1L"
"A_24_P913620",NA
"BI916497",NA
"BU956542",NA
"NM_001727","BRS3"
"NM_014489","PGAP2"
"NM_001009921","VPS8"
"NM_024017","HOXB9"
"AF157326",NA
"AI085037",NA
"NM_015113","ZZEF1"
"NM_018953","HOXC5"
"AK096324",NA
"BQ026633",NA
"NM_153021","PLB1"
"NM_000065","C6"
"NM_177983","PPM1G"
"NR_003263","SDHAP3"
"AK023572",NA
"NM_007238","PXMP4"
"NM_005342","HMGB3"
"THC2651747",NA
"ENST00000357796",NA
"BX412469",NA
"A_32_P35031",NA
"NM_000507","FBP1"
"A_24_P863363",NA
"NM_016524","SYT17"
"NM_003776","MRPL40"
"A_24_P460405",NA
"NM_032656","DHX37"
"AF075035",NA
"A_23_P254330",NA
"AI079353",NA
"NM_006435","IFITM2"
"NM_138376","TTC5"
"NM_032306","ALKBH7"
"ENST00000373790",NA
"ENST00000316269",NA
"NM_002980","SCTR"
"NM_181581","DUS4L"
"A_24_P76210",NA
"BC042946",NA
"A_24_P407742",NA
"NM_033014","OGN"
"NM_018051","DYNC2I1"
"A_24_P933548",NA
"BC012014",NA
"A_24_P59239",NA
"CR606629",NA
"NM_033102","SLC45A3"
"NM_058179","PSAT1"
"THC2648759",NA
"ENST00000310146",NA
"THC2690938",NA
"NM_007273",NA
"AK024714",NA
"A_24_P144680",NA
"A_32_P165163",NA
"AL390150",NA
"THC2645080",NA
"THC2686826",NA
"BU622073",NA
"THC2543594",NA
"CR626044",NA
"NM_173798","ZCCHC12"
"XR_018387",NA
"BC007973",NA
"A_23_P98042",NA
"AK057161",NA
"NM_001886","CRYBA4"
"NM_004593","TRA2B"
"NM_001499","GLE1"
"XR_018698",NA
"CR608961",NA
"AW973470",NA
"NM_032054","PCDHGA5"
"NM_017418","DELEC1"
"NM_139165","RAET1E"
"S74620",NA
"A_32_P164637",NA
"NM_198252","GSN"
"NM_015954","DERA"
"NM_001014446","OCIAD2"
"NM_021805","SIGIRR"
"ENST00000274413",NA
"NM_000262","NAGA"
"AK125269",NA
"THC2726754",NA
"NM_006624","ZMYND11"
"NM_006292","TSG101"
"AK074776",NA
"NM_016433","GLTP"
"NM_021821","MRPS35"
"XR_017225",NA
"NM_014875","KIF14"
"NM_016470","OSER1"
"NM_144977","DENND1B"
"BC021031",NA
"NM_015470","RAB11FIP5"
"AL050061",NA
"AF132203",NA
"THC2553482",NA
"A_24_P926354",NA
"NM_000178","GSS"
"BM926140",NA
"NM_001528","HGFAC"
"AL547890",NA
"ENST00000372594",NA
"NM_000329","RPE65"
"ENST00000377361",NA
"NM_145719","TIGD3"
"THC2536674",NA
"NM_012153","EHF"
"NM_000099","CST3"
"XM_929587",NA
"BC013933",NA
"AB037817",NA
"NM_018031","WDR6"
"NM_052868","IGSF8"
"THC2488083",NA
"A_32_P223706",NA
"NM_001037339","PDE4B"
"BC039591",NA
"NM_015065","EXPH5"
"BC013097",NA
"AY007156",NA
"A_24_P88493",NA
"BC069815",NA
"NM_181621","KRTAP13-2"
"NM_003144","SSR1"
"NM_002784","PSG9"
"NM_001271","CHD2"
"AF035027",NA
"NM_004986","KTN1"
"AK024577",NA
"NM_001040168","LFNG"
"AI805367",NA
"THC2724750",NA
"A_24_P812265",NA
"A_23_P50320",NA
"NM_006897","HOXC9"
"NM_014228","SLC6A7"
"AF420438",NA
"NM_001014435","CA7"
"A_32_P116219",NA
"AW138098",NA
"THC2726954",NA
"NM_015084","MRPS27"
"BC033221",NA
"NM_004175","SNRPD3"
"NM_033397","ITPRIP"
"A_24_P392790",NA
"AY358791",NA
"BX955634",NA
"NM_138430","ADPRHL1"
"NM_032139","ANKRD27"
"A_24_P857932",NA
"THC2699947",NA
"ENST00000316772",NA
"NM_013269","CLEC2D"
"A_23_P142395",NA
"AF516696",NA
"NM_030980","ISG20L2"
"NM_018842","BAIAP2L1"
"NM_002263","KIFC1"
"NM_001993","F3"
"ENST00000368476",NA
"NM_001031709","RNLS"
"ENST00000378536",NA
"NM_001270","CHD1"
"AK093931",NA
"BC034326",NA
"BC011998",NA
"ENST00000318438",NA
"THC2756393",NA
"NM_012180","FBXO8"
"NM_178234","TUSC3"
"NM_001710","CFB"
"AK126245",NA
"THC2540151",NA
"NM_032936","TMEM60"
"NM_003647","DGKE"
"AF060169",NA
"NM_001804","CDX1"
"NM_004794","RAB33A"
"NM_000596","IGFBP1"
"NM_003575","ZNF282"
"AL080118",NA
"NM_023004","RTN4R"
"NM_000216","ANOS1"
"CR596789",NA
"A_24_P108281",NA
"BC021073",NA
"NM_017806","LIME1"
"NM_007098","CLTCL1"
"NM_002170","IFNA8"
"ENST00000345365",NA
"A_32_P6841",NA
"ENST00000367740",NA
"NM_021803","IL21"
"AJ301560",NA
"NM_016356","DCDC2"
"ENST00000222690",NA
"ENST00000374334",NA
"CR595483",NA
"THC2669500",NA
"NM_016427","ELOA2"
"NM_005795","CALCRL"
"NM_006541","GLRX3"
"ENST00000372415",NA
"NM_194460","RNF126"
"NM_001018059","NPIPB15"
"BF591978",NA
"ENST00000320662",NA
"NM_007123","USH2A"
"NM_005323","H1-6"
"BC036693",NA
"NM_012463","ATP6V0A2"
"A_32_P28528",NA
"NM_139278","LGI3"
"A_24_P919605",NA
"BC037529",NA
"AK123855",NA
"A_24_P543779",NA
"THC2743940",NA
"BX648337",NA
"NM_016361","ACP6"
"XR_017498",NA
"A_24_P127661",NA
"NM_020219","CEACAM19"
"A_24_P928112",NA
"NM_022367","SEMA4A"
"NM_001008219","AMY1C"
"A_24_P631993",NA
"AL137292",NA
"AK092524",NA
"NM_052891","PGLYRP3"
"THC2745287",NA
"AK056031",NA
"A_24_P740022",NA
"NM_199165","ADSS1"
"AF085874",NA
"NM_183393","CADPS"
"NM_021931","DHX35"
"NM_014058","TMPRSS11E"
"AK026387",NA
"BC101842",NA
"A_32_P51313",NA
"AA372247",NA
"AK093641",NA
"THC2612968",NA
"AF085351",NA
"A_24_P733083",NA
"NM_176786","IL9R"
"AK093036",NA
"BC015776",NA
"NM_012444","SPO11"
"NM_014499","P2RY10"
"NM_147128","ZNRF2"
"BC063599",NA
"A_32_P116088",NA
"ENST00000359901",NA
"NM_198998","AQP12A"
"XM_001130092",NA
"NM_003676","DEGS1"
"BC030778",NA
"AF090941",NA
"BC001697",NA
"NM_032731","TXNDC17"
"NM_001008","RPS4Y1"
"NM_014236","GNPAT"
"NM_033200","LMF2"
"XR_019184",NA
"BI017499",NA
"BX373237",NA
"NM_015094","HIC2"
"AI446524",NA
"AK021618",NA
"A_24_P324224",NA
"THC2668561",NA
"AK128099",NA
"A_24_P924029",NA
"AK021738",NA
"NM_007096","CLTA"
"NM_198082","CCDC57"
"NM_173075","APBB2"
"A_24_P714620",NA
"CR621244",NA
"A_24_P393087",NA
"ENST00000262042",NA
"BC030561",NA
"NM_016243","CYB5R1"
"AK023662",NA
"ENST00000369889",NA
"NM_001005210","LRRC55"
"THC2607051",NA
"XR_019488",NA
"NM_014889","PITRM1"
"NM_006076","AGFG2"
"NM_030912","TRIM8"
"BC005300",NA
"NM_001010986","ATP11C"
"NM_001024209","SPRR2E"
"THC2538918",NA
"NM_178140","PDZD2"
"THC2670307",NA
"NM_013326","RMC1"
"XR_016530",NA
"AL037389",NA
"NM_021219","JAM2"
"NM_032744","ADTRP"
"AJ312775",NA
"NM_016106","SCFD1"
"NM_004335","BST2"
"XM_001129625",NA
"NM_033113","ZNF628"
"ENST00000367573",NA
"A_24_P409410",NA
"NM_000465","BARD1"
"NM_178555","CCDC158"
"NM_007136","ZNF80"
"AK095243",NA
"NM_181458","PAX3"
"BC024649",NA
"XR_018414",NA
"NM_198552","FAM89A"
"THC2654231",NA
"THC2609205",NA
"NM_173850","SERPINA12"
"NM_001005360","DNM2"
"NM_032630","CINP"
"CR620010",NA
"NM_016113","TRPV2"
"THC2661432",NA
"NM_002163","IRF8"
"NM_001347","DGKQ"
"AK090913",NA
"NM_144589","COMTD1"
"DN996556",NA
"NM_001030005","CPLX3"
"AI887037",NA
"ENST00000360201",NA
"BC033638",NA
"BC005081",NA
"NM_000550","TYRP1"
"BG818013",NA
"THC2673888",NA
"NM_002296","LBR"
"XR_018272",NA
"NM_014302","SEC61G"
"NM_001246","ENTPD2"
"NM_003696","OR6A2"
"NM_005749","TOB1"
"BC035392",NA
"NM_153184","CADM2"
"NM_007202","AKAP10"
"AK096849",NA
"ENST00000312710",NA
"AF318328",NA
"XR_018740",NA
"NM_005811","GDF11"
"NM_004417","DUSP1"
"BC031954",NA
"XR_019350",NA
"XR_018514",NA
"THC2672257",NA
"BE173582",NA
"THC2529969",NA
"A_24_P937806",NA
"A_24_P716249",NA
"THC2688497",NA
"NM_206808","CLYBL"
"NM_130767","ACOT12"
"AK023465",NA
"XM_931358",NA
"NM_004043","ASMT"
"A_32_P159289",NA
"NM_000373","UMPS"
"NM_032182","ABRAXAS2"
"BF207040",NA
"NM_014253","TENM1"
"BQ015140",NA
"NM_213608","C2orf66"
"THC2708481",NA
"AK097143",NA
"AF196178",NA
"NM_014830","ZBTB39"
"NM_001002924","AP3S1"
"AF119844",NA
"A_32_P118896",NA
"NM_032038","SPNS1"
"NM_005308","GRK5"
"NM_020745","AARS2"
"A_24_P417757",NA
"THC2696414",NA
"NM_199227","METAP1D"
"NM_017784","OSBPL10"
"THC2662876",NA
"BC041849",NA
"BU568037",NA
"NM_000828","GRIA3"
"NM_000207","INS"
"NM_006421","ARFGEF1"
"THC2532162",NA
"THC2706212",NA
"THC2735727",NA
"NM_017671","FERMT1"
"AK023104",NA
"D13642",NA
"ENST00000359531",NA
"ENST00000296794",NA
"ENST00000367233",NA
"XR_018980",NA
"NM_018456","EAF2"
"NM_003839","TNFRSF11A"
"NM_144775","SMCR8"
"A_24_P333077",NA
"NM_015055","SWAP70"
"NM_033258","GNG8"
"NM_003562","SLC25A11"
"NM_003443","ZBTB17"
"NM_080860","RSPH1"
"NM_004510","SP110"
"ENST00000383748",NA
"ENST00000263284",NA
"NM_002550","OR3A1"
"THC2627609",NA
"THC2680414",NA
"NM_130388","ASB12"
"NM_006472","TXNIP"
"BC032958",NA
"AK091834",NA
"A_24_P50567",NA
"BE703537",NA
"A_24_P918339",NA
"NM_003882","CCN4"
"NM_175605","IFT88"
"BC013077",NA
"BC012185",NA
"NM_139243","ADAD1"
"NM_006295","VARS1"
"A_32_P91156",NA
"THC2635870",NA
"A_24_P941540",NA
"A_24_P96857",NA
"THC2648509",NA
"THC2624360",NA
"XM_001126928",NA
"AF007136",NA
"NM_013359","ZNF221"
"ENST00000367003",NA
"NM_024010","MTRR"
"A_24_P933761",NA
"BI439791",NA
"NM_014672","PRORP"
"NM_001017971","ATP6AP1L"
"AF348994",NA
"A_32_P5628",NA
"NM_020437","ASPHD2"
"XR_019026",NA
"NM_000570","FCGR3B"
"NM_138443","HAUS1"
"NM_001042631","SDHAF1"
"AF318325",NA
"NM_002754","MAPK13"
"BC002644",NA
"BC044619",NA
"BC036071",NA
"AK002004",NA
"BC004857",NA
"AK094743",NA
"A_32_P1841",NA
"BC040678",NA
"NM_001029875","RGS7BP"
"ENST00000383285",NA
"ENST00000381781",NA
"ENST00000307499",NA
"A_32_P178724",NA
"NM_175062","RASGEF1C"
"NM_138705","CALML6"
"THC2529005",NA
"THC2611661",NA
"BC035844",NA
"NM_004879","EI24"
"NM_022463","NXN"
"NM_017610","RNF111"
"A_32_P198282",NA
"NM_173586","SLC22A24"
"THC2663245",NA
"BC072400",NA
"NM_001008693","CST9"
"A_32_P168727",NA
"NM_002172","IFNA14"
"NM_181788","H1-7"
"AY437879",NA
"THC2650095",NA
"NM_005190","CCNC"
"NM_181807","DCDC1"
"L30117",NA
"NM_033449","FCHSD1"
"THC2758056",NA
"NM_003037","SLAMF1"
"NM_003740","KCNK5"
"ENST00000306634",NA
"NM_181836","TMED7"
"NM_018949","UTS2R"
"NM_002397","MEF2C"
"THC2665663",NA
"THC2503176",NA
"A_23_P91130",NA
"NM_006377","UNC13B"
"NM_005499","UBA2"
"NM_015629","PRPF31"
"A_24_P918364",NA
"A_24_P923439",NA
"A_24_P367397",NA
"A_24_P93111",NA
"A_23_P412927",NA
"A_24_P859124",NA
"A_24_P917530",NA
"NM_002625","PFKFB1"
"THC2673977",NA
"ENST00000366932",NA
"NM_182831","C16orf82"
"THC2501618",NA
"NM_031962","KRTAP9-3"
"NM_000536","RAG2"
"NM_182493","MYLK3"
"ENST00000304105",NA
"THC2559181",NA
"AK092824",NA
"ENST00000379187",NA
"AI267321",NA
"NM_001195","BFSP1"
"NM_172369","C1QC"
"THC2716274",NA
"NM_000450","SELE"
"S81579",NA
"NM_152990","PXT1"
"CR608563",NA
"NM_001031847","CPT1A"
"NM_001441","FAAH"
"NM_007160","OR2H2"
"A_32_P174385",NA
"A_32_P1434",NA
"AB209095",NA
"ENST00000238638",NA
"NM_019854","PRMT8"
"THC2682390",NA
"AF086196",NA
"A_24_P749080",NA
"BC033359",NA
"BC029465",NA
"NM_144629","RFTN2"
"NM_032725","BUD13"
"AI906074",NA
"A_32_P134679",NA
"NM_001007248","ZNF599"
"THC2618446",NA
"NM_144606","FLCN"
"NM_016277","RAB23"
"AF060168",NA
"NM_022138","SMOC2"
"NM_001866","COX7B"
"ENST00000374851",NA
"NM_017528","BUD23"
"NM_005031","FXYD1"
"AK022407",NA
"M84605",NA
"XM_001129035",NA
"AF086464",NA
"NM_001298","CNGA3"
"NM_152279","ZNF585B"
"BM681332",NA
"AK023412",NA
"NM_020357","PCNP"
"A_24_P367259",NA
"NM_014314","RIGI"
"AK097770",NA
"CR627452",NA
"BX106493",NA
"NM_000380","XPA"
"AK096139",NA
"XR_019242",NA
"A_24_P349428",NA
"A_24_P281730",NA
"NM_144593","RHEBL1"
"AK025323",NA
"A_24_P928250",NA
"AF349445",NA
"BU633484",NA
"BI759100",NA
"NM_005522","HOXA1"
"AK057923",NA
"NM_005322","H1-5"
"BX105638",NA
"NM_033223","GABRG3"
"BC047032",NA
"BC035650",NA
"NM_198175","NME1"
"NM_002565","P2RY4"
"AK131217",NA
"THC2663555",NA
"U05589",NA
"NM_002920","RFX4"
"NM_014725","STARD8"
"NM_002731","PRKACB"
"NM_015116","LRCH1"
"NM_014826","CDC42BPA"
"NM_031956","TTC29"
"XR_016657",NA
"BM129308",NA
"NM_002365","MAGEB3"
"A_24_P204334",NA
"NM_004863","SPTLC2"
"NM_022374","ATL2"
"NM_006145","DNAJB1"
"ENST00000292562",NA
"NM_017506","OR7A5"
"AL577308",NA
"NM_138775","ALKBH8"
"A_24_P126931",NA
"U50529",NA
"A_24_P925996",NA
"THC2681239",NA
"NM_014026","DCPS"
"NM_002190","IL17A"
"NM_006212","PFKFB2"
"NM_001007026","ATN1"
"AA019203",NA
"NM_000022","ADA"
"AF130063",NA
"AF217741",NA
"AK027667",NA
"NM_025208","PDGFD"
"NM_001755","CBFB"
"BQ323779",NA
"NM_144780","DEGS1"
"NM_032529","WDR97"
"THC2729901",NA
"AK055316",NA
"AK094950",NA
"A_24_P644554",NA
"BC011243",NA
"A_24_P923695",NA
"NM_002409","MGAT3"
"BF983943",NA
"NM_030771","CCDC34"
"THC2492936",NA
"NM_025239","PDCD1LG2"
"THC2696916",NA
"AK025037",NA
"NM_181699","PPP2R1B"
"NM_018728","MYO5C"
"NM_023945","MS4A5"
"A_32_P105893",NA
"A_24_P161853",NA
"U80761",NA
"NM_007129","ZIC2"
"BC009366",NA
"BC015213",NA
"A_24_P923774",NA
"XR_018465",NA
"AK124059",NA
"NM_199327","SPRY1"
"NM_003948","CDKL2"
"BC037496",NA
"NM_199254","TPTE2"
"XR_018580",NA
"AK091694",NA
"NM_181534","KRT25"
"BG998430",NA
"NM_000597","IGFBP2"
"BC032312",NA
"THC2694612",NA
"NM_148979","CTSH"
"A_24_P401381",NA
"AF218008",NA
"ENST00000368054",NA
"A_24_P935967",NA
"NM_134424","RAD52"
"A_24_P204574",NA
"NM_021081","GHRH"
"NM_002912","REV3L"
"AF090927",NA
"AK127626",NA
"NM_199053","TRAPPC11"
"NM_133494","NEK7"
"NM_022916","VPS33A"
"NM_015469","NIPSNAP3A"
"NM_020652","ZNF286A"
"AL833848",NA
"A_24_P771278",NA
"NM_001776","ENTPD1"
"AF222023",NA
"CA429005",NA
"NM_152653","UBE2E2"
"THC2532971",NA
"A_32_P12122",NA
"ENST00000258775",NA
"NM_000322","PRPH2"
"BU678397",NA
"AF090919",NA
"NM_001004727","OR4X2"
"NM_005823","MSLN"
"A_23_P89680",NA
"THC2682791",NA
"THC2683124",NA
"NM_018011","ARGLU1"
"AK124803",NA
"THC2496768",NA
"AK130071",NA
"THC2568538",NA
"THC2742226",NA
"NM_138709","DAB2IP"
"A_23_P142197",NA
"NM_018140","CEP72"
"NM_020705","TBC1D24"
"NM_003630","PEX3"
"AF085995",NA
"NM_017735","TTC27"
"NM_058229","FBXO32"
"ENST00000380231",NA
"CV323908",NA
"AK025047",NA
"NM_003940","USP13"
"THC2541839",NA
"NM_018968","SNTG2"
"AF267875",NA
"BC005231",NA
"A_24_P660797",NA
"NM_002248","KCNN1"
"AF147440",NA
"ENST00000338343",NA
"THC2547195",NA
"A_24_P796428",NA
"NM_004363","CEACAM5"
"AB064667",NA
"NM_001775","CD38"
"AY358167",NA
"NM_022134","GAL3ST2"
"BF663308",NA
"NM_004278","PIGL"
"NR_000035","CASP12"
"A_32_P234853",NA
"NM_020643","C11orf16"
"BC009078",NA
"A_24_P743424",NA
"A_32_P73707",NA
"A_24_P127063",NA
"NM_020195","SDR39U1"
"NM_003418","CNBP"
"AF034207",NA
"THC2689623",NA
"NM_004029","IRF7"
"NM_002551","OR3A2"
"NM_173158","NR4A1"
"BU726029",NA
"THC2569153",NA
"NM_002002","FCER2"
"A_24_P375435",NA
"NM_014332","SMPX"
"NM_012323","MAFF"
"NM_006018","HCAR3"
"XM_934128",NA
"ENST00000383723",NA
"THC2611063",NA
"NM_018310","BRF2"
"M17754",NA
"NM_017900","AURKAIP1"
"AK023683",NA
"BC045820",NA
"A_23_P119168",NA
"NM_001543","NDST1"
"NM_018275","TRAPPC14"
"NM_004212","SLC28A2"
"NM_022840","METTL4"
"A_24_P831034",NA
"NM_007369","GPR161"
"A_24_P936628",NA
"NM_004774","MED1"
"S76980",NA
"AK024051",NA
"A_32_P32876",NA
"NM_000727","CACNG1"
"ENST00000371970",NA
"NM_003739","AKR1C3"
"NM_001033853","RPL3"
"A_23_P129258",NA
"BC029783",NA
"THC2706736",NA
"AF064484",NA
"NM_174912","FAAH2"
"BC032393",NA
"THC2555665",NA
"AB096962",NA
"NM_006593","TBR1"
"ENST00000360741",NA
"NM_004312","ARR3"
"NM_138769","RHOT2"
"NM_018238","AGK"
"THC2630755",NA
"NM_001648","KLK3"
"NM_172364","CACNA2D4"
"AK098417",NA
"NM_005317","GZMM"
"NM_002202","ISL1"
"AL109696",NA
"NM_001005364","POTEE"
"A_32_P44699",NA
"NM_001039762","INSYN2A"
"A_24_P158193",NA
"THC2742325",NA
"NM_014487","ZNF330"
"THC2708301",NA
"NM_013339","ALG6"
"NM_000317","PTS"
"NM_153695","ZNF367"
"AF131813",NA
"ENST00000317829",NA
"NM_173596","SLC39A5"
"ENST00000382790",NA
"AK024384",NA
"NM_182635","SEMA4D"
"THC2660032",NA
"NM_015646","RAP1B"
"NM_003771","KRT36"
"NM_012205","HAAO"
"A_32_P179562",NA
"THC2657493",NA
"NM_144988","ALG14"
"NM_152338","ZG16"
"NM_001034172","SLC25A52"
"NM_003558","PIP5K1B"
"NM_173478","CNTD1"
"A_32_P169692",NA
"AK092728",NA
"NM_032998","DEDD"
"AA359500",NA
"NM_005222","DLX6"
"S51112",NA
"NM_006261","PROP1"
"THC2484716",NA
"NR_002804","SIGLEC17P"
"NM_003812","ADAM23"
"NM_207189","BRDT"
"THC2712519",NA
"XR_015848",NA
"CR590183",NA
"NM_014845","FIG4"
"NM_033033","KRT82"
"NM_144665","SESN3"
"BC071797",NA
"NM_001039792","HRCT1"
"NM_005123","NR1H4"
"AK091818",NA
"NM_012186","FOXE3"
"NM_032738","FCRLA"
"A_23_P75830",NA
"NM_014484","MOCS3"
"NM_020717","SHROOM4"
"U60665",NA
"BC041996",NA
"THC2592963",NA
"NM_175081","P2RX5"
"THC2650720",NA
"NM_024643","ZC2HC1C"
"AK125809",NA
"NM_020816","KIF17"
"A_32_P187160",NA
"BU618765",NA
"NM_194280","TMEM219"
"THC2670431",NA
"AY358233",NA
"NM_133259","LRPPRC"
"NM_001329","CTBP2"
"NM_173872","CLCN3"
"THC2577566",NA
"BC036219",NA
"NM_013306","SNX15"
"NM_014420","DKK4"
"NM_006569","CGREF1"
"NM_016499","TMEM216"
"NM_005038","PPID"
"NM_019601","SUSD2"
"NM_133373","PLCD3"
"NM_015354","NUP188"
"CR593560",NA
"THC2628527",NA
"NM_016608","ARMCX1"
"A_24_P932822",NA
"NM_152832","FAM89B"
"BC042038",NA
"NM_002690","POLB"
"ENST00000360879",NA
"NM_173533","TDRD5"
"A_32_P218131",NA
"CN479762",NA
"AK098558",NA
"ENST00000332617",NA
"AK123431",NA
"BC030605",NA
"THC2706386",NA
"AK057088",NA
"A_24_P212726",NA
"THC2710703",NA
"NM_024875","SYNPO2L"
"A_24_P101661",NA
"A_24_P367139",NA
"NM_018471","ZC3H15"
"THC2686151",NA
"ENST00000337025",NA
"NM_020988","GNAO1"
"NM_001004065","PALM2AKAP2"
"NM_175053","KRT74"
"A_24_P161184",NA
"NM_012486","PSEN2"
"AI458424",NA
"NM_002916","RFC4"
"NM_021138","TRAF2"
"AI190733",NA
"NM_152601","ZNF709"
"NM_004615","TSPAN7"
"A_24_P915443",NA
"NM_003116","SPAG4"
"AU145652",NA
"THC2706471",NA
"A_32_P160793",NA
"NM_138461","TM4SF19"
"NM_001037537","PHYH"
"NM_148965","TNFRSF25"
"BC017721",NA
"THC2729895",NA
"THC2659019",NA
"NM_001616","ACVR2A"
"THC2752010",NA
"AW043836",NA
"NM_138294","PATE1"
"THC2640472",NA
"NM_144990","SLFNL1"
"CR598370",NA
"ENST00000308437",NA
"NM_006682","FGL2"
"NM_003169","SUPT5H"
"NM_172210","CSF1"
"THC2480144",NA
"ENST00000283963",NA
"BC000924",NA
"NM_021946","BCORL1"
"NM_002666","PLIN1"
"NM_014256","B3GNT3"
"THC2671344",NA
"AK024144",NA
"NM_016308","CMPK1"
"BC020911",NA
"ENST00000199389",NA
"NM_203471","LGALS14"
"NM_004163","RAB27B"
"THC2512545",NA
"NM_181809","BMP8A"
"THC2562523",NA
"A_24_P332326",NA
"THC2621221",NA
"NM_199261","TPTE"
"BX090412",NA
"ENST00000328338",NA
"THC2632843",NA
"NM_031492","RBM4B"
"AY848702",NA
"BC005296",NA
"AK125452",NA
"NM_138564","KLK15"
"NM_024620","ZNF329"
"AY358234",NA
"DB363547",NA
"CR603450",NA
"AL832942",NA
"NM_002647","PIK3C3"
"A_24_P144383",NA
"NM_024792","TLCD3A"
"NM_001040113","MYH11"
"NM_006004","UQCRH"
"AK128048",NA
"BF805854",NA
"ENST00000315313",NA
"BX095557",NA
"BC009106",NA
"ENST00000325769",NA
"A_24_P922647",NA
"AK021842",NA
"NM_021970","LAMTOR3"
"A_24_P916515",NA
"NM_173355","UPP2"
"NM_015148","PASK"
"NM_133492","ACER1"
"A_32_P18300",NA
"NM_152696","HIPK1"
"THC2632823",NA
"AF085877",NA
"ENST00000370306",NA
"NM_175929","FGF14"
"A_32_P102627",NA
"ENST00000285206",NA
"BC067907",NA
"AF119893",NA
"NM_138322","PCSK6"
"NM_005414","SKIL"
"NM_001035256","POMC"
"NM_013955","NOX1"
"NM_001285","CLCA1"
"NM_175857","KRTAP8-1"
"NM_032229","SLITRK6"
"AK021595",NA
"AK026078",NA
"NR_001538","TTTY1"
"NM_015292","ESYT1"
"THC2529614",NA
"AF119907",NA
"NM_006230","POLD2"
"AY312144",NA
"BF083139",NA
"THC2537856",NA
"NM_001079809","TMEM183BP"
"AK023404",NA
"ENST00000361259",NA
"AB067523",NA
"U49441",NA
"NM_007144","PCGF2"
"XR_016535",NA
"NM_173527","REM2"
"NM_023034","NSD3"
"AK026881",NA
"AF074982",NA
"THC2528051",NA
"NM_001796","CDH8"
"NM_173589","DNHD1"
"THC2770336",NA
"NM_198700","CELF1"
"NM_014723","SNPH"
"AK096661",NA
"CR613267",NA
"AK098759",NA
"NM_130390","TRIM34"
"NM_019076","UGT1A8"
"NM_004383","CSK"
"NM_152475","ZNF417"
"NM_000673","ADH7"
"AF132973",NA
"NM_024631","MSANTD2"
"AA573434",NA
"THC2673360",NA
"NM_020751","COG6"
"AK002005",NA
"NM_014579","SLC39A2"
"NM_178332","GNRH2"
"XR_018913",NA
"U79293",NA
"A_24_P230416",NA
"NM_031244","SIRT5"
"NM_017893","SEMA4G"
"AK027173",NA
"BC029406",NA
"NM_002088","GRIK5"
"NM_203467","LRR1"
"NR_000033","ESRRAP2"
"THC2733005",NA
"XR_018420",NA
"A_24_P920949",NA
"THC2520858",NA
"AK026328",NA
"NM_173652","CYP1B1-AS1"
"CR749652",NA
"THC2565151",NA
"THC2650457",NA
"A_32_P226468",NA
"NM_005486","TOM1L1"
"NM_013369","DNMT3L"
"A_32_P31827",NA
"CR601056",NA
"NM_003016","SRSF2"
"THC2697804",NA
"NM_145185","MAP2K7"
"NM_001042476","CARHSP1"
"A_32_P73143",NA
"AK055561",NA
"BX105435",NA
"NM_139078","MAPKAPK5"
"NM_001037223","HEXA-AS1"
"ENST00000375207",NA
"A_24_P290114",NA
"BC059174",NA
"R01145",NA
"THC2702298",NA
"NM_001624","CRYBG1"
"NM_004533","MYBPC2"
"A_24_P920468",NA
"THC2649456",NA
"ENST00000311275",NA
"A_23_P415806",NA
"NM_000479","AMH"
"XR_017294",NA
"NM_001040199","CLDND1"
"NM_030961","TRIM56"
"NM_004357","CD151"
"CD633154",NA
"AL157455",NA
"NM_001079839","OCIAD1"
"AK090911",NA
"NM_018062","FANCL"
"AK125214",NA
"A_24_P925808",NA
"NM_000274","OAT"
"NM_005396","PNLIPRP2"
"ENST00000374458",NA
"AI732079",NA
"AK125850",NA
"NM_173559","AK9"
"NM_024102","WDR77"
"BC015783",NA
"AK055387",NA
"THC2508270",NA
"AJ296345",NA
"AK025276",NA
"NM_023931","ZNF747"
"NM_001031703","ELP6"
"ENST00000339986",NA
"NM_002140","HNRNPK"
"THC2556204",NA
"M94173",NA
"NM_006176","NRGN"
"AK091766",NA
"NM_014841","SNAP91"
"A_24_P922758",NA
"BC019824",NA
"AA399656",NA
"NM_003682","MADD"
"ENST00000341287",NA
"A_24_P332721",NA
"NM_002742","PRKD1"
"BC073976",NA
"NM_152761","CXorf58"
"A_24_P470754",NA
"BC030812",NA
"NM_014471","SPINK4"
"A_24_P917103",NA
"NM_138729","ST7L"
"A_32_P67355",NA
"NM_031896","CACNG7"
"BU561429",NA
"NM_174898","LYG1"
"AF138860",NA
"XM_933420",NA
"D42044",NA
"A_24_P237686",NA
"A_24_P931175",NA
"THC2742069",NA
"THC2652209",NA
"A_32_P64928",NA
"BC007377",NA
"NM_032552","DAB2IP"
"THC2555361",NA
"NM_003738","PTCH2"
"A_24_P914075",NA
"NM_030821","PLA2G12A"
"NM_177531","PKHD1L1"
"NM_207372","SH2D4B"
"AA908257",NA
"NM_018406","MUC4"
"NM_012189","CABYR"
"A_23_P169812",NA
"THC2680029",NA
"NM_001010898","SLC6A17"
"A_32_P86365",NA
"NM_031914","SYT16"
"NM_153704","TMEM67"
"NM_153257","ZNF461"
"AK021886",NA
"NM_015443","KANSL1"
"THC2509083",NA
"NM_015255","UBR2"
"NM_033208","TIGD7"
"A_32_P119295",NA
"NM_000436","OXCT1"
"NM_013232","PDCD6"
"THC2673635",NA
"BC040210",NA
"NM_178123","SESTD1"
"A_23_P51966",NA
"NM_024623","OGFOD2"
"AF087985",NA
"ENST00000376238",NA
"NR_003191",NA
"THC2663361",NA
"BX647688",NA
"AF086216",NA
"AB007974",NA
"AY358366",NA
"AK096009",NA
"NM_003460","ZP2"
"NM_004951","GPR183"
"A_24_P760324",NA
"A_24_P941627",NA
"NM_023943","TMEM108"
"NM_016459","MZB1"
"NM_003963","TM4SF5"
"NM_020799","STAMBPL1"
"NM_178864","NPAS4"
"A_32_P159334",NA
"BQ683489",NA
"AW874698",NA
"BC029940",NA
"NM_001031702","SEMA5B"
"CR608907",NA
"AB032960",NA
"CR611723",NA
"XR_019337",NA
"NM_003654","CHST1"
"ENST00000359455",NA
"NM_002895","RBL1"
"NR_001442","FER1L4"
"NM_022071","SH2D4A"
"NM_005208","CRYBA1"
"BC107765",NA
"NM_001077205",NA
"AB011150",NA
"A_24_P401663",NA
"THC2647902",NA
"XR_019464",NA
"AK026466",NA
"THC2613423",NA
"NM_182557","BCL9L"
"NM_033034","TRIM5"
"A_24_P112542",NA
"NM_024501","HOXD1"
"NM_021913","AXL"
"AL050185",NA
"AA020958",NA
"NM_000239","LYZ"
"NM_178271","ATG4A"
"A_24_P925109",NA
"NM_014371","AKAP8L"
"CA418661",NA
"NM_001212","C1QBP"
"XR_015783",NA
"NM_152695","ZNF449"
"NM_198179","QRFPR"
"ENST00000269200",NA
"AW085312",NA
"NM_001039140","ADISSP"
"XR_018025",NA
"THC2693838",NA
"NM_153341","RNF19B"
"NM_020844","TRMT9B"
"ENST00000285082",NA
"NM_178121","MEGF8"
"NM_080753","WFDC10A"
"THC2596442",NA
"A_24_P914986",NA
"NM_001044","SLC6A3"
"NM_007213","PRAF2"
"NM_172374","IL4I1"
"AW081766",NA
"NM_005147","DNAJA3"
"NM_153240","NPHP3"
"NM_138362","VCF2"
"A_24_P144054",NA
"NM_153269","C20orf96"
"A_32_P92274",NA
"ENST00000332148",NA
"NM_002004","FDPS"
"NM_001004196","CD200"
"NM_016440","VRK3"
"NM_025009","CEP135"
"NM_015541","LRIG1"
"NM_014593","CXXC1"
"A_24_P178475",NA
"A_24_P921862",NA
"NM_032648","FAM167B"
"A_32_P113845",NA
"NM_021957","GYS2"
"NM_031934","RAB34"
"NM_016932","SIX2"
"AW797858",NA
"NM_145914","ZSCAN21"
"THC2660320",NA
"NM_145062","ZUP1"
"NM_005209",NA
"NR_002605","DLEU1"
"A_24_P941404",NA
"THC2550720",NA
"XR_019306",NA
"ENST00000325649",NA
"NM_001037633","SIL1"
"NM_015020","PHLPP2"
"NM_001030055","ARHGAP5"
"NM_001040108","MLH3"
"NM_012383","OSTF1"
"NM_020973","GBA3"
"A_24_P923789",NA
"THC2573126",NA
"BC032822",NA
"A_24_P392271",NA
"NM_003522","H2BC7"
"AK098134",NA
"AA903523",NA
"NM_024506","GLB1L"
"NM_014952","BAHD1"
"THC2709941",NA
"NM_152591","CCDC63"
"NM_182623","FAM131C"
"BC041434",NA
"NM_021935","PROK2"
"NM_001961","EEF2"
"NM_001042784","CCDC158"
"ENST00000379447",NA
"CR616003",NA
"A_24_P289884",NA
"NM_173479","WDR88"
"ENST00000332689",NA
"NM_016108","AIG1"
"NM_032961","PCDH10"
"NM_032118","WDR54"
"AK090762",NA
"A_24_P915030",NA
"A_23_P200955",NA
"NM_182551","LCLAT1"
"NM_020965","MAGI3"
"NM_000681","ADRA2A"
"NM_173486","CIMIP6"
"NM_006239","PPEF2"
"A_23_P66347",NA
"A_32_P197393",NA
"BC018033",NA
"NM_033316","MELTF"
"NM_016657","KDELR3"
"A_32_P64106",NA
"THC2621073",NA
"NM_015072","TTLL5"
"NM_206965","FTCD"
"NM_152447","LRFN5"
"U00954",NA
"NM_003275","TMOD1"
"NM_000375","UROS"
"AK000085",NA
"NM_013401","RAB3IL1"
"AF090938",NA
"NM_013356","SLC16A8"
"THC2559380",NA
"THC2639487",NA
"THC2599169",NA
"AK124470",NA
"AK074381",NA
"NM_000094","COL7A1"
"ENST00000382878",NA
"NM_015352","POFUT1"
"A_24_P676566",NA
"ENST00000239730",NA
"THC2678236",NA
"A_24_P915541",NA
"ENST00000369297",NA
"NM_178859","SLC51B"
"THC2664489",NA
"NM_006249","PRB3"
"NM_006231","POLE"
"A_24_P870779",NA
"XR_018204",NA
"NM_022742","CCDC136"
"NM_176792","MRPL43"
"ENST00000255741",NA
"THC2582291",NA
"THC2720710",NA
"ENST00000317836",NA
"NM_002347","LY6H"
"NR_002798","NAPSB"
"A_24_P919265",NA
"A_23_P120606",NA
"NM_015319","TNS2"
"AF305815",NA
"NR_001577","NME2P1"
"THC2701686",NA
"NM_015460","MYRIP"
"NM_001774","CD37"
"NM_019842","KCNQ5"
"NM_005643","TAF11"
"AF141345",NA
"AK026965",NA
"NM_177995","PTPDC1"
"AK095403",NA
"NM_017673","SWT1"
"U52054",NA
"AK092638",NA
"NM_145074","HTRA2"
"NM_015396","ARMC8"
"AK123765",NA
"BC031958",NA
"BC025765",NA
"NM_021198","CTDSP1"
"BC015835",NA
"NM_173626","SLC26A11"
"THC2654993",NA
"AK025096",NA
"AK129547",NA
"NM_172099","CD8B"
"AF085962",NA
"AA725860",NA
"NM_006942","SOX15"
"AK055082",NA
"THC2512961",NA
"CB052856",NA
"NM_030647","KDM7A"
"AK024147",NA
"A_24_P910718",NA
"A_24_P912186",NA
"NM_001361","DHODH"
"NM_016249","MAGEC2"
"A_32_P185530",NA
"AK074449",NA
"A_32_P3221",NA
"NM_004074","COX8A"
"NM_032231","CIAO2A"
"ENST00000374472",NA
"BC035751",NA
"AK022122",NA
"NM_031463","HSDL1"
"AF074994",NA
"NM_000133","F9"
"AK000115",NA
"NM_005825","RASGRP2"
"NM_181429","TAS2R42"
"NM_013381","TRHDE"
"CR606809",NA
"AK095738",NA
"NM_175063","EMC10"
"NR_003125","SNORD14E"
"NM_016341","PLCE1"
"A_24_P101879",NA
"AK127730",NA
"AK026209",NA
"NM_004862","LITAF"
"NM_005212","CSN3"
"NM_153339","PUSL1"
"NM_033418","METTL18"
"XM_292021",NA
"THC2559002",NA
"CA945127",NA
"AK094088",NA
"NM_207410","GFRAL"
"AK023515",NA
"NM_139245","PPM1L"
"NM_203375","LOC284912"
"NM_004963","GUCY2C"
"NM_144707","PROM2"
"THC2654127",NA
"NM_006793","PRDX3"
"NM_153022","TMEM52B"
"NM_183373","PXDC1"
"NM_032344","NUDT22"
"BC025747",NA
"NM_139033","MAPK7"
"NM_002594","PCSK2"
"NM_033048","CPXCR1"
"NM_024784","ZBTB3"
"BU596754",NA
"AK057720",NA
"NM_173059","ZAN"
"AB209694",NA
"NM_016151","TAOK2"
"NM_007323","ZFYVE9"
"AF116618",NA
"NM_153809","TAF1L"
"NM_003910","BUD31"
"THC2651534",NA
"AK095707",NA
"NM_024592","SRD5A3"
"THC2696143",NA
"A_24_P458095",NA
"NM_201431","RASSF6"
"NM_022774","EXO5"
"NM_001031738","TMEM150A"
"BG001037",NA
"XR_017206",NA
"AK128013",NA
"BC039550",NA
"AF147446",NA
"AI718865",NA
"AW804491",NA
"NM_001552","IGFBP4"
"BX117044",NA
"NM_022368","PJA1"
"NM_004913","VPS9D1"
"BG181351",NA
"NM_012240","SIRT4"
"NM_003561","PLA2G10"
"NM_006297","XRCC1"
"THC2603974",NA
"NM_022771","TBC1D15"
"NM_022475","HHIP"
"DA380034",NA
"NM_000045","ARG1"
"A_24_P178523",NA
"NM_002213","ITGB5"
"BG203539",NA
"NM_033416","IMP4"
"NM_181837","ORC3"
"NM_153488","MAGEA2B"
"THC2668267",NA
"NM_181879","LILRA5"
"NM_006514","SCN10A"
"L48692",NA
"NM_018037","RALGPS2"
"XR_017120",NA
"NM_006403","NEDD9"
"A_32_P100206",NA
"NM_054111","IP6K3"
"THC2578055",NA
"BC024184",NA
"THC2541781",NA
"NM_020183","BMAL2"
"XR_015635",NA
"XM_496355",NA
"NM_015431","TRIM58"
"NM_024047","NUDT9"
"THC2680656",NA
"AI652796",NA
"A_32_P73039",NA
"THC2630395",NA
"THC2650007",NA
"THC2505640",NA
"BC025792",NA
"NM_182744","NBL1"
"AK027318",NA
"A_24_P919178",NA
"THC2652733",NA
"NM_174962","SSX9P"
"NM_178176","MOGAT3"
"NM_030796","VOPP1"
"AF334589",NA
"THC2603473",NA
"NM_030775","WNT5B"
"THC2563238",NA
"THC2537721",NA
"BC005008",NA
"XR_018028",NA
"NM_152380","TBX15"
"NM_003389","CORO2A"
"NM_145296","CADM4"
"NM_002010","FGF9"
"NM_203286","NECTIN1"
"THC2654921",NA
"A_24_P930940",NA
"NM_004710","SYNGR2"
"NM_173570","ZDHHC23"
"ENST00000299826",NA
"NM_032333","PRXL2A"
"NM_017693","BIVM"
"NM_153232","EID2"
"ENST00000340940",NA
"A_24_P587993",NA
"NM_001002036","ASTL"
"A_24_P512530",NA
"THC2505123",NA
"NM_022458","LMBR1"
"THC2628099",NA
"NM_145170","CFAP70"
"NM_002437","MPV17"
"NM_014338","PISD"
"NM_198946","LCN6"
"NM_005827","SLC35B1"
"AB051441",NA
"NM_002646","PIK3C2B"
"AK094114",NA
"AA972037",NA
"A_23_P21882",NA
"XR_016562",NA
"NM_005131","THOC1"
"AK022255",NA
"NM_021010","DEFA5"
"NM_001007233","ERCC8"
"NM_152569","DOCK8-AS1"
"BG002504",NA
"AL832758",NA
"NM_198097","CCZ1B"
"AY358993",NA
"NM_021235","EPS15L1"
"THC2679424",NA
"NM_000284","PDHA1"
"THC2678243",NA
"A_32_P88555",NA
"NM_007044","KATNA1"
"NM_152410","PACRG"
"NM_172097","CATSPER2"
"NM_018006","TRMU"
"NM_173815","CES4A"
"A_24_P764866",NA
"A_32_P59532",NA
"NM_199162","ADPRHL1"
"NM_172244","SGCD"
"AL359055",NA
"NM_152358","IZUMO2"
"BX458358",NA
"NM_003221","TFAP2B"
"NM_138779","TEX30"
"NM_144714","PP2D1"
"THC2652887",NA
"AK027783",NA
"NM_207173","NPSR1"
"BC033983",NA
"NM_152430","OR51E1"
"AF091088",NA
"BE703462",NA
"BC104811",NA
"A_24_P944597",NA
"NM_004739","MTA2"
"BF760214",NA
"NM_153253","SIPA1"
"THC2593641",NA
"NM_020403","PCDH9"
"NM_020771","HACE1"
"S67659",NA
"X87160",NA
"NM_003969","UBE2M"
"NM_012421","RLF"
"AL049387",NA
"ENST00000297487",NA
"THC2575678",NA
"X58809",NA
"XR_018643",NA
"NM_004001","FCGR2B"
"NM_173489","MROH2B"
"ENST00000327625",NA
"ENST00000355675",NA
"NM_052935","NT5C3B"
"ENST00000314295",NA
"A_24_P692030",NA
"BX099599",NA
"XM_172995",NA
"NM_003541","H4C12"
"NM_017573","PCSK4"
"NM_006039","MRC2"
"NM_139170","DNAAF8"
"X51602",NA
"A_23_P10060",NA
"A_24_P356304",NA
"AK127374",NA
"NM_018013","SOBP"
"NM_175900","C16orf54"
"NM_182641","BPTF"
"A_32_P212598",NA
"NM_021915","ZNF69"
"AB002438",NA
"BX648527",NA
"ENST00000375180",NA
"AF006822",NA
"NM_006992","LRRC23"
"NM_019036","HMGCLL1"
"BC067092",NA
"NM_002120","HLA-DOB"
"NM_005873","RGS19"
"ENST00000380831",NA
"NM_181805","PKIG"
"NM_001541","HSPB2"
"NM_001025265","CXorf65"
"NM_003757","EIF3I"
"NM_172003","ZNG1B"
"NM_006630","ZNF234"
"AF090925",NA
"ENST00000309828",NA
"A_32_P223675",NA
"NM_001001331","ATP2B2"
"NM_004226","STK17B"
"CR604497",NA
"NM_012192","TIMM10B"
"CR621923",NA
"NM_153324","DEFB123"
"AF289562",NA
"XR_016850",NA
"THC2708710",NA
"THC2678526",NA
"BC042872",NA
"NM_004822","NTN1"
"NM_138341","TMEM116"
"THC2630830",NA
"THC2647276",NA
"NM_145306","FAM241B"
"A_32_P156476",NA
"NM_006706","TCERG1"
"NM_012140","SLC25A10"
"NM_015567","SLITRK5"
"A_24_P927054",NA
"AL832861",NA
"CB049993",NA
"A_24_P927588",NA
"BX538248",NA
"NM_017861","PIGX"
"CF143262",NA
"BC064950",NA
"NM_173627","ENDOV"
"NM_002025","AFF2"
"NM_152320","ZNF641"
"ENST00000373268",NA
"AA586832",NA
"BC093090",NA
"BC010351",NA
"NM_207411","XKR5"
"BX088949",NA
"NM_199345",NA
"NM_005101","ISG15"
"NM_001125","ADPRH"
"NM_153213","ARHGEF19"
"A_24_P384239",NA
"A_24_P255252",NA
"A_24_P935199",NA
"NM_004123","GIP"
"THC2525869",NA
"NM_005926","MFAP1"
"BC034299",NA
"BC035363",NA
"BC007100",NA
"BC022083",NA
"BC030092",NA
"NM_017825","ADPRS"
"AK025474",NA
"NM_001001687",NA
"BF718543",NA
"NM_004709",NA
"NM_014038","BZW2"
"AW975410",NA
"THC2534212",NA
"NM_005050","ABCD4"
"NM_001003665","STUM"
"NM_033214","GK2"
"NM_024640","YRDC"
"NM_003612","SEMA7A"
"NM_080739","C20orf141"
"NM_025218","ULBP1"
"NM_021615","CHST6"
"THC2539563",NA
"BC008975",NA
"BC012758",NA
"AK057604",NA
"NM_006458","TRIM3"
"NM_003071","HLTF"
"W95720",NA
"NM_003008","SEMG2"
"AI536613",NA
"NM_006181","NTN3"
"BC039509",NA
"NM_006287","TFPI"
"A_24_P930799",NA
"NM_001914","CYB5A"
"NM_003175","XCL2"
"AK091839",NA
"AF070525",NA
"BC029781",NA
"NM_024805","RBFA"
"THC2636164",NA
"XR_018154",NA
"ENST00000377479",NA
"NM_013422","ARHGAP6"
"A_23_P7719",NA
"A_32_P100430",NA
"NM_053052","SNAP47"
"NM_002155","HSPA6"
"AL713754",NA
"A_24_P709844",NA
"NM_024783","AGBL2"
"AF542096",NA
"NM_015595","ARHGEF26"
"NM_145858","CRYZL1"
"D90075",NA
"XR_018386",NA
"NM_006091","CORO2B"
"NM_015549","PLEKHG3"
"AA897233",NA
"AK098143",NA
"AF289552",NA
"AK021965",NA
"NM_001024457","RGPD1"
"NM_021800","DNAJC12"
"BC030535",NA
"A_24_P928133",NA
"NM_006278","ST3GAL4"
"A_24_P915883",NA
"NM_014360","NKX2-8"
"BC039296",NA
"NM_009587","LGALS9"
"NM_003814","ADAM20"
"NM_133635","POFUT2"
"NM_003649","DDO"
"AK092842",NA
"BC067077",NA
"THC2562425",NA
"XR_019255",NA
"BC016384",NA
"NM_004456","EZH2"
"NM_145295","ZNF627"
"BC067891",NA
"NM_025203","WDCP"
"NM_003867","FGF17"
"THC2676656",NA
"NM_145006","SUSD3"
"AB051447",NA
"THC2781239",NA
"NM_018464","CISD1"
"THC2619309",NA
"AA769452",NA
"XM_001129750",NA
"NM_022789","IL25"
"ENST00000372602",NA
"Z21831",NA
"NM_000113","TOR1A"
"ENST00000374390",NA
"AK001546",NA
"AK024168",NA
"BC095402",NA
"ENST00000355343",NA
"A_24_P936849",NA
"NM_030754","SAA2"
"NM_003394","WNT10B"
"G30702",NA
"XM_374004",NA
"NM_053281","DACH2"
"NM_017983","WIPI1"
"NM_021824","NIF3L1"
"NM_004889","ATP5MF"
"A_24_P715029",NA
"NM_017980","LIMS2"
"BE614051",NA
"A_24_P937931",NA
"AK058115",NA
"A_24_P818378",NA
"NM_005440","RND2"
"NM_033030","BOLL"
"THC2628661",NA
"XR_018632",NA
"NM_198189","COPS8"
"THC2664792",NA
"THC2551774",NA
"NM_020755","SERINC1"
"NM_145283","NXNL2"
"NM_178463","MIR1-1HG"
"NM_138966","NETO1"
"AW751256",NA
"NM_001033026","TMEM259"
"NM_002338","LSAMP"
"NM_019108","SMG9"
"AK025887",NA
"NM_019002","ETAA1"
"NM_198520","CFAP54"
"NM_015622","CCZ1"
"THC2611636",NA
"NM_032479","MRPL36"
"NM_018964","SLC37A1"
"AL049980",NA
"NM_001002901","FCRLB"
"A_24_P916559",NA
"AB033099",NA
"AK092418",NA
"THC2724906",NA
"NM_139321","ATRN"
"THC2670504",NA
"BG207267",NA
"A_24_P505981",NA
"THC2724349",NA
"AJ404330",NA
"AI659667",NA
"THC2638839",NA
"NM_001501","GNRH2"
"NM_025236","RNF39"
"A_32_P141849",NA
"NR_000034",NA
"THC2634588",NA
"NM_005096","ZMYM3"
"NM_013960","NRG1"
"A_24_P565390",NA
"BC015979",NA
"NM_181578","RFC5"
"NM_152393","KLHL40"
"NM_018646","TRPV6"
"THC2525827",NA
"NM_078625","VNN3P"
"THC2698147",NA
"ENST00000382129",NA
"AK056135",NA
"A_24_P655735",NA
"NM_024795","TM4SF20"
"NM_018534","NRP2"
"NM_017419","ASIC5"
"A_32_P45727",NA
"NM_005526","HSF1"
"AK091900",NA
"ENST00000258772",NA
"NM_020124","IFNK"
"AA594975",NA
"AY227436",NA
"NM_014716","ACAP1"
"AK092432",NA
"NM_022361","POPDC3"
"THC2654448",NA
"NM_000669","ADH1C"
"NM_020547","AMHR2"
"NM_004273","CHST3"
"NM_015944","AMDHD2"
"A_24_P323298",NA
"BM692484",NA
"AW579481",NA
"NM_005826","HNRNPR"
"NM_024637","GAL3ST4"
"AI401434",NA
"THC2642866",NA
"THC2611140",NA
"A_24_P297302",NA
"XM_497783",NA
"A_24_P935163",NA
"THC2652307",NA
"XM_001126712",NA
"A_24_P920148",NA
"NM_013300","FAM216A"
"THC2631475",NA
"NM_147192","DMBX1"
"NM_002795","PSMB3"
"A_24_P545587",NA
"A_23_P125844",NA
"A_23_P202100",NA
"NM_139215","TAF15"
"NM_022140","EPB41L4A"
"THC2669470",NA
"NM_144690","ZNF582"
"THC2667632",NA
"NR_001444","LYPLA2P1"
"A_24_P764595",NA
"NM_016112","PKD2L1"
"NM_001033660","LINC01555"
"NM_021244","RRAGD"
"THC2747684",NA
"NM_004453","ETFDH"
"NM_022093","TNN"
"A_24_P502724",NA
"AK096129",NA
"NM_032681","TRIM51"
"THC2693401",NA
"NM_020427","SLURP1"
"XR_018462",NA
"A_32_P99804",NA
"A_24_P930148",NA
"NM_001012410","SGO1"
"NM_173513","LINC00471"
"NM_020344","SLC24A2"
"BU685299",NA
"NM_173563","FAM217A"
"THC2632039",NA
"NM_145904","HMGA1"
"H12329",NA
"AI933337",NA
"NM_001792","CDH2"
"NM_152779","GLIPR1L1"
"A_24_P942870",NA
"XR_016765",NA
"THC2643084",NA
"NM_002732","PRKACG"
"A_32_P193771",NA
"XM_001131588",NA
"NM_152586","USP54"
"NM_002103","GYS1"
"NM_175895","LINC01465"
"NM_002102","GYPE"
"A_23_P33773",NA
"NM_003227","TFR2"
"NM_213633","PSG4"
"THC2529957",NA
"THC2692453",NA
"U13877",NA
"NM_078469","BCCIP"
"NM_033107","GTPBP10"
"THC2524424",NA
"NM_144676","TMED6"
"AK094938",NA
"AA412217",NA
"AF527623",NA
"THC2687419",NA
"NM_007352","CELA3B"
"THC2597697",NA
"NM_005510","DXO"
"NM_153214","FBLN7"
"A_32_P3048",NA
"NM_003586","DOC2A"
"NM_172196","GTF2A1L"
"THC2634329",NA
"A_24_P272653",NA
"ENST00000299974",NA
"NM_006345","SLC30A9"
"NM_198315","VWA5A"
"NM_001007089","RESP18"
"NM_172056","KCNH2"
"NM_006563","KLF1"
"A_32_P145490",NA
"NM_016179","TRPC4"
"BX449754",NA
"AK054786",NA
"NM_178229","IQGAP3"
"ENST00000382838",NA
"NM_001093","ACACB"
"AK097032",NA
"BC104430",NA
"NM_012342","BAMBI"
"NM_015339","ADNP"
"BC021741",NA
"NM_004489","GPS2"
"NM_057089","AP1S1"
"AK022724",NA
"NM_002894","RBBP8"
"NM_024927","PLEKHH3"
"AX772926",NA
"AK023936",NA
"NM_030930","UNC93B1"
"NM_173683","XKR6"
"NM_003027","SH3GL3"
"AK128700",NA
"AK022066",NA
"AK057267",NA
"THC2737801",NA
"THC2783834",NA
"NM_005649","ZNF354A"
"NM_003143","SSBP1"
"AK094992",NA
"NM_052838","SEPTIN1"
"CR603803",NA
"AK096500",NA
"NM_030624","KLHL15"
"THC2659392",NA
"AB046856",NA
"A_32_P38453",NA
"BC034962",NA
"CR617033",NA
"A_24_P911519",NA
"AK124882",NA
"NM_000056","BCKDHB"
"NM_014644","PDE4DIP"
"BC092511",NA
"NM_014166","MED4"
"THC2762149",NA
"NM_005511","MLANA"
"NM_030954","RNF170"
"THC2673830",NA
"NM_001039771","CBLN3"
"NM_001004057","GRK4"
"THC2727334",NA
"AK096488",NA
"NM_024021","MS4A4A"
"ENST00000371276",NA
"A_32_P147830",NA
"NM_152991","EED"
"A_32_P200357",NA
"NM_016525","UBAP1"
"NM_018106","ZDHHC4"
"AK023072",NA
"AK094342",NA
"THC2651178",NA
"AJ008005",NA
"NM_032843","FIBCD1"
"AK093607",NA
"AF354444",NA
"NM_007256","SLCO2B1"
"NM_152442","RAD9B"
"NM_000111","SLC26A3"
"NM_145725","TRAF3"
"A_24_P67063",NA
"XR_018613",NA
"BC030211",NA
"NM_033185","KRTAP3-3"
"NM_015320","ARHGEF4"
"NM_006844","HACL2"
"A_23_P136392",NA
"AF305819",NA
"NM_001036645","ANKRD13C-DT"
"THC2553131",NA
"NM_052945","TNFRSF13C"
"NM_138924","GAMT"
"ENST00000280606",NA
"NM_013941","OR10C1"
"NM_148672","CCL28"
"AK000119",NA
"NM_001010","RPS6"
"D50924",NA
"NM_031220","PITPNM3"
"A_24_P943657",NA
"NM_018657","MYNN"
"NM_002126","HLF"
"NM_002373","MAP1A"
"NM_005467","NAALAD2"
"THC2650423",NA
"NM_024887","DHDDS"
"NM_021168","RAB40C"
"NM_005086","SSPN"
"AK096148",NA
"BX414807",NA
"AL832183",NA
"NM_003533","H3C11"
"NM_000170","GLDC"
"AF117899",NA
"A_24_P287526",NA
"THC2671169",NA
"THC2520774",NA
"NM_138411","GARIN5A"
"THC2656841",NA
"CR600872",NA
"NM_016058","TPRKB"
"AF520801",NA
"NM_203414","ELP5"
"Pro25G",NA
"A_23_P96529",NA
"A_23_P136095",NA
"NM_033160","ZNF658"
"AL832584",NA
"A_23_P202572",NA
"NM_001005187","OR6T1"
"A_23_P102536",NA
"NM_005362","MAGEA3"
"A_23_P45382",NA
"THC2384164",NA
"AK026254",NA
"AF389338",NA
"A_23_P136843",NA
"NM_001004754","OR51I2"
"NM_181739","LINS1"
"CN426531",NA
"NM_007245","ATXN2L"
"A_23_P15440",NA
"NM_148968","TNFRSF25"
"AW381176",NA
"A_23_P13303",NA
"BX388991",NA
"NM_001007024","GOSR1"
"NM_001005486","OR4K15"
"A_23_P95311",NA
"NM_003668","MAPKAPK5"
"NM_152568","NKX6-3"
"AL365410",NA
"A_23_P129503",NA
"ENST00000360493",NA
"A_23_P254532",NA
"AJ243653",NA
"AK092499",NA
"NM_004142","MMP25"
"NM_080828","C20orf173"
"ENST00000283659",NA
"A_23_P214710",NA
"A_23_P149595",NA
"THC2436602",NA
"NM_033209",NA
"NM_016590",NA
"NM_001004693","OR2T10"
"THC2344956",NA
"BC001304",NA
"THC2363596",NA
"NM_004748","CCPG1"
"BC004219",NA
"G43562",NA
"ENST00000307002",NA
"NM_006112","PPIE"
"A_23_P26044",NA
"NM_001008741",NA
"AK130438",NA
"NM_003751","EIF3B"
"THC2247947",NA
"NM_001004699","OR2Z1"
"NM_006550","RAD54B"
"ENST00000304040",NA
"NM_139275","AKAP1"
"NM_001004297","OR13A1"
"NM_006170","NOP2"
"AY359070",NA
"NM_002173","IFNA16"
"NM_012258","HEY1"
"BG985920",NA
"NM_023109","FGFR1"
"NM_152633","FANCB"
"THC2263651",NA
"NM_001005211","OR9I1"
"THC2316266",NA
"A_23_P170217",NA
"A_23_P75949",NA
"A_23_P136556",NA
"NM_015640","SERBP1"
"ENST00000324884",NA
"NM_003669","INE1"
"NM_147174","HS6ST2"
"THC2445709",NA
"A_23_P203089",NA
"NM_001012990",NA
"AK024865",NA
"NM_178494","PPM1N"
"AK094914",NA
"THC2344466",NA
"CA976180",NA
"A_23_P94779",NA
"AK027571",NA
"A_23_P9552",NA
"NM_001004708","OR4D6"
"NM_030779","KCNH6"
"A_23_P90556",NA
"NM_145326","ZNF493"
"A_23_P159183",NA
"NM_004355","CD74"
"A_23_P45260",NA
"A_23_P50443",NA
"A_23_P105206",NA
"NM_020684","RHBDD2"
"NM_018478","DBNDD2"
"ENST00000358746",NA
"THC2320431",NA
"A_23_P53946",NA
"AB016901",NA
"NM_003671","CDC14B"
"A_23_P35854",NA
"A_23_P157815",NA
"AK022354",NA
"NM_016480","PAIP2"
"A_23_P18253",NA
"NM_001005498","RHBDF2"
"NM_000566","FCGR1A"
"NM_152251","DEFB106A"
"THC2264796",NA
"THC2357315",NA
"NM_198974","TWF1"
"AK124566",NA
"CN308836",NA
"BC006111",NA
"BX647327",NA
"NM_178823","CFAP206"
"A_23_P116302",NA
"A_23_P12940",NA
"A_23_P147970",NA
"ENST00000303290",NA
"A_23_P96263",NA
"A_23_P109157",NA
"BC031551",NA
"ENST00000243967",NA
"A_23_P125365",NA
"AK000357",NA
"AK092101",NA
"AY232284",NA
"A_23_P72897",NA
"THC2365169",NA
"NM_203305","EEIG1"
"NM_152477","ZNF565"
"BC007696",NA
"NM_153482",NA
"A_23_P154002",NA
"AL832180",NA
"ENST00000265164",NA
"AK131446",NA
"CR593158",NA
"NM_001001673","RNASE9"
"AI310734",NA
"BC014204",NA
"NM_003376","VEGFA"
"NM_032227","TMEM164"
"NM_005747","CELA3A"
"THC2434786",NA
"NM_003415","ZNF268"
"ENST00000223214",NA
"NM_138622","BCL2L11"
"AK130974",NA
"NM_033183","CGB8"
"AB007918",NA
"THC2404058",NA
"A_23_P49317",NA
"AK096176",NA
"NM_174950","FGF7P6"
"NM_031897","CACNG6"
"AK000581",NA
"NM_001004134","OR10AD1"
"NM_199484","RAB5IF"
"XM_371078",NA
"NM_144583","ATP6V1C2"
"A_23_P17752",NA
"NM_173639","RUSC1-AS1"
"BC009871",NA
"NM_001005245","OR5M11"
"NM_001005466","OR10G2"
"NM_007019","UBE2C"
"NM_174882","CRB3"
"THC2345557",NA
"NM_015899","PLEKHA8P1"
"AK127213",NA
"NM_001004714","OR4K13"
"AF151866",NA
"ENST00000313360",NA
"A_23_P83760",NA
"NM_002385","MBP"
"THC2382094",NA
"ENST00000339214",NA
"A_23_P159269",NA
"A_23_P83653",NA
"A_23_P113983",NA
"NM_004848","THEMIS2"
"AB007945",NA
"A_23_P125798",NA
"D87449",NA
"NM_134264","WSB1"
"NM_152702",NA
"BC027712",NA
"A_23_P72359",NA
"NM_014511","KIR2DL3"
"A_23_P258930",NA
"NM_173640","RSPO1"
"NM_002765","PRPS2"
"Y10936",NA
"NM_018038",NA
"NM_145189","ABCC12"
"THC2310680",NA
"A_23_P202610",NA
"NM_080859","OR1K1"
"NM_033312","CDC14A"
"A_23_P135837",NA
"A_23_P113196",NA
"A_23_P44946",NA
"BC029608",NA
"THC2244080",NA
"NM_001004759","OR51T1"
"NM_005821","NBR2"
"BC063642",NA
"NM_001538","HSF4"
"NM_181826","NF2"
"NM_022137","SMOC1"
"A_23_P61937",NA
"A_23_P33088",NA
"NM_152828","SNX3"
"A_23_P112577",NA
"NM_024790","CSPP1"
"A_23_P95876",NA
"NM_022791",NA
"NM_000398","CYB5R3"
"THC2416042",NA
"AY376084",NA
"THC2315174",NA
"NM_138726","ABCC13"
"THC2277637",NA
"NM_201550","LRRC10"
"A_23_P12778",NA
"A_23_P167626",NA
"A_23_P135654",NA
"THC2443360",NA
"BC070103",NA
"NM_014221","MTCP1"
"BC014095",NA
"A_23_P32489",NA
"A_23_P55213",NA
"THC2374797",NA
"BC033021",NA
"A_23_P103051",NA
"NM_001005496","OR5D16"
"AK123871",NA
"NM_207453",NA
"AK131385",NA
"NM_015919","ZNF226"
"THC2352042",NA
"A_23_P49424",NA
"NM_198278","NPNT"
"NM_018937","PCDHB3"
"A_23_P205121",NA
"NM_001004489","OR2AG1"
"A_23_P53492",NA
"CR602292",NA
"A_23_P93998",NA
"A_23_P31707",NA
"A_23_P321220",NA
"AK056607",NA
"NM_001010852","CLVS2"
"NM_001005201","OR8H3"
"NM_133462","TTC14"
"A_23_P44413",NA
"CR749561",NA
"A_23_P83990",NA
"NM_015369","TP53TG3"
"NM_133177","PTPRU"
"BC036782",NA
"NM_182974","GLT6D1"
"NM_001009999","KDM1A"
"BC093765",NA
"A_23_P28493",NA
"A_23_P259531",NA
"NM_014147",NA
"THC2384769",NA
"NM_024013","IFNA1"
"NM_079422","MYL1"
"NM_178850","HNF4A"
"AF336873",NA
"NM_145345","UBXN11"
"NM_001005469","OR5B3"
"NM_173357","SSX6P"
"ENST00000343837",NA
"AA018311",NA
"AL832747",NA
"NM_001018005","TPM1"
"NM_198538","SBSN"
"NM_015015","KDM4B"
"AL832419",NA
"XM_372428",NA
"A_23_P259040",NA
"NM_001015071",NA
"NM_001004485","OR13F1"
"A_23_P152603",NA
"BX648070",NA
"AF055899",NA
"NM_015532","POLR2M"
"NM_181335","ARHGAP8"
"NM_001007561","IRGQ"
"NM_001001913","OR52N1"
"NM_020350","AGTRAP"
"BC022233",NA
"NM_001004723","OR4N2"
"CR623195",NA
"ENST00000342020",NA
"NM_000328","RPGR"
"NM_006508","REG1CP"
"THC2310438",NA
"NM_001005492","OR5J2"
"NM_025091","ASMTL-AS1"
"A_23_P157186",NA
"NM_001005915","ERBB3"
"A_23_P70077",NA
"A_23_P87299",NA
"NM_001005238","OR51G2"
"ENST00000305099",NA
"NM_001004466","OR10H5"
"A_23_P251469",NA
"NM_003387","WIPF1"
"NM_002394","SLC3A2"
"A_23_P169960",NA
"BC053871",NA
"AB020663",NA
"NM_004895","NLRP3"
"AF044127",NA
"AB002315",NA
"NM_001005480","OR2A2"
"NM_021014","SSX3"
"NM_024510","CYBC1"
"NM_001004705","OR4D10"
"A_23_P152446",NA
"M54927",NA
"BU742592",NA
"NM_014209","ETV2"
"AK093040",NA
"A_23_P1533",NA
"AK128849",NA
"THC2285198",NA
"NM_177435","PPARD"
"A_23_P86671",NA
"A_23_P5699",NA
"AB208963",NA
"NM_000920","PC"
"NM_023028","FGFR2"
"A_23_P258108",NA
"BC039860",NA
"NM_001002910","CYP2D7"
"ENST00000332281",NA
"NM_152619","DCLK2"
"BC071627",NA
"AK124258",NA
"NM_080792","SIRPA"
"A_23_P72800",NA
"A_23_P118530",NA
"NM_152782","SUN3"
"CR595826",NA
"AF161538",NA
"THC2414470",NA
"BC069363",NA
"NM_176789","MTMR1"
"A_23_P44099",NA
"BC020630",NA
"NM_021196","SLC4A5"
"THC2404912",NA
"THC2373516",NA
"THC2265846",NA
"NM_007032","TRIOBP"
"ENST00000351760",NA
"THC2251698",NA
"A_23_P10656",NA
"A_23_P9732",NA
"A_23_P311501",NA
"AK026518",NA
"ENST00000361487",NA
"NM_178514","PRECSIT"
"CR607189",NA
"NM_207419","C1QTNF8"
"A_23_P149326",NA
"NM_001005479","OR5H6"
"A_23_P203613",NA
"NM_156039","CSF3R"
"A_23_P147525",NA
"NM_000385","AQP1"
"ENST00000267859",NA
"NM_001001956","OR13C9"
"AK098482",NA
"NM_001017979","RAB28"
"NM_198334","GANAB"
"AF255309",NA
"NM_018277","TCP10L"
"NM_017445","H2BC12L"
"X00588",NA
"ENST00000258092",NA
"AF318362",NA
"BC010565",NA
"NM_006757","TNNT3"
"NM_000084","CLCN5"
"BQ302633",NA
"A_23_P16408",NA
"NM_002659","PLAUR"
"NM_181862","ACOT7"
"NM_001001968","OR6S1"
"BC073889",NA
"AB209354",NA
"A_23_P116049",NA
"THC2278686",NA
"NM_006447","USP16"
"THC2375456",NA
"AK130995",NA
"A_23_P84659",NA
"NM_001004478","OR10Z1"
"NM_018579","SLC25A37"
"XM_375664",NA
"AK093848",NA
"NM_005756","ADGRG2"
"NM_153231","ZNF550"
"NM_001001922","OR52N5"
"THC2373657",NA
"AB063751",NA
"NM_052889","CARD16"
"NM_138372",NA
"A_23_P50297",NA
"Y09858",NA
"A_23_P159438",NA
"NM_020990","CKMT1B"
"NM_000381","MID1"
"NM_133446","AGAP4"
"A_23_P208727",NA
"NM_004384","CSNK1G3"
"A_23_P81383",NA
"NM_021779",NA
"NM_014162","LINC00652"
"AB027121",NA
"A_23_P252796",NA
"AL713804",NA
"NM_152439","BEST3"
"AF178574",NA
"NM_207375","CLEC2A"
"NM_032030","VN1R10P"
"A_23_P206841",NA
"NM_001005288","OR51I1"
"A_23_P72890",NA
"A_23_P81888",NA
"A_23_P86996",NA
"NM_000844","GRM7"
"A_23_P33103",NA
"NM_004315","ASAH1"
"NM_000970","RPL6"
"A_23_P143824",NA
"THC2335566",NA
"AB046826",NA
"NM_019039","DDX4"
"NM_153620","HOXA1"
"NM_001005489","OR5B17"
"AY026504",NA
"NM_017830","OCIAD1"
"A_23_P122832",NA
"A_23_P84966",NA
"A_23_P124264",NA
"XM_496361",NA
"NM_016105","FKBP7"
"X69090",NA
"AK001975",NA
"NM_152736","ZSCAN26"
"AK128199",NA
"NM_001004684","OR2D3"
"NM_006758","U2AF1"
"NM_022099","LINC00029"
"A_23_P58928",NA
"A_23_P104970",NA
"A_23_P21266",NA
"A_23_P83575",NA
"NM_012475","USP21"
"NM_206832","TMIGD1"
"NM_006276","SRSF7"
"AK024413",NA
"A_23_P81780",NA
"THC2434986",NA
"AK022713",NA
"NM_001383","DPH1"
"BC009872",NA
"NM_016645","NGRN"
"ENST00000332673",NA
"A_23_P132349",NA
"NM_001741","CALCA"
"A_23_P24653",NA
"AK126792",NA
"A_23_P138049",NA
"BC045667",NA
"NM_001004745","OR5T1"
"NM_032874","CCDC183"
"A_23_P122428",NA
"A_23_P72518",NA
"ENST00000328945",NA
"THC2435056",NA
"NM_000896","CYP4F3"
"THC2408530",NA
"A_23_P147564",NA
"A_23_P39424",NA
"NM_004683","RGN"
"A_23_P127297",NA
"A_23_P83426",NA
"ENST00000354363",NA
"A_23_P22086",NA
"ENST00000340908",NA
"NM_005132","REC8"
"NP109393",NA
"NM_031991","PTBP1"
"NM_017939","HEATR3"
"A_23_P323611",NA
"AK024483",NA
"NM_001001923","OR5C1"
"NM_080389","DEFB104A"
"THC2406297",NA
"A_23_P113294",NA
"ENST00000293599",NA
"A_23_P104393",NA
"THC2272102",NA
"THC2411387",NA
"A_23_P113605",NA
"THC2308781",NA
"A_23_P64048",NA
"NM_000959","PTGFR"
"NM_001004474","OR10S1"
"NM_145119","PJA1"
"A_23_P125602",NA
"BX456695",NA
"NM_152470","ARK2C"
"ENST00000358466",NA
"NM_207359","GADL1"
"THC2265989",NA
"A_23_P120207",NA
"NM_173466","CCDC150"
"AF087978",NA
"NM_002085","GPX4"
"NM_198722","AMIGO3"
"A_23_P148526",NA
"THC2448615",NA
"THC2253738",NA
"NM_020237","C8orf17"
"M27533",NA
"BC093752",NA
"NM_000699","AMY2A"
"A_23_P40832",NA
"AF010313",NA
"THC2280612",NA
"NM_004125","DNAJC25-GNG10"
"NM_016534",NA
"ENST00000031146",NA
"ENST00000344541",NA
"AK130723",NA
"ENST00000358337",NA
"U00943",NA
"NM_001004338","EPHA10"
"ENST00000313774",NA
"THC2257375",NA
"THC2303050",NA
"AB020674",NA
"THC2339305",NA
"BX647642",NA
"NM_198526","ZNF710"
"A_23_P31514",NA
"ENST00000287497",NA
"NM_001005173","OR52L1"
"NM_145299",NA
"S63912",NA
"A_23_P250591",NA
"BC052981",NA
"CR591849",NA
"AY336748",NA
"AB002324",NA
"NM_022573","TSPY2"
"NM_199183","PRSS45P"
"A_23_P119864",NA
"THC2339568",NA
"A_23_P61192",NA
"A_23_P11895",NA
"AF334945",NA
"AJ316284",NA
"A_23_P123656",NA
"A_23_P253264",NA
"A_23_P92871",NA
"A_23_P214844",NA
"NM_018682","KMT2E"
"ENST00000361355",NA
"A_23_P46068",NA
"AK055129",NA
"THC2435513",NA
"A_23_P105915",NA
"NM_015831","ACHE"
"THC2383725",NA
"THC2439874",NA
"NM_152250","DEFB105A"
"NM_003928","RTL8C"
"BC008288",NA
"NM_198481","VSTM1"
"AK000011",NA
"BC033102",NA
"NM_003674","CDK10"
"A_23_P95045",NA
"A_23_P170800",NA
"NM_182740","PKD1L2"
"BC000033",NA
"XM_292512",NA
"NM_023923","PHACTR4"
"NM_199293","TH"
"NM_024048","CLUHP3"
"NM_001004731","OR5AU1"
"NM_001001959","OR11L1"
"NM_198328","ST7L"
"CB049508",NA
"THC2281032",NA
"NM_080674","ANKRD60"
"NM_001005465","OR10G3"
"NM_018304","PRR11"
"NM_152933","PPEF2"
"AF323919",NA
"CF129804",NA
"NM_145342","TAB2"
"A_23_P252266",NA
"ENST00000264546",NA
"NM_022759","ENGASE"
"A_23_P22582",NA
"A_23_P86762",NA
"NM_004197","WHR1"
"THC2247584",NA
"NM_194071","CREB3L2"
"A_23_P136680",NA
"NM_033142","CGB7"
"A_23_P43387",NA
"NM_014642","IQCB1"
"A_23_P102150",NA
"NM_175864","CBFA2T2"
"BC039468",NA
"ENST00000223336",NA
"BC035018",NA
"A_23_P72309",NA
"BC005364",NA
"XM_113912",NA
"NM_145654","RDM1"
"NM_016109","ANGPTL4"
"NM_000382","ALDH3A2"
"NM_173607","FAM177A1"
"THC2275252",NA
"A_23_P52865",NA
"NM_013247","HTRA2"
"BF316579",NA
"AB058775",NA
"AL080197",NA
"A_23_P133087",NA
"NM_001005200","OR8H2"
"NM_001015047",NA
"NM_024740","ALG9"
"THC2261773",NA
"NM_004652","USP9X"
"NM_001005193","OR7G2"
"NM_022837",NA
"NM_001005170","OR52I2"
"ENST00000334396",NA
"ENST00000265423",NA
"XM_497302",NA
"BC035875",NA
"NM_001024675","ACTL10"
"CR591938",NA
"THC2436248",NA
"CR611456",NA
"NM_000664","ACACA"
"NM_020238","INCENP"
"NM_024087","ASB9"
"NM_173054","RELN"
"A_23_P95430",NA
"NM_178009","DGKH"
"THC2310298",NA
"NM_000573","CR1"
"THC2374069",NA
"NP1247923",NA
"NM_004955","SLC29A1"
"A_23_P258121",NA
"BC014315",NA
"NM_032863","FRAS1"
"ENST00000269079",NA
"NM_012340","NFATC2"
"AK022469",NA
"NM_031211","SLC7A5P1"
"ENST00000238788",NA
"NM_033045","KRT84"
"THC2371517",NA
"NM_014376","CYFIP2"
"BC029660",NA
"A_23_P162907",NA
"NM_181355","FRAT1"
"NM_015127","CLCC1"
"NM_138608","MPPE1"
"ENST00000316506",NA
"BC080575",NA
"NM_005366","MAGEA11"
"AF170702",NA
"AK075015",NA
"N57063",NA
"A_23_P131252",NA
"BC068211",NA
"A_23_P253353",NA
"A_23_P44792",NA
"NM_001013711","FAR2P1"
"AK127062",NA
"ENST00000360121",NA
"AF022789",NA
"AK125360",NA
"BC069299",NA
"BC030201",NA
"AB209066",NA
"NM_175851","ADAMTS20"
"ENST00000355859",NA
"NM_144654","PIERCE1"
"THC2242233",NA
"ENST00000343587",NA
"NM_032920",NA
"NM_013403","STRN4"
"ENST00000260637",NA
"A_23_P133554",NA
"NM_001001916","OR52J3"
"NM_003710","SPINT1"
"A_23_P322434",NA
"A_23_P425626",NA
"A_23_P36084",NA
"AF005632",NA
"AB037863",NA
"NM_002706","PPM1B"
"AK131197",NA
"ENST00000289731",NA
"NM_147182","KCNIP4"
"ENST00000345862",NA
"NM_032710",NA
"ENST00000297820",NA
"U88896",NA
"NM_000636","SOD2"
"THC2396057",NA
"NM_000582","SPP1"
"ENST00000362013",NA
"A_23_P136763",NA
"BC010609",NA
"NM_001005174","OR52N2"
"BX640636",NA
"THC2269516",NA
"M21539",NA
"AY372172",NA
"NM_012103",NA
"BF816664",NA
"A_23_P23478",NA
"NM_001005327","OR6K3"
"NM_001001665","CYP27C1"
"ENST00000334126",NA
"A_23_P131979",NA
"NM_022116","FIGNL1"
"BC018026",NA
"BE866252",NA
"BC018288",NA
"THC2381568",NA
"NM_145645",NA
"A_23_P373447",NA
"A_23_P74398",NA
"BX092006",NA
"A_23_P136644",NA
"NM_007233","TP53TG1"
"NM_177953",NA
"THC2240049",NA
"A_23_P167928",NA
"NM_182830","MDGA2"
"NM_001012753","ZNF763"
"NM_153036","CALHM4"
"BX647448",NA
"THC2337941",NA
"NM_198452","PNCK"
"NM_012332","ACOT9"
"NM_177554","ACP1"
"AB040046",NA
"A_23_P129885",NA
"NM_001011709","PNLIPRP3"
"NM_153752","LINC00313"
"THC2423276",NA
"X06374",NA
"CR749604",NA
"NM_199352","SLC22A25"
"J04208",NA
"THC2306200",NA
"A_23_P213780",NA
"ENST00000359562",NA
"ENST00000345041",NA
"ENST00000303909",NA
"NM_173352","KRT78"
"NM_153691","ZNF718"
"THC2360807",NA
"NM_002694","POLR2C"
"NM_025180","CEP63"
"NM_003516","H2AC18"
"NM_001013719","ZNF391"
"NM_130797","DPP6"
"NM_152794","HIF3A"
"AK126098",NA
"XM_374188",NA
"NM_017936","PPP4R3A"
"A_23_P110752",NA
"M19308",NA
"A_23_P48430",NA
"THC2317429",NA
"BX648583",NA
"NM_023036","DNAI2"
"BC026192",NA
"ENST00000306026",NA
"NM_156036","HOXB6"
"NM_012292","ARHGAP45"
"NM_002474","MYH11"
"A_23_P37966",NA
"BC071555",NA
"BC070352",NA
"AK075235",NA
"NM_030633","CEP44"
"CR617868",NA
"NM_021178","CCNB1IP1"
"THC2277014",NA
"ENST00000361553",NA
"NM_181485","ZGPAT"
"THC2335955",NA
"NM_001005196","OR8B4"
"NM_015478","L3MBTL1"
"AK027487",NA
"NM_001004064","OR8J3"
"THC2360810",NA
"NM_001004711","OR4D9"
"A_23_P122323",NA
"AK095606",NA
"A_23_P58157",NA
"THC2309270",NA
"A_23_P200456",NA
"A_23_P170808",NA
"AL834146",NA
"THC2340568",NA
"NM_001876","CPT1A"
"NM_022664","ECM1"
"NM_006643","ENTR1"
"A_23_P251755",NA
"ENST00000355395",NA
"NM_001001930","PPARA"
"A_23_P130096",NA
"NM_207338","LCTL"
"THC2370736",NA
"A_23_P48051",NA
"AK000671",NA
"A_23_P89080",NA
"NM_153238","LINC00311"
"NM_207420","SLC2A7"
"NM_001008781","FAT3"
"NM_005111",NA
"AK128222",NA
"CR603051",NA
"NM_032318",NA
"NM_025019",NA
"NM_015958","DPH5"
"NM_173501","MOSMO"
"NM_057180","VPS29"
"A_23_P36994",NA
"THC2331323",NA
"R79606",NA
"A_23_P104541",NA
"THC2312202",NA
"CR625565",NA
"A_23_P124442",NA
"NM_001013630","AADACL4"
"AK027207",NA
"AY358094",NA
"X16281",NA
"NM_016096","ZNF706"
"A_23_P42594",NA
"AK027210",NA
"NM_020120","UGGT1"
"AK098470",NA
"NM_001173","ARHGAP5"
"NM_053031","MYLK"
"A_23_P20168",NA
"M77235",NA
"ENST00000267974",NA
"NM_001004686","OR2L2"
"NM_001005166","OR52E5"
"ENST00000344675",NA
"AB002296",NA
"NM_002780","PSG4"
"NM_001262","CDKN2C"
"AB095949",NA
"THC2443571",NA
"XM_088679",NA
"ENST00000304348",NA
"XM_370664",NA
"AB046859",NA
"A_23_P78232",NA
"AF370410",NA
"NM_004399","DDX11"
"CR624966",NA
"NM_032179","INTS11"
"NM_033481","FBXO9"
"AF411516",NA
"A_23_P211319",NA
"CR611965",NA
"NM_016015","LCMT1"
"NM_153012",NA
"A_23_P29472",NA
"NM_013994","DDR1"
"AK022657",NA
"BC042674",NA
"NM_016632","ARL17A"
"NM_001005195","OR8B12"
"NM_000626","CD79B"
"A_23_P219099",NA
"AY154892",NA
"NM_006925","SRSF5"
"ENST00000303246",NA
"AK127678",NA
"NM_148842","RCC1L"
"XM_497365",NA
"A_23_P107007",NA
"NM_007181","MAP4K1"
"CA432210",NA
"ENST00000267368",NA
"AK093341",NA
"THC2343427",NA
"NM_014770","AGAP2"
"THC2442665",NA
"NM_203353","PDLIM7"
"BF758462",NA
"ENST00000359196",NA
"NM_001017364","C4BPB"
"A_23_P207235",NA
"BC092458",NA
"NM_171825","CAMK2A"
"A_23_P80788",NA
"THC2281362",NA
"A_23_P76302",NA
"THC2339388",NA
"BC064582",NA
"A_23_P93871",NA
"NM_015371","GSTT4"
"NM_001005194","OR8A1"
"A_23_P255111",NA
"BX649130",NA
"ENST00000329564",NA
"A_23_P258754",NA
"NM_003333","UBA52"
"A_23_P253236",NA
"A_23_P152374",NA
"NM_001001952","OR5D18"
"NM_001010985","MYBPHL"
"NM_203468","ENTPD2"
"A_23_P120082",NA
"A_23_P417731",NA
"NM_177452","TRAPPC6B"
"NM_198185","OVCH2"
"NM_020642","AKIP1"
"A_23_P162334",NA
"A_23_P49564",NA
"A_23_P30415",NA
"NM_021569","GRIN1"
"AB051487",NA
"NM_006266","RALGDS"
"A_23_P170788",NA
"THC2441203",NA
"NM_198541","IGFL1"
"NM_001005161","OR52B4"
"BC067102",NA
"THC2410866",NA
"NM_001892","CSNK1A1"
"BC000576",NA
"NM_020239","CDC42SE1"
"NM_152333","SLC25A29"
"AK000755",NA
"NM_001008743","SULT1C3"
"NM_001005276","OR2AE1"
"A_23_P170387",NA
"A_23_P33521",NA
"AW512036",NA
"AK055813",NA
"NM_021268","IFNA17"
"THC2337271",NA
"ENST00000361063",NA
"NM_018379","MINDY1"
"NM_032781","PTPN5"
"A_23_P250323",NA
"NM_173457","PDE8A"
"A_23_P86360",NA
"ENST00000306304",NA
"ENST00000305954",NA
"A_23_P68249",NA
"ENST00000245206",NA
"ENST00000318139",NA
"NM_198797","PTGES"
"NM_001004696","OR2T4"
"ENST00000319234",NA
"NM_001004758","OR51S1"
"AK098569",NA
"NM_198547","MROH7"
"NM_016114","ASB1"
"A_23_P61288",NA
"BC004866",NA
"NM_001004452","OR1J4"
"NM_001023568",NA
"A_23_P50187",NA
"AK095535",NA
"A_23_P149090",NA
"A_23_P20215",NA
"NM_172195","EIF2B4"
"NM_001282","AP2B1"
"NM_001004492","OR2B11"
"NM_001005467","OR8B3"
"A_23_P123189",NA
"THC2313044",NA
"NM_005326","HAGH"
"BC043358",NA
"NM_012417","PITPNC1"
"A_23_P259512",NA
"NM_198449","EMB"
"THC2337454",NA
"ENST00000333506",NA
"BM931621",NA
"A_23_P211661",NA
"THC2438856",NA
"NM_014381","MLH3"
"NM_001004685","OR2F2"
"THC2403031",NA
"NM_145035","SPTSSB"
"BC043381",NA
"A_23_P251953",NA
"NM_170705","ICMT"
"ENST00000360901",NA
"NM_032546","TRIM54"
"A_23_P332782",NA
"NM_197953","CLEC7A"
"BC018691",NA
"ENST00000318009",NA
"AI193575",NA
"NM_001013848","EXOC6"
"NM_005354","JUND"
"NM_145348","KREMEN2"
"D82326",NA
"THC2434739",NA
"NM_024085","ATG9A"
"THC2314039",NA
"A_23_P23673",NA
"A_23_P251284",NA
"NM_031443","CCM2"
"NM_004350","RUNX3"
"NM_033052","DMRTC2"
"AK125695",NA
"Y11525",NA
"NM_001015886","HMGA2"
"NM_145762","GFRA4"
"ENST00000318244",NA
"AB028965",NA
"A_23_P214008",NA
"AB058770",NA
"ENST00000327162",NA
"A_23_P41564",NA
"NM_022447","TENT4B"
"NM_003352","SUMO1"
"THC2372254",NA
"A_23_P75197",NA
"A_23_P392874",NA
"A_23_P32433",NA
"NM_080665","FDX2"
"AK090443",NA
"A_23_P171165",NA
"A_23_P120165",NA
"BX648708",NA
"A_23_P13236",NA
"BC053318",NA
"ENST00000233638",NA
"AY358225",NA
"BC010929",NA
"THC2277391",NA
"ENST00000341954",NA
"A_23_P52783",NA
"NM_139016","SNHG11"
"NM_016413","CPB2"
"NM_080879","RAB40A"
"A_23_P320728",NA
"A_23_P43744",NA
"A_23_P39508",NA
"AK131203",NA
"ENST00000331750",NA
"NM_183378","OVCH1"
"ENST00000297227",NA
"AK056178",NA
"AK055853",NA
"NM_198555","ANKRD36"
"NM_024796","LINC00115"
"A_23_P123517",NA
"NM_006603","STAG2"
"AY032661",NA
"A_23_P171007",NA
"NM_005863","NET1"
"A_23_P135292",NA
"BM930307",NA
"NM_001585",NA
"BC002766",NA
"A_23_P42991",NA
"AF161539",NA
"NM_001005274","OR4A16"
"A_23_P54406",NA
"NM_001005494","OR6C4"
"THC2268728",NA
"BX538289",NA
"NM_006918","SC5D"
"A_23_P153983",NA
"NM_014224","PGA5"
"A_23_P98062",NA
"A_23_P36845",NA
"A_23_P256366",NA
"NM_152257","MTCL2"
"NM_006434","SORBS1"
"AK092535",NA
"A_23_P145952",NA
"BC073930",NA
"NM_014252","SLC25A15"
"THC2276868",NA
"AF120323",NA
"CV315093",NA
"NM_006501",NA
"A_23_P33429",NA
"A_23_P103315",NA
"AL832770",NA
"NM_001004480","OR11H6"
"BC068598",NA
"NM_152306","UHRF2"
"NM_001004124","OR4P4"
"NM_002304","LFNG"
"THC2373291",NA
"A_23_P146744",NA
"NM_030944","LINC00597"
"THC2303868",NA
"ENST00000337414",NA
"NM_174940","TMEM80"
"A_23_P75780",NA
"A_23_P165506",NA
"NM_152454","LINC00052"
"THC2404552",NA
"ENST00000359540",NA
"THC2369589",NA
"ENST00000295731",NA
"NM_181618","CMTM5"
"AL133666",NA
"NM_033420","TMEM259"
"NM_145050",NA
"A_23_P166586",NA
"NM_018987","SEMA5B"
"BC025711",NA
"NM_018693","FBXO11"
"A_23_P86320",NA
"NM_001515","GTF2H2"
"THC2371564",NA
"ENST00000269919",NA
"NM_019057","FAM193B"
"AI887601",NA
"A_23_P166947",NA
"NM_207384",NA
"NM_138391","TMEM183A"
"A_23_P154997",NA
"NM_018261","EXOC1"
"NM_017985","SPATA6L"
"A_23_P159488",NA
"BC048281",NA
"Z49903",NA
"THC2277416",NA
"NM_033548","ZNF273"
"NM_001004309","ZNF774"
"NM_019066","MAGEL2"
"A_23_P59828",NA
"NM_001005236","OR1L1"
"NM_004216","DEDD"
"NM_175910","ZNF493"
"AF090939",NA
"NM_018530","GSDMB"
"BC028090",NA
"THC2404315",NA
"BC004917",NA
"A_23_P255070",NA
"A_23_P255301",NA
"NM_178546","MTMR9LP"
"NM_021874","CDC25B"
"NM_153328","RBBP9"
"BC064982",NA
"CR596695",NA
"NM_175892","DLG2"
"NM_024882",NA
"NM_001001921","OR5AS1"
"A_23_P145445",NA
"NM_183063","RNF7"
"AK001994",NA
"ENST00000278844",NA
"NM_201625","CLEC12A"
"ENST00000269463",NA
"NM_001001967","OR5D13"
"NM_145323","OSBPL3"
"BC044250",NA
"BC040655",NA
"NM_153247","SLC29A4"
"NM_003509","H2AC13"
"A_23_P14448",NA
"AF505656",NA
"NM_178034","PLA2G4D"
"A_23_P205019",NA
"NM_001010987","IFIT1B"
"CR615300",NA
"A_23_P105636",NA
"AK075144",NA
"NM_198503","KCNT2"
"AK026608",NA
"A_23_P48325",NA
"AX810701",NA
"NM_182926","KTN1"
"NM_020686","ABAT"
"NM_007082","RABL2A"
"A_23_P120730",NA
"CR619489",NA
"NM_182804",NA
"NM_001002292","WLS"
"THC2421528",NA
"A_23_P123754",NA
"NM_022487","DCLRE1C"
"NM_001986","ETV4"
"BC026270",NA
"NM_022905","TTC23"
"NM_000897","LTC4S"
"AF062385",NA
"A_23_P210784",NA
"ENST00000340797",NA
"NM_153684","NUP50"
"ENST00000340666",NA
"A_23_P56278",NA
"NM_004829","NCR1"
"BC010446",NA
"A_23_P52931",NA
"NM_053000","EPB41L4A-AS1"
"AK075271",NA
"NM_178504","DNAH12"
"A_23_P33494",NA
"CD642253",NA
"AK022118",NA
"NM_138699","MRFAP1L2"
"NM_014696","GPRIN2"
"THC2375159",NA
"A_23_P122364",NA
"NM_005140","CNGA2"
"NM_178432","CDK20"
"NM_006109","PRMT5"
"NM_001005168","OR52E8"
"CR616080",NA
"NM_130845","SNTB2"
"NM_139209","GRK7"
"A_23_P89172",NA
"AI332452",NA
"NM_133175","APBB3"
"NM_024424","WT1"
"NM_153239","WDR90"
"NM_006470","TRIM16"
"ENST00000318886",NA
"AL080111",NA
"A_23_P82538",NA
"AK131218",NA
"AB075876",NA
"A_23_P6753",NA
"A_23_P84268",NA
"NM_005227","EFNA4"
"CR604116",NA
"BX648086",NA
"BX640737",NA
"A_23_P112709",NA
"U41420",NA
"NM_001004717","OR4L1"
"ENST00000295859",NA
"NM_030946","OR14J1"
"A_23_P111424",NA
"NM_001004753","OR51F2"
"CR596502",NA
"THC2286151",NA
"ENST00000321392",NA
"BX640888",NA
"NM_201555","FHL2"
"NM_021212","CREBZF"
"A_23_P18857",NA
"NM_201594",NA
"THC2385440",NA
"NM_001010856","TPM3P9"
"A_23_P159805",NA
"ENST00000326227",NA
"NM_004207","SLC16A3"
"A_23_P426270",NA
"NM_181076","GOLGA8A"
"THC2340230",NA
"A_23_P112861",NA
"NM_001004433","SLC30A10"
"XM_372769",NA
"AK122976",NA
"NM_018147","FAIM"
"NM_015936","YARS2"
"A_23_P203228",NA
"NM_145060","SKA1"
"A_23_P219230",NA
"NM_174873","P2RX2"
"BC021118",NA
"ENST00000286333",NA
"BC015239",NA
"A_23_P119165",NA
"NM_001004747","OR5T3"
"U43747",NA
"XM_292765",NA
"NM_152247","CPT1B"
"AF037261",NA
"XM_293225",NA
"NM_133370","YTHDC1"
"BC014156",NA
"NM_024307","GDPD3"
"A_23_P99821",NA
"NM_001004473","OR10K1"
"NM_001004743","OR5M9"
"A_23_P122650",NA
"X89067",NA
"NM_031920","TMTC1"
"A_23_P348015",NA
"AK026709",NA
"A_23_P38628",NA
"CR617774",NA
"BC071811",NA
"ENST00000352103",NA
"NM_213612","SLC25A3"
"ENST00000245530",NA
"CR625412",NA
"A_23_P125524",NA
"NM_139181",NA
"NM_019107","MYDGF"
"NM_005712","HHLA1"
"A_23_P21622",NA
"BC018687",NA
"NM_001004453","OR1L6"
"A_23_P73383",NA
"NM_033326","SOX6"
"ENST00000358530",NA
"NM_145716","SSBP3"
"NM_153051","MTMR3"
"NM_015915","ATL1"
"A_23_P15028",NA
"A_23_P36205",NA
"THC2427890",NA
"NM_182486","C1QTNF6"
"AK131076",NA
"NM_001010893","SLC10A5"
"BX113166",NA
"A_23_P250019",NA
"NM_173646","CCDC150"
"NM_173823","DNAJC13"
"A_23_P89369",NA
"NM_182973","TMPRSS9"
"NM_005360","MAF"
"NM_005272","GNAT2"
"NM_152496","MANEAL"
"BP277214",NA
"NM_013230","CD24"
"BC000393",NA
"NM_001005388","NFASC"
"ENST00000307194",NA
"NM_003973","RPL14"
"AF201934",NA
"NM_001004300","KRABD5"
"AF230201",NA
"NM_017920","URGCP"
"A_23_P63441",NA
"ENST00000340059",NA
"NM_001004687","OR2L3"
"NM_198587","RGS12"
"BC006273",NA
"AL713706",NA
"ENST00000261862",NA
"A_23_P95940",NA
"A_23_P52951",NA
"A_23_P113047",NA
"NM_001004692","OR2T12"
"A_23_P215856",NA
"NM_006452","PAICS"
"BC062308",NA
"NM_001004479","OR11H4"
"A_23_P84539",NA
"AW207739",NA
"NM_130787","AP2A1"
"NM_138574","HDGFL1"
"NM_001207","BTF3"
"AV731610",NA
"AF356492",NA
"ENST00000360515",NA
"NM_033339","CASP7"
"NM_001014286","SUPT20H"
"NM_005876","SPEG"
"A_23_P32950",NA
"A_23_P253631",NA
"NM_014309","RBFOX2"
"A_23_P58738",NA
"NM_001004454","OR1L8"
"NM_033141","MAP3K9"
"ENST00000265539",NA
"NM_001004482","OR13C5"
"A_23_P135809",NA
"NM_032285","MRI1"
"NM_014218","KIR2DL1"
"BC013983",NA
"A_23_P65057",NA
"NM_001008223","C1QL4"
"NM_198458","ZNF497"
"D87467",NA
"A_23_P21306",NA
"NM_181512","MRPL21"
"BM547976",NA
"THC2337324",NA
"A_23_P14426",NA
"A_23_P24605",NA
"BG195716",NA
"AK000947",NA
"A_23_P113904",NA
"BX507388",NA
"A_23_P57442",NA
"A_23_P110353",NA
"A_23_P44054",NA
"NM_001009939","SEPTIN5"
"A_23_P21897",NA
"NM_173522","NKAPP1"
"CR608653",NA
"NM_005016","PCBP2"
"AF388365",NA
"NM_001013002","HERC6"
"NM_001834","CLTB"
"THC2310210",NA
"ENST00000282032",NA
"NM_002636","PHF1"
"NM_003784","SERPINB7"
"A_23_P44431",NA
"NM_032046","TMPRSS13"
"NM_013975","LIG3"
"NM_058184","LINC00158"
"A_23_P61212",NA
"NM_001005326","OR4F6"
"NM_014914","AGAP1"
"THC2273080",NA
"AF410455",NA
"NM_007311","TSPO"
"A_23_P147628",NA
"A_23_P85755",NA
"AA988156",NA
"NM_152330","FRMD6"
"ENST00000263665",NA
"A_23_P402036",NA
"NM_000079","CHRNA1"
"AK074267",NA
"NM_138617","RHCE"
"NM_203422","LRRN4CL"
"NM_025219","DNAJC5"
"NM_148888","CCL25"
"AL110227",NA
"ENST00000239860",NA
"AK026727",NA
"ENST00000261497",NA
"BC038219",NA
"A_23_P125851",NA
"THC2242915",NA
"AK172724",NA
"A_23_P162105",NA
"BC005107",NA
"BC041460",NA
"BC022076",NA
"NM_178343",NA
"NM_182665","RASSF5"
"ENST00000344693",NA
"A_23_P43956",NA
"BC064621",NA
"BC041798",NA
"U70477",NA
"NM_033671","CCNB3"
"A_23_P206249",NA
"A_23_P100250",NA
"NM_014242","ZMYM5"
"A_23_P88012",NA
"A_23_P8723",NA
"ENST00000344287",NA
"NM_024075","TSEN34"
"NM_001004712","OR4K14"
"THC2272420",NA
"ENST00000355830",NA
"NM_173518","MCMDC2"
"A_23_P72473",NA
"BC046350",NA
"CR739116",NA
"AK126845",NA
"NM_016011","MECR"
"ENST00000297912",NA
"NM_022049","GPR88"
"M55153",NA
"NM_018069","CEP192"
"NM_000048","ASL"
"ENST00000360178",NA
"A_23_P146270",NA
"A_23_P1847",NA
"NM_145237",NA
"NM_173613","GOLGA8IP"
"AK127486",NA
"NM_000176","NR3C1"
"AK172861",NA
"AK092249",NA
"NM_005901","SMAD2"
"A_23_P61559",NA
"NM_145646","DHX57"
"M75883",NA
"AK127019",NA
"A_23_P47445",NA
"CR591540",NA
"ENST00000314246",NA
"NM_006444","SMC2"
"A_23_P48616",NA
"THC2399510",NA
"NM_000561","GSTM1"
"AK126857",NA
"CR592222",NA
"CR605750",NA
"ENST00000338843",NA
"THC2284205",NA
"NM_006926",NA
"NM_206918","DEGS2"
"NM_152789","FAM133B"
"NM_199453","HTR4"
"THC2308359",NA
"A_23_P156611",NA
"ENST00000007660",NA
"NM_001014450","SPRR2F"
"BX640742",NA
"NM_000451","SHOX"
"BG950988",NA
"ENST00000334632",NA
"A_23_P133903",NA
"NM_020467",NA
"AF218313",NA
"NM_144595","SLAIN1"
"NM_000843","GRM6"
"BC001517",NA
"NM_198287","ING4"
"NM_001001955","OR4C13"
"AI457101",NA
"NM_139354","MATK"
"A_23_P104484",NA
"A_23_P114895",NA
"THC2336610",NA
"A_23_P213653",NA
"BU944239",NA
"A_23_P30055",NA
"NM_025262","LY6G5C"
"THC2407163",NA
"ENST00000222139",NA
"AK094784",NA
"A_23_P124703",NA
"M21963",NA
"CR611629",NA
"BX487398",NA
"A_23_P259751",NA
"A_23_P52621",NA
"NM_031472","TRPT1"
"NM_017876","RNF126"
"NM_004024","ATF3"
"NM_199203","PEDS1-UBE2V1"
"ENST00000357478",NA
"THC2307882",NA
"THC2392835",NA
"BC071771",NA
"THC2253024",NA
"X02330",NA
"CR626060",NA
"NM_001004059","OR4S2"
"AK056767",NA
"A_23_P44458",NA
"NM_198442","PLA2G4E"
"A_23_P7912",NA
"BX113754",NA
"A_23_P122478",NA
"ENST00000320491",NA
"BC069003",NA
"AF035311",NA
"A_23_P10571",NA
"A_23_P86779",NA
"AK054969",NA
"A_23_P82219",NA
"NM_032463","LAT2"
"NM_199050","C2CD2"
"NM_014676","PUM1"
"NM_014933","SEC31A"
"BC041629",NA
"NM_001003745","OR10A3"
"AK128062",NA
"AK124898",NA
"ENST00000342755",NA
"A_23_P254382",NA
"ENST00000332013",NA
"NM_001004755","OR51L1"
"AK126776",NA
"A_23_P96033",NA
"NM_033346","BMPR2"
"AF229253",NA
"NM_001004135","OR2A12"
"AK000088",NA
"THC2435904",NA
"BE870193",NA
"A_23_P164368",NA
"BC011905",NA
"NM_175745","CAGE1"
"XM_372785",NA
"NM_001029874","REP15"
"NM_001005188","OR6X1"
"AK074161",NA
"A_23_P116110",NA
"ENST00000259676",NA
"NM_032503","MCHR2"
"AF090929",NA
"AK000820",NA
"NM_197965","SLC10A6"
"BE880081",NA
"ENST00000355067",NA
"THC2430017",NA
"THC2370681",NA
"NM_003576","STK24"
"NM_144733","HNRNPUL1"
"AY792511",NA
"CR624511",NA
"NM_019863","F8"
"BX538238",NA
"A_23_P105179",NA
"ENST00000264903",NA
"A_23_P163717",NA
"NM_080731","IFFO1"
"A_23_P146924",NA
"NM_002097","GTF3A"
"ENST00000292015",NA
"NM_206886","CCDC18"
"NM_031311","CPVL"
"A_23_P39351",NA
"NM_006697","MTMR11"
"ENST00000344233",NA
"AK027887",NA
"NM_003752","EIF3C"
"CR596670",NA
"THC2401064",NA
"BC063866",NA
"NM_178814","AP1S3"
"A_23_P79152",NA
"ENST00000265220",NA
"AL832646",NA
"A_23_P205083",NA
"NM_001005239","OR11H1"
"THC2313644",NA
"A_23_P52517",NA
"A_23_P259547",NA
"A_23_P162646",NA
"NM_016175","MRNIP"
"AK093052",NA
"NM_020380","KNL1"
"NM_021940","SMAP1"
"A_23_P256923",NA
"NM_001003894","CDY1B"
"BE769278",NA
"NM_019038",NA
"NM_013961",NA
"NM_012184","FOXD4L1"
"THC2405973",NA
"A_23_P208719",NA
"A_23_P255137",NA
"NM_001132","AFG3L1P"
"NM_002485","NBN"
"AK055367",NA
"A_23_P136023",NA
"NM_001005216","OR2J3"
"NM_130761",NA
"A_23_P28462",NA
"A_23_P94520",NA
"A_23_P102384",NA
"A_23_P43982",NA
"BC042557",NA
"THC2400005",NA
"BC051771",NA
"NM_024123","LY6G6E"
"NM_023087","CAPN10"
"BQ371333",NA
"ENST00000344754",NA
"NM_003554","OR1E2"
"CR604922",NA
"NM_174939","LINC00301"
"BC043166",NA
"A_23_P84679",NA
"THC2312226",NA
"ENST00000328668",NA
"AK131459",NA
"NM_006021","DLEU2"
"NM_021820","TRMT11"
"NM_153355","NKAIN2"
"A_23_P210021",NA
"A_23_P161736",NA
"BG429314",NA
"ENST00000340468",NA
"A_23_P158068",NA
"THC2456756",NA
"NM_032770","LINC00839"
"AK131532",NA
"BC043228",NA
"NM_007337","DLEC1"
"AJ225109",NA
"BC025767",NA
"ENST00000322493",NA
"NM_033357","CASP8"
"A_23_P71548",NA
"THC2364073",NA
"THC2437542",NA
"NM_033301","RPL8"
"NM_130849","SLC39A4"
"NM_014626","TAAR2"
"A_23_P90474",NA
"A_23_P39494",NA
"NM_001658","ARF1"
"AL833148",NA
"A_23_P74468",NA
"NM_001269","RCC1"
"CR599380",NA
"U79751",NA
"U82108",NA
"BC073778",NA
"NM_001001674","OR4F15"
"NM_001005483","OR4K5"
"NM_005122","NR1I3"
"NM_024301","FKRP"
"NM_005979","S100A13"
"THC2372784",NA
"THC2438889",NA
"NM_152579","CHM"
"NM_004320","ATP2A1"
"NM_001005165","OR52E4"
"NP300831",NA
"AW243329",NA
"NM_174880","CLRN1"
"ENST00000343496",NA
"NM_152388","TMEM237"
"NM_001001918","OR14C36"
"NM_021104","RPL41"
"A_23_P169217",NA
"A_23_P19400",NA
"BC032824",NA
"ENST00000330110",NA
"NM_175616","LINC01554"
"BC060793",NA
"NM_006140","CSF2RA"
"U49928",NA
"AF447709",NA
"NM_000480","AMPD3"
"CR601376",NA
"NM_017929","PEX26"
"AB045726",NA
"BC011238",NA
"NM_020746","MAVS"
"NM_031306","DDX59"
"AB209693",NA
"THC2308689",NA
"NM_001005203","OR8S1"
"THC2409919",NA
"BC065722",NA
"NM_017804","CHTF8"
"THC2245026",NA
"ENST00000313847",NA
"BM725373",NA
"THC2252536",NA
"AW261853",NA
"NM_197973","ALG2"
"NM_001005175","OR52N4"
"A_23_P310900",NA
"AK124512",NA
"NM_015605","PTPN20"
"BC089418",NA
"NM_014447","ARFIP1"
"A_23_P158524",NA
"AK001520",NA
"BC050733",NA
"ENST00000244576",NA
"NM_000293","PHKB"
"NM_145161","MAP2K5"
"NM_021812","BPESC1"
"NM_145649","GCNT2"
"NM_001005287","OR2A1"
"ENST00000284431",NA
"A_23_P38924",NA
"THC2281107",NA
"AF006515",NA
"THC2278254",NA
"NM_145282","SLC25A48"
"AI498072",NA
"A_23_P54593",NA
"NM_001004486","OR13H1"
"ENST00000358532",NA
"NM_003220","TFAP2A"
"NM_001004058","OR8K5"
"A_23_P164520",NA
"NM_152451","MYZAP"
"NM_207498","RAB44"
"NM_032950","MMP28"
"NM_002778","PSAP"
"XM_498853",NA
"NM_001505","GPER1"
"A_23_P162183",NA
"NM_002781","PSG5"
"AK023399",NA
"THC2252089",NA
"A_23_P82800",NA
"NM_153682","PIGP"
"ENST00000317283",NA
"NM_033317","DMKN"
"ENST00000252804",NA
"NM_003266","TLR4"
"A_23_P122087",NA
"BC011636",NA
"BC013255",NA
"XM_376160",NA
"A_23_P253821",NA
"THC2337658",NA
"NM_030379","GLI2"
"NM_002502","NFKB2"
"A_23_P61478",NA
"NM_199052","NDUFAF5"
"A_23_P146679",NA
"THC2290169",NA
"NM_025198","MTERF2"
"AK001336",NA
"NM_018324","OLAH"
"NM_153773","ANKRD30BP2"
"A_23_P20948",NA
"NM_144692","PROSER3"
"ENST00000328594",NA
"NM_032625","RNF32-DT"
"AK131381",NA
"NM_153709","ICMT-DT"
"A_23_P69129",NA
"THC2338442",NA
"THC2317900",NA
"AF216583",NA
"NM_001005186","OR6Q1"
"NM_032921",NA
"NM_004600","RO60"
"A_23_P155582",NA
"NM_153750","ANKRD20A11P"
"NM_001005482","OR5H2"
"NM_207345","CLEC9A"
"NM_001005470","OR4B1"
"A_23_P258727",NA
"A_23_P58697",NA
"NM_001004704","OR4C6"
"NM_153425","TRADD"
"NM_017765","SLC66A1"
"NM_018644","B3GAT1"
"NM_006748","SLA"
"ENST00000339556",NA
"THC2435505",NA
"NM_024053","CENPM"
"ENST00000330197",NA
"AK057247",NA
"NM_173671","CCDC162P"
"AK021601",NA
"A_23_P104039",NA
"NM_025042",NA
"A_23_P147154",NA
"NM_001004137","OR52M1"
"A_23_P70342",NA
"NM_001005243","OR9K2"
"NM_145269","CIBAR1"
"AK025657",NA
"A_23_P85109",NA
"A_23_P158417",NA
"S59184",NA
"NM_001017418","SPRR2B"
"NM_005010","NRCAM"
"NM_199176","MRRF"
"NM_024778","LONRF3"
"THC2310223",NA
"ENST00000317359",NA
"AY050631",NA
"AY220118",NA
"NM_003983","SLC7A6"
"A_23_P91601",NA
"NM_004129","GUCY1B2"
"A_23_P259237",NA
"THC2269326",NA
"NM_033660","DRD3"
"NM_006746","SCML1"
"NM_020172",NA
"NM_000657","BCL2"
"AY700779",NA
"A_23_P84528",NA
"XM_066695",NA
"NM_133476","ZNF384"
"NM_198399","ARPP21"
"THC2431122",NA
"A_23_P64310",NA
"AY358804",NA
"NM_012363","OR1N1"
"NM_001004719","OR4M2"
"NM_012436","SPAG8"
"THC2375716",NA
"A_23_P22639",NA
"NM_018276","SSH3"
"A_23_P135797",NA
"NM_001005282","OR5M8"
"BE929515",NA
"AK024365",NA
"NM_003746","DYNLL1"
"NM_177453","PAQR3"
"AL157453",NA
"AK172745",NA
"AB053306",NA
"NM_198184","OSTN"
"NM_020040","TUBB7P"
"A_23_P101300",NA
"A_23_P201268",NA
"NM_004097","EMX1"
"THC2376303",NA
"NM_025023",NA
"NM_012374","OR4D1"
"NM_004587","RRBP1"
"THC2341507",NA
"THC2436415",NA
"NM_012313","KIR2DS3"
"AB011087",NA
"BC040019",NA
"NM_001005329","OR51A4"
"A_23_P164156",NA
"A_23_P49113",NA
"ENST00000329042",NA
"NM_018671","UNC45A"
"BC005078",NA
"A_23_P125301",NA
"A_23_P65541",NA
"NM_006561","CELF2"
"NM_170678","NMRK2"
"NM_198585","ENTPD8"
"A_23_P84695",NA
"BC016000",NA
"NM_001002907","OR8K1"
"AK022711",NA
"NM_198275","MPZL3"
"THC2338825",NA
"NM_007150","ZNF185"
"A_23_P63484",NA
"NM_131915","POM121L1P"
"NM_001002911","GPR139"
"NM_178228",NA
"A_23_P250721",NA
"NM_153614","DNAJB13"
"NM_173539","ZNF596"
"NM_001012977","PABPC1L2A"
"AF115355",NA
"NM_054012","ASS1"
"NM_172194","OR4Q3"
"A_23_P52486",NA
"A_23_P89499",NA
"NM_173648","CCDC141"
"NM_032196","INO80"
"BC027302",NA
"ENST00000265742",NA
"NM_018107","RBM23"
"NM_005079","TPD52"
"NM_003573","LTBP4"
"NM_024729","MYH14"
"AK021784",NA
"NM_001018116","CAVIN4"
"NM_152602","ZNF433"
"NM_018470","IDI2-AS1"
"A_23_P258114",NA
"AK054960",NA
"CX870549",NA
"X03795",NA
"NM_016119",NA
"THC2338051",NA
"NM_033111","N4BP2L2"
"AJ420529",NA
"NM_004178","TARBP2"
"NM_001001656","OR9A4"
"AK125122",NA
"AB046810",NA
"AK097951",NA
"THC2338781",NA
"NM_025030",NA
"A_23_P29296",NA
"NM_177978","CHRD"
"NM_002900","RBP3"
"CR593567",NA
"U49250",NA
"THC2441618",NA
"A_23_P135403",NA
"A_23_P203961",NA
"AF355799",NA
"NM_024633","SYNE3"
"H14758",NA
"A_23_P99461",NA
"THC2398745",NA
"NM_194251","GPR151"
"AF103531",NA
"AK022417",NA
"A_23_P22603",NA
"NM_130781","RAB24"
"NM_001001731","HHCM"
"A_23_P78318",NA
"THC2437333",NA
"CR592931",NA
"A_23_P207091",NA
"NM_002747","MAPK4"
"A_23_P142597",NA
"BG546536",NA
"AK055976",NA
"ENST00000266742",NA
"BE779590",NA
"NM_015683","ARRDC2"
"ENST00000285873",NA
"ENST00000295989",NA
"A_23_P66371",NA
"THC2282106",NA
"A_23_P44514",NA
"A_23_P69266",NA
"A_23_P18436",NA
"ENST00000300901",NA
"THC2435239",NA
"ENST00000294816",NA
"NM_005887","DLEU1"
"THC2237025",NA
"AK097598",NA
"NM_205859","OR2K2"
"ENST00000318887",NA
"NM_153379","KREMEN1"
"THC2387720",NA
"NM_014173","BABAM1"
"A_23_P169157",NA
"AK054878",NA
"THC2346939",NA
"NM_004876","ZNF254"
"NM_001009937",NA
"ENST00000262613",NA
"A_23_P32547",NA
"A_23_P61982",NA
"A_23_P147078",NA
"AK027414",NA
"NM_003252","TIAL1"
"NM_014923","FNDC3A"
"NM_005300","GPR34"
"A_23_P8732",NA
"THC2276562",NA
"A_23_P158605",NA
"NM_018165",NA
"AI885636",NA
"NM_001012303","SERPINI2"
"NM_138998","DDX39A"
"A_23_P73270",NA
"A_23_P84169",NA
"NM_012336","NARF"
"NM_001001912","OR4E2"
"A_23_P159558",NA
"A_23_P212131",NA
"NM_001005163","OR52D1"
"NM_206884","SLC26A5"
"BE672430",NA
"NM_032366","METTL26"
"NM_024023","UNKL"
"NM_005134","PPP4R1"
"AK022846",NA
"NM_000872","HTR7"
"A_23_P94020",NA
"NM_001017990","H2AB1"
"NM_022086","ELMO2"
"AK098818",NA
"ENST00000316004",NA
"NM_000907","NPR2"
"NM_152255","PSMA7"
"A_23_P125323",NA
"NM_002600","PDE4B"
"THC2373845",NA
"NM_032845","LINC01101"
"AK125902",NA
"A_23_P96510",NA
"A_23_P86369",NA
"NM_003700","OR2D2"
"THC2290198",NA
"NM_173060","CAST"
"AF086267",NA
"NM_006752","MED22"
"THC2314346",NA
"NM_001445","FABP6"
"XM_496290",NA
"NM_138373","MYADM"
"NM_054107","OR1J2"
"NM_017927","MFN1"
"NM_014724","ZSCAN12"
"NM_025026","BIN3-IT1"
"NM_152488","NBPF4"
"NM_016947","SNHG32"
"CR749357",NA
"NM_194294","IDO2"
"ENST00000360739",NA
"BC041930",NA
"THC2243741",NA
"NM_001004136","OR2T2"
"NM_207373","GPR15LG"
"A_23_P67135",NA
"ENST00000356464",NA
"NM_012272","PRPF40B"
"A_23_P103651",NA
"NM_001003787","STRADA"
"A_23_P147334",NA
"A_23_P168456",NA
"NM_182609","ZNF677"
"NM_033421","SNX21"
"NM_052900","CSMD3"
"A_23_P159733",NA
"THC2403032",NA
"A_23_P55787",NA
"NM_005102","FEZ2"
"ENST00000289373",NA
"ENST00000331669",NA
"M19503",NA
"NM_014233","UBTF"
"ENST00000328673",NA
"NM_001004750","OR51B6"
"A_23_P391695",NA
"NM_013315",NA
"ENST00000308465",NA
"BC087848",NA
"AL832943",NA
"THC2435127",NA
"AF241539",NA
"THC2405932",NA
"A_23_P148236",NA
"NM_018388","MBNL3"
"U21044",NA
"THC2263272",NA
"XM_114166",NA
"NM_001005500","OR4M1"
"THC2365798",NA
"NM_001835","CLTCL1"
"THC2432455",NA
"CX165016",NA
"NM_153454",NA
"NP511120",NA
"AK127234",NA
"NM_001010848","NRG3"
"NM_004000","CHI3L2"
"NM_031305","ARHGAP24"
"A_23_P154442",NA
"THC2316768",NA
"S75463",NA
"NM_020978","AMY2B"
"THC2438406",NA
"NM_207348","SLC25A34"
"A_23_P153005",NA
"NM_152760","SNX32"
"A_23_P82783",NA
"ENST00000322282",NA
"AK025201",NA
"NM_175870",NA
"NM_153010","AQP4-AS1"
"NM_000661","RPL9"
"NM_001007258","SETD4"
"NM_001024613","FEZF1"
"NM_006924","SRSF1"
"AK126139",NA
"NM_006636","MTHFD2"
"THC2434334",NA
"NM_153710","STKLD1"
"ENST00000331497",NA
"NM_018652","GOLGA6B"
"NM_001005324","OR10V1"
"AF305836",NA
"ENST00000330155",NA
"NM_001005198","OR8G5"
"THC2409309",NA
"AK095700",NA
"NM_001004450","OR1B1"
"NM_017863","CT55"
"A_23_P146981",NA
"AK125985",NA
"NM_001005512","OR4A47"
"NM_001001667","OR6V1"
"THC2364841",NA
"AL137442",NA
"CR615992",NA
"ENST00000296483",NA
"NM_001004730","OR5AR1"
"THC2376224",NA
"NM_012385","NUPR1"
"NM_003056","SLC19A1"
"NM_016543","SIGLEC7"
"ENST00000334436",NA
"NM_020326","ABCD4"
"THC2428861",NA
"NM_006214","PHYH"
"AK024850",NA
"U02019",NA
"BC010607",NA
"A_23_P121320",NA
"BC073934",NA
"CN414359",NA
"NM_152507","UMODL1-AS1"
"BC012048",NA
"BC020670",NA
"A_23_P136470",NA
"ENST00000233826",NA
"NM_001948","DUT"
"NM_182791","CCDC33"
"NM_021093","PYY2"
"XM_086186",NA
"THC2439033",NA
"AX721203",NA
"THC2438100",NA
"AF151046",NA
"THC2321722",NA
"NM_001005177","OR52R1"
"AY358800",NA
"NM_001005487","OR13G1"
"AL390130",NA
"BC051304",NA
"NM_170717","RASSF1"
"AK125681",NA
"AL050003",NA
"NM_019061","MTMR12"
"BC092401",NA
"NM_058168","PCAT4"
"THC2273047",NA
"NM_031892","SH3KBP1"
"NM_015399","BRMS1"
"AK092311",NA
"L03426",NA
"BC031881",NA
"A_23_P25905",NA
"NM_152728","LINC00305"
"THC2280883",NA
"NM_000088","COL1A1"
"NM_001009824","GHRHR"
"NM_006958","ZNF16"
"A_23_P144211",NA
"NM_024929","AGPAT4-IT1"
"NM_000939","POMC"
"NM_014354","KIF25-AS1"
"NM_148902","TNFRSF18"
"NP1244871",NA
"A_23_P147505",NA
"NM_144623","VWA5B1"
"ENST00000354348",NA
"THC2374066",NA
"ENST00000262346",NA
"CR749534",NA
"THC2444078",NA
"NM_001899","CST4"
"NM_022102","MCUR1"
"AL590524",NA
"NM_000560","CD53"
"NM_001791","CDC42"
"A_23_P255635",NA
"THC2313945",NA
"A_23_P72205",NA
"AY102070",NA
"ENST00000284259",NA
"THC2399982",NA
"A_23_P61039",NA
"NM_024826","MAP9"
"A_23_P17968",NA
"NM_145180","LINC00314"
"NM_032705","LINC00467"
"THC2335347",NA
"A_23_P217452",NA
"NM_001005491","OR10AG1"
"NM_199194","BABAM2"
"BC067300",NA
"NM_005943","MOCS1"
"BC005399",NA
"A_23_P99103",NA
"ENST00000254589",NA
"NM_134423","RAD52"
"NM_003242","TGFBR2"
"NM_014459","PCDH17"
"THC2408156",NA
"NM_000832","GRIN1"
"A_23_P125224",NA
"BC057843",NA
"THC2359520",NA
"CD369235",NA
"ENST00000310430",NA
"A_23_P65843",NA
"NM_001006940","ALG3"
"NM_021057","IFNA7"
"NM_214711","PRR27"
"NM_020674","CYP20A1"
"NM_001005212","OR9Q1"
"NM_178226","FBXW5"
"THC2372489",NA
"NM_032041","NCALD"
"A_23_P127741",NA
"NM_184244","RBM39"
"NM_080564",NA
"A_23_P215696",NA
"NM_001005181","OR56B4"
"A_23_P159011",NA
"AK093464",NA
"ENST00000357520",NA
"NM_003178","SYN2"
"NM_001018084","SLC26A10P"
"A_23_P112935",NA
"NM_130777","XAGE2"
"A_23_P93190",NA
"A_23_P150502",NA
"NM_001005280","OR10A7"
"NM_022911","SLC26A6"
"NM_145344","APOL1"
"A_23_P161748",NA
"A_23_P6408",NA
"NM_152382","TYW5"
"NM_001004744","OR8U3"
"AA989314",NA
"A_23_P69891",NA
"NM_001008749","RAB19"
"A_23_P50129",NA
"A_23_P381327",NA
"NM_001003725","DCAF7"
"NM_001004463","OR10G7"
"NM_031933","WNT8A"
"AB011135",NA
"U72513",NA
"A_23_P84305",NA
"NM_032706","FAM220A"
"BC018650",NA
"BC062428",NA
"BC029485",NA
"A_23_P363744",NA
"NM_016225","RHD"
"NM_024517","PHF2"
"NM_019895","CLDND1"
"A_23_P16900",NA
"A_23_P62122",NA
"A_23_P161883",NA
"NM_153032","AMZ2P1"
"A_23_P108614",NA
"BC008699",NA
"A_23_P140993",NA
"NM_145293","EEF1DP3"
"U75330",NA
"NM_032711","MAFG"
"A_23_P17984",NA
"CR618813",NA
"ENST00000310865",NA
"THC2346208",NA
"THC2337562",NA
"BG623220",NA
"NM_207374","OR10W1"
"NM_030808","NDEL1"
"AK026716",NA
"NM_022083",NA
"THC2381153",NA
"NM_025240","CD276"
"A_23_P20372",NA
"THC2427833",NA
"NM_001003942","BMF"
"THC2422803",NA
"THC2276729",NA
"AK097152",NA
"AK021672",NA
"AB026156",NA
"AK098194",NA
"NM_001004735","OR5D14"
"A_23_P13771",NA
"NM_024417","FDXR"
"AK074166",NA
"A_23_P208579",NA
"NM_145275","KLC3"
"A_23_P215163",NA
"NM_033282","OPN4"
"AY358534",NA
"NM_014316","CARHSP1"
"A_23_P250638",NA
"NM_030814","MIR600HG"
"NM_001007090","C8orf48"
"A_23_P72016",NA
"NM_001004451","OR1J1"
"NM_001004476","OR10K2"
"BF034544",NA
"A_23_P72949",NA
"NM_080574","BPIFA2"
"A_23_P146027",NA
"NM_017725","GPATCH4"
"NM_203315","BDH1"
"NM_145110","MAP2K3"
"A_23_P154654",NA
"BC002698",NA
"AB002368",NA
"AL136824",NA
"THC2375798",NA
"BC000096",NA
"CR598046",NA
"NM_003781","B3GALNT1"
"NM_001005167","OR52E6"
"ENST00000343605",NA
"NM_182910","SYNE2"
"AL834230",NA
"NM_052878","IZUMO4"
"NM_031416","LINC00470"
"NM_003219",NA
"AK122886",NA
"BX648277",NA
"AL512711",NA
"ENST00000199168",NA
"ENST00000302057",NA
"THC2262025",NA
"NM_178138","LHX3"
"AK055261",NA
"NM_001010880","ZNF780A"
"A_23_P147591",NA
"ENST00000249776",NA
"NM_015260","SIN3B"
"THC2308599",NA
"BQ189193",NA
"NM_001005162","OR52B6"
"AK127735",NA
"A_23_P127750",NA
"AF130061",NA
"A_23_P2563",NA
"A_23_P124278",NA
"A_23_P46718",NA
"THC2249196",NA
"AX721050",NA
"A_23_P18023",NA
"NM_031205","CABP1"
"BP201709",NA
"NM_016103","SAR1B"
"NM_025097","ABHD18"
"NM_153043","SRRM3"
"A_23_P257434",NA
"NM_001004458","OR1S1"
"CN274006",NA
"NM_000957","PTGER3"
"A_23_P72941",NA
"NM_032988","TBL2"
"NM_001003715","RECQL5"
"A_23_P85387",NA
"BC009492",NA
"A_23_P134311",NA
"NM_001008406","BCAP29"
"ENST00000268763",NA
"NM_033207","OPALIN"
"NM_138738","FCRL2"
"NM_001669","ARSD"
"NM_152378","FCRLB"
"BI007309",NA
"NM_001005566","OR5B2"
"NM_198720","PTGER3"
"BC000907",NA
"NM_198499","LRRC9"
"THC2371639",NA
"THC2253672",NA
"AF116698",NA
"NM_206998","SCGB1D4"
"AK000318",NA
"BC067086",NA
"NM_152357","ZNF440"
"THC2377764",NA
"BF678528",NA
"NM_194352","RNF40"
"A_23_P70435",NA
"A_23_P218951",NA
"D45915",NA
"AK054929",NA
"AK126263",NA
"A_23_P135928",NA
"M31659",NA
"NM_003548","H4C14"
"A_23_P49199",NA
"NM_014792","FAM30A"
"NM_152840","HPS4"
"D12686",NA
"NM_172016","TRIM39"
"NM_199184","DNPH1"
"CR619944",NA
"NM_001604","PAX6"
"AK128680",NA
"AK130951",NA
"NM_144704","AIFM3"
"ENST00000276898",NA
"X56677",NA
"A_23_P24688",NA
"NM_207297","MBNL1"
"NM_024810","ALG13"
"ENST00000265033",NA
"NM_206997","GPR152"
"A_23_P79356",NA
"BC015833",NA
"NM_006154","NEDD4"
"AK125736",NA
"NM_021208",NA
"BC005184",NA
"NM_005636","SSX4"
"ENST00000341963",NA
"M90686",NA
"BC037399",NA
"A_23_P134353",NA
"XM_372213",NA
"THC2282735",NA
"NM_024035","RHPN1-AS1"
"NM_016489","NT5C3A"
"NM_172234","IL17RB"
"BX093444",NA
"A_23_P58058",NA
"NM_147223","NCOA1"
"CR602107",NA
"NM_031943","EIF3FP2"
"NM_024317","LILRP2"
"BX641020",NA
"THC2249577",NA
"THC2315901",NA
"NM_012271","SETD2"
"NM_199336","FAHD2B"
"A_23_P14403",NA
"NM_020425","SMIM8"
"A_23_P28476",NA
"NM_014556","EVC"
"AK131211",NA
"A_23_P117987",NA
"A_23_P252596",NA
"NM_153381","PMCHL2"
"THC2308462",NA
"A_23_P153837",NA
"NM_152675","CCDC57"
"BC036034",NA
"NM_001004742","OR5M3"
"NM_173583","KLHL35"
"A_23_P21282",NA
"A_23_P23774",NA
"A_23_P119153",NA
"A_23_P6107",NA
"A_23_P164267",NA
"AF332225",NA
"THC2335843",NA
"NM_002441","MSH5"
"NM_020775","ELAPOR1"
"NM_032369","HVCN1"
"A_23_P48882",NA
"NM_152693","FAM226A"
"A_23_P162891",NA
"THC2348230",NA
"NM_145748","TXNRD2"
"NM_212465","CAPN3"
"ENST00000288666",NA
"A_23_P2762",NA
"NM_207121","FAM110A"
"NM_002566","P2RY11"
"NM_016260","IKZF2"
"NM_175923",NA
"AB040956",NA
"NM_000728","CALCB"
"THC2408471",NA
"ENST00000329286",NA
"THC2399489",NA
"A_23_P106312",NA
"BU681151",NA
"A_23_P100942",NA
"NM_173044","IL18BP"
"A_23_P37015",NA
"A_23_P161049",NA
"NM_012146","DUX1"
"BC012091",NA
"AK075023",NA
"NM_023005","BAZ1B"
"A_23_P73820",NA
"NM_005248","FGR"
"A_23_P211703",NA
"A_23_P9854",NA
"ENST00000250479",NA
"A_23_P32661",NA
"M57650",NA
"NM_133627","RAD51D"
"THC2404704",NA
"NM_001005289","OR52H1"
"NM_145179","LINC00315"
"ENST00000228955",NA
"U88834",NA
"BC032803",NA
"BX538000",NA
"NM_014592","KCNIP1"
"NM_005397","PODXL"
"AK026244",NA
"ENST00000358973",NA
"NM_001001658","OR9A2"
"NM_003084","SNAPC3"
"ENST00000321415",NA
"THC2336427",NA
"AF092136",NA
"NM_170699","GPBAR1"
"NM_001007536","AKR1C8"
"A_23_P12693",NA
"NM_032906","PYURF"
"A_23_P24666",NA
"NM_000086","CLN3"
"THC2427154",NA
"AW881121",NA
"AF009619",NA
"NM_173616","TERB1"
"THC2372503",NA
"A_23_P255403",NA
"NM_207325","DPY19L3"
"ENST00000329528",NA
"ENST00000331019",NA
"NM_032850","ZFYVE19"
"NM_005264","GFRA1"
"A_23_P123389",NA
"NM_080425","GNAS"
"NM_017684","VPS13C"
"NM_144637",NA
"NM_019644","ANKRD7"
"BC004473",NA
"A_23_P29907",NA
"NM_080733","WFDC2"
"NM_152472","ZNF578"
"AK075252",NA
"NM_152529","GPR155"
"AY358989",NA
"NM_001017520","DNTT"
"THC2342921",NA
"NM_001005178","OR52W1"
"NM_176800","PRP4K"
"BM929941",NA
"NM_024788","CFAP69"
"NM_000407","GP1BB"
"M31213",NA
"A_23_P169955",NA
"THC2364375",NA
"AK001798",NA
"A_23_P61766",NA
"NM_018560","WWOX"
"NM_001001995","GPM6B"
"NM_181430","FOXK2"
"THC2284017",NA
"THC2403028",NA
"AJ272267",NA
"CR614330",NA
"NM_001707","BCL7B"
"A_23_P217580",NA
"A_23_P68137",NA
"A_23_P92691",NA
"AK027798",NA
"AL834432",NA
"A_23_P25773",NA
"A_23_P130496",NA
"A_23_P214391",NA
"CR618466",NA
"A_23_P115032",NA
"A_23_P256329",NA
"ENST00000287907",NA
"NM_178838",NA
"NM_017866","TMEM70"
"THC2277380",NA
"NM_032554","HCAR1"
"AK001563",NA
"A_23_P91131",NA
"NM_138993",NA
"ENST00000318666",NA
"AK000075",NA
"AF132970",NA
"A_23_P169341",NA
"NM_002319","LRCH4"
"AK123848",NA
"ENST00000308489",NA
"NM_020038","ABCC3"
"THC2263873",NA
"A_23_P206253",NA
"AK127828",NA
"NM_001004483","OR13C8"
"AK130731",NA
"BC056907",NA
"A_23_P250528",NA
"A_23_P60699",NA
"NM_018185","DCUN1D2"
"AB037861",NA
"A_23_P109676",NA
"A_23_P256260",NA
"AL136847",NA
"NM_003457","ZNF207"
"AK027673",NA
"CR622836",NA
"ENST00000330234",NA
"NM_001001336","CYB5R2"
"A_23_P150520",NA
"NP852884",NA
"AL157481",NA
"NM_001005284","OR9G4"
"NM_206841","FRAS1"
"NM_001128","AP1G1"
"A_23_P10663",NA
"THC2377230",NA
"NM_152425","RBMXL3"
"A_23_P250025",NA
"AY007126",NA
"AK127272",NA
"A_23_P129645",NA
"A_23_P255903",NA
"NP511154",NA
"THC2365004",NA
"AK127326",NA
"L06133",NA
"NM_015927","TGFB1I1"
"ENST00000331749",NA
"ENST00000253720",NA
"NM_001012264","RNASE13"
"NM_024492","LPAL2"
"ENST00000297871",NA
"BC066344",NA
"ENST00000265654",NA
"NM_152336","AGBL1"
"A_23_P142113",NA
"D42039",NA
"NM_005710","PQBP1"
"NM_173213","KRT23"
"X58740",NA
"AB095945",NA
"NM_152428","FRMPD2"
"AB082528",NA
"THC2376418",NA
"NM_001002256","ATP5MC3"
"A_23_P312090",NA
"NM_017928","ANKRD40CL"
"AK094968",NA
"NM_198258","E2F6"
"NM_032886","RBM14"
"ENST00000263123",NA
"A_23_P138235",NA
"NM_014659","PPIP5K1"
"THC2447689",NA
"A_23_P86689",NA
"AF105201",NA
"NM_052817","MID2"
"NM_032255","ZNF541"
"THC2334429",NA
"NM_001178","BMAL1"
"AF426265",NA
"NM_014244","ADAMTS2"
"A_23_P254233",NA
"A_23_P252892",NA
"A_23_P89969",NA
"NM_152473","ERVV-1"
"A_23_P72169",NA
"BC020516",NA
"ENST00000356549",NA
"NM_182477","GGN"
"NM_001001960","OR5W2"
"THC2415183",NA
"NM_022661","SPANXC"
"THC2303946",NA
"NM_080816","SIRPG"
"ENST00000255009",NA
"THC2268902",NA
"A_23_P136523",NA
"NM_001005197","OR8D4"
"NM_022663","CTAGE1"
"NM_015518",NA
"NM_138279","BNIPL"
"NM_001474","GAGE4"
"NM_000668","ADH1B"
"ENST00000236261",NA
"NM_006125","ARHGAP6"
"CR603455",NA
"NM_001004733","OR5B12"
"NM_031846","MAP2"
"A_23_P217727",NA
"THC2371962",NA
"A_23_P90070",NA
"A_23_P122842",NA
"BC015171",NA
"NM_001004748","OR51A2"
"A_23_P156562",NA
"NM_032644","PPARA"
"A_23_P133307",NA
"A_23_P202782",NA
"BC036767",NA
"THC2402058",NA
"NM_019000","RETREG1"
"NM_004242","HMGN3"
"NM_001004756","OR51M1"
"NM_001014342","FLG2"
"BC065228",NA
"A_23_P169587",NA
"NM_000964","RARA"
"AK056670",NA
"AF170294",NA
"A_23_P72583",NA
"BC001135",NA
"A_23_P209179",NA
"THC2403706",NA
"A_23_P99792",NA
"NM_015411","SUMF2"
"XM_496451",NA
"NM_145033",NA
"BC095548",NA
"NM_001090","ABCF1"
"NM_024850","BTNL8"
"AK094016",NA
"A_23_P31164",NA
"ENST00000348770",NA
"ENST00000350243",NA
"BC015794",NA
"A_23_P158752",NA
"NM_015996","SIDT2"
"AJ242015",NA
"NM_148920","PIGQ"
"AF393369",NA
"A_23_P208752",NA
"BE466904",NA
"NM_172098","EYA3"
"AB029040",NA
"NM_018282",NA
"NM_003905","NAE1"
"A_23_P105294",NA
"NM_000592",NA
"NM_144672","OTOA"
"NM_145162","MAP2K5"
"NM_001005501","OR4K2"
"NM_001001915","OR2G2"
"AK024176",NA
"NM_012075","NPRL3"
"BC012919",NA
"NM_207469","DEFB132"
"NM_014299","BRD4"
"A_23_P47826",NA
"AF261918",NA
"A_23_P163962",NA
"A_23_P86598",NA
"NM_001004701","OR4C16"
"AX721214",NA
"BC036198",NA
"BC015544",NA
"A_23_P83362",NA
"BC015602",NA
"THC2241022",NA
"A_23_P113819",NA
"NM_018307","RHOT1"
"NM_080542","COLQ"
"BC025727",NA
"AA971179",NA
"NM_033640","SCAND2P"
"NM_007070","GLMN"
"A_23_P82141",NA
"BC011983",NA
"CR595100",NA
"A_23_P207802",NA
"NM_006359","SLC9A6"
"A_23_P109553",NA
"N64684",NA
"NM_006596","POLQ"
"ENST00000300452",NA
"BC032472",NA
"ENST00000334708",NA
"AB011086",NA
"A_23_P165770",NA
"NM_001007249",NA
"NM_178498","SLC5A12"
"ENST00000265183",NA
"A_23_P104781",NA
"AK057097",NA
"ENST00000332273",NA
"THC2373936",NA
"NM_139004","HFE"
"XM_096885",NA
"NM_007319","PSEN1"
"NM_030634","ZNF436"
"BC003192",NA
"A_23_P311520",NA
"NM_002665","PLGLB2"
"A_23_P340640",NA
"THC2302074",NA
"NM_032029","FCAMR"
"AK074077",NA
"A_23_P57622",NA
"BC040107",NA
"NM_003103","SON"
"NM_001004417","FMNL2"
"NM_006731","FKTN"
"X95701",NA
"NM_024974","FAM106A"
"NM_020311","ACKR3"
"A_23_P158513",NA
"NM_031436","AKR1E2"
"ENST00000354315",NA
"NM_001005272","OR4A5"
"NM_001011552","SLC9A4"
"A_23_P130326",NA
"AY533200",NA
"A_23_P22808",NA
"ENST00000271385",NA
"AB018259",NA
"NM_198827","ADGRD1"
"NM_001001888","VCX3B"
"NM_001004752","OR51F1"
"NM_014261","TICAM1"
"A_23_P1153",NA
"A_23_P55036",NA
"A_23_P103008",NA
"AF019085",NA
"NM_212557","AMTN"
"BC046362",NA
"NM_139073","SPATA3"
"AK023921",NA
"A_23_P207792",NA
"A_23_P59972",NA
"NM_001007139","IGF2"
"A_23_P140766",NA
"A_23_P88543",NA
"NM_052949","RASGRP4"
"AK001616",NA
"NM_001001964","OR2T11"
"A_23_P95406",NA
"BX537992",NA
"NM_001005226","OR2B3"
"NM_021991","JUP"
"NM_001001966","OR14A16"
"A_23_P159631",NA
"NM_003271","TSPAN4"
"AL832380",NA
"NM_016008","DYNC2LI1"
"NM_207324","SPACA6"
"ENST00000313631",NA
"NM_001005281","OR6B1"
"ENST00000246228",NA
"NM_003605","OGT"
"NM_173621","LINC00324"
"A_23_P159446",NA
"NM_020478","ANK1"
"BC063384",NA
"NM_001004311","FIGLA"
"NM_016611","KCNK4"
"ENST00000328674",NA
"NM_005135","SLC12A6"
"NM_001013702",NA
"NM_022464","SIL1"
"THC2400654",NA
"AK026180",NA
"A_23_P72319",NA
"NM_145818","COG4"
"A_23_P155749",NA
"AK022832",NA
"BC008403",NA
"THC2370119",NA
"BC004501",NA
"A_23_P20573",NA
"BC036337",NA
"AK021529",NA
"AY358408",NA
"A_23_P81273",NA
"AJ549812",NA
"AF031469",NA
"A_23_P93129",NA
"NM_001004741","OR5M10"
"A_23_P203043",NA
"NM_017979","UNC45A"
"NM_152340",NA
"AB209081",NA
"THC2277082",NA
"A_23_P150230",NA
"NM_017678","NXPE4"
"A_23_P161835",NA
"NM_001001914","OR2G3"
"NM_032986","SEC23B"
"A_23_P254121",NA
"CR598922",NA
"BC031645",NA
"A_23_P56406",NA
"AK055196",NA
"U93917",NA
"A_23_P71694",NA
"BX647503",NA
"NM_024043","DBNDD1"
"NM_198464","PRSS55"
"ENST00000355281",NA
"THC2277046",NA
"NM_030588","DHX9"
"NM_015227","POFUT2"
"NM_003193","TBCE"
