ID,GenBank Accession,Platform_SPOTID
1,,BrightCorner
2,,NegativeControl
3,NM_021996,A_23_P146576
4,,A_23_P125016
5,NM_213622,A_23_P28555
6,,E1A_r60_n9
7,,Pro25G
8,NM_006256,A_23_P23227
9,NM_152493,A_23_P137543
10,NM_170741,A_23_P501193
11,NM_005121,A_23_P27247
12,NM_145260,A_23_P323270
13,NM_017419,A_23_P258433
14,,Pro25G
15,NM_016085,A_23_P28649
16,,A_23_P96529
17,NM_001100917,A_23_P2322
18,NM_005060,A_23_P372910
19,,
20,NM_144674,A_23_P343357
21,,Pro25G
22,NM_078476,A_23_P501634
23,NM_013402,A_23_P203419
24,NM_153374,A_23_P330490
25,NM_017906,A_23_P122674
26,NM_006100,A_23_P250800
27,,A_23_P392384
28,,Pro25G
29,NM_001008219,A_23_P23611
30,NM_004147,A_23_P68884
31,NM_032784,A_23_P111402
32,,A_23_P136095
33,NM_080596,A_23_P81867
34,NM_152588,A_23_P382705
35,,Pro25G
36,NM_057094,A_23_P165457
37,AK131430,A_23_P72372
38,NM_020393,A_23_P85503
39,NM_003282,A_23_P24784
40,NM_004808,A_23_P138686
41,NM_003391,A_23_P59813
42,,Pro25G
43,NM_005194,A_23_P143243
44,NM_002872,A_23_P218774
45,NM_018062,A_23_P131383
46,NM_198794,A_23_P205646
47,NM_006902,A_23_P502731
48,NM_001261,A_23_P158083
49,,Pro25G
50,NM_145113,A_23_P205545
51,NM_014243,A_23_P144523
52,NM_197977,A_23_P216869
53,,E1A_r60_a107
54,NM_033160,A_23_P419206
55,NM_022841,A_23_P26107
56,,Pro25G
57,,A_23_P202572
58,NM_182639,A_23_P202361
59,,A_23_P203692
60,NM_006121,A_23_P128235
61,NM_003532,A_23_P70445
62,NM_017895,A_23_P40194
63,,Pro25G
64,NM_003953,A_23_P476
65,NM_001005187,A_23_P161815
66,NM_012111,A_23_P117599
67,,A_23_P102536
68,NM_016626,A_23_P50137
69,NM_014571,A_23_P46245
70,,Pro25G
71,NM_030667,A_23_P204304
72,NM_152666,A_23_P510
73,NM_173359,A_23_P406431
74,NM_032361,A_23_P110742
75,AK023047,A_23_P55666
76,NM_017755,A_23_P7423
77,,Pro25G
78,NM_017586,A_23_P123692
79,BC006406,A_23_P11341
80,NM_013285,A_23_P34578
81,NM_147780,A_23_P215944
82,NM_001931,A_23_P203030
83,NM_138769,A_23_P15067
84,,Pro25G
85,NM_002359,A_23_P78209
86,NM_005362,A_23_P62095
87,NM_152424,A_23_P308150
88,,A_23_P113263
89,,E1A_r60_3
90,NM_005514,A_23_P81938
91,,Pro25G
92,NM_182660,A_23_P160003
93,NM_152489,A_23_P379661
94,NM_080870,A_23_P122508
95,NM_005574,A_23_P53126
96,NM_015891,A_23_P33455
97,NM_015326,A_23_P200829
98,,Pro25G
99,NM_007197,A_23_P203972
100,NM_145699,A_23_P303876
101,NM_001949,A_23_P385034
102,NM_002627,A_23_P46928
103,NM_138492,A_23_P110585
104,NM_018292,A_23_P82181
105,,Pro25G
106,,
107,,A_23_P45382
108,,A_23_P115943
109,NM_004135,A_23_P34113
110,NM_022112,A_23_P340171
111,NM_018431,A_23_P40217
112,,Pro25G
113,AK023156,A_23_P26928
114,AK026254,A_23_P45338
115,NM_000465,A_23_P67771
116,NM_001216,A_23_P157793
117,NM_000553,A_23_P250813
118,NM_139072,A_23_P362148
119,,Pro25G
120,NM_033103,A_23_P119470
121,,E1A_r60_n11
122,NM_001807,A_23_P123795
123,NM_001037582,A_23_P213288
124,NM_000841,A_23_P70588
125,,A_23_P136843
126,,Pro25G
127,NM_144715,A_23_P417261
128,NM_003133,A_23_P45928
129,NM_004956,A_23_P134366
130,NM_002053,A_23_P62890
131,NM_000666,A_23_P57868
132,NM_001996,A_23_P433016
133,,Pro25G
134,NM_174858,A_23_P200015
135,NM_173824,A_23_P44177
136,NM_001764,A_23_P351844
137,NM_005378,A_23_P209583
138,NM_176821,A_23_P403488
139,NM_001004754,A_23_P13576
140,,Pro25G
141,NM_017875,A_23_P91814
142,,A_23_P66347
143,NM_024613,A_23_P20275
144,,A_23_P205946
145,NM_014319,A_23_P151019
146,NM_020248,A_23_P23586
147,,Pro25G
148,CN426531,A_23_P210592
149,NM_012069,A_23_P217432
150,NM_021913,A_23_P208389
151,NM_004969,A_23_P63681
152,NM_004391,A_23_P29490
153,NM_203403,A_23_P83007
154,,Pro25G
155,NM_015216,A_23_P213661
156,NM_000414,A_23_P92954
157,NM_007245,A_23_P136044
158,NM_004492,A_23_P14698
159,NM_015984,A_23_P148798
160,,
161,,Pro25G
162,NM_024093,A_23_P165703
163,NM_016135,A_23_P42347
164,NM_000814,A_23_P14821
165,NM_133267,A_23_P92453
166,NM_019618,A_23_P17053
167,,A_23_P201790
168,,Pro25G
169,,A_23_P15440
170,NM_005687,A_23_P165346
171,NM_139168,A_23_P18772
172,NM_145273,A_23_P38310
173,NM_020854,A_23_P356125
174,NM_001013839,A_23_P100553
175,,Pro25G
176,NM_000287,A_23_P42144
177,NM_007308,A_23_P29939
178,NM_018982,A_23_P200239
179,NM_016169,A_23_P35439
180,NM_001886,A_23_P103034
181,NM_003276,A_23_P325040
182,,Pro25G
183,NM_012186,A_23_P112666
184,BX648591,A_23_P204541
185,NM_014380,A_23_P45524
186,NM_003922,A_23_P257503
187,NM_138789,A_23_P418451
188,NM_148965,A_23_P126844
189,,Pro25G
190,NM_033518,A_23_P84929
191,NM_003446,A_23_P84910
192,AW381176,A_23_P131915
193,NM_014473,A_23_P58529
194,NM_172082,A_23_P42882
195,NM_018534,A_23_P429555
196,,Pro25G
197,NM_019103,A_23_P132248
198,NM_175866,A_23_P34657
199,NM_138459,A_23_P93082
200,AK026312,A_23_P4060
201,NM_004308,A_23_P314070
202,NM_003494,A_23_P39925
203,,Pro25G
204,,
205,NM_018296,A_23_P118042
206,NM_000127,A_23_P43273
207,NM_199421,A_23_P151700
208,,
209,NM_006297,A_23_P153687
210,,Pro25G
211,NM_014597,A_23_P97584
212,NM_153840,A_23_P214267
213,,NegativeControl
214,,BrightCorner
215,,BrightCorner
216,,NegativeControl
217,,NegativeControl
218,NM_024665,A_23_P57994
219,NM_006849,A_23_P325642
220,NM_181985,A_23_P107847
221,,A_23_P13303
222,NM_174936,A_23_P200240
223,BX388991,A_23_P151491
224,NM_001007024,A_23_P252641
225,,E1A_r60_n11
226,NM_080632,A_23_P45409
227,NM_014335,A_23_P54276
228,NM_015331,A_23_P34402
229,NM_001005486,A_23_P143443
230,NM_002833,A_23_P124485
231,NM_002375,A_23_P211814
232,NM_002623,A_23_P166023
233,,A_23_P95311
234,NM_032490,A_23_P99571
235,NM_003668,A_23_P76412
236,NM_020546,A_23_P33539
237,NM_015983,A_23_P374767
238,NM_178516,A_23_P424734
239,NM_144613,A_23_P78571
240,NM_015678,A_23_P21128
241,NM_030940,A_23_P216766
242,NM_001299,A_23_P16239
243,NM_022451,A_23_P202496
244,NM_138286,A_23_P375517
245,AK057898,A_23_P402804
246,NM_005934,A_23_P142437
247,NM_206814,A_23_P133878
248,NM_001466,A_23_P141362
249,NM_017840,A_23_P47497
250,NM_024674,A_23_P74892
251,NM_006157,A_23_P251151
252,,A_23_P129503
253,NM_000133,A_23_P62406
254,NM_002730,A_23_P107865
255,,A_23_P132195
256,,A_23_P254532
257,NM_000960,A_23_P340848
258,,A_23_P39746
259,NM_153646,A_23_P503010
260,NM_014046,A_23_P59107
261,NM_001698,A_23_P20852
262,AJ243653,A_23_P54029
263,NM_016150,A_23_P205374
264,NM_002318,A_23_P111995
265,NM_002950,A_23_P132803
266,NM_001407,A_23_P92090
267,NM_152565,A_23_P146147
268,NM_020861,A_23_P82108
269,NM_000909,A_23_P69699
270,NM_001006640,A_23_P73801
271,NM_002210,A_23_P50907
272,NM_152667,A_23_P427039
273,NM_018402,A_23_P128503
274,NM_018473,A_23_P31116
275,NM_021643,A_23_P90689
276,NM_006891,A_23_P320705
277,NM_001646,A_23_P27450
278,NM_000899,A_23_P204654
279,NM_138285,A_23_P102320
280,NM_000060,A_23_P155348
281,NM_170743,A_23_P74112
282,,A_23_P71103
283,NM_032233,A_23_P25984
284,NM_005543,A_23_P209006
285,NM_014415,A_23_P109774
286,NM_014759,A_23_P433229
287,,E1A_r60_3
288,NM_002966,A_23_P137984
289,NM_015029,A_23_P94133
290,AF090938,A_23_P57007
291,,A_23_P206656
292,AK024162,A_23_P121
293,NM_006025,A_23_P162687
294,NM_021120,A_23_P125692
295,NM_006705,A_23_P157947
296,NM_005161,A_23_P318860
297,NM_001006617,A_23_P216891
298,AY998685,A_23_P96191
299,NM_138335,A_23_P144581
300,NM_005482,A_23_P34307
301,NM_001918,A_23_P74022
302,NM_004370,A_23_P214168
303,NM_007284,A_23_P121264
304,NM_002490,A_23_P91769
305,NM_003511,A_23_P258477
306,NM_003053,A_23_P21770
307,NM_004760,A_23_P82554
308,NM_004496,A_23_P37127
309,NM_177550,A_23_P66737
310,NM_000252,A_23_P62128
311,NM_032673,A_23_P68059
312,NM_004289,A_23_P42718
313,NM_006945,A_23_P11644
314,NM_001012426,A_23_P258703
315,X89426,A_23_P144835
316,NM_177995,A_23_P20876
317,NM_005738,A_23_P145760
318,NM_018704,A_23_P318420
319,NM_000603,A_23_P70849
320,NM_018217,A_23_P166188
321,NM_014799,A_23_P22526
322,NM_058169,A_23_P257593
323,,A_23_P30069
324,NM_207351,A_23_P80626
325,NM_001510,A_23_P32847
326,,A_23_P57248
327,BC001725,A_23_P135013
328,NM_005656,A_23_P29067
329,NM_133510,A_23_P48481
330,NM_012156,A_23_P154806
331,NM_014234,A_23_P81973
332,NM_002764,A_23_P72961
333,NM_015984,A_23_P148798
334,NM_033025,A_23_P101790
335,NM_001015053,A_23_P26916
336,NM_018354,A_23_P120502
337,AB064087,A_23_P21585
338,AK074445,A_23_P300136
339,,A_23_P214710
340,NM_002159,A_23_P81030
341,,A_23_P149595
342,NM_000156,A_23_P108143
343,NM_002208,A_23_P218378
344,NM_002274,A_23_P49928
345,NM_021063,A_23_P19379
346,,A_23_P100141
347,,A_23_P252413
348,,A_23_P10885
349,NM_004143,A_23_P73517
350,NM_003033,A_23_P31893
351,NM_006888,A_23_P163179
352,,A_23_P5206
353,NM_175623,A_23_P128174
354,X77737,A_23_P89380
355,NM_032522,A_23_P137504
356,NM_138788,A_23_P1682
357,NM_153365,A_23_P301372
358,NM_006288,A_23_P36364
359,NM_005046,A_23_P39056
360,NM_006920,A_23_P28232
361,NM_004264,A_23_P2262
362,NM_005733,A_23_P256956
363,NM_174900,A_23_P259500
364,NM_006931,A_23_P139669
365,NM_007247,A_23_P396626
366,NM_024604,A_23_P2683
367,NM_172347,A_23_P365248
368,AF163475,A_23_P255394
369,,A_23_P1331
370,NM_021992,A_23_P137179
371,NM_005328,A_23_P10205
372,NM_032353,A_23_P66599
373,NM_003800,A_23_P325075
374,AY358993,A_23_P5435
375,NM_001082,A_23_P50710
376,AK000675,A_23_P7262
377,NM_022131,A_23_P212608
378,NM_004183,A_23_P104992
379,NM_006295,A_23_P258714
380,NM_002353,A_23_P149529
381,NM_003634,A_23_P120860
382,NM_001004693,A_23_P35174
383,NM_016138,A_23_P152322
384,NM_007169,A_23_P163955
385,,A_23_P35546
386,NM_173680,A_23_P351232
387,NM_000018,A_23_P207650
388,NM_152594,A_23_P54460
389,,
390,NM_013326,A_23_P78385
391,NM_020860,A_23_P81048
392,,
393,NM_021240,A_23_P325100
394,NM_057176,A_23_P23025
395,NM_003686,A_23_P23303
396,NM_003034,A_23_P354704
397,BC001304,A_23_P70983
398,NM_016505,A_23_P96976
399,NM_001017405,A_23_P29885
400,NM_152498,A_23_P319543
401,BG260781,A_23_P215377
402,NM_012205,A_23_P28697
403,NR_002193,A_23_P424689
404,NM_020202,A_23_P110099
405,NM_017714,A_23_P120557
406,NM_138967,A_23_P152047
407,,
408,AF011794,A_23_P48897
409,,E1A_r60_a135
410,AF116626,A_23_P92065
411,AK000146,A_23_P11520
412,NM_000745,A_23_P88691
413,NM_003325,A_23_P154938
414,NM_006609,A_23_P313640
415,NM_014848,A_23_P100022
416,NM_020132,A_23_P356466
417,BC008585,A_23_P30900
418,NM_001008269,A_23_P121285
419,NM_017458,A_23_P88819
420,,A_23_P379501
421,NM_005732,A_23_P250404
422,NM_032298,A_23_P55917
423,AF332509,A_23_P211711
424,NM_002005,A_23_P14762
425,NM_002501,A_23_P165295
426,NM_030949,A_23_P257617
427,NM_033059,A_23_P4400
428,,NegativeControl
429,,NegativeControl
430,,NegativeControl
431,NM_003171,A_23_P63847
432,NM_014982,A_23_P37311
433,NM_002837,A_23_P53390
434,NM_000189,A_23_P398460
435,NM_139076,A_23_P253464
436,,
437,,A_23_P337155
438,NM_178431,A_23_P369471
439,NM_006112,A_23_P74518
440,NM_030571,A_23_P81247
441,NM_020659,A_23_P50815
442,NM_005332,A_23_P3651
443,NM_018376,A_23_P9209
444,NM_014392,A_23_P371106
445,NM_000933,A_23_P28898
446,NM_001945,A_23_P213944
447,NM_024100,A_23_P5115
448,NM_014824,A_23_P368278
449,NM_148962,A_23_P336034
450,NM_014220,A_23_P135748
451,NM_004979,A_23_P315772
452,,A_23_P26044
453,NM_021130,A_23_P48002
454,NM_021107,A_23_P50807
455,NM_001794,A_23_P17593
456,NR_002328,A_23_P379019
457,NM_020156,A_23_P252145
458,NM_002486,A_23_P257104
459,NM_021248,A_23_P40186
460,NM_005456,A_23_P116005
461,BC051317,A_23_P54781
462,NM_003270,A_23_P171143
463,NM_032042,A_23_P156067
464,,A_23_P359154
465,AK130438,A_23_P93402
466,NM_023078,A_23_P82899
467,NM_032478,A_23_P54957
468,NM_003751,A_23_P157066
469,NM_020148,A_23_P135878
470,NM_153223,A_23_P434929
471,NM_138775,A_23_P371876
472,NM_004775,A_23_P118946
473,NM_198992,A_23_P13869
474,NM_001017915,A_23_P33733
475,NM_002974,A_23_P502413
476,NM_019839,A_23_P163173
477,,A_23_P258151
478,NM_153040,A_23_P372356
479,,A_23_P47816
480,NM_198576,A_23_P115280
481,NM_001004699,A_23_P39417
482,NM_006529,A_23_P340868
483,NM_014708,A_23_P136817
484,NM_152680,A_23_P361587
485,NM_139067,A_23_P128073
486,NM_002470,A_23_P26863
487,AF007866,A_23_P94141
488,NM_014935,A_23_P148748
489,NM_016292,A_23_P3841
490,,
491,NM_001470,A_23_P93302
492,NM_152228,A_23_P74684
493,,A_23_P207881
494,NM_016056,A_23_P13694
495,NM_021203,A_23_P80773
496,NM_001014435,A_23_P106656
497,NM_022076,A_23_P256078
498,AK022660,A_23_P121932
499,NM_000388,A_23_P29719
500,NM_003488,A_23_P163929
501,NM_030651,A_23_P214649
502,NM_006052,A_23_P154874
503,NM_153698,A_23_P9223
504,NM_001004297,A_23_P46993
505,NM_130766,A_23_P55076
506,NM_022895,A_23_P151179
507,NM_024923,A_23_P212159
508,NM_013398,A_23_P135885
509,NM_153006,A_23_P405794
510,NM_032131,A_23_P254140
511,NM_006170,A_23_P204364
512,NM_001039771,A_23_P3155
513,AB082533,A_23_P65851
514,NM_006302,A_23_P108662
515,NM_003739,A_23_P138543
516,NM_024629,A_23_P254733
517,NM_153689,A_23_P142916
518,NM_006209,A_23_P94333
519,NM_012222,A_23_P51656
520,NM_002911,A_23_P27977
521,NM_004826,A_23_P131556
522,NM_022147,A_23_P166797
523,NM_013363,A_23_P57709
524,NM_152742,A_23_P251795
525,NM_001721,A_23_P253602
526,NM_032036,A_23_P140152
527,NM_002173,A_23_P9310
528,NM_005133,A_23_P1641
529,NM_012203,A_23_P60225
530,NM_012138,A_23_P89460
531,NM_174981,A_23_P420348
532,NM_018179,A_23_P255587
533,NM_003141,A_23_P47685
534,,A_23_P64058
535,NM_017785,A_23_P41948
536,NM_014565,A_23_P141670
537,AK094789,A_23_P68517
538,NM_138287,A_23_P347040
539,NM_000063,A_23_P145308
540,NM_005167,A_23_P201939
541,NM_030807,A_23_P211384
542,NM_001963,A_23_P155979
543,,A_23_P12746
544,NM_006999,A_23_P18823
545,NM_017831,A_23_P101141
546,NM_031463,A_23_P206324
547,NM_152778,A_23_P30162
548,NM_012258,A_23_P157659
549,NM_005715,A_23_P8309
550,BG985920,A_23_P119242
551,NM_213651,A_23_P86206
552,NM_007105,A_23_P64482
553,NM_020652,A_23_P89327
554,NM_023110,A_23_P397274
555,NM_004362,A_23_P18684
556,NM_174922,A_23_P94365
557,NM_138363,A_23_P307400
558,NM_015317,A_23_P5541
559,NM_006352,A_23_P200512
560,NM_005604,A_23_P82027
561,BC007917,A_23_P60106
562,NM_139208,A_23_P301971
563,NM_152633,A_23_P356021
564,NM_025139,A_23_P209731
565,NM_006551,A_23_P150555
566,NM_144698,A_23_P325690
567,NM_005453,A_23_P111188
568,,E1A_r60_n11
569,NM_005039,A_23_P139442
570,NM_016475,A_23_P380965
571,,A_23_P131836
572,NM_001717,A_23_P22134
573,,A_23_P99731
574,NM_005168,A_23_P142849
575,L09234,A_23_P256124
576,NM_178172,A_23_P72697
577,NM_006016,A_23_P254756
578,NM_000521,A_23_P156049
579,NM_001005211,A_23_P24698
580,NM_014800,A_23_P84369
581,NM_002647,A_23_P164536
582,NM_015983,A_23_P59752
583,NM_033050,A_23_P69171
584,NM_004244,A_23_P33723
585,NM_016588,A_23_P82088
586,NM_002275,A_23_P27133
587,,A_23_P146120
588,NM_007235,A_23_P168800
589,NM_018034,A_23_P30474
590,NM_080831,A_23_P102694
591,NM_019111,A_23_P19501
592,,A_23_P170217
593,NM_152307,A_23_P151497
594,NM_018999,A_23_P404108
595,U18259,A_23_P353478
596,NM_022371,A_23_P115316
597,,A_23_P49230
598,,A_23_P75949
599,NM_024624,A_23_P209962
600,NM_017666,A_23_P314642
601,NM_006626,A_23_P83234
602,BF213738,A_23_P76480
603,NM_182314,A_23_P258251
604,NM_005635,A_23_P137128
605,NM_024620,A_23_P413633
606,NM_024902,A_23_P253661
607,NM_012180,A_23_P136012
608,NM_006479,A_23_P99292
609,NM_176891,A_23_P302061
610,NM_024834,A_23_P202594
611,,A_23_P318348
612,,A_23_P388629
613,NM_004582,A_23_P85371
614,NM_018953,A_23_P162355
615,NM_153437,A_23_P71889
616,,A_23_P136556
617,NM_021814,A_23_P156498
618,NM_000402,A_23_P34093
619,NM_182641,A_23_P125463
620,NM_015640,A_23_P359111
621,NM_145039,A_23_P206454
622,,
623,NM_198189,A_23_P144257
624,NM_032825,A_23_P16354
625,NM_002217,A_23_P6821
626,NM_022908,A_23_P44836
627,NR_002165,A_23_P373119
628,,A_23_P148602
629,NM_033254,A_23_P257762
630,NM_147175,A_23_P158444
631,NM_013299,A_23_P348298
632,NM_001875,A_23_P5300
633,NM_006203,A_23_P41655
634,NM_012064,A_23_P47806
635,NM_005950,A_23_P60933
636,NM_012331,A_23_P61426
637,,A_23_P35035
638,NM_014206,A_23_P47527
639,NM_025108,A_23_P26557
640,,A_23_P203089
641,NM_003958,A_23_P70384
642,NM_012402,A_23_P139228
643,NM_022727,A_23_P120784
644,NM_003403,A_23_P117647
645,NM_032286,A_23_P124022
646,NM_000520,A_23_P129096
647,NM_022843,A_23_P204885
648,NM_004153,A_23_P45799
649,NM_004513,A_23_P61057
650,NR_103708,A_23_P33934
651,NM_002263,A_23_P133954
652,NM_004959,A_23_P216913
653,NM_000818,A_23_P75008
654,AK024865,A_23_P257731
655,BC067244,A_23_P123315
656,NM_004581,A_23_P54218
657,NM_153219,A_23_P376735
658,,EQC
659,NM_002483,A_23_P218441
660,NM_002359,A_23_P390044
661,,A_23_P69877
662,NM_015313,A_23_P127642
663,NM_016262,A_23_P145053
664,NM_002619,A_23_P132987
665,NM_133369,A_23_P110557
666,BC028228,A_23_P141893
667,AK094914,A_23_P43444
668,NM_174910,A_23_P416732
669,NM_002358,A_23_P92441
670,AJ307469,A_23_P407595
671,,EQC
672,,A_23_P45217
673,NM_000943,A_23_P422724
674,NM_001805,A_23_P2990
675,,A_23_P111898
676,NM_033438,A_23_P96833
677,,A_23_P203702
678,NM_000767,A_23_P208373
679,NM_181354,A_23_P94204
680,,A_23_P94779
681,NM_005871,A_23_P127233
682,,A_23_P128897
683,NM_002079,A_23_P63825
684,,EQC
685,NM_031947,A_23_P92650
686,NM_025061,A_23_P90032
687,NM_016240,A_23_P215900
688,,A_23_P250072
689,NM_138295,A_23_P318432
690,NM_004463,A_23_P73559
691,AK027571,A_23_P88996
692,NM_018255,A_23_P78438
693,NM_000830,A_23_P109287
694,NM_016179,A_23_P105873
695,NM_018667,A_23_P163567
696,NM_021071,A_23_P116906
697,,EQC
698,NM_031300,A_23_P124552
699,NM_020158,A_23_P89998
700,BC054888,A_23_P362719
701,BC038972,A_23_P59470
702,,A_23_P205256
703,,A_23_P9552
704,NM_001004708,A_23_P87167
705,NM_144601,A_23_P88865
706,NM_152697,A_23_P342641
707,NM_005047,A_23_P43434
708,,
709,NM_030779,A_23_P159146
710,,EQC
711,NM_181435,A_23_P122068
712,NM_005085,A_23_P257091
713,NM_206827,A_23_P14124
714,NM_153208,A_23_P324523
715,AF011794,A_23_P48897
716,NM_007375,A_23_P403955
717,NM_213654,A_23_P18384
718,NM_178544,A_23_P130876
719,NM_021045,A_23_P35343
720,NM_017659,A_23_P130789
721,NM_175900,A_23_P118018
722,NM_176812,A_23_P28964
723,,EQC
724,NM_001485,A_23_P131183
725,NM_024516,A_23_P77422
726,,A_23_P90556
727,NM_001008397,A_23_P122052
728,NM_145326,A_23_P319053
729,NM_031468,A_23_P147698
730,,A_23_P159183
731,NM_030803,A_23_P210266
732,NM_019850,A_23_P102364
733,NM_000199,A_23_P125135
734,,A_23_P6514
735,NM_001017926,A_23_P43150
736,,EQC
737,NM_002468,A_23_P362659
738,NM_004163,A_23_P107611
739,NM_052940,A_23_P51278
740,NM_001824,A_23_P50247
741,NM_175911,A_23_P382137
742,NM_181690,A_23_P160354
743,AK022184,A_23_P99498
744,NM_052850,A_23_P39019
745,NM_002578,A_23_P171284
746,NM_018312,A_23_P202637
747,NM_145295,A_23_P135730
748,NM_203327,A_23_P6087
749,,EQC
750,NM_002591,A_23_P408249
751,NM_031498,A_23_P26994
752,NM_032015,A_23_P64630
753,NM_000126,A_23_P3402
754,NM_015480,A_23_P401548
755,NM_005281,A_23_P35000
756,NM_018288,A_23_P503200
757,NM_005382,A_23_P216236
758,NM_032847,A_23_P31747
759,NM_018287,A_23_P149775
760,NM_130388,A_23_P96395
761,NM_017921,A_23_P60640
762,,EQC
763,NM_013382,A_23_P151770
764,NM_020421,A_23_P25945
765,NM_006269,A_23_P71368
766,NM_033272,A_23_P79554
767,NM_004355,A_23_P70095
768,NM_014789,A_23_P258931
769,NM_015020,A_23_P54866
770,NM_178540,A_23_P400505
771,NM_018444,A_23_P123336
772,NM_005937,A_23_P410653
773,NM_199328,A_23_P132063
774,NM_001397,A_23_P200585
775,,EQC
776,NM_002507,A_23_P15599
777,NM_002203,A_23_P70161
778,,A_23_P45260
779,NM_015343,A_23_P4277
780,NM_005109,A_23_P155504
781,NM_024894,A_23_P154457
782,NM_198216,A_23_P154675
783,NM_030959,A_23_P259555
784,NM_001005862,A_23_P89249
785,NM_021242,A_23_P125574
786,NM_004050,A_23_P418373
787,NM_133180,A_23_P208779
788,,EQC
789,NM_004262,A_23_P144417
790,NM_018362,A_23_P139277
791,NM_002318,A_23_P111995
792,NM_153331,A_23_P385246
793,NM_003937,A_23_P56898
794,NM_004234,A_23_P208325
795,NM_016633,A_23_P135486
796,NM_198056,A_23_P21063
797,,A_23_P50443
798,NM_004697,A_23_P60537
799,NM_005574,A_23_P53126
800,BC021178,A_23_P131909
801,,EQC
802,BC007304,A_23_P255027
803,NM_000113,A_23_P20851
804,AK131430,A_23_P136381
805,NM_000405,A_23_P144872
806,NM_002091,A_23_P101131
807,NM_002335,A_23_P1505
808,NM_020153,A_23_P116202
809,NM_052831,A_23_P134113
810,,A_23_P105206
811,NM_003393,A_23_P52430
812,NM_032575,A_23_P323154
813,NM_003776,A_23_P253552
814,,EQC
815,NM_012073,A_23_P257863
816,NM_001040457,A_23_P8561
817,NM_032279,A_23_P256405
818,NM_018478,A_23_P28772
819,NM_024420,A_23_P11685
820,NM_015714,A_23_P74609
821,NM_139045,A_23_P252765
822,NM_001961,A_23_P5027
823,NM_000454,A_23_P154840
824,NM_178354,A_23_P411321
825,NM_152749,A_23_P356109
826,NM_018667,A_23_P152186
827,,EQC
828,NM_005511,A_23_P43350
829,NM_006944,A_23_P90829
830,AB002370,A_23_P61854
831,,A_23_P91583
832,NM_004606,A_23_P11237
833,NM_144609,A_23_P4124
834,NM_005557,A_23_P38537
835,NM_014900,A_23_P79289
836,NM_001170,A_23_P5666
837,NM_014672,A_23_P14340
838,NM_022351,A_23_P345793
839,NM_014363,A_23_P128663
840,,EQC
841,,A_23_P53946
842,AB016901,A_23_P70813
843,AK095276,A_23_P334795
844,NM_080657,A_23_P120178
845,NM_033276,A_23_P53363
846,NM_005012,A_23_P12363
847,NM_153442,A_23_P149922
848,NM_182706,A_23_P159039
849,NM_017947,A_23_P67042
850,NM_003671,A_23_P20622
851,NM_003305,A_23_P41455
852,NM_017724,A_23_P211807
853,,EQC
854,,A_23_P35854
855,NM_052948,A_23_P5189
856,NM_004459,A_23_P114075
857,NM_000185,A_23_P6335
858,NM_004950,A_23_P87678
859,NM_016252,A_23_P142614
860,NM_004924,A_23_P101655
861,NM_001254,A_23_P49972
862,NM_153187,A_23_P145569
863,NM_000682,A_23_P378926
864,,EQC
865,,A_23_P215406
866,NM_006396,A_23_P98261
867,NM_023003,A_23_P77117
868,X66087,A_23_P43157
869,NM_030809,A_23_P151209
870,NM_032311,A_23_P502269
871,NM_173481,A_23_P390065
872,,A_23_P157815
873,,A_23_P85879
874,NM_015995,A_23_P413150
875,NM_005131,A_23_P78372
876,AF067420,A_23_P124632
877,,EQC
878,NM_004381,A_23_P59163
879,AF111848,A_23_P46499
880,NM_006532,A_23_P27936
881,NM_003227,A_23_P122896
882,NM_213566,A_23_P12189
883,NM_032331,A_23_P92261
884,NM_020209,A_23_P142255
885,NM_000730,A_23_P41395
886,NM_024803,A_23_P95851
887,NM_033543,A_23_P78595
888,NM_012461,A_23_P77020
889,NM_178864,A_23_P342787
890,,EQC
891,NM_012321,A_23_P153757
892,NM_003637,A_23_P138289
893,NM_020179,A_23_P75430
894,NM_001005785,A_23_P259935
895,NM_001753,A_23_P134454
896,NM_006701,A_23_P130304
897,AK022354,A_23_P115896
898,,A_23_P123234
899,NM_017966,A_23_P44228
900,NM_016480,A_23_P213754
901,,A_23_P18253
902,NM_024411,A_23_P40262
903,,EQC
904,NM_006716,A_23_P254612
905,NM_001005498,A_23_P118345
906,NM_000566,A_23_P63395
907,NM_170740,A_23_P122765
908,NM_012426,A_23_P135914
909,NM_152251,A_23_P425815
910,NM_002206,A_23_P128084
911,NM_006656,A_23_P203713
912,NM_015137,A_23_P71513
913,NM_000605,A_23_P250251
914,NM_173728,A_23_P49674
915,,A_23_P21042
916,,EQC
917,CD013872,A_23_P101595
918,,A_23_P48166
919,NM_020905,A_23_P90909
920,AK124566,A_23_P201017
921,NM_177964,A_23_P79302
922,NM_080874,A_23_P144326
923,NM_006150,A_23_P348684
924,NM_017670,A_23_P24375
925,CN308836,A_23_P95270
926,NM_000679,A_23_P21929
927,NM_016173,A_23_P109934
928,NM_133639,A_23_P424561
929,,EQC
930,NM_001039481,A_23_P204164
931,,
932,NM_014699,A_23_P163826
933,NM_001903,A_23_P58647
934,NM_000124,A_23_P1292
935,,
936,NM_003420,A_23_P211785
937,NM_005074,A_23_P42189
938,NM_014739,A_23_P111343
939,NM_032383,A_23_P40821
940,NM_003172,A_23_P20648
941,NM_014498,A_23_P158771
942,,EQC
943,NM_178554,A_23_P399897
944,NM_020437,A_23_P91640
945,NM_000775,A_23_P103486
946,NM_005730,A_23_P81878
947,NM_005418,A_23_P24883
948,NM_013237,A_23_P79161
949,BX647327,A_23_P69084
950,NM_024326,A_23_P12635
951,,A_23_P421054
952,NM_174983,A_23_P345139
953,NM_001049,A_23_P48523
954,NM_003881,A_23_P102611
955,,EQC
956,NM_138442,A_23_P342118
957,NM_002386,A_23_P329271
958,NM_001639,A_23_P96827
959,NM_016061,A_23_P108835
960,NM_080706,A_23_P218389
961,,A_23_P116302
962,AB007880,A_23_P77704
963,NM_005638,A_23_P22671
964,NM_004646,A_23_P5200
965,,A_23_P12940
966,,A_23_P147970
967,,A_23_P81870
968,,EQC
969,,A_23_P96263
970,,A_23_P109157
971,NM_024712,A_23_P140827
972,BC031551,A_23_P258798
973,NM_052951,A_23_P131816
974,NM_031954,A_23_P162540
975,NM_015163,A_23_P205632
976,NM_002727,A_23_P86653
977,NM_001978,A_23_P219117
978,NM_033661,A_23_P211302
979,NM_001164431,A_23_P317569
980,NM_032413,A_23_P26024
981,,EQC
982,,A_23_P125365
983,NM_015046,A_23_P43530
984,NM_003724,A_23_P8930
985,NM_025145,A_23_P63725
986,AL096748,A_23_P29784
987,NM_181900,A_23_P335305
988,NM_019891,A_23_P347623
989,,A_23_P78825
990,NM_020245,A_23_P156802
991,NM_001040653,A_23_P211829
992,NM_005623,A_23_P207457
993,NM_002725,A_23_P51499
994,,EQC
995,NM_003410,A_23_P125639
996,AY232284,A_23_P158499
997,NM_002553,A_23_P31414
998,NM_053017,A_23_P427119
999,NM_013448,A_23_P76799
1000,NM_022362,A_23_P46975
1001,NM_177423,A_23_P302116
1002,NM_016835,A_23_P207699
1003,NM_000748,A_23_P368624
1004,NM_019067,A_23_P22499
1005,NM_018375,A_23_P380326
1006,NM_001024956,A_23_P98446
1007,,EQC
1008,NM_021808,A_23_P112833
1009,NM_030824,A_23_P101476
1010,NM_004925,A_23_P112482
1011,NM_020856,A_23_P361014
1012,NM_000185,A_23_P6335
1013,BC062305,A_23_P8004
1014,NM_001123,A_23_P112596
1015,NM_005320,A_23_P7992
1016,NM_022096,A_23_P365086
1017,NM_017413,A_23_P147755
1018,NM_021914,A_23_P65401
1019,NM_001516,A_23_P386420
1020,,EQC
1021,,E1A_r60_n11
1022,NM_002960,A_23_P104071
1023,NM_001007024,A_23_P4373
1024,,A_23_P72897
1025,NM_001143962,A_23_P83381
1026,NM_032346,A_23_P27947
1027,NM_012477,A_23_P252808
1028,NM_003026,A_23_P169351
1029,NM_032320,A_23_P13438
1030,NM_012434,A_23_P110892
1031,NM_003281,A_23_P51565
1032,NM_015904,A_23_P218608
1033,,EQC
1034,NM_203305,A_23_P112531
1035,NM_013358,A_23_P115478
1036,NM_013412,A_23_P120998
1037,,E1A_r60_a22
1038,NM_024324,A_23_P33465
1039,NM_002070,A_23_P144106
1040,NM_003246,A_23_P206212
1041,NM_014574,A_23_P65412
1042,,
1043,NM_001813,A_23_P253524
1044,NM_005898,A_23_P98722
1045,NM_017842,A_23_P204511
1046,,EQC
1047,NM_018979,A_23_P419661
1048,NM_012135,A_23_P8240
1049,NM_024899,A_23_P107513
1050,NM_000340,A_23_P132569
1051,NM_152477,A_23_P101615
1052,NM_052909,A_23_P81640
1053,NM_007152,A_23_P252748
1054,BC007696,A_23_P146717
1055,NM_017988,A_23_P204550
1056,NM_144765,A_23_P150379
1057,NM_004688,A_23_P154235
1058,,
1059,,EQC
1060,NR_104198,A_23_P500206
1061,NM_024114,A_23_P64306
1062,NM_003453,A_23_P99404
1063,NM_177401,A_23_P153709
1064,NM_018381,A_23_P38894
1065,NM_006729,A_23_P83871
1066,NM_014382,A_23_P143916
1067,,A_23_P154002
1068,NM_017512,A_23_P15906
1069,NM_153839,A_23_P167872
1070,NM_019074,A_23_P419641
1071,NM_007115,A_23_P165624
1072,,EQC
1073,NM_201648,A_23_P75749
1074,NM_018414,A_23_P54968
1075,NM_015658,A_23_P138058
1076,NM_080686,A_23_P30870
1077,NM_005384,A_23_P32253
1078,NM_032319,A_23_P131596
1079,,
1080,NM_001627,A_23_P41227
1081,NM_020147,A_23_P106391
1082,AL832180,A_23_P78428
1083,NM_138795,A_23_P415040
1084,NM_015061,A_23_P112201
1085,NM_007262,A_23_P74740
1086,NM_004462,A_23_P71319
1087,NM_017716,A_23_P127760
1088,NM_032946,A_23_P114354
1089,NM_001226,A_23_P41414
1090,NM_015120,A_23_P312174
1091,NM_000689,A_23_P83098
1092,NM_002448,A_23_P110430
1093,NM_182802,A_23_P68547
1094,AB034694,A_23_P61676
1095,NM_001308,A_23_P98147
1096,AK131446,A_23_P326325
1097,NM_001237,A_23_P58321
1098,NM_005022,A_23_P27094
1099,NM_014836,A_23_P35634
1100,NM_032383,A_23_P40821
1101,NM_145043,A_23_P94121
1102,NM_025196,A_23_P92476
1103,NM_005048,A_23_P380895
1104,NM_006100,A_23_P250800
1105,NM_005328,A_23_P10205
1106,NM_001201,A_23_P81058
1107,NM_022465,A_23_P358904
1108,NM_002642,A_23_P86250
1109,NR_002186,A_23_P403395
1110,NM_016301,A_23_P116999
1111,NM_022162,A_23_P420863
1112,NM_004263,A_23_P165608
1113,BC045756,A_23_P112452
1114,NM_005359,A_23_P27346
1115,,A_23_P5863
1116,NM_153261,A_23_P397417
1117,NM_005530,A_23_P140668
1118,NM_000790,A_23_P145644
1119,NM_020547,A_23_P76198
1120,AF086546,A_23_P256903
1121,NM_001001673,A_23_P76872
1122,NM_021218,A_23_P397899
1123,NM_000482,A_23_P87036
1124,AI310734,A_23_P201145
1125,NM_014388,A_23_P34946
1126,NM_005602,A_23_P29800
1127,NM_000729,A_23_P425681
1128,NM_144717,A_23_P91850
1129,NM_016332,A_23_P129490
1130,NM_001278556,A_23_P105609
1131,,E1A_r60_n9
1132,NM_014777,A_23_P74914
1133,NM_001031703,A_23_P212310
1134,NM_005912,A_23_P50121
1135,NM_003376,A_23_P387668
1136,NM_178496,A_23_P326963
1137,NM_002546,A_23_P71530
1138,NM_147202,A_23_P20804
1139,NM_012175,A_23_P202844
1140,BC019032,A_23_P125726
1141,NM_033195,A_23_P54362
1142,BC053534,A_23_P84438
1143,NM_006927,A_23_P77623
1144,,A_23_P302595
1145,NM_152621,A_23_P326204
1146,NM_005708,A_23_P371682
1147,NM_004082,A_23_P142835
1148,NM_138792,A_23_P314222
1149,NM_030765,A_23_P76071
1150,NM_005747,A_23_P200575
1151,NM_017906,A_23_P122674
1152,,A_23_P28042
1153,NM_031935,A_23_P148990
1154,NM_018158,A_23_P56810
1155,NM_006188,A_23_P157079
1156,NM_003415,A_23_P255592
1157,NM_004458,A_23_P217564
1158,NM_018326,A_23_P19790
1159,NM_007103,A_23_P127353
1160,NM_024600,A_23_P37685
1161,NM_004109,A_23_P357780
1162,NM_014898,A_23_P119735
1163,NM_020685,A_23_P29655
1164,X66087,A_23_P43157
1165,BC032828,A_23_P215320
1166,NM_138622,A_23_P154426
1167,NM_000859,A_23_P30495
1168,AK130974,A_23_P80551
1169,NM_014443,A_23_P167479
1170,NM_033183,A_23_P27697
1171,NM_017596,A_23_P126888
1172,NM_000908,A_23_P253531
1173,NM_032313,A_23_P7074
1174,NM_001003945,A_23_P324278
1175,NM_003613,A_23_P151902
1176,NM_006212,A_23_P201508
1177,NM_032737,A_23_P67723
1178,NM_004126,A_23_P111701
1179,NM_003687,A_23_P144796
1180,NM_145296,A_23_P5070
1181,NM_031279,A_23_P257231
1182,F35545,A_23_P39251
1183,NM_138804,A_23_P427747
1184,,A_23_P49317
1185,NM_018028,A_23_P67496
1186,NM_002861,A_23_P55407
1187,NM_001278547,A_23_P356152
1188,NM_019601,A_23_P314100
1189,AK096176,A_23_P150281
1190,NM_174953,A_23_P207639
1191,NM_004963,A_23_P76312
1192,NM_031479,A_23_P144223
1193,NM_021140,A_23_P217304
1194,,E1A_r60_a135
1195,NM_002253,A_23_P58419
1196,NM_016627,A_23_P15564
1197,,A_23_P32583
1198,NM_023926,A_23_P55682
1199,,A_23_P369449
1200,AK056716,A_23_P384551
1201,AF159055,A_23_P96173
1202,NM_024741,A_23_P32715
1203,NM_020349,A_23_P104555
1204,NM_031897,A_23_P164789
1205,BG108194,A_23_P48637
1206,NM_006342,A_23_P212844
1207,NM_014496,A_23_P125596
1208,NM_015250,A_23_P157751
1209,NM_033163,A_23_P46829
1210,NM_012158,A_23_P140069
1211,NM_033056,A_23_P161331
1212,NM_018337,A_23_P27767
1213,,A_23_P408175
1214,NM_172362,A_23_P74943
1215,,A_23_P131519
1216,AK000581,A_23_P143924
1217,AF467442,A_23_P388798
1218,NM_020408,A_23_P32323
1219,NM_006026,A_23_P96080
1220,NM_000712,A_23_P71148
1221,NM_005441,A_23_P57306
1222,BG216229,A_23_P135123
1223,NM_018460,A_23_P84154
1224,NM_006597,A_23_P24597
1225,NM_013268,A_23_P5035
1226,NM_145208,A_23_P415395
1227,NM_007086,A_23_P25873
1228,NM_021992,A_23_P137179
1229,NM_024869,A_23_P46131
1230,NM_000496,A_23_P425066
1231,NM_024089,A_23_P128613
1232,NM_002568,A_23_P82693
1233,NM_003426,A_23_P17739
1234,NM_013974,A_23_P19482
1235,NM_001001557,A_23_P20268
1236,NM_025075,A_23_P132705
1237,NM_178468,A_23_P409888
1238,NM_145172,A_23_P422732
1239,,
1240,NM_152609,A_23_P405175
1241,AY358815,A_23_P13137
1242,NM_012276,A_23_P90497
1243,NM_001098,A_23_P103149
1244,NM_001320,A_23_P257557
1245,NM_022036,A_23_P38167
1246,NM_032145,A_23_P256231
1247,,A_23_P8794
1248,NM_005483,A_23_P208896
1249,NM_018428,A_23_P164237
1250,,A_23_P36805
1251,NM_005925,A_23_P78353
1252,NM_144727,A_23_P310439
1253,NM_001004134,A_23_P76184
1254,NM_007155,A_23_P134419
1255,NM_016028,A_23_P217968
1256,NM_000713,A_23_P153351
1257,NM_018840,A_23_P102582
1258,NM_013942,A_23_P502706
1259,NM_001080466,A_23_P100613
1260,NM_182528,A_23_P50928
1261,NM_033112,A_23_P308581
1262,NM_000553,A_23_P250813
1263,,E1A_r60_a107
1264,,A_23_P51051
1265,NM_173083,A_23_P301995
1266,NM_017420,A_23_P65515
1267,NM_000093,A_23_P83818
1268,AK021933,A_23_P31550
1269,NM_013936,A_23_P93295
1270,NM_006568,A_23_P37277
1271,NM_007102,A_23_P63032
1272,NM_017951,A_23_P255286
1273,NM_012171,A_23_P69948
1274,NM_144583,A_23_P250914
1275,NM_002415,A_23_P91619
1276,NM_002957,A_23_P423197
1277,NM_015323,A_23_P30956
1278,NM_020753,A_23_P381594
1279,NM_000707,A_23_P72340
1280,AB017116,A_23_P360213
1281,,A_23_P17752
1282,NM_032111,A_23_P124035
1283,NM_181340,A_23_P370035
1284,NM_001765,A_23_P51766
1285,NM_014597,A_23_P97584
1286,NR_027044,A_23_P150198
1287,AK125510,A_23_P343977
1288,,A_23_P94911
1289,D26528,A_23_P113549
1290,NM_030917,A_23_P58337
1291,NM_148959,A_23_P423979
1292,BC009871,A_23_P253863
1293,NM_002794,A_23_P170058
1294,NM_022478,A_23_P25790
1295,NM_173216,A_23_P132640
1296,NM_022146,A_23_P1452
1297,NM_001456,A_23_P96559
1298,NM_015056,A_23_P256297
1299,NM_000744,A_23_P210395
1300,NM_130395,A_23_P414296
1301,NM_001005245,A_23_P75732
1302,NM_013453,A_23_P96300
1303,,EQC
1304,NM_002031,A_23_P133665
1305,NM_053044,A_23_P10548
1306,NM_017947,A_23_P67042
1307,NM_001005466,A_23_P25798
1308,NM_007019,A_23_P143207
1309,NM_002269,A_23_P156443
1310,NM_139161,A_23_P55821
1311,NM_032304,A_23_P66128
1312,NM_030568,A_23_P133676
1313,NM_004060,A_23_P58606
1314,NM_173505,A_23_P412577
1315,NM_004684,A_23_P113351
1316,,EQC
1317,NM_013941,A_23_P254143
1318,NM_006473,A_23_P47535
1319,NM_033027,A_23_P121010
1320,NM_001012979,A_23_P62399
1321,NM_138732,A_23_P202795
1322,NM_153767,A_23_P501781
1323,NM_032148,A_23_P204808
1324,NM_015956,A_23_P164702
1325,NM_013320,A_23_P25403
1326,,A_23_P71661
1327,NM_152556,A_23_P168705
1328,,A_23_P76438
1329,,EQC
1330,NM_000546,A_23_P26807
1331,NM_025104,A_23_P38328
1332,BC110845,A_23_P355536
1333,NM_015009,A_23_P21618
1334,NM_006497,A_23_P399169
1335,NM_003181,A_23_P251879
1336,,E1A_r60_n9
1337,NM_001004714,A_23_P99677
1338,NM_138697,A_23_P160890
1339,NM_016116,A_23_P157205
1340,NM_032832,A_23_P19652
1341,NM_018181,A_23_P118937
1342,,EQC
1343,NM_004778,A_23_P47507
1344,NM_016519,A_23_P44867
1345,NM_001885,A_23_P75589
1346,AK000420,A_23_P70069
1347,NM_032343,A_23_P91870
1348,NM_014500,A_23_P45345
1349,NM_006589,A_23_P103690
1350,NM_030780,A_23_P430064
1351,NM_032582,A_23_P107154
1352,NM_032604,A_23_P17242
1353,AF151866,A_23_P150115
1354,AK091093,A_23_P305581
1355,,EQC
1356,NM_031900,A_23_P156076
1357,,A_23_P83760
1358,NM_003128,A_23_P102521
1359,NM_174977,A_23_P421034
1360,NM_018456,A_23_P252201
1361,NM_024111,A_23_P14863
1362,NM_006729,A_23_P113172
1363,NM_003015,A_23_P1355
1364,NM_001212,A_23_P370434
1365,NM_002385,A_23_P208085
1366,NM_006398,A_23_P81898
1367,NM_001192,A_23_P37736
1368,,EQC
1369,NM_017881,A_23_P32036
1370,,
1371,,A_23_P211607
1372,NM_012214,A_23_P28507
1373,NM_024784,A_23_P116400
1374,NM_024311,A_23_P26704
1375,NM_016426,A_23_P57588
1376,NM_145806,A_23_P378488
1377,AK057548,A_23_P42924
1378,NM_001024847,A_23_P211957
1379,,A_23_P159269
1380,NM_006648,A_23_P219139
1381,,EQC
1382,NM_024420,A_23_P11685
1383,NM_001251,A_23_P15394
1384,,A_23_P83653
1385,NM_080474,A_23_P107623
1386,,A_23_P113983
1387,,A_23_P212002
1388,NM_023927,A_23_P22350
1389,BC031655,A_23_P873
1390,,
1391,NM_024656,A_23_P209189
1392,NM_015472,A_23_P29763
1393,NM_001544,A_23_P130537
1394,,EQC
1395,AB007945,A_23_P774
1396,NM_005000,A_23_P215751
1397,NM_139163,A_23_P349337
1398,NM_014480,A_23_P141856
1399,NM_014910,A_23_P208812
1400,NM_018465,A_23_P255869
1401,NM_006198,A_23_P109322
1402,,A_23_P125798
1403,AK001019,A_23_P63541
1404,NM_001125,A_23_P7020
1405,NM_000543,A_23_P203488
1406,D87449,A_23_P34620
1407,,EQC
1408,NM_015626,A_23_P4353
1409,NM_030939,A_23_P422222
1410,NM_031902,A_23_P28533
1411,NM_153757,A_23_P144369
1412,NM_022756,A_23_P103442
1413,NM_001040272,A_23_P342138
1414,NM_138362,A_23_P415061
1415,,A_23_P10091
1416,NM_001002031,A_23_P87616
1417,BC027712,A_23_P166858
1418,NM_024308,A_23_P27005
1419,NM_015285,A_23_P164528
1420,,EQC
1421,,A_23_P72359
1422,NM_006503,A_23_P119485
1423,NM_005937,A_23_P106985
1424,NM_005952,A_23_P303242
1425,NM_152558,A_23_P399756
1426,,A_23_P39174
1427,NM_153329,A_23_P50472
1428,NM_000536,A_23_P64525
1429,NM_019043,A_23_P401700
1430,NM_020980,A_23_P106362
1431,,E1A_r60_a135
1432,NM_207186,A_23_P75867
1433,,EQC
1434,BC020955,A_23_P212720
1435,NM_005674,A_23_P86731
1436,NM_004604,A_23_P256375
1437,NM_002827,A_23_P210569
1438,NM_000089,A_23_P255244
1439,NM_006262,A_23_P13713
1440,,A_23_P56508
1441,NM_012157,A_23_P17955
1442,NM_016484,A_23_P252491
1443,NM_004289,A_23_P42718
1444,NM_005333,A_23_P257945
1445,NM_001004023,A_23_P12282
1446,,EQC
1447,NM_133498,A_23_P101573
1448,NM_019001,A_23_P132820
1449,,A_23_P258930
1450,NM_003906,A_23_P120746
1451,NM_002299,A_23_P79213
1452,NM_004413,A_23_P152255
1453,,E1A_r60_a22
1454,NM_001038633,A_23_P22013
1455,NM_002765,A_23_P96641
1456,NM_014952,A_23_P117928
1457,NM_025241,A_23_P386905
1458,NM_014611,A_23_P365060
1459,,EQC
1460,NM_018203,A_23_P1091
1461,Y10936,A_23_P27744
1462,NM_001237,A_23_P58321
1463,NM_001778,A_23_P74145
1464,NM_024016,A_23_P370586
1465,NM_079834,A_23_P208957
1466,AK001108,A_23_P144704
1467,NM_001268,A_23_P14105
1468,NM_014331,A_23_P45199
1469,NM_001008540,A_23_P102000
1470,NM_001024401,A_23_P66174
1471,NM_002348,A_23_P22990
1472,,EQC
1473,NM_033226,A_23_P152465
1474,NM_181578,A_23_P95302
1475,,A_23_P10781
1476,NM_153029,A_23_P66081
1477,NM_024760,A_23_P208937
1478,,A_23_P202610
1479,NM_014502,A_23_P52978
1480,NM_025133,A_23_P79416
1481,NM_015654,A_23_P66421
1482,NM_005884,A_23_P67683
1483,NM_001708,A_23_P419156
1484,NM_017549,A_23_P93739
1485,,EQC
1486,NM_005602,A_23_P405088
1487,NM_005765,A_23_P11353
1488,NM_000506,A_23_P83478
1489,NM_021635,A_23_P332260
1490,NM_022059,A_23_P38505
1491,NM_153323,A_23_P413089
1492,NM_006852,A_23_P38365
1493,NM_018461,A_23_P158223
1494,NM_001779,A_23_P138308
1495,,A_23_P130359
1496,NM_014553,A_23_P5301
1497,NM_080859,A_23_P251528
1498,,EQC
1499,NM_006100,A_23_P250800
1500,NM_178445,A_23_P6909
1501,NM_033312,A_23_P201921
1502,NM_002928,A_23_P320578
1503,NM_024109,A_23_P3885
1504,NM_018112,A_23_P60259
1505,NM_001249,A_23_P117576
1506,NM_183233,A_23_P139260
1507,,A_23_P135837
1508,,
1509,,A_23_P91076
1510,NM_021999,A_23_P139934
1511,NM_003241,A_23_P41241
1512,NM_004004,A_23_P204947
1513,NM_018181,A_23_P346421
1514,NM_006846,A_23_P10251
1515,NM_007125,A_23_P329831
1516,NM_005721,A_23_P108785
1517,NM_032116,A_23_P151415
1518,NM_004439,A_23_P147834
1519,NM_018995,A_23_P143774
1520,,A_23_P113196
1521,NM_033343,A_23_P23869
1522,,
1523,NM_003821,A_23_P252106
1524,NM_000758,A_23_P133408
1525,AF011794,A_23_P48897
1526,NM_000424,A_23_P218040
1527,,A_23_P44946
1528,NM_000281,A_23_P63926
1529,BC029608,A_23_P367646
1530,NM_001007559,A_23_P141738
1531,NM_012071,A_23_P138514
1532,NM_005123,A_23_P25396
1533,NM_130837,A_23_P211797
1534,NM_006819,A_23_P113078
1535,NM_014109,A_23_P216068
1536,BC044246,A_23_P391906
1537,NM_152474,A_23_P303803
1538,,A_23_P376704
1539,,A_23_P66236
1540,NM_001004759,A_23_P24856
1541,NM_033423,A_23_P128993
1542,,A_23_P4153
1543,NM_004004,A_23_P407042
1544,NM_145025,A_23_P348749
1545,NM_004779,A_23_P110843
1546,S82024,A_23_P399265
1547,NM_001235,A_23_P75998
1548,NM_024057,A_23_P48099
1549,NM_005892,A_23_P89365
1550,NM_152612,A_23_P342108
1551,NM_024535,A_23_P38046
1552,NM_004496,A_23_P37127
1553,NM_021034,A_23_P73290
1554,NM_004335,A_23_P39465
1555,NM_031293,A_23_P106874
1556,NM_002777,A_23_P142345
1557,BC063642,A_23_P350062
1558,NM_005959,A_23_P127422
1559,,E1A_r60_1
1560,NM_145047,A_23_P103433
1561,NM_138779,A_23_P362046
1562,NM_024967,A_23_P39456
1563,NM_006663,A_23_P119095
1564,,A_23_P309261
1565,NM_017915,A_23_P87769
1566,NM_001538,A_23_P3592
1567,NM_183062,A_23_P95424
1568,NM_032571,A_23_P218549
1569,,A_23_P142197
1570,NM_032372,A_23_P75060
1571,NM_005543,A_23_P309281
1572,NM_002270,A_23_P156101
1573,NM_080671,A_23_P392575
1574,,A_23_P61911
1575,NM_015439,A_23_P31085
1576,NM_181832,A_23_P251051
1577,NM_022137,A_23_P162899
1578,,
1579,NM_001242,A_23_P48088
1580,,A_23_P61937
1581,NM_138453,A_23_P44794
1582,NM_176877,A_23_P126100
1583,NM_018723,A_23_P140858
1584,NM_002956,A_23_P25003
1585,NM_006788,A_23_P376599
1586,NM_201402,A_23_P252589
1587,NM_145261,A_23_P121396
1588,,E1A_r60_a20
1589,NM_018847,A_23_P83159
1590,,A_23_P33088
1591,NM_032959,A_23_P215669
1592,NM_021065,A_23_P428184
1593,NM_144726,A_23_P167556
1594,NM_006083,A_23_P133245
1595,,A_23_P215382
1596,NM_002041,A_23_P205789
1597,NM_004660,A_23_P217797
1598,NM_024025,A_23_P146134
1599,NM_153027,A_23_P422753
1600,NM_133497,A_23_P32083
1601,NM_025222,A_23_P109877
1602,NM_007112,A_23_P201047
1603,NM_000408,A_23_P119812
1604,NM_014058,A_23_P18748
1605,NM_003795,A_23_P42498
1606,NM_152437,A_23_P359654
1607,NM_001138,A_23_P502320
1608,NM_012398,A_23_P78950
1609,NM_005732,A_23_P250404
1610,NM_017639,A_23_P144490
1611,NM_006587,A_23_P81131
1612,NM_004607,A_23_P167698
1613,NM_002118,A_23_P389924
1614,,A_23_P435541
1615,NM_178014,A_23_P81914
1616,NM_054114,A_23_P253145
1617,NM_014260,A_23_P122563
1618,NM_016448,A_23_P10385
1619,NM_032118,A_23_P68068
1620,NM_152652,A_23_P415643
1621,NM_005328,A_23_P10205
1622,NM_004310,A_23_P58132
1623,NM_001116,A_23_P49436
1624,NM_030901,A_23_P28023
1625,,A_23_P112577
1626,NM_000951,A_23_P67355
1627,NM_173858,A_23_P303238
1628,NM_002392,A_23_P204775
1629,NM_001676,A_23_P87982
1630,NM_004927,A_23_P138819
1631,NM_152586,A_23_P63769
1632,NM_182607,A_23_P22579
1633,NM_002515,A_23_P205435
1634,,
1635,NM_138334,A_23_P67323
1636,NM_022910,A_23_P140748
1637,NM_079423,A_23_P344973
1638,NM_006290,A_23_P156898
1639,NM_001024948,A_23_P201206
1640,NM_006941,A_23_P143694
1641,AF527974,A_23_P385192
1642,NM_006018,A_23_P64721
1643,NM_032383,A_23_P40821
1644,NM_006703,A_23_P93389
1645,,A_23_P43617
1646,NM_031474,A_23_P13929
1647,NM_003353,A_23_P131695
1648,NM_147156,A_23_P356088
1649,NM_020715,A_23_P117335
1650,NM_001005189,A_23_P85963
1651,NM_000948,A_23_P214994
1652,NM_001057,A_23_P24135
1653,NM_003310,A_23_P256773
1654,NM_021146,A_23_P114862
1655,NM_005954,A_23_P315273
1656,NM_000185,A_23_P6335
1657,NM_002529,A_23_P34804
1658,NM_003630,A_23_P259328
1659,NM_016823,A_23_P94953
1660,NM_033017,A_23_P255630
1661,NM_024790,A_23_P169558
1662,NM_032974,A_23_P312822
1663,,A_23_P95876
1664,NM_002429,A_23_P203882
1665,NM_178562,A_23_P392928
1666,NM_001644,A_23_P14019
1667,NM_003755,A_23_P38887
1668,NM_005605,A_23_P157495
1669,NM_001410,A_23_P335206
1670,NM_198175,A_23_P152804
1671,NM_001014445,A_23_P141315
1672,NM_031206,A_23_P256021
1673,NM_144770,A_23_P342000
1674,NM_022558,A_23_P207160
1675,NM_002973,A_23_P48141
1676,NM_020748,A_23_P420269
1677,NM_033151,A_23_P141074
1678,,
1679,NM_000972,A_23_P135084
1680,NM_018441,A_23_P91139
1681,NM_021927,A_23_P155959
1682,NM_000398,A_23_P251065
1683,NM_005845,A_23_P333463
1684,NM_020987,A_23_P202269
1685,NM_032310,A_23_P146367
1686,NM_032649,A_23_P9869
1687,NM_024089,A_23_P128613
1688,NM_031412,A_23_P65817
1689,NM_203376,A_23_P46690
1690,NM_206898,A_23_P304554
1691,,A_23_P203630
1692,NM_005291,A_23_P16963
1693,NM_005535,A_23_P101783
1694,NM_001937,A_23_P427533
1695,NM_003946,A_23_P206371
1696,NM_018053,A_23_P149497
1697,NM_015102,A_23_P351739
1698,NM_018406,A_23_P259022
1699,NM_032961,A_23_P158851
1700,NM_004526,A_23_P250801
1701,NM_014945,A_23_P256204
1702,NM_080429,A_23_P354962
1703,AY376084,A_23_P259767
1704,NM_206914,A_23_P320878
1705,NM_020247,A_23_P85593
1706,,A_23_P208609
1707,NM_015997,A_23_P601
1708,NM_005829,A_23_P100011
1709,NM_014677,A_23_P147786
1710,NM_004821,A_23_P58770
1711,NM_173544,A_23_P345802
1712,NM_001002918,A_23_P139050
1713,CD386442,A_23_P58091
1714,NM_014913,A_23_P164468
1715,NM_015071,A_23_P214066
1716,NM_002289,A_23_P116765
1717,NM_002139,A_23_P96420
1718,NM_003079,A_23_P333060
1719,NM_018343,A_23_P133284
1720,NM_145911,A_23_P89070
1721,,A_23_P256055
1722,NM_007178,A_23_P13852
1723,NM_000876,A_23_P334021
1724,NM_144702,A_23_P374914
1725,NM_024795,A_23_P114008
1726,NM_015380,A_23_P29321
1727,NM_022092,A_23_P354297
1728,NM_000415,A_23_P139648
1729,NM_153236,A_23_P8388
1730,NM_004096,A_23_P115922
1731,NM_016231,A_23_P15647
1732,NR_003087,A_23_P166207
1733,,A_23_P41561
1734,NM_006779,A_23_P1602
1735,NM_001025295,A_23_P150664
1736,NM_018590,A_23_P149887
1737,NM_002309,A_23_P155017
1738,NM_147175,A_23_P169828
1739,NM_025202,A_23_P154338
1740,NM_014324,A_23_P110676
1741,NM_000569,A_23_P200728
1742,NM_003450,A_23_P49327
1743,NM_019063,A_23_P165896
1744,NM_003719,A_23_P259065
1745,NM_018212,A_23_P337767
1746,NM_005148,A_23_P49842
1747,NM_032270,A_23_P103773
1748,NM_138980,A_23_P45025
1749,NM_016143,A_23_P210719
1750,NM_022052,A_23_P171336
1751,NM_016316,A_23_P142935
1752,NM_024549,A_23_P76402
1753,NM_007131,A_23_P73708
1754,NM_001688,A_23_P46275
1755,NM_000455,A_23_P16483
1756,NM_016335,A_23_P68777
1757,NM_001002760,A_23_P45598
1758,NM_012217,A_23_P140719
1759,NM_021003,A_23_P151679
1760,NM_022090,A_23_P259103
1761,NM_032885,A_23_P101342
1762,NM_003089,A_23_P4909
1763,,
1764,NM_006082,A_23_P430572
1765,NM_178858,A_23_P344619
1766,NM_033259,A_23_P18404
1767,NM_005235,A_23_P10276
1768,,
1769,AB082523,A_23_P5422
1770,NM_006767,A_23_P57404
1771,NM_003535,A_23_P93282
1772,NM_194283,A_23_P110527
1773,NM_031958,A_23_P107454
1774,NM_201550,A_23_P139572
1775,NM_012478,A_23_P3900
1776,NM_001543,A_23_P30429
1777,NM_213568,A_23_P388170
1778,NM_003356,A_23_P139347
1779,NM_005574,A_23_P53126
1780,NM_015308,A_23_P395595
1781,NM_016823,A_23_P72149
1782,NM_032181,A_23_P108676
1783,NM_006145,A_23_P90062
1784,NM_199454,A_23_P125972
1785,NM_000773,A_23_P98002
1786,,A_23_P12778
1787,NM_133638,A_23_P259851
1788,NM_003686,A_23_P23303
1789,NM_198196,A_23_P32770
1790,NM_032424,A_23_P116166
1791,,A_23_P167626
1792,NM_002130,A_23_P399813
1793,NM_030763,A_23_P136909
1794,NM_053284,A_23_P163666
1795,NM_176875,A_23_P162007
1796,NM_004784,A_23_P73170
1797,NM_024913,A_23_P123209
1798,NM_022067,A_23_P163148
1799,NM_001378,A_23_P154108
1800,NM_021928,A_23_P132936
1801,NM_053024,A_23_P253301
1802,NM_001813,A_23_P253524
1803,NM_002073,A_23_P416581
1804,NM_021141,A_23_P79738
1805,NM_001005368,A_23_P98052
1806,NM_018036,A_23_P88163
1807,NM_002467,A_23_P422580
1808,NM_001361,A_23_P15202
1809,NM_006467,A_23_P41942
1810,,A_23_P135654
1811,NM_001622,A_23_P155509
1812,NM_021571,A_23_P86974
1813,NM_000686,A_23_P62309
1814,NM_024698,A_23_P409386
1815,NM_002818,A_23_P65427
1816,NM_024504,A_23_P123488
1817,NM_080625,A_23_P91414
1818,NM_014089,A_23_P204891
1819,,A_23_P163066
1820,,A_23_P35655
1821,NM_004138,A_23_P78265
1822,NM_015199,A_23_P109794
1823,NM_014772,A_23_P207964
1824,NM_005723,A_23_P323930
1825,NM_002022,A_23_P160990
1826,NM_203377,A_23_P6433
1827,NM_020993,A_23_P61831
1828,BC070103,A_23_P37785
1829,NM_176885,A_23_P416191
1830,NM_022165,A_23_P164912
1831,,A_23_P11295
1832,NM_182476,A_23_P65577
1833,NM_007074,A_23_P106761
1834,NM_133326,A_23_P23797
1835,NM_000963,A_23_P200345
1836,NM_000889,A_23_P76529
1837,NM_173659,A_23_P255916
1838,NM_203462,A_23_P425826
1839,NM_005130,A_23_P30126
1840,NM_003559,A_23_P49507
1841,,
1842,BC014095,A_23_P104689
1843,NM_002305,A_23_P166459
1844,,
1845,,A_23_P32489
1846,NM_014178,A_23_P205713
1847,,A_23_P55213
1848,NM_020804,A_23_P258088
1849,NM_006241,A_23_P17975
1850,NM_021127,A_23_P207999
1851,,A_23_P171198
1852,NM_001014809,A_23_P132889
1853,NM_033082,A_23_P43946
1854,NM_022372,A_23_P26444
1855,BC033021,A_23_P69531
1856,NM_024625,A_23_P20122
1857,NM_175744,A_23_P406422
1858,,A_23_P103051
1859,NM_031277,A_23_P204913
1860,NM_001005496,A_23_P161857
1861,NM_004487,A_23_P33173
1862,NM_003840,A_23_P95417
1863,NM_002905,A_23_P203870
1864,NM_003016,A_23_P77776
1865,NM_000553,A_23_P250813
1866,NM_172210,A_23_P407012
1867,NM_001795,A_23_P129496
1868,NM_014285,A_23_P216390
1869,NM_172311,A_23_P79488
1870,NM_007255,A_23_P41872
1871,AK123871,A_23_P43663
1872,NM_001612,A_23_P202897
1873,NM_002755,A_23_P20248
1874,NM_024294,A_23_P133974
1875,AK022356,A_23_P25755
1876,NR_104343,A_23_P107432
1877,AL136588,A_23_P123448
1878,NM_006242,A_23_P302494
1879,NM_152379,A_23_P46095
1880,NM_000671,A_23_P390133
1881,NM_013341,A_23_P28420
1882,NM_016422,A_23_P139066
1883,NM_021572,A_23_P214244
1884,AK131385,A_23_P135423
1885,NM_001001671,A_23_P147539
1886,NM_000562,A_23_P46639
1887,NM_005857,A_23_P137427
1888,NM_001001349,A_23_P10135
1889,NM_138327,A_23_P93531
1890,NM_001483,A_23_P82669
1891,,A_23_P159335
1892,NM_054022,A_23_P311608
1893,NM_139283,A_23_P306933
1894,,A_23_P51419
1895,NM_015919,A_23_P218434
1896,NM_001906,A_23_P431139
1897,NM_012101,A_23_P203267
1898,NM_003794,A_23_P72568
1899,NM_014452,A_23_P42065
1900,NM_005065,A_23_P88411
1901,NM_005732,A_23_P250404
1902,NM_032348,A_23_P32444
1903,,A_23_P108394
1904,,A_23_P49424
1905,NM_001033047,A_23_P253896
1906,AY358101,A_23_P152752
1907,NM_173672,A_23_P111361
1908,NM_012415,A_23_P82738
1909,NM_012328,A_23_P258944
1910,NM_006947,A_23_P337201
1911,NM_014070,A_23_P59118
1912,NM_018115,A_23_P7052
1913,NM_178349,A_23_P368862
1914,NM_018201,A_23_P94660
1915,NM_133433,A_23_P213883
1916,NM_018937,A_23_P92664
1917,NM_002629,A_23_P138620
1918,NM_001014764,A_23_P78134
1919,NM_016496,A_23_P33686
1920,NM_152359,A_23_P16283
1921,,A_23_P205121
1922,NM_175053,A_23_P379146
1923,NM_001861,A_23_P141028
1924,NM_001654,A_23_P73511
1925,BX647344,A_23_P53257
1926,NM_001004489,A_23_P98659
1927,NM_022134,A_23_P326157
1928,NM_021830,A_23_P138461
1929,,A_23_P53492
1930,NM_001037813,A_23_P119518
1931,,A_23_P106451
1932,NM_022152,A_23_P79331
1933,NM_006137,A_23_P118862
1934,NM_007184,A_23_P41021
1935,,A_23_P93998
1936,NM_012296,A_23_P203743
1937,NM_013276,A_23_P310350
1938,NM_025106,A_23_P200096
1939,NM_001004739,A_23_P1855
1940,NM_016498,A_23_P29209
1941,NM_004098,A_23_P44264
1942,NM_000491,A_23_P137366
1943,NM_015065,A_23_P403334
1944,NM_003875,A_23_P21033
1945,NM_152402,A_23_P18515
1946,,A_23_P31707
1947,NM_015383,A_23_P12455
1948,NM_174941,A_23_P61466
1949,NM_020368,A_23_P92424
1950,NM_030770,A_23_P52797
1951,NM_203402,A_23_P99625
1952,NM_002086,A_23_P89246
1953,NM_024334,A_23_P121196
1954,NM_024508,A_23_P113793
1955,NM_032027,A_23_P148959
1956,,E1A_r60_a22
1957,NM_020139,A_23_P92490
1958,,A_23_P321220
1959,NM_006546,A_23_P83498
1960,NM_002307,A_23_P108069
1961,,A_23_P52657
1962,NM_024909,A_23_P70509
1963,NM_001010852,A_23_P363123
1964,NM_002743,A_23_P208615
1965,NM_016154,A_23_P16119
1966,NM_001004063,A_23_P2973
1967,,E1A_r60_a135
1968,NM_001005201,A_23_P98506
1969,NM_175878,A_23_P420431
1970,NM_017450,A_23_P61810
1971,NM_133462,A_23_P212515
1972,NM_003285,A_23_P45864
1973,NM_152618,A_23_P349481
1974,NM_001170,A_23_P158041
1975,NM_025204,A_23_P166553
1976,NM_001008,A_23_P259314
1977,NM_022166,A_23_P349321
1978,NM_016639,A_23_P49338
1979,,A_23_P44413
1980,NM_014548,A_23_P48803
1981,NM_012252,A_23_P254296
1982,NM_001018115,A_23_P143994
1983,NM_017677,A_23_P84995
1984,NM_213674,A_23_P216501
1985,NM_022831,A_23_P97451
1986,CR749561,A_23_P87941
1987,NM_000809,A_23_P56883
1988,NM_017921,A_23_P72044
1989,NM_020184,A_23_P119923
1990,NM_000553,A_23_P250813
1991,NM_014969,A_23_P23748
1992,NM_001008397,A_23_P122052
1993,AK002004,A_23_P403869
1994,NM_201397,A_23_P250671
1995,AK054756,A_23_P435624
1996,,A_23_P143676
1997,NM_002931,A_23_P93372
1998,NM_020116,A_23_P92396
1999,NM_021632,A_23_P78458
2000,NM_002122,A_23_P30721
2001,NM_032377,A_23_P130689
2002,NM_005419,A_23_P76090
2003,L11573,A_23_P170409
2004,,A_23_P83990
2005,NM_000034,A_23_P88961
2006,AY358357,A_23_P156550
2007,NM_006370,A_23_P14284
2008,NM_006617,A_23_P103675
2009,NM_005900,A_23_P212870
2010,NM_016212,A_23_P37994
2011,,A_23_P208582
2012,NM_020774,A_23_P433838
2013,NM_003804,A_23_P370005
2014,NM_133177,A_23_P149064
2015,BC036782,A_23_P63997
2016,NM_144964,A_23_P400458
2017,NM_022764,A_23_P100453
2018,NM_022132,A_23_P18887
2019,NM_013232,A_23_P218997
2020,NM_182974,A_23_P258824
2021,NM_030900,A_23_P215652
2022,NM_004929,A_23_P43196
2023,NM_138501,A_23_P56339
2024,NM_006039,A_23_P49632
2025,NM_145058,A_23_P76109
2026,NM_005967,A_23_P368187
2027,NM_207012,A_23_P158938
2028,NM_033181,A_23_P214208
2029,NM_001030,A_23_P74629
2030,NM_182703,A_23_P140642
2031,NM_006839,A_23_P39844
2032,NM_015013,A_23_P133
2033,NM_006493,A_23_P117286
2034,NM_007152,A_23_P252748
2035,BC093765,A_23_P81845
2036,NM_016848,A_23_P72807
2037,NM_177478,A_23_P367596
2038,L10403,A_23_P92403
2039,NM_000858,A_23_P201097
2040,NM_020159,A_23_P213255
2041,NM_201263,A_23_P74380
2042,NM_014602,A_23_P132525
2043,NM_001079,A_23_P39682
2044,,E1A_r60_a135
2045,,A_23_P310317
2046,,A_23_P28493
2047,,A_23_P259531
2048,NM_017819,A_23_P166716
2049,NM_020727,A_23_P40503
2050,NM_002504,A_23_P94683
2051,,A_23_P31243
2052,,A_23_P164586
2053,NM_003550,A_23_P42657
2054,AK125672,A_23_P152991
2055,NM_022061,A_23_P87251
2056,NM_014310,A_23_P143673
2057,NM_014038,A_23_P157215
2058,NM_004525,A_23_P28295
2059,NM_003604,A_23_P85039
2060,NM_001405,A_23_P119533
2061,,
2062,NM_032588,A_23_P114983
2063,NM_006441,A_23_P163380
2064,NM_024013,A_23_P135146
2065,NM_025161,A_23_P113417
2066,NM_017572,A_23_P142305
2067,NM_001745,A_23_P213728
2068,NM_003390,A_23_P127926
2069,AL359584,A_23_P32426
2070,NM_182924,A_23_P258220
2071,NM_000152,A_23_P153026
2072,NM_016199,A_23_P90463
2073,NM_079422,A_23_P500593
2074,NM_016937,A_23_P94980
2075,NM_015332,A_23_P31477
2076,NM_178850,A_23_P28761
2077,NM_022823,A_23_P16834
2078,NM_024701,A_23_P202510
2079,NM_004801,A_23_P95453
2080,AY360464,A_23_P129397
2081,NM_001858,A_23_P70258
2082,NM_000355,A_23_P40605
2083,NM_000266,A_23_P73609
2084,AK055281,A_23_P309250
2085,NM_018947,A_23_P255849
2086,NM_017721,A_23_P55869
2087,NM_004770,A_23_P71448
2088,NM_012238,A_23_P98022
2089,NM_032833,A_23_P160446
2090,NM_003659,A_23_P368645
2091,BC107073,A_23_P404042
2092,NM_003250,A_23_P207742
2093,NM_006742,A_23_P390599
2094,,A_23_P49610
2095,NM_022128,A_23_P9523
2096,NM_004636,A_23_P132718
2097,NM_053056,A_23_P202837
2098,NM_145345,A_23_P11936
2099,NM_007097,A_23_P252677
2100,NM_003692,A_23_P135194
2101,,
2102,NM_001002036,A_23_P102439
2103,NM_001005469,A_23_P116344
2104,NM_022337,A_23_P161559
2105,NM_015948,A_23_P145463
2106,NM_003443,A_23_P654
2107,,A_23_P33881
2108,NM_024329,A_23_P23443
2109,NM_006909,A_23_P133386
2110,NM_022467,A_23_P90273
2111,NM_175614,A_23_P320185
2112,,A_23_P92122
2113,NM_003112,A_23_P71064
2114,NM_025137,A_23_P65699
2115,NM_018266,A_23_P84334
2116,NM_018132,A_23_P70328
2117,NM_000219,A_23_P154855
2118,NM_198271,A_23_P155250
2119,NM_003979,A_23_P36825
2120,NM_032024,A_23_P113034
2121,NM_017590,A_23_P218807
2122,NM_004933,A_23_P147134
2123,NM_014633,A_23_P127676
2124,AA018311,A_23_P35369
2125,NM_130385,A_23_P161837
2126,NM_003686,A_23_P23303
2127,AL832747,A_23_P136693
2128,NM_004599,A_23_P419602
2129,NM_153456,A_23_P381523
2130,NM_022006,A_23_P119611
2131,NM_153023,A_23_P65177
2132,NM_053054,A_23_P52681
2133,BC004884,A_23_P157521
2134,NM_152623,A_23_P374281
2135,NM_007180,A_23_P104811
2136,NM_005008,A_23_P80362
2137,NM_001624,A_23_P70785
2138,NM_012481,A_23_P376060
2139,AK023372,A_23_P23696
2140,NM_001018005,A_23_P363348
2141,,
2142,NM_022770,A_23_P152136
2143,NM_001640,A_23_P41137
2144,NM_000214,A_23_P210763
2145,NM_012388,A_23_P406889
2146,NM_198538,A_23_P108251
2147,NM_005809,A_23_P142045
2148,NM_031412,A_23_P162640
2149,NM_018279,A_23_P385744
2150,NM_003662,A_23_P137035
2151,NM_006070,A_23_P29515
2152,NM_004870,A_23_P26795
2153,NM_005282,A_23_P16047
2154,NM_152743,A_23_P251896
2155,NM_018449,A_23_P60471
2156,NM_006422,A_23_P14035
2157,NM_014708,A_23_P136817
2158,AK055382,A_23_P360268
2159,NM_002081,A_23_P209904
2160,NM_015015,A_23_P165051
2161,NM_173854,A_23_P368182
2162,NM_025238,A_23_P205830
2163,NM_005376,A_23_P160668
2164,NM_032315,A_23_P36226
2165,NM_182491,A_23_P336992
2166,NM_000040,A_23_P203183
2167,AL832419,A_23_P79951
2168,NM_017680,A_23_P216429
2169,NM_201380,A_23_P22112
2170,NM_020121,A_23_P204980
2171,NM_005434,A_23_P102551
2172,,A_23_P35769
2173,NM_020762,A_23_P162446
2174,NM_004818,A_23_P64770
2175,NM_000281,A_23_P367405
2176,NM_006366,A_23_P421664
2177,NM_024297,A_23_P38478
2178,NM_005060,A_23_P51820
2179,,A_23_P111766
2180,NM_014482,A_23_P131592
2181,NM_000361,A_23_P91390
2182,NM_001001484,A_23_P323774
2183,NM_014988,A_23_P83403
2184,NM_017758,A_23_P153046
2185,NM_001806,A_23_P356755
2186,,A_23_P259040
2187,NM_001849,A_23_P211232
2188,NM_012247,A_23_P150092
2189,NM_001005275,A_23_P139103
2190,NM_033510,A_23_P324340
2191,,
2192,NM_016245,A_23_P21644
2193,NM_001006641,A_23_P9432
2194,NM_001558,A_23_P203173
2195,NM_138799,A_23_P370637
2196,NM_015284,A_23_P51639
2197,NM_014970,A_23_P62920
2198,NM_005819,A_23_P97725
2199,AL117401,A_23_P311094
2200,NM_017982,A_23_P201066
2201,NM_003921,A_23_P115286
2202,NM_145791,A_23_P36658
2203,,
2204,NM_017819,A_23_P166716
2205,NM_001171,A_23_P366825
2206,NM_022760,A_23_P17471
2207,AL834433,A_23_P148114
2208,NM_153703,A_23_P368154
2209,NM_003316,A_23_P120703
2210,NM_020360,A_23_P49597
2211,NM_017853,A_23_P100469
2212,NM_016257,A_23_P103725
2213,NM_017570,A_23_P170186
2214,NM_001004485,A_23_P254017
2215,,
2216,NM_005259,A_23_P165727
2217,,A_23_P152603
2218,NM_203370,A_23_P158470
2219,NM_018022,A_23_P12044
2220,NM_006527,A_23_P7101
2221,NM_182776,A_23_P93690
2222,NM_030569,A_23_P104252
2223,,
2224,NM_000795,A_23_P203062
2225,NM_182543,A_23_P61580
2226,NM_001001975,A_23_P5089
2227,NM_001045,A_23_P152995
2228,NM_005511,A_23_P43350
2229,NM_005334,A_23_P125764
2230,NM_001237,A_23_P58321
2231,NM_001042519,A_23_P210063
2232,NM_004123,A_23_P141459
2233,NM_014508,A_23_P120931
2234,,A_23_P210015
2235,NM_032773,A_23_P355364
2236,NM_020061,A_23_P114374
2237,,
2238,AF055899,A_23_P259714
2239,NM_033083,A_23_P412537
2240,NR_003494,A_23_P146247
2241,NM_032414,A_23_P51745
2242,NM_000169,A_23_P45475
2243,NM_015532,A_23_P117752
2244,NM_181335,A_23_P91779
2245,NM_004053,A_23_P145194
2246,,A_23_P23490
2247,NM_212472,A_23_P164170
2248,,E1A_r60_3
2249,NM_017492,A_23_P147439
2250,NM_032415,A_23_P82327
2251,NM_007042,A_23_P211864
2252,NM_001007561,A_23_P165072
2253,NM_017584,A_23_P68998
2254,NM_001277,A_23_P124742
2255,NM_019035,A_23_P256872
2256,BC000807,A_23_P208240
2257,NM_001001913,A_23_P53070
2258,NM_020350,A_23_P147215
2259,NM_014567,A_23_P66319
2260,NM_006781,A_23_P122552
2261,NM_024410,A_23_P31628
2262,NM_005850,A_23_P35125
2263,AB014575,A_23_P435051
2264,NM_017514,A_23_P11309
2265,U91329,A_23_P107369
2266,NM_006156,A_23_P88420
2267,BC022233,A_23_P27692
2268,NM_001478,A_23_P87461
2269,NM_001006683,A_23_P125553
2270,S67970,A_23_P339560
2271,NM_032880,A_23_P95899
2272,NR_001533,A_23_P45592
2273,NM_001004723,A_23_P106097
2274,NM_020399,A_23_P336040
2275,,A_23_P116016
2276,NM_019844,A_23_P105475
2277,NM_020458,A_23_P136335
2278,NM_012415,A_23_P82738
2279,NM_080284,A_23_P500400
2280,NM_015409,A_23_P421465
2281,AK126324,A_23_P38723
2282,,A_23_P376449
2283,NM_000946,A_23_P25019
2284,NM_032844,A_23_P201988
2285,NM_057091,A_23_P103648
2286,NM_000328,A_23_P136963
2287,NM_022042,A_23_P80953
2288,NM_014288,A_23_P23765
2289,NM_030753,A_23_P130158
2290,NM_006456,A_23_P49499
2291,NM_006810,A_23_P167040
2292,NM_004639,A_23_P111141
2293,NM_005826,A_23_P45733
2294,NM_031370,A_23_P58353
2295,NM_002434,A_23_P163659
2296,NM_030582,A_23_P211212
2297,NR_002714,A_23_P108546
2298,NM_000446,A_23_P168598
2299,NM_013277,A_23_P65110
2300,NM_006060,A_23_P147043
2301,NM_006859,A_23_P254081
2302,NM_198268,A_23_P95002
2303,,
2304,NM_002035,A_23_P27367
2305,NM_015107,A_23_P112991
2306,NM_003134,A_23_P14876
2307,NM_014421,A_23_P155848
2308,NM_058187,A_23_P40433
2309,BX283729,A_23_P163044
2310,NM_153221,A_23_P377318
2311,NM_001005492,A_23_P87115
2312,NM_152683,A_23_P358470
2313,NM_015342,A_23_P110433
2314,NM_004853,A_23_P146908
2315,,A_23_P60793
2316,NM_004588,A_23_P13157
2317,,A_23_P157186
2318,NM_001005915,A_23_P203856
2319,,E1A_r60_a22
2320,NM_002546,A_23_P71530
2321,,A_23_P57643
2322,NM_001012421,A_23_P216889
2323,AK057304,A_23_P315310
2324,NM_031430,A_23_P26815
2325,NM_002918,A_23_P142039
2326,NM_213609,A_23_P146898
2327,NM_182519,A_23_P80027
2328,NM_152992,A_23_P168584
2329,,
2330,NM_021728,A_23_P48663
2331,NM_000953,A_23_P393777
2332,NM_007229,A_23_P80377
2333,NM_145341,A_23_P258862
2334,NM_005532,A_23_P48513
2335,NM_005156,A_23_P9192
2336,NM_001008707,A_23_P205746
2337,NM_001379,A_23_P27490
2338,NM_030903,A_23_P255389
2339,,A_23_P51966
2340,AK000385,A_23_P30707
2341,NM_002645,A_23_P36166
2342,NM_001244,A_23_P169257
2343,,A_23_P70077
2344,NM_182976,A_23_P85969
2345,,A_23_P104867
2346,,
2347,NM_031965,A_23_P66732
2348,NM_031909,A_23_P52597
2349,NM_019005,A_23_P59602
2350,NM_019843,A_23_P132263
2351,NM_022783,A_23_P60166
2352,NM_152569,A_23_P366933
2353,NM_016180,A_23_P259049
2354,NM_001913,A_23_P253376
2355,NM_033066,A_23_P131263
2356,NM_001001920,A_23_P52914
2357,,
2358,,A_23_P87299
2359,NM_024119,A_23_P38346
2360,NM_181780,A_23_P80886
2361,NM_001005238,A_23_P116506
2362,NM_145244,A_23_P302672
2363,NM_006197,A_23_P82950
2364,NM_032130,A_23_P25445
2365,NM_152637,A_23_P385162
2366,NM_004347,A_23_P47304
2367,NM_014766,A_23_P215355
2368,NM_004102,A_23_P34518
2369,BC062636,A_23_P147514
2370,NM_020927,A_23_P400449
2371,NM_182706,A_23_P136265
2372,NM_005234,A_23_P108326
2373,NM_001004466,A_23_P56272
2374,NM_004825,A_23_P22791
2375,NM_152570,A_23_P157926
2376,NM_148672,A_23_P503072
2377,NM_004152,A_23_P409951
2378,,A_23_P251469
2379,NM_006828,A_23_P19565
2380,NM_006312,A_23_P203891
2381,NM_022658,A_23_P13743
2382,NM_006546,A_23_P83498
2383,NM_004979,A_23_P217218
2384,,E1A_r60_a135
2385,NM_016112,A_23_P12554
2386,NM_018718,A_23_P215078
2387,NM_033210,A_23_P29384
2388,NM_020177,A_23_P41697
2389,NM_002202,A_23_P81529
2390,NM_004703,A_23_P78158
2391,,A_23_P206916
2392,NM_005662,A_23_P60069
2393,NM_002722,A_23_P207336
2394,NM_003094,A_23_P126291
2395,NM_031219,A_23_P112541
2396,NM_003387,A_23_P330612
2397,NM_002394,A_23_P75808
2398,NM_012208,A_23_P41588
2399,NM_178042,A_23_P69249
2400,NM_153229,A_23_P38386
2401,,E1A_r60_n9
2402,NM_032871,A_23_P47735
2403,NM_024420,A_23_P11685
2404,NM_152505,A_23_P312893
2405,AF086442,A_23_P156996
2406,,A_23_P169960
2407,NM_152434,A_23_P161716
2408,,A_23_P310864
2409,BC053871,A_23_P205939
2410,NM_014408,A_23_P200535
2411,AB020663,A_23_P14609
2412,NM_014883,A_23_P7137
2413,NM_004895,A_23_P9883
2414,AF044127,A_23_P14376
2415,NM_006540,A_23_P428999
2416,NM_001039479,A_23_P54189
2417,NM_002658,A_23_P24104
2418,NM_001005480,A_23_P259658
2419,NM_021014,A_23_P252025
2420,NM_032217,A_23_P144378
2421,NM_007056,A_23_P78509
2422,NM_013992,A_23_P324916
2423,NM_015216,A_23_P213661
2424,NM_145214,A_23_P115124
2425,NM_020997,A_23_P160336
2426,NM_004001,A_23_P34650
2427,NM_022902,A_23_P218988
2428,NM_020755,A_23_P253131
2429,NM_003190,A_23_P259573
2430,NM_002562,A_23_P25354
2431,NM_001004434,A_23_P200852
2432,NM_138962,A_23_P44195
2433,NM_023930,A_23_P162162
2434,NM_018398,A_23_P304222
2435,NM_002460,A_23_P214361
2436,AF075060,A_23_P250212
2437,NM_001937,A_23_P200741
2438,NM_001033046,A_23_P118408
2439,NM_001004705,A_23_P98550
2440,NM_002416,A_23_P18452
2441,NM_002092,A_23_P212937
2442,NM_019601,A_23_P80232
2443,NM_033281,A_23_P29575
2444,,A_23_P152446
2445,NM_005435,A_23_P93988
2446,NM_001221,A_23_P144458
2447,NM_005744,A_23_P401014
2448,NM_014345,A_23_P145175
2449,NM_152442,A_23_P333650
2450,NM_005105,A_23_P104116
2451,NM_031429,A_23_P130653
2452,NM_017719,A_23_P211985
2453,NM_006453,A_23_P106717
2454,M54927,A_23_P85201
2455,BU742592,A_23_P3340
2456,NM_014209,A_23_P101831
2457,NM_004598,A_23_P81598
2458,NM_016239,A_23_P27229
2459,,A_23_P207400
2460,NM_001002231,A_23_P114029
2461,NM_024865,A_23_P204641
2462,NM_006564,A_23_P109913
2463,NM_000762,A_23_P16130
2464,NM_000432,A_23_P162547
2465,NM_145261,A_23_P431890
2466,NM_024814,A_23_P146004
2467,NM_003363,A_23_P80891
2468,NM_178435,A_23_P340340
2469,NM_002965,A_23_P23044
2470,,A_23_P322013
2471,,A_23_P159163
2472,NM_024315,A_23_P157283
2473,,A_23_P1533
2474,,A_23_P1331
2475,NM_000565,A_23_P160776
2476,NM_025182,A_23_P43380
2477,NM_020711,A_23_P102017
2478,NM_001004484,A_23_P32006
2479,,A_23_P37645
2480,NM_006498,A_23_P120902
2481,NM_031481,A_23_P91576
2482,NR_002224,A_23_P54858
2483,,A_23_P256911
2484,NM_006238,A_23_P214681
2485,NM_003235,A_23_P32454
2486,NM_153700,A_23_P334758
2487,NM_000594,A_23_P168071
2488,NM_138284,A_23_P345692
2489,NM_000900,A_23_P204286
2490,NM_001924,A_23_P23221
2491,NM_006308,A_23_P92730
2492,NM_001110,A_23_P48886
2493,,A_23_P86671
2494,NM_058241,A_23_P209316
2495,NM_006993,A_23_P52298
2496,NM_001008397,A_23_P122052
2497,,
2498,,A_23_P75148
2499,NM_003642,A_23_P339480
2500,,A_23_P5699
2501,NM_004334,A_23_P7325
2502,BC009198,A_23_P3552
2503,NM_152269,A_23_P339003
2504,NM_006609,A_23_P44004
2505,NM_005345,A_23_P111211
2506,NM_014893,A_23_P121437
2507,NM_002497,A_23_P35219
2508,,A_23_P36100
2509,NM_000920,A_23_P161647
2510,,
2511,NM_031924,A_23_P59397
2512,NM_002224,A_23_P19517
2513,NM_001700,A_23_P153741
2514,NM_005369,A_23_P45536
2515,NM_016032,A_23_P148057
2516,NM_022171,A_23_P58005
2517,NM_001001290,A_23_P213014
2518,NM_152361,A_23_P368259
2519,AF090908,A_23_P122688
2520,,A_23_P33773
2521,NM_005553,A_23_P13048
2522,,A_23_P426565
2523,NM_000754,A_23_P251680
2524,NM_001896,A_23_P14915
2525,NM_139168,A_23_P18772
2526,NM_014752,A_23_P2143
2527,NM_000606,A_23_P20713
2528,NM_002169,A_23_P94563
2529,NM_005527,A_23_P70547
2530,NM_005230,A_23_P204629
2531,NM_015493,A_23_P50426
2532,NM_022970,A_23_P202334
2533,,A_23_P258108
2534,NM_030786,A_23_P96965
2535,NM_014878,A_23_P20683
2536,BC039860,A_23_P102607
2537,NM_006912,A_23_P316601
2538,NR_002570,A_23_P155118
2539,NM_001455,A_23_P345575
2540,NM_015933,A_23_P41096
2541,,A_23_P170570
2542,NM_025225,A_23_P17914
2543,NM_004786,A_23_P4522
2544,S80864,A_23_P83953
2545,NM_025231,A_23_P259094
2546,NM_001040260,A_23_P304524
2547,NM_001813,A_23_P253524
2548,NM_004507,A_23_P156976
2549,NM_020683,A_23_P126540
2550,,E1A_r60_a20
2551,NM_023918,A_23_P48022
2552,NM_052962,A_23_P168288
2553,,A_23_P117480
2554,NM_018368,A_23_P81660
2555,NM_012250,A_23_P405761
2556,NM_022071,A_23_P169003
2557,BC071627,A_23_P252521
2558,AK124258,A_23_P72097
2559,,A_23_P140884
2560,NM_006952,A_23_P121293
2561,NM_014601,A_23_P119390
2562,NM_012305,A_23_P21853
2563,NM_152266,A_23_P338498
2564,NM_080792,A_23_P210708
2565,NM_000607,A_23_P169494
2566,NM_000303,A_23_P432360
2567,,A_23_P72800
2568,,A_23_P118530
2569,NM_001875,A_23_P5300
2570,NM_006716,A_23_P254612
2571,NM_176817,A_23_P359746
2572,NM_007000,A_23_P119634
2573,NM_032846,A_23_P65458
2574,NM_080759,A_23_P32577
2575,NM_033179,A_23_P128023
2576,NM_001988,A_23_P106963
2577,,
2578,NM_130807,A_23_P208940
2579,NM_178812,A_23_P250196
2580,,A_23_P8812
2581,,A_23_P166400
2582,NM_014467,A_23_P136978
2583,NM_001008393,A_23_P54721
2584,,A_23_P120809
2585,NM_152782,A_23_P329962
2586,AB058780,A_23_P131455
2587,NM_020386,A_23_P57658
2588,NM_000151,A_23_P385014
2589,NM_178174,A_23_P371904
2590,NM_020836,A_23_P72127
2591,,E1A_r60_1
2592,NM_016383,A_23_P96611
2593,NM_000394,A_23_P132147
2594,,A_23_P169479
2595,NR_049765,A_23_P11729
2596,NM_000148,A_23_P107963
2597,NM_144666,A_23_P316472
2598,NM_025191,A_23_P200330
2599,,A_23_P501265
2600,,A_23_P114585
2601,AF161538,A_23_P140192
2602,NM_025158,A_23_P73457
2603,NM_013249,A_23_P127839
2604,AK024035,A_23_P155179
2605,NM_002881,A_23_P16733
2606,NM_003222,A_23_P120472
2607,NM_144969,A_23_P319633
2608,,
2609,NM_005415,A_23_P165657
2610,NM_007123,A_23_P86301
2611,NM_014616,A_23_P212522
2612,,E1A_r60_3
2613,,A_23_P432324
2614,NM_005195,A_23_P31810
2615,NM_030763,A_23_P136909
2616,,A_23_P11742
2617,NM_002867,A_23_P62672
2618,NM_173517,A_23_P413815
2619,NM_144980,A_23_P368750
2620,NM_003512,A_23_P372860
2621,NM_005764,A_23_P394304
2622,NM_005639,A_23_P36795
2623,NM_018962,A_23_P109320
2624,NM_005575,A_23_P156063
2625,NM_005693,A_23_P47135
2626,,A_23_P212970
2627,NM_004699,A_23_P34107
2628,NM_000479,A_23_P78944
2629,,
2630,NM_175868,A_23_P136870
2631,NM_000259,A_23_P117656
2632,NM_018116,A_23_P51669
2633,NM_001008701,A_23_P208551
2634,NM_030922,A_23_P163416
2635,NM_145065,A_23_P104694
2636,NM_145729,A_23_P137848
2637,NM_002475,A_23_P2223
2638,NM_133473,A_23_P39438
2639,NM_006045,A_23_P102664
2640,NM_152426,A_23_P369966
2641,NM_024604,A_23_P2683
2642,NM_004100,A_23_P145504
2643,NM_133170,A_23_P146970
2644,NR_003608,A_23_P398628
2645,,E1A_r60_a97
2646,NM_004653,A_23_P137238
2647,NM_004536,A_23_P110473
2648,NM_031289,A_23_P139872
2649,NM_005222,A_23_P353541
2650,NM_030954,A_23_P146209
2651,NM_001009185,A_23_P7562
2652,NM_005895,A_23_P203819
2653,NM_002521,A_23_P62748
2654,NM_019101,A_23_P42265
2655,NM_032563,A_23_P115519
2656,NM_021922,A_23_P42335
2657,NM_003828,A_23_P73530
2658,NM_005532,A_23_P48513
2659,NM_014333,A_23_P203120
2660,,
2661,NM_015513,A_23_P155376
2662,NM_005109,A_23_P418413
2663,NM_032556,A_23_P501713
2664,,A_23_P44099
2665,NM_181719,A_23_P158276
2666,NM_138786,A_23_P91885
2667,NM_031210,A_23_P128986
2668,NM_001635,A_23_P31273
2669,NM_014306,A_23_P68892
2670,NM_003914,A_23_P48414
2671,NM_000885,A_23_P56501
2672,NM_001001958,A_23_P141939
2673,NM_014235,A_23_P62361
2674,NM_145054,A_23_P4074
2675,NM_152446,A_23_P320829
2676,NM_005532,A_23_P48513
2677,NM_017956,A_23_P82913
2678,NM_007034,A_23_P51339
2679,NM_003225,A_23_P68759
2680,NM_022344,A_23_P15639
2681,NM_002221,A_23_P372255
2682,NM_001514,A_23_P34628
2683,NM_021252,A_23_P138376
2684,BC020630,A_23_P11800
2685,NM_018390,A_23_P61180
2686,NM_033238,A_23_P205961
2687,NM_017761,A_23_P103201
2688,NM_138399,A_23_P428840
2689,NM_173475,A_23_P141106
2690,NM_014891,A_23_P151196
2691,NM_175868,A_23_P136870
2692,NM_000352,A_23_P24774
2693,NM_183393,A_23_P69326
2694,NM_006717,A_23_P9315
2695,NM_003526,A_23_P93180
2696,NM_002387,A_23_P95705
2697,NM_021005,A_23_P422703
2698,NM_016323,A_23_P110191
2699,NM_022154,A_23_P41424
2700,NM_002029,A_23_P38795
2701,NM_001010874,A_23_P251819
2702,NM_006168,A_23_P92342
2703,NM_012448,A_23_P100788
2704,,A_23_P97517
2705,NM_021196,A_23_P61361
2706,NM_144594,A_23_P47949
2707,,E1A_r60_n9
2708,NM_020783,A_23_P208031
2709,,A_23_P101121
2710,NM_024624,A_23_P209962
2711,,E1A_r60_1
2712,,A_23_P139104
2713,NM_004535,A_23_P210835
2714,NM_024491,A_23_P21473
2715,NM_001001556,A_23_P48807
2716,NR_001542,A_23_P160012
2717,,A_23_P169788
2718,NM_005777,A_23_P57941
2719,NM_213590,A_23_P99360
2720,NM_007032,A_23_P17854
2721,NM_032806,A_23_P18082
2722,NM_001039613,A_23_P17287
2723,NM_020354,A_23_P86623
2724,AF172850,A_23_P149441
2725,NM_022121,A_23_P369298
2726,NM_021949,A_23_P22723
2727,BX537520,A_23_P256282
2728,,A_23_P59293
2729,NM_032680,A_23_P128351
2730,NM_003456,A_23_P3748
2731,NM_021244,A_23_P133684
2732,NM_213590,A_23_P87973
2733,NM_145805,A_23_P54471
2734,,E1A_r60_n11
2735,NM_173564,A_23_P407654
2736,,A_23_P4856
2737,NM_032489,A_23_P151120
2738,NM_018145,A_23_P152087
2739,NM_018083,A_23_P38968
2740,NM_152395,A_23_P310560
2741,NM_018343,A_23_P133284
2742,,
2743,NM_004800,A_23_P151394
2744,NM_006824,A_23_P103631
2745,,A_23_P79180
2746,NM_130775,A_23_P301497
2747,NM_002010,A_23_P105803
2748,NM_016533,A_23_P48109
2749,NM_005915,A_23_P90612
2750,NM_014465,A_23_P302470
2751,,E1A_r60_a97
2752,NM_006725,A_23_P139162
2753,NM_018386,A_23_P25644
2754,NM_022046,A_23_P78717
2755,NM_002926,A_23_P352435
2756,NM_033318,A_23_P211580
2757,NM_017847,A_23_P282
2758,NM_000811,A_23_P41847
2759,NM_001460,A_23_P355295
2760,,E1A_r60_a107
2761,NM_006512,A_23_P87238
2762,NM_014597,A_23_P97584
2763,NM_004361,A_23_P153146
2764,NM_005323,A_23_P133842
2765,,A_23_P10656
2766,NM_212503,A_23_P201863
2767,NM_015528,A_23_P141536
2768,NM_024096,A_23_P33613
2769,NM_001013841,A_23_P382188
2770,NM_133334,A_23_P213205
2771,NM_205545,A_23_P94186
2772,,A_23_P9732
2773,NM_144680,A_23_P141302
2774,BG108194,A_23_P48637
2775,NM_018238,A_23_P309228
2776,NM_144721,A_23_P328739
2777,NM_001718,A_23_P19624
2778,NM_003468,A_23_P119826
2779,NM_018710,A_23_P422083
2780,NM_000992,A_23_P257609
2781,NM_017676,A_23_P110611
2782,NM_002676,A_23_P211598
2783,,A_23_P311501
2784,NM_004566,A_23_P255754
2785,NM_001767,A_23_P161076
2786,,A_23_P159775
2787,NM_033101,A_23_P139198
2788,NM_004278,A_23_P38623
2789,NM_138961,A_23_P47405
2790,NM_003322,A_23_P320026
2791,,A_23_P18641
2792,NM_002798,A_23_P15705
2793,NM_001017915,A_23_P22332
2794,NM_001010971,A_23_P61438
2795,NM_015157,A_23_P24557
2796,NM_001033580,A_23_P100868
2797,NM_002673,A_23_P57961
2798,NM_144638,A_23_P29836
2799,BC001159,A_23_P162931
2800,,NegativeControl
2801,NM_023929,A_23_P385114
2802,NM_052954,A_23_P17620
2803,NM_006618,A_23_P201789
2804,NM_018439,A_23_P208070
2805,,
2806,,NegativeControl
2807,NM_170692,A_23_P86124
2808,NM_173834,A_23_P431319
2809,NM_001012398,A_23_P163622
2810,NM_016585,A_23_P131074
2811,NM_003226,A_23_P393099
2812,,NegativeControl
2813,NM_152463,A_23_P368225
2814,NM_005067,A_23_P69121
2815,NM_014216,A_23_P37399
2816,NM_003104,A_23_P77103
2817,NM_003143,A_23_P31534
2818,,NegativeControl
2819,NM_006600,A_23_P74648
2820,NM_012437,A_23_P161022
2821,NM_005572,A_23_P34835
2822,NM_021794,A_23_P126363
2823,,A_23_P368909
2824,,NegativeControl
2825,NM_015669,A_23_P69863
2826,NM_017827,A_23_P90484
2827,,A_23_P66100
2828,NM_002821,A_23_P122402
2829,NM_018351,A_23_P73220
2830,,NegativeControl
2831,,A_23_P44663
2832,NM_207419,A_23_P100330
2833,NM_002032,A_23_P87199
2834,NM_006024,A_23_P215360
2835,,
2836,,NegativeControl
2837,NM_181837,A_23_P42045
2838,NM_018993,A_23_P91379
2839,NM_022658,A_23_P398476
2840,NM_030918,A_23_P201238
2841,NM_201434,A_23_P372411
2842,,NegativeControl
2843,,A_23_P149326
2844,NM_138290,A_23_P111724
2845,NM_176863,A_23_P164141
2846,NM_198833,A_23_P4561
2847,NM_016941,A_23_P16433
2848,,NegativeControl
2849,NM_003722,A_23_P327380
2850,NM_021801,A_23_P2052
2851,NM_005999,A_23_P51572
2852,NM_018655,A_23_P23123
2853,NM_003382,A_23_P145978
2854,,NegativeControl
2855,NM_001919,A_23_P163647
2856,NM_001005479,A_23_P155586
2857,,A_23_P203613
2858,NM_005935,A_23_P169619
2859,NM_031308,A_23_P255685
2860,,NegativeControl
2861,NM_156039,A_23_P126215
2862,NM_032306,A_23_P164760
2863,NM_001000,A_23_P34018
2864,NM_004917,A_23_P164860
2865,NM_153022,A_23_P318938
2866,,NegativeControl
2867,NM_001002811,A_23_P200801
2868,NM_005647,A_23_P259930
2869,NM_182964,A_23_P52727
2870,NM_181755,A_23_P63209
2871,NM_012092,A_23_P371215
2872,,NegativeControl
2873,NM_004052,A_23_P138635
2874,NM_139173,A_23_P415611
2875,NM_002100,A_23_P212854
2876,,
2877,,A_23_P147525
2878,,NegativeControl
2879,NM_138283,A_23_P210807
2880,NM_014814,A_23_P109928
2881,NM_002356,A_23_P214222
2882,,E1A_r60_n9
2883,NM_001001852,A_23_P61398
2884,,NegativeControl
2885,NM_198098,A_23_P372834
2886,NM_004857,A_23_P106103
2887,NM_014399,A_23_P168610
2888,NM_006938,A_23_P107644
2889,NM_000380,A_23_P60283
2890,,NegativeControl
2891,NM_006465,A_23_P88580
2892,NM_199360,A_23_P131764
2893,NM_017422,A_23_P124095
2894,,A_23_P163297
2895,NM_018170,A_23_P55641
2896,,NegativeControl
2897,NM_001001956,A_23_P135050
2898,NM_015069,A_23_P88880
2899,NM_177533,A_23_P414974
2900,,
2901,NM_000952,A_23_P51926
2902,,NegativeControl
2903,NM_013310,A_23_P254041
2904,NM_017947,A_23_P67042
2905,AY358469,A_23_P72708
2906,NM_001686,A_23_P33216
2907,NM_006500,A_23_P162171
2908,,NegativeControl
2909,NM_012113,A_23_P63379
2910,NM_018659,A_23_P10647
2911,AK098482,A_23_P16874
2912,NM_022073,A_23_P162954
2913,NM_007320,A_23_P208973
2914,,NegativeControl
2915,NM_012432,A_23_P126398
2916,NM_006741,A_23_P53417
2917,NM_015534,A_23_P11507
2918,NM_016098,A_23_P110961
2919,NM_001017979,A_23_P113760
2920,,NegativeControl
2921,NM_000068,A_23_P39486
2922,NM_024057,A_23_P48099
2923,NM_031466,A_23_P257684
2924,NM_033185,A_23_P89649
2925,NM_007180,A_23_P430753
2926,,NegativeControl
2927,NM_003020,A_23_P62081
2928,NM_004157,A_23_P22214
2929,NM_024820,A_23_P43557
2930,NM_004849,A_23_P111381
2931,NM_003063,A_23_P150343
2932,,NegativeControl
2933,NM_052873,A_23_P48728
2934,NM_004375,A_23_P152670
2935,NM_182757,A_23_P259608
2936,NM_153324,A_23_P356694
2937,BC008667,A_23_P91343
2938,,NegativeControl
2939,NM_016604,A_23_P7783
2940,NM_198334,A_23_P399851
2941,NM_003476,A_23_P24469
2942,NM_014723,A_23_P102706
2943,,A_23_P6544
2944,,NegativeControl
2945,NM_017948,A_23_P71591
2946,NM_006913,A_23_P320200
2947,NM_002221,A_23_P200461
2948,,A_23_P251002
2949,,A_23_P120529
2950,,NegativeControl
2951,NM_002296,A_23_P200493
2952,NM_022767,A_23_P206079
2953,NM_182681,A_23_P96478
2954,NM_005297,A_23_P211541
2955,NM_016377,A_23_P259594
2956,,NegativeControl
2957,NM_023931,A_23_P3819
2958,NM_000049,A_23_P164436
2959,NM_003080,A_23_P82159
2960,AK001998,A_23_P161962
2961,NM_032039,A_23_P66124
2962,,NegativeControl
2963,NM_005955,A_23_P74241
2964,NM_002826,A_23_P12463
2965,NM_024292,A_23_P78563
2966,AB033031,A_23_P55948
2967,NM_015941,A_23_P157478
2968,,NegativeControl
2969,AF255309,A_23_P77010
2970,NM_178171,A_23_P341513
2971,NM_025246,A_23_P109655
2972,NM_001003,A_23_P37445
2973,BC027970,A_23_P68690
2974,,NegativeControl
2975,NM_019109,A_23_P66306
2976,NM_017938,A_23_P125674
2977,NM_021960,A_23_P85811
2978,,A_23_P40470
2979,X00588,A_23_P215798
2980,,NegativeControl
2981,,A_23_P142986
2982,NM_173478,A_23_P55196
2983,AK094065,A_23_P257372
2984,NM_015117,A_23_P9036
2985,NM_001008237,A_23_P119857
2986,,NegativeControl
2987,NM_005597,A_23_P131115
2988,NM_016315,A_23_P170442
2989,NM_002728,A_23_P218009
2990,NM_024946,A_23_P100441
2991,NM_001237,A_23_P58321
2992,,NegativeControl
2993,AF318362,A_23_P201726
2994,BC010565,A_23_P256993
2995,NM_152371,A_23_P357235
2996,NM_002128,A_23_P162805
2997,NM_005073,A_23_P128609
2998,,NegativeControl
2999,NM_001555,A_23_P125303
3000,NM_016166,A_23_P163347
3001,NM_016134,A_23_P256735
3002,NM_001012361,A_23_P251326
3003,NM_006507,A_23_P389500
3004,,NegativeControl
3005,NM_006757,A_23_P127824
3006,NM_138434,A_23_P316460
3007,NM_032596,A_23_P217009
3008,NM_012415,A_23_P82738
3009,NM_001189,A_23_P386254
3010,,NegativeControl
3011,NM_018683,A_23_P120458
3012,NM_003850,A_23_P117157
3013,NM_004466,A_23_P112874
3014,NM_018011,A_23_P162776
3015,NM_006661,A_23_P214370
3016,,Pro25G
3017,NM_012248,A_23_P146798
3018,NM_016391,A_23_P144726
3019,NM_016021,A_23_P214187
3020,L10123,A_23_P81110
3021,NM_004219,A_23_P60024
3022,NM_012369,A_23_P8716
3023,,Pro25G
3024,NM_005558,A_23_P46090
3025,AK001795,A_23_P43595
3026,BC040697,A_23_P134041
3027,NM_173547,A_23_P49489
3028,,E1A_r60_a107
3029,NM_020177,A_23_P417237
3030,,Pro25G
3031,NM_175748,A_23_P205393
3032,NM_005811,A_23_P76102
3033,NM_003124,A_23_P68208
3034,NM_001007553,A_23_P74595
3035,NM_032383,A_23_P40821
3036,,E1A_r60_a107
3037,,Pro25G
3038,NM_005295,A_23_P20172
3039,NM_014793,A_23_P106505
3040,NM_006668,A_23_P48777
3041,NM_033305,A_23_P217098
3042,NM_015508,A_23_P143845
3043,BC021996,A_23_P258668
3044,,Pro25G
3045,NM_000084,A_23_P96340
3046,NM_007283,A_23_P80438
3047,NM_032128,A_23_P300090
3048,NM_004497,A_23_P208737
3049,NM_016470,A_23_P79818
3050,AK055959,A_23_P141180
3051,,Pro25G
3052,NM_147127,A_23_P320225
3053,NM_178553,A_23_P351328
3054,NM_004027,A_23_P393531
3055,BQ302633,A_23_P216536
3056,,A_23_P16408
3057,NM_005449,A_23_P138125
3058,,Pro25G
3059,NM_032352,A_23_P205419
3060,NM_014646,A_23_P208059
3061,NM_022357,A_23_P129413
3062,NM_018132,A_23_P70328
3063,NM_004768,A_23_P11664
3064,NM_002659,A_23_P27867
3065,,Pro25G
3066,NM_004055,A_23_P105197
3067,NM_024057,A_23_P48099
3068,AF116706,A_23_P109720
3069,NM_007274,A_23_P86259
3070,NM_057162,A_23_P171154
3071,NM_022127,A_23_P32078
3072,,Pro25G
3073,NM_002883,A_23_P333420
3074,NM_173800,A_23_P58557
3075,NM_001875,A_23_P5300
3076,NM_001890,A_23_P110234
3077,NM_003649,A_23_P30603
3078,NM_033034,A_23_P203505
3079,,Pro25G
3080,,E1A_r60_a135
3081,NM_001001968,A_23_P54075
3082,NM_001040078,A_23_P101025
3083,NM_006029,A_23_P99771
3084,NM_003956,A_23_P86470
3085,NM_005494,A_23_P215227
3086,,Pro25G
3087,NM_021970,A_23_P110362
3088,NM_003482,A_23_P13711
3089,NM_012392,A_23_P313
3090,AB209354,A_23_P209241
3091,,A_23_P116049
3092,NM_031452,A_23_P65712
3093,,Pro25G
3094,,A_23_P83533
3095,NM_153200,A_23_P60376
3096,NM_005407,A_23_P48585
3097,BC068047,A_23_P74330
3098,NM_000240,A_23_P96410
3099,,
3100,,Pro25G
3101,NM_032493,A_23_P55802
3102,NM_175066,A_23_P364534
3103,NM_033048,A_23_P62336
3104,NM_003492,A_23_P85185
3105,AB032995,A_23_P423208
3106,BC065002,A_23_P170088
3107,,Pro25G
3108,NM_006048,A_23_P201273
3109,NM_006447,A_23_P257911
3110,NM_005949,A_23_P15179
3111,AL161991,A_23_P30395
3112,NM_024857,A_23_P255750
3113,NM_080473,A_23_P132048
3114,,Pro25G
3115,NM_007019,A_23_P143207
3116,NM_001500,A_23_P83469
3117,NM_004792,A_23_P154411
3118,NM_014640,A_23_P142698
3119,NM_031444,A_23_P17773
3120,,
3121,,Pro25G
3122,,A_23_P200843
3123,NM_030627,A_23_P251937
3124,,A_23_P348304
3125,NM_001017915,A_23_P61149
3126,NM_000579,A_23_P412321
3127,NM_016237,A_23_P377830
3128,,Pro25G
3129,NM_001014999,A_23_P501451
3130,AK130995,A_23_P200171
3131,,A_23_P84659
3132,NM_001004478,A_23_P160715
3133,NM_024561,A_23_P14204
3134,NM_021916,A_23_P154981
3135,,Pro25G
3136,,A_23_P34968
3137,NM_022443,A_23_P143906
3138,NM_030877,A_23_P68403
3139,NM_012114,A_23_P90407
3140,AY032628,A_23_P216004
3141,NM_145279,A_23_P164
3142,,Pro25G
3143,NM_012373,A_23_P107483
3144,NM_014303,A_23_P132260
3145,NM_138768,A_23_P360240
3146,,A_23_P373708
3147,NM_006948,A_23_P17602
3148,NM_014214,A_23_P50081
3149,,Pro25G
3150,NM_024320,A_23_P118894
3151,,A_23_P208275
3152,NM_006133,A_23_P64387
3153,NM_001012732,A_23_P81172
3154,NM_080662,A_23_P101410
3155,NM_001326,A_23_P98310
3156,,Pro25G
3157,NM_017528,A_23_P71014
3158,,A_23_P360324
3159,,E1A_r60_a22
3160,AK000471,A_23_P57482
3161,NM_052858,A_23_P152428
3162,NM_019027,A_23_P132910
3163,,Pro25G
3164,NM_020200,A_23_P202004
3165,,A_23_P250754
3166,NM_144688,A_23_P431284
3167,NM_005652,A_23_P15163
3168,,
3169,NM_018485,A_23_P164943
3170,,Pro25G
3171,NM_002927,A_23_P500093
3172,NM_021937,A_23_P144202
3173,NM_001781,A_23_P87879
3174,NM_024098,A_23_P161918
3175,NM_004630,A_23_P318220
3176,NM_005756,A_23_P253695
3177,,Pro25G
3178,NM_017490,A_23_P161595
3179,BC053858,A_23_P354827
3180,NM_001429,A_23_P40685
3181,NM_014289,A_23_P217570
3182,AK126751,A_23_P46767
3183,NM_018295,A_23_P31176
3184,,Pro25G
3185,NM_003760,A_23_P126241
3186,NM_032852,A_23_P502480
3187,NM_014862,A_23_P112784
3188,NM_022465,A_23_P218033
3189,,A_23_P22352
3190,NM_001252499,A_23_P105583
3191,,Pro25G
3192,,A_23_P253168
3193,AK098143,A_23_P424637
3194,NM_004804,A_23_P77360
3195,NM_001138,A_23_P49167
3196,,E1A_r60_a107
3197,NM_024505,A_23_P140475
3198,,Pro25G
3199,NM_022144,A_23_P125588
3200,NM_016354,A_23_P5901
3201,NM_005362,A_23_P62095
3202,NM_002293,A_23_P201628
3203,NM_005782,A_23_P152984
3204,NM_018343,A_23_P133284
3205,,Pro25G
3206,NM_145641,A_23_P29237
3207,AK000177,A_23_P30631
3208,NM_030925,A_23_P204870
3209,NM_001001922,A_23_P64474
3210,NM_002945,A_23_P107073
3211,NM_000532,A_23_P121051
3212,,Pro25G
3213,NM_018393,A_23_P47247
3214,,A_23_P376471
3215,NM_152571,A_23_P331092
3216,NM_018656,A_23_P147729
3217,AB063751,A_23_P21249
3218,NM_002351,A_23_P45248
3219,,Pro25G
3220,NM_178834,A_23_P427788
3221,NM_001307,A_23_P164283
3222,NM_032875,A_23_P141146
3223,NM_005330,A_23_P47674
3224,NM_001147,A_23_P60079
3225,NM_052889,A_23_P64168
3226,NM_003839,A_23_P50094
3227,NM_022089,A_23_P12423
3228,NM_018191,A_23_P117163
3229,BC017357,A_23_P382175
3230,NM_031918,A_23_P391185
3231,NM_173698,A_23_P345808
3232,NM_004796,A_23_P254934
3233,BC016982,A_23_P37654
3234,NM_012473,A_23_P68899
3235,NM_019592,A_23_P216850
3236,BC072400,A_23_P11051
3237,NM_003480,A_23_P87700
3238,NM_016090,A_23_P138975
3239,NM_005957,A_23_P200352
3240,NM_000553,A_23_P250813
3241,NM_032375,A_23_P153502
3242,NM_133445,A_23_P347541
3243,NM_020345,A_23_P338519
3244,,A_23_P50297
3245,NM_032257,A_23_P160567
3246,NM_032856,A_23_P99917
3247,,
3248,NM_000590,A_23_P122163
3249,NM_012463,A_23_P87513
3250,NM_058179,A_23_P259692
3251,NM_058164,A_23_P67151
3252,NM_004685,A_23_P25515
3253,NM_153649,A_23_P201250
3254,BC020855,A_23_P379746
3255,NM_024769,A_23_P35995
3256,NM_018960,A_23_P7952
3257,NM_002539,A_23_P165840
3258,NM_145254,A_23_P100517
3259,NM_005905,A_23_P2814
3260,NM_145175,A_23_P306215
3261,NM_199346,A_23_P16798
3262,NM_005298,A_23_P316531
3263,NM_177424,A_23_P385206
3264,NM_002582,A_23_P113026
3265,NM_182536,A_23_P61318
3266,NM_144620,A_23_P330581
3267,,A_23_P159166
3268,AK074467,A_23_P31677
3269,NM_153259,A_23_P23639
3270,NM_005598,A_23_P45771
3271,Y09858,A_23_P136952
3272,NM_017915,A_23_P87769
3273,NM_201431,A_23_P302404
3274,NM_025041,A_23_P92172
3275,NM_002768,A_23_P106694
3276,NM_052872,A_23_P167882
3277,NM_003899,A_23_P105845
3278,NM_001083,A_23_P500844
3279,NM_000154,A_23_P141126
3280,NM_001440,A_23_P123296
3281,NM_000617,A_23_P139820
3282,NM_014803,A_23_P35576
3283,,A_23_P159438
3284,NM_152429,A_23_P417994
3285,NM_030776,A_23_P259141
3286,NM_000057,A_23_P88630
3287,NM_020990,A_23_P163227
3288,NM_147180,A_23_P9348
3289,NM_000381,A_23_P10031
3290,NM_152832,A_23_P124962
3291,,A_23_P124699
3292,NM_133446,A_23_P138401
3293,AK055893,A_23_P393663
3294,NM_001003676,A_23_P147605
3295,NM_001089,A_23_P140876
3296,NM_003385,A_23_P209978
3297,U32331,A_23_P36248
3298,NM_003963,A_23_P27107
3299,NM_000967,A_23_P68942
3300,NM_005499,A_23_P209020
3301,NM_018169,A_23_P98930
3302,NM_017548,A_23_P259413
3303,NM_019016,A_23_P4387
3304,NM_152754,A_23_P405287
3305,,A_23_P208727
3306,NM_153350,A_23_P406385
3307,NM_002001,A_23_P103765
3308,NM_022130,A_23_P156015
3309,NM_004384,A_23_P213602
3310,,
3311,NM_005982,A_23_P76914
3312,NM_014387,A_23_P60977
3313,AF090903,A_23_P42063
3314,NM_014713,A_23_P90659
3315,NM_004693,A_23_P64854
3316,NM_006428,A_23_P129513
3317,NM_001818,A_23_P149928
3318,NM_000941,A_23_P19964
3319,NM_153354,A_23_P156355
3320,NM_020992,A_23_P149987
3321,NM_007348,A_23_P62907
3322,NM_001300,A_23_P63798
3323,AB033094,A_23_P57983
3324,NM_000638,A_23_P78099
3325,NM_018426,A_23_P167856
3326,NM_024877,A_23_P78903
3327,,A_23_P81383
3328,NM_014760,A_23_P57823
3329,NM_004545,A_23_P140423
3330,NM_001006634,A_23_P3716
3331,NM_032882,A_23_P84892
3332,NM_000234,A_23_P39116
3333,,E1A_r60_a20
3334,NM_014293,A_23_P29282
3335,NM_014269,A_23_P95536
3336,M74509,A_23_P159208
3337,NM_054110,A_23_P212119
3338,NM_171828,A_23_P135678
3339,NM_007002,A_23_P68662
3340,NM_173540,A_23_P413788
3341,NM_006095,A_23_P30075
3342,AF161557,A_23_P68577
3343,NM_000675,A_23_P109436
3344,NM_003405,A_23_P103070
3345,NM_147196,A_23_P401594
3346,NM_000915,A_23_P57133
3347,NM_152551,A_23_P306234
3348,AB027121,A_23_P50052
3349,NM_002341,A_23_P93348
3350,NM_144725,A_23_P390726
3351,NM_153015,A_23_P390135
3352,,A_23_P252796
3353,NM_001031665,A_23_P50198
3354,,A_23_P158096
3355,NM_015089,A_23_P311740
3356,NM_006533,A_23_P4714
3357,NM_002060,A_23_P1083
3358,NM_145008,A_23_P300220
3359,NM_152439,A_23_P323801
3360,AF178574,A_23_P144677
3361,BC022205,A_23_P74581
3362,NM_003555,A_23_P38634
3363,NM_032301,A_23_P16214
3364,NM_020395,A_23_P81087
3365,NM_153252,A_23_P379155
3366,NM_000038,A_23_P70214
3367,NM_001052,A_23_P419582
3368,NM_006391,A_23_P331598
3369,NM_207375,A_23_P65081
3370,NM_014167,A_23_P105664
3371,NM_007314,A_23_P138099
3372,NM_014249,A_23_P205867
3373,,
3374,NM_080864,A_23_P39008
3375,NM_207365,A_23_P91970
3376,NM_001009813,A_23_P78795
3377,,A_23_P300080
3378,NM_003074,A_23_P123952
3379,NM_017622,A_23_P152962
3380,NM_003861,A_23_P117347
3381,NM_020189,A_23_P82748
3382,NM_153369,A_23_P305100
3383,NM_005362,A_23_P62095
3384,NM_005732,A_23_P250404
3385,NM_002370,A_23_P200211
3386,NM_007019,A_23_P143207
3387,NM_172171,A_23_P46903
3388,,A_23_P331072
3389,NM_033119,A_23_P88791
3390,NM_004964,A_23_P114656
3391,NM_000199,A_23_P254254
3392,NM_003074,A_23_P83453
3393,AK122918,A_23_P145370
3394,NM_016093,A_23_P156265
3395,NM_006951,A_23_P52311
3396,NM_002962,A_23_P115467
3397,NM_024886,A_23_P138480
3398,NM_175868,A_23_P136870
3399,NM_003245,A_23_P57118
3400,NM_018641,A_23_P310421
3401,,A_23_P206841
3402,,A_23_P125011
3403,NM_001911,A_23_P140384
3404,NM_001190,A_23_P101551
3405,BC067244,A_23_P123315
3406,NM_002273,A_23_P14072
3407,NM_172002,A_23_P40588
3408,NM_018933,A_23_P144627
3409,NM_031287,A_23_P19576
3410,NM_016448,A_23_P10385
3411,NM_002256,A_23_P124892
3412,NM_007269,A_23_P51996
3413,NM_018071,A_23_P99665
3414,NM_001005288,A_23_P76041
3415,NM_000194,A_23_P11372
3416,NM_020791,A_23_P38457
3417,,A_23_P72890
3418,NM_153269,A_23_P328034
3419,NM_016139,A_23_P157405
3420,NM_000434,A_23_P81954
3421,,A_23_P81888
3422,NM_198074,A_23_P115568
3423,,A_23_P86996
3424,NM_005362,A_23_P62095
3425,NM_017822,A_23_P105372
3426,NM_020843,A_23_P163408
3427,,A_23_P94358
3428,NM_024012,A_23_P304373
3429,NM_013431,A_23_P218058
3430,NM_016541,A_23_P54736
3431,NM_024989,A_23_P67838
3432,NM_001448,A_23_P435407
3433,NM_014312,A_23_P36018
3434,NM_003948,A_23_P259270
3435,NM_022455,A_23_P124326
3436,NM_032862,A_23_P20434
3437,NM_000778,A_23_P97567
3438,NM_001727,A_23_P33961
3439,NM_013447,A_23_P502337
3440,NM_053001,A_23_P71570
3441,AF357221,A_23_P106472
3442,NM_032635,A_23_P79043
3443,NM_016131,A_23_P165879
3444,NM_017578,A_23_P166922
3445,NM_144611,A_23_P341392
3446,NM_022717,A_23_P159101
3447,NM_001340,A_23_P71669
3448,NM_000844,A_23_P22363
3449,NM_006885,A_23_P118266
3450,NM_017847,A_23_P282
3451,NM_152360,A_23_P339079
3452,NM_007104,A_23_P251593
3453,NM_021069,A_23_P121795
3454,NM_004198,A_23_P157593
3455,,A_23_P33103
3456,NM_000887,A_23_P118281
3457,NM_016577,A_23_P109974
3458,AL137668,A_23_P140780
3459,NM_022463,A_23_P61778
3460,NM_014924,A_23_P309982
3461,NM_003940,A_23_P40989
3462,,A_23_P58072
3463,NM_004315,A_23_P216325
3464,NM_020451,A_23_P370625
3465,NM_000970,A_23_P151321
3466,NM_138342,A_23_P36039
3467,NM_012129,A_23_P157268
3468,NM_006244,A_23_P35796
3469,NM_021817,A_23_P149232
3470,NM_007231,A_23_P171038
3471,NM_032639,A_23_P318296
3472,NM_004238,A_23_P147984
3473,NM_020131,A_23_P201051
3474,NM_031462,A_23_P253052
3475,,A_23_P143824
3476,NM_005659,A_23_P166333
3477,NM_174933,A_23_P71997
3478,NM_014420,A_23_P94275
3479,NM_145262,A_23_P29621
3480,NM_017987,A_23_P435546
3481,NM_001008726,A_23_P163047
3482,,A_23_P212180
3483,NM_002885,A_23_P51455
3484,NM_004224,A_23_P159721
3485,NM_006274,A_23_P123853
3486,NM_005171,A_23_P105644
3487,NM_144649,A_23_P321351
3488,,A_23_P97250
3489,NM_014363,A_23_P308073
3490,NM_024415,A_23_P256624
3491,NM_015125,A_23_P55731
3492,NM_017802,A_23_P258689
3493,NM_003697,A_23_P127684
3494,NM_004939,A_23_P108554
3495,,A_23_P128597
3496,NM_002442,A_23_P139795
3497,NM_005299,A_23_P42112
3498,NM_032482,A_23_P408768
3499,NM_003779,A_23_P103912
3500,NM_002946,A_23_P86133
3501,NM_006742,A_23_P100239
3502,NM_015926,A_23_P41005
3503,NM_176883,A_23_P337867
3504,,A_23_P93663
3505,NM_004174,A_23_P30582
3506,NM_153620,A_23_P145752
3507,NM_001005489,A_23_P139132
3508,AY358137,A_23_P35494
3509,NM_173587,A_23_P24397
3510,NM_000529,A_23_P38649
3511,AY026504,A_23_P33819
3512,NM_016836,A_23_P36496
3513,,A_23_P24101
3514,NM_033116,A_23_P398509
3515,NM_182961,A_23_P500861
3516,NM_016492,A_23_P254498
3517,NM_004289,A_23_P42718
3518,NM_017830,A_23_P213093
3519,NM_025004,A_23_P98477
3520,,A_23_P122832
3521,NM_000613,A_23_P161998
3522,AB002370,A_23_P61854
3523,NM_006270,A_23_P39076
3524,NM_018235,A_23_P89812
3525,NM_152261,A_23_P410613
3526,NM_015076,A_23_P258447
3527,NM_020726,A_23_P133217
3528,NM_003707,A_23_P33053
3529,,A_23_P142586
3530,NM_000016,A_23_P96764
3531,,A_23_P84966
3532,NM_020243,A_23_P80336
3533,NM_005469,A_23_P143218
3534,NM_002386,A_23_P66095
3535,NM_004561,A_23_P202810
3536,NM_005306,A_23_P397391
3537,NM_020455,A_23_P214756
3538,,A_23_P124264
3539,,A_23_P11980
3540,NM_014802,A_23_P367628
3541,NM_017880,A_23_P79445
3542,NM_005706,A_23_P2023
3543,NM_020766,A_23_P159752
3544,,A_23_P79622
3545,NM_001369,A_23_P93058
3546,,
3547,NM_018205,A_23_P61487
3548,NM_006831,A_23_P87139
3549,NM_002954,A_23_P79737
3550,NM_022091,A_23_P382654
3551,X69090,A_23_P256750
3552,NM_139168,A_23_P18772
3553,NM_005408,A_23_P26965
3554,NM_012375,A_23_P125286
3555,NM_002788,A_23_P140301
3556,BC014534,A_23_P142537
3557,,
3558,NM_006390,A_23_P98923
3559,NM_014213,A_23_P108851
3560,NM_002693,A_23_P3355
3561,AF168717,A_23_P3215
3562,NM_003145,A_23_P126474
3563,NM_022356,A_23_P63038
3564,NM_145010,A_23_P97807
3565,NM_016002,A_23_P62807
3566,NM_002025,A_23_P217465
3567,NM_152736,A_23_P145247
3568,NM_005788,A_23_P9894
3569,NM_182707,A_23_P119554
3570,AK128199,A_23_P75568
3571,NM_001004684,A_23_P64457
3572,NM_006758,A_23_P6303
3573,,A_23_P165921
3574,NM_025258,A_23_P42288
3575,NM_012129,A_23_P412515
3576,,
3577,NM_020526,A_23_P103199
3578,NM_175868,A_23_P136870
3579,,A_23_P58928
3580,NM_015989,A_23_P105738
3581,NM_007221,A_23_P635
3582,,A_23_P104970
3583,NM_006533,A_23_P4714
3584,NM_018150,A_23_P424401
3585,,E1A_r60_a20
3586,,A_23_P21266
3587,,
3588,NM_014186,A_23_P87323
3589,NM_012192,A_23_P127851
3590,NM_021796,A_23_P148609
3591,,A_23_P54681
3592,,A_23_P413696
3593,NM_019055,A_23_P344421
3594,NM_017878,A_23_P105012
3595,NM_006358,A_23_P57547
3596,NM_020382,A_23_P123150
3597,,A_23_P83575
3598,NM_012475,A_23_P126689
3599,NM_004271,A_23_P70688
3600,NM_020159,A_23_P213255
3601,NM_018371,A_23_P134835
3602,NM_178160,A_23_P392511
3603,NM_002158,A_23_P259192
3604,NM_014068,A_23_P133900
3605,NM_005126,A_23_P302709
3606,NM_032869,A_23_P123343
3607,NM_206832,A_23_P130213
3608,NM_016512,A_23_P219126
3609,NM_001031684,A_23_P39704
3610,NM_032892,A_23_P26037
3611,NM_004595,A_23_P251662
3612,NM_033122,A_23_P69630
3613,NM_152786,A_23_P320862
3614,NM_000233,A_23_P102286
3615,NM_013337,A_23_P55468
3616,NM_181809,A_23_P85922
3617,NM_003561,A_23_P88766
3618,NM_138395,A_23_P108492
3619,NM_016594,A_23_P25121
3620,NM_006514,A_23_P158555
3621,,A_23_P81780
3622,NM_024783,A_23_P255082
3623,,E1A_r60_n9
3624,NM_173832,A_23_P346357
3625,NM_024624,A_23_P209962
3626,NM_144648,A_23_P357216
3627,NM_018396,A_23_P59842
3628,NM_006246,A_23_P3042
3629,NM_004745,A_23_P112128
3630,NM_005481,A_23_P56170
3631,NM_016209,A_23_P206268
3632,NM_021723,A_23_P215625
3633,NM_003841,A_23_P256724
3634,NM_014570,A_23_P68970
3635,NM_003902,A_23_P45699
3636,NM_015224,A_23_P6651
3637,NM_014693,A_23_P257786
3638,NM_018168,A_23_P3065
3639,NM_014959,A_23_P27721
3640,NM_003729,A_23_P258621
3641,NM_152595,A_23_P420331
3642,,A_23_P434178
3643,NM_144563,A_23_P131646
3644,NM_001010931,A_23_P93780
3645,NM_025209,A_23_P46725
3646,NM_006504,A_23_P138495
3647,,
3648,NM_001039140,A_23_P28878
3649,,
3650,NM_024707,A_23_P89910
3651,NM_000310,A_23_P62659
3652,BC069416,A_23_P46222
3653,NM_001383,A_23_P118462
3654,NM_001003684,A_23_P68866
3655,BC009872,A_23_P3823
3656,NM_032630,A_23_P88134
3657,NM_033375,A_23_P164020
3658,,A_23_P140596
3659,NM_014607,A_23_P409512
3660,,A_23_P63972
3661,NM_080752,A_23_P165984
3662,AF426262,A_23_P391239
3663,,A_23_P132349
3664,NM_031407,A_23_P219204
3665,NM_018647,A_23_P140057
3666,NM_022168,A_23_P68155
3667,NM_022454,A_23_P82775
3668,NM_080616,A_23_P91423
3669,NM_014749,A_23_P99710
3670,NM_001741,A_23_P301846
3671,NM_152362,A_23_P428875
3672,NM_001155,A_23_P357104
3673,NM_006513,A_23_P126790
3674,NM_018343,A_23_P133284
3675,,A_23_P24653
3676,NM_002425,A_23_P13096
3677,NM_023039,A_23_P41634
3678,NM_006904,A_23_P9603
3679,NM_031911,A_23_P167237
3680,NM_018269,A_23_P148162
3681,NM_014746,A_23_P131566
3682,,
3683,NM_021947,A_23_P141248
3684,NM_024686,A_23_P97481
3685,,A_23_P138049
3686,BC004552,A_23_P155890
3687,NM_005989,A_23_P255185
3688,NM_014406,A_23_P377365
3689,NM_016010,A_23_P20363
3690,NM_005581,A_23_P55716
3691,NM_017417,A_23_P65101
3692,NM_032869,A_23_P123343
3693,NM_015132,A_23_P256342
3694,NM_002843,A_23_P36275
3695,NM_020750,A_23_P256855
3696,,A_23_P59629
3697,NM_002213,A_23_P166627
3698,NM_014413,A_23_P251173
3699,NM_002758,A_23_P207445
3700,,
3701,NM_005488,A_23_P103082
3702,NM_019043,A_23_P12549
3703,NM_001004745,A_23_P47444
3704,NM_007267,A_23_P101013
3705,NM_020482,A_23_P42358
3706,BC007542,A_23_P342688
3707,NM_017712,A_23_P218531
3708,NM_005590,A_23_P150189
3709,,A_23_P76901
3710,NM_001007026,A_23_P13885
3711,NM_000625,A_23_P502464
3712,NM_001909,A_23_P52556
3713,NM_022105,A_23_P359596
3714,NM_001017392,A_23_P16562
3715,NM_213589,A_23_P120291
3716,NM_006736,A_23_P209519
3717,NM_020168,A_23_P206200
3718,NM_032547,A_23_P167291
3719,NM_001815,A_23_P130520
3720,,A_23_P122428
3721,NM_002121,A_23_P258769
3722,NM_024713,A_23_P77279
3723,NM_015534,A_23_P11507
3724,NM_153018,A_23_P100959
3725,,A_23_P72518
3726,,A_23_P129458
3727,NM_145247,A_23_P413193
3728,NM_152288,A_23_P106898
3729,,A_23_P209607
3730,NM_012189,A_23_P314712
3731,NM_004628,A_23_P92008
3732,AF039564,A_23_P359504
3733,NM_005528,A_23_P202769
3734,,A_23_P5512
3735,NM_170601,A_23_P24616
3736,NM_015984,A_23_P148798
3737,NM_032258,A_23_P78068
3738,NM_000896,A_23_P209112
3739,NM_015718,A_23_P82099
3740,NM_005006,A_23_P131365
3741,NM_020214,A_23_P151879
3742,NM_014862,A_23_P83579
3743,NM_080652,A_23_P80831
3744,NM_013338,A_23_P151436
3745,NM_022369,A_23_P65779
3746,NM_001492,A_23_P209098
3747,NM_001145,A_23_P428738
3748,NM_002447,A_23_P256312
3749,NM_002112,A_23_P117662
3750,NM_016441,A_23_P51105
3751,NM_152399,A_23_P408195
3752,NM_015417,A_23_P40280
3753,,E1A_r60_3
3754,NM_145256,A_23_P165136
3755,NM_152706,A_23_P42855
3756,NM_021095,A_23_P102508
3757,NM_025107,A_23_P31046
3758,,A_23_P15004
3759,NM_025063,A_23_P74870
3760,NM_015909,A_23_P90752
3761,,A_23_P204868
3762,,A_23_P147564
3763,NM_012431,A_23_P59578
3764,NM_006546,A_23_P72985
3765,NM_020385,A_23_P157861
3766,NM_177543,A_23_P108294
3767,,A_23_P39424
3768,NM_003418,A_23_P84651
3769,NM_001011554,A_23_P210540
3770,NM_004683,A_23_P259156
3771,,A_23_P127297
3772,NM_016625,A_23_P158794
3773,NM_080647,A_23_P211345
3774,,A_23_P207400
3775,NM_015534,A_23_P11507
3776,NM_018010,A_23_P121386
3777,NM_004772,A_23_P92794
3778,NM_004941,A_23_P124224
3779,,A_23_P83426
3780,NM_006330,A_23_P214091
3781,NM_024942,A_23_P24269
3782,NM_016570,A_23_P139509
3783,BC027178,A_23_P16762
3784,,A_23_P22086
3785,NM_053045,A_23_P136238
3786,AB002342,A_23_P250701
3787,NM_001455,A_23_P70757
3788,NM_005132,A_23_P322550
3789,NM_017899,A_23_P76538
3790,,A_23_P122485
3791,AK022058,A_23_P107578
3792,NM_020439,A_23_P97401
3793,NM_018360,A_23_P146997
3794,NM_031991,A_23_P208981
3795,NM_015898,A_23_P27827
3796,NM_032574,A_23_P5389
3797,NM_002802,A_23_P151795
3798,NM_006296,A_23_P119992
3799,NM_201999,A_23_P132948
3800,X89399,A_23_P158394
3801,NM_001927,A_23_P90710
3802,AF175767,A_23_P28153
3803,NM_206949,A_23_P53976
3804,NM_000314,A_23_P98085
3805,NM_017521,A_23_P5460
3806,NM_014714,A_23_P140725
3807,AF462442,A_23_P259771
3808,NM_004967,A_23_P144549
3809,NM_178815,A_23_P378588
3810,NM_004771,A_23_P47292
3811,,A_23_P27306
3812,D42038,A_23_P215391
3813,NM_003029,A_23_P200443
3814,AK025022,A_23_P50597
3815,NM_004907,A_23_P153905
3816,NM_001643,A_23_P201429
3817,NM_006139,A_23_P91095
3818,,A_23_P57052
3819,,A_23_P323611
3820,,E1A_r60_a97
3821,NM_022136,A_23_P29005
3822,NM_006512,A_23_P87238
3823,AK024483,A_23_P252608
3824,NM_003302,A_23_P252128
3825,NM_019858,A_23_P99141
3826,NM_006915,A_23_P22433
3827,NM_013314,A_23_P52442
3828,NM_016651,A_23_P65518
3829,NM_003865,A_23_P121106
3830,NM_018244,A_23_P210947
3831,NM_005652,A_23_P417200
3832,NM_001001923,A_23_P60441
3833,NM_002835,A_23_P8763
3834,,E1A_r60_3
3835,NM_002610,A_23_P10614
3836,NM_007363,A_23_P34033
3837,NM_032905,A_23_P423315
3838,NM_022122,A_23_P35899
3839,NM_080389,A_23_P9018
3840,,A_23_P204218
3841,NM_031294,A_23_P255701
3842,NM_014437,A_23_P23575
3843,NM_000724,A_23_P96242
3844,NM_002540,A_23_P60488
3845,NM_013441,A_23_P391275
3846,NM_024593,A_23_P146294
3847,NM_003082,A_23_P37251
3848,NM_014767,A_23_P161280
3849,NM_021826,A_23_P380724
3850,NM_018930,A_23_P7397
3851,NM_003581,A_23_P50962
3852,NM_003546,A_23_P70480
3853,,A_23_P113294
3854,,A_23_P391198
3855,NM_178815,A_23_P161407
3856,,A_23_P170427
3857,NM_002719,A_23_P205236
3858,NM_052885,A_23_P113835
3859,NM_002247,A_23_P113856
3860,BC032946,A_23_P117104
3861,NM_018931,A_23_P167401
3862,NM_002318,A_23_P111995
3863,NM_021067,A_23_P210853
3864,,
3865,NM_000899,A_23_P323084
3866,NM_005926,A_23_P14636
3867,,A_23_P104393
3868,NM_015243,A_23_P359173
3869,NM_002874,A_23_P255273
3870,NM_013250,A_23_P53057
3871,NM_025230,A_23_P117424
3872,,A_23_P201823
3873,,A_23_P336000
3874,,A_23_P71188
3875,NM_003597,A_23_P44505
3876,NM_015833,A_23_P211207
3877,NM_145686,A_23_P90804
3878,NM_024709,A_23_P160427
3879,NM_152465,A_23_P427148
3880,NM_002533,A_23_P96990
3881,NM_003430,A_23_P209146
3882,,A_23_P113605
3883,,A_23_P124823
3884,NM_002263,A_23_P133954
3885,NM_020205,A_23_P138158
3886,NM_016563,A_23_P48868
3887,NM_002073,A_23_P211360
3888,NM_000936,A_23_P46879
3889,,A_23_P64048
3890,NM_001029875,A_23_P81233
3891,NM_032272,A_23_P33072
3892,NM_006858,A_23_P78694
3893,NM_016440,A_23_P107933
3894,NM_000959,A_23_P11674
3895,NM_020122,A_23_P131475
3896,AF010144,A_23_P148858
3897,NM_006860,A_23_P6443
3898,NM_182487,A_23_P146594
3899,NM_001004474,A_23_P1809
3900,,E1A_r60_a22
3901,NM_021963,A_23_P125705
3902,NM_145119,A_23_P11244
3903,NM_000947,A_23_P44139
3904,,A_23_P125602
3905,NM_022055,A_23_P108883
3906,NM_022135,A_23_P167017
3907,NM_000312,A_23_P40100
3908,NM_004256,A_23_P144123
3909,NM_021089,A_23_P130466
3910,NM_020645,A_23_P47682
3911,,E1A_r60_a104
3912,NM_007265,A_23_P115762
3913,NM_000906,A_23_P147711
3914,NM_052943,A_23_P12196
3915,NM_152268,A_23_P51291
3916,NM_014881,A_23_P75038
3917,BX456695,A_23_P21594
3918,NM_032359,A_23_P132874
3919,NM_005532,A_23_P48513
3920,NM_152470,A_23_P89730
3921,NM_004643,A_23_P128828
3922,,A_23_P136020
3923,NM_002541,A_23_P123140
3924,NM_001933,A_23_P205697
3925,NM_015271,A_23_P213141
3926,,E1A_r60_a135
3927,NM_003374,A_23_P144816
3928,NM_033411,A_23_P255076
3929,NM_003681,A_23_P68730
3930,NM_012465,A_23_P436155
3931,NM_004626,A_23_P36337
3932,NM_025216,A_23_P102113
3933,NM_014963,A_23_P5273
3934,NM_152278,A_23_P125788
3935,NM_021976,A_23_P59179
3936,NM_207359,A_23_P6664
3937,NM_032383,A_23_P40821
3938,NM_013943,A_23_P259189
3939,NM_153042,A_23_P145035
3940,NM_016293,A_23_P162392
3941,NM_015523,A_23_P150365
3942,NM_178134,A_23_P318413
3943,NM_007047,A_23_P391264
3944,NM_016037,A_23_P11774
3945,,A_23_P31348
3946,NM_001897,A_23_P21975
3947,NM_181842,A_23_P111155
3948,NM_016580,A_23_P423302
3949,NM_004318,A_23_P216094
3950,NM_007272,A_23_P34852
3951,NM_014018,A_23_P169050
3952,NM_139076,A_23_P253464
3953,,A_23_P256603
3954,NM_004481,A_23_P806
3955,NM_173822,A_23_P334864
3956,NM_005138,A_23_P132388
3957,NM_003506,A_23_P123276
3958,NM_016539,A_23_P208847
3959,NM_017626,A_23_P52380
3960,AK000900,A_23_P106275
3961,,A_23_P376686
3962,NM_004804,A_23_P410059
3963,NM_018122,A_23_P148980
3964,NM_006311,A_23_P141645
3965,,A_23_P120207
3966,,
3967,NM_032411,A_23_P56433
3968,NM_004641,A_23_P149912
3969,NM_017534,A_23_P38271
3970,NM_015984,A_23_P148798
3971,NM_001642,A_23_P202939
3972,NM_006669,A_23_P4977
3973,NM_012089,A_23_P201918
3974,NM_024493,A_23_P168019
3975,NM_022094,A_23_P92021
3976,AL834537,A_23_P39574
3977,NM_144988,A_23_P257425
3978,NM_014810,A_23_P201816
3979,AF087978,A_23_P7451
3980,NM_005186,A_23_P138834
3981,NM_032797,A_23_P138567
3982,NM_003848,A_23_P99249
3983,NM_138575,A_23_P426396
3984,NM_175054,A_23_P388871
3985,,E1A_r60_a135
3986,NM_152745,A_23_P111604
3987,NM_014853,A_23_P118476
3988,NM_014271,A_23_P84106
3989,NM_032932,A_23_P38427
3990,NM_139025,A_23_P393645
3991,,
3992,NM_003656,A_23_P121215
3993,NM_000808,A_23_P125618
3994,NM_004650,A_23_P159797
3995,NM_017847,A_23_P282
3996,NM_024727,A_23_P73233
3997,NM_002085,A_23_P28073
3998,NM_016500,A_23_P217785
3999,NM_012081,A_23_P41645
4000,NM_001009552,A_23_P308097
4001,NM_198722,A_23_P212589
4002,NM_198460,A_23_P160817
4003,NM_018372,A_23_P160704
4004,NM_006916,A_23_P165301
4005,NM_001793,A_23_P49155
4006,NM_016261,A_23_P26895
4007,NM_144498,A_23_P210995
4008,NM_014343,A_23_P8783
4009,NM_015725,A_23_P50291
4010,,A_23_P148526
4011,NM_005013,A_23_P13364
4012,NM_025109,A_23_P320250
4013,,A_23_P23110
4014,AY942106,A_23_P21260
4015,NM_003522,A_23_P42178
4016,NM_018445,A_23_P26084
4017,NM_006468,A_23_P35256
4018,NM_020939,A_23_P122606
4019,NM_031207,A_23_P200976
4020,NM_021149,A_23_P83620
4021,,A_23_P503064
4022,,A_23_P89835
4023,,A_23_P82461
4024,NM_016463,A_23_P213680
4025,NM_014322,A_23_P74391
4026,NM_017742,A_23_P66958
4027,NM_001845,A_23_P65240
4028,NM_001446,A_23_P134139
4029,NM_017819,A_23_P166716
4030,BC016993,A_23_P101246
4031,NM_006886,A_23_P252322
4032,,E1A_r60_a97
4033,NM_206539,A_23_P133786
4034,NM_001017920,A_23_P165598
4035,NM_020525,A_23_P427516
4036,NM_030763,A_23_P136909
4037,,A_23_P123362
4038,NM_013388,A_23_P91111
4039,NM_014857,A_23_P200325
4040,NM_005754,A_23_P336479
4041,NM_015359,A_23_P59950
4042,NM_000151,A_23_P207371
4043,NM_052884,A_23_P119322
4044,M27533,A_23_P155628
4045,NM_000442,A_23_P252471
4046,NM_023942,A_23_P134225
4047,NM_022170,A_23_P42763
4048,NM_004083,A_23_P21134
4049,NM_018130,A_23_P113441
4050,NM_018286,A_23_P15450
4051,NM_024780,A_23_P15101
4052,,A_23_P126560
4053,NM_001423,A_23_P76488
4054,NM_001177,A_23_P139747
4055,AK026194,A_23_P143360
4056,NM_013369,A_23_P17673
4057,NM_006863,A_23_P164982
4058,NM_080473,A_23_P371835
4059,NM_004321,A_23_P310949
4060,NM_005801,A_23_P45945
4061,NM_031949,A_23_P7901
4062,NM_007279,A_23_P27597
4063,NM_024939,A_23_P100220
4064,BC093752,A_23_P90565
4065,NM_004184,A_23_P65651
4066,NM_000699,A_23_P12204
4067,NM_006557,A_23_P365694
4068,NM_005823,A_23_P77529
4069,NM_020191,A_23_P72138
4070,NM_000884,A_23_P124013
4071,,
4072,NM_018182,A_23_P141484
4073,NM_017565,A_23_P352334
4074,NM_020803,A_23_P328720
4075,NM_006486,A_23_P211631
4076,NM_032872,A_23_P46390
4077,,A_23_P258814
4078,NM_024677,A_23_P158962
4079,NM_145259,A_23_P67820
4080,,
4081,NM_003046,A_23_P255837
4082,,A_23_P40832
4083,NM_005548,A_23_P152487
4084,NM_003017,A_23_P413761
4085,NM_003113,A_23_P349928
4086,AF010313,A_23_P98321
4087,NM_006476,A_23_P75622
4088,NM_016587,A_23_P31315
4089,,A_23_P204671
4090,NM_004596,A_23_P164718
4091,NM_006658,A_23_P145724
4092,NM_144573,A_23_P200001
4093,AF182418,A_23_P132863
4094,NM_004125,A_23_P112251
4095,,A_23_P99204
4096,,A_23_P216877
4097,NM_016305,A_23_P166698
4098,AK025831,A_23_P205301
4099,NM_012182,A_23_P140527
4100,NM_006749,A_23_P94921
4101,NM_012151,A_23_P11262
4102,NM_005856,A_23_P111737
4103,NM_024830,A_23_P213471
4104,NM_030792,A_23_P87401
4105,NM_002703,A_23_P80940
4106,NM_003411,A_23_P62465
4107,NM_001008491,A_23_P10839
4108,NM_022909,A_23_P110802
4109,NM_020367,A_23_P343837
4110,NM_003549,A_23_P361405
4111,NM_012312,A_23_P142222
4112,NM_174893,A_23_P141520
4113,NM_001026,A_23_P1206
4114,,A_23_P148308
4115,NM_005177,A_23_P49735
4116,NM_006930,A_23_P133424
4117,NM_173086,A_23_P366939
4118,NM_022374,A_23_P415015
4119,NM_033423,A_23_P410085
4120,AB208934,A_23_P150996
4121,BX647599,A_23_P14845
4122,NM_012249,A_23_P28614
4123,NM_134260,A_23_P26124
4124,NM_002867,A_23_P388164
4125,NM_014239,A_23_P25926
4126,NM_005335,A_23_P62026
4127,,A_23_P123234
4128,AK130723,A_23_P117214
4129,NM_007135,A_23_P112529
4130,AK122862,A_23_P121855
4131,,A_23_P394874
4132,NM_000982,A_23_P2725
4133,,A_23_P123234
4134,NM_032783,A_23_P213237
4135,U00943,A_23_P203833
4136,U80760,A_23_P139725
4137,NM_022776,A_23_P6914
4138,NM_145301,A_23_P340203
4139,,E1A_r60_a22
4140,NM_001629,A_23_P2793
4141,NM_006512,A_23_P87238
4142,NM_145802,A_23_P22613
4143,BC038997,A_23_P145054
4144,BC021996,A_23_P258668
4145,NM_139177,A_23_P158969
4146,D89479,A_23_P121622
4147,AK026774,A_23_P70643
4148,NM_001008701,A_23_P391926
4149,NM_006573,A_23_P14174
4150,,A_23_P50773
4151,NM_006278,A_23_P64138
4152,NM_032109,A_23_P84230
4153,NM_018640,A_23_P204317
4154,NM_006289,A_23_P9170
4155,NM_181671,A_23_P66473
4156,,A_23_P51440
4157,BC017032,A_23_P151915
4158,NM_001001132,A_23_P252962
4159,NM_012382,A_23_P81522
4160,NM_004727,A_23_P205910
4161,,A_23_P154011
4162,NM_005663,A_23_P213216
4163,NM_016343,A_23_P401
4164,NM_052961,A_23_P30944
4165,NM_174907,A_23_P41159
4166,NM_000781,A_23_P129167
4167,,A_23_P50749
4168,NM_138451,A_23_P150993
4169,CR748270,A_23_P62720
4170,NM_021238,A_23_P13663
4171,NM_207117,A_23_P106258
4172,NM_022117,A_23_P158485
4173,NR_073475,A_23_P35667
4174,AB020674,A_23_P9823
4175,,E1A_r60_a104
4176,NM_005630,A_23_P135990
4177,NM_002886,A_23_P258270
4178,NM_003064,A_23_P91230
4179,,A_23_P155551
4180,NM_003202,A_23_P7582
4181,NM_130786,A_23_P38816
4182,NM_015060,A_23_P122943
4183,NM_014786,A_23_P76015
4184,NM_173167,A_23_P49677
4185,NM_030752,A_23_P122782
4186,NM_002201,A_23_P32404
4187,NM_001381,A_23_P5606
4188,NM_178123,A_23_P60971
4189,NM_183239,A_23_P202206
4190,NM_030801,A_23_P159907
4191,NM_033057,A_23_P111088
4192,NM_001003683,A_23_P79272
4193,NM_198526,A_23_P54421
4194,,
4195,NM_004364,A_23_P375494
4196,NM_000362,A_23_P399078
4197,NM_005576,A_23_P124084
4198,,A_23_P31514
4199,NM_000632,A_23_P251749
4200,NM_005631,A_23_P70818
4201,NM_014370,A_23_P125772
4202,NM_006183,A_23_P36882
4203,NM_001912,A_23_P94533
4204,NM_001005173,A_23_P24807
4205,BC015442,A_23_P376014
4206,NM_020690,A_23_P58443
4207,NM_032487,A_23_P121447
4208,NM_207352,A_23_P58180
4209,,A_23_P253245
4210,,E1A_r60_n11
4211,NM_000835,A_23_P49546
4212,NM_025114,A_23_P25463
4213,NM_015913,A_23_P200199
4214,NM_024082,A_23_P387537
4215,AF119842,A_23_P5479
4216,NM_002216,A_23_P202053
4217,NM_002153,A_23_P118065
4218,NM_001017402,A_23_P86012
4219,NM_017906,A_23_P122674
4220,,E1A_r60_n9
4221,NM_003890,A_23_P32896
4222,NM_032777,A_23_P43283
4223,BC004815,A_23_P87827
4224,NM_130770,A_23_P124402
4225,NM_020824,A_23_P115605
4226,NM_000395,A_23_P120899
4227,NM_005737,A_23_P317620
4228,NM_194247,A_23_P17163
4229,,A_23_P250591
4230,AF090890,A_23_P115616
4231,NM_002198,A_23_P41765
4232,BC052981,A_23_P169717
4233,NM_006283,A_23_P60047
4234,NM_006253,A_23_P204503
4235,NM_016930,A_23_P135616
4236,NM_030913,A_23_P138001
4237,NM_016307,A_23_P83298
4238,NM_017613,A_23_P500390
4239,NM_004569,A_23_P2884
4240,,A_23_P8196
4241,NM_015299,A_23_P117617
4242,,A_23_P311670
4243,NM_006923,A_23_P107311
4244,NM_024036,A_23_P63980
4245,NM_133636,A_23_P92614
4246,NM_007152,A_23_P252748
4247,NM_006533,A_23_P4714
4248,NM_005370,A_23_P164752
4249,NM_178348,A_23_P404685
4250,NM_021783,A_23_P171132
4251,NM_015419,A_23_P258132
4252,NM_021128,A_23_P33022
4253,NM_015517,A_23_P13176
4254,NM_152765,A_23_P353614
4255,NM_014517,A_23_P211738
4256,NM_004735,A_23_P56416
4257,AY336748,A_23_P62820
4258,NM_017657,A_23_P428381
4259,NM_013367,A_23_P144427
4260,NM_005947,A_23_P37983
4261,NM_004136,A_23_P106497
4262,NM_001194,A_23_P342612
4263,NM_058229,A_23_P82814
4264,NM_033223,A_23_P332268
4265,NM_001237,A_23_P58321
4266,NM_020161,A_23_P258748
4267,NM_006235,A_23_P312924
4268,NM_000061,A_23_P137139
4269,NM_030783,A_23_P138772
4270,NM_022483,A_23_P121875
4271,AB037793,A_23_P116602
4272,NM_003093,A_23_P59192
4273,BC008219,A_23_P129005
4274,AB002324,A_23_P163816
4275,NM_000971,A_23_P146321
4276,NM_015235,A_23_P12722
4277,,A_23_P61308
4278,NM_000168,A_23_P111532
4279,NM_005118,A_23_P94753
4280,NM_022784,A_23_P77212
4281,NM_002147,A_23_P78084
4282,NM_006138,A_23_P161914
4283,NM_000394,A_23_P306755
4284,NM_004934,A_23_P84118
4285,NM_024086,A_23_P365705
4286,NM_018842,A_23_P168470
4287,NM_022573,A_23_P22800
4288,NM_153446,A_23_P331211
4289,NM_020318,A_23_P23873
4290,NM_199183,A_23_P135938
4291,NM_016955,A_23_P167198
4292,NM_003062,A_23_P58588
4293,NM_004658,A_23_P139600
4294,,
4295,NM_198046,A_23_P150009
4296,NM_004592,A_23_P25456
4297,NM_199180,A_23_P315451
4298,NM_004499,A_23_P19084
4299,NM_004179,A_23_P150595
4300,NM_016302,A_23_P250930
4301,BC062368,A_23_P6708
4302,NM_014681,A_23_P142173
4303,NM_001867,A_23_P110811
4304,NM_145894,A_23_P500010
4305,NM_000426,A_23_P70719
4306,NM_006562,A_23_P86493
4307,NM_001893,A_23_P207896
4308,NM_003517,A_23_P301247
4309,NM_130468,A_23_P106532
4310,NM_015319,A_23_P151297
4311,NM_173641,A_23_P385199
4312,NM_182573,A_23_P78930
4313,NM_015044,A_23_P163732
4314,NM_001557,A_23_P135757
4315,NM_001331,A_23_P251316
4316,,A_23_P320897
4317,NM_006492,A_23_P85941
4318,,A_23_P310492
4319,NM_004274,A_23_P14346
4320,NM_024756,A_23_P150057
4321,,E1A_r60_3
4322,NM_152516,A_23_P389525
4323,,A_23_P119864
4324,,A_23_P54669
4325,NM_004293,A_23_P383258
4326,NM_025082,A_23_P163576
4327,NM_182524,A_23_P155939
4328,NM_033313,A_23_P405110
4329,NM_003254,A_23_P62106
4330,NM_004663,A_23_P77142
4331,NM_000868,A_23_P433586
4332,NM_020831,A_23_P348138
4333,NM_171998,A_23_P159877
4334,NM_001747,A_23_P165636
4335,NM_002823,A_23_P434305
4336,NM_014589,A_23_P114857
4337,NM_013976,A_23_P90089
4338,,A_23_P61192
4339,NM_014512,A_23_P313453
4340,NM_144670,A_23_P372962
4341,NM_023935,A_23_P403968
4342,NM_002898,A_23_P36432
4343,,A_23_P11895
4344,NM_183422,A_23_P162739
4345,NM_003389,A_23_P135061
4346,NM_022119,A_23_P400298
4347,NM_000274,A_23_P98092
4348,AF334945,A_23_P33927
4349,NM_058243,A_23_P425104
4350,NM_001616,A_23_P153932
4351,,A_23_P123234
4352,NM_002020,A_23_P356070
4353,,A_23_P386398
4354,NM_004035,A_23_P206949
4355,,A_23_P168165
4356,,A_23_P206741
4357,NM_033083,A_23_P166742
4358,NM_000142,A_23_P212832
4359,NM_152557,A_23_P31212
4360,NM_203394,A_23_P322426
4361,NM_017632,A_23_P258002
4362,AJ316284,A_23_P113341
4363,NM_012264,A_23_P17870
4364,NM_021637,A_23_P45324
4365,NM_138425,A_23_P350551
4366,,A_23_P123656
4367,NM_152682,A_23_P394276
4368,NM_001003938,A_23_P15055
4369,,A_23_P36513
4370,,A_23_P253264
4371,,A_23_P147855
4372,NM_052813,A_23_P500433
4373,NM_207333,A_23_P38813
4374,NM_152342,A_23_P371871
4375,,A_23_P92871
4376,NM_152548,A_23_P360354
4377,,A_23_P214844
4378,NM_001109,A_23_P115759
4379,NM_014841,A_23_P214803
4380,NM_175872,A_23_P67618
4381,NM_014228,A_23_P343766
4382,NM_033125,A_23_P42004
4383,NM_016552,A_23_P131463
4384,NM_018682,A_23_P215580
4385,NM_024591,A_23_P170159
4386,NM_213662,A_23_P107201
4387,NM_000080,A_23_P49894
4388,NM_020126,A_23_P303181
4389,,A_23_P431378
4390,NM_024331,A_23_P40156
4391,NM_021933,A_23_P114649
4392,NM_012384,A_23_P91187
4393,AY629351,A_23_P212983
4394,NM_032795,A_23_P75540
4395,NM_015132,A_23_P412980
4396,NM_016025,A_23_P206347
4397,NM_005701,A_23_P256804
4398,AB058742,A_23_P254967
4399,NM_002660,A_23_P254801
4400,NM_016047,A_23_P165402
4401,,A_23_P46068
4402,NM_145715,A_23_P304420
4403,,A_23_P99156
4404,NM_002257,A_23_P16254
4405,NM_001739,A_23_P95683
4406,NM_144645,A_23_P377339
4407,NM_014439,A_23_P5654
4408,NM_032326,A_23_P58148
4409,NM_007249,A_23_P354805
4410,NM_006298,A_23_P214529
4411,NM_001039380,A_23_P410110
4412,NM_172369,A_23_P125974
4413,NM_153320,A_23_P93217
4414,,A_23_P24260
4415,NM_015450,A_23_P84610
4416,NM_024295,A_23_P330908
4417,NM_178326,A_23_P9903
4418,NM_080706,A_23_P375281
4419,NM_020782,A_23_P13673
4420,NM_003038,A_23_P91151
4421,,A_23_P105915
4422,NM_022087,A_23_P8412
4423,NM_002968,A_23_P328074
4424,NM_178509,A_23_P375566
4425,NM_199344,A_23_P148785
4426,NM_178013,A_23_P502808
4427,NM_020661,A_23_P36642
4428,NM_024640,A_23_P62840
4429,NM_006610,A_23_P85672
4430,NM_003685,A_23_P374881
4431,AK024458,A_23_P118874
4432,NM_015831,A_23_P215245
4433,NM_001387,A_23_P7528
4434,NM_145266,A_23_P360245
4435,NM_021066,A_23_P19416
4436,NM_021930,A_23_P59677
4437,NM_015634,A_23_P380815
4438,NM_024512,A_23_P155455
4439,NM_001011658,A_23_P16035
4440,NM_024816,A_23_P169518
4441,,A_23_P119652
4442,NM_005628,A_23_P55997
4443,NM_173510,A_23_P432034
4444,NM_152577,A_23_P431912
4445,NM_032132,A_23_P327530
4446,AF116668,A_23_P116523
4447,NM_017733,A_23_P136544
4448,NM_003900,A_23_P81401
4449,NM_021004,A_23_P162982
4450,NM_020532,A_23_P56930
4451,NM_020769,A_23_P306350
4452,NM_001395,A_23_P171329
4453,NM_053285,A_23_P15677
4454,BC021996,A_23_P258668
4455,NM_004688,A_23_P154235
4456,NM_000524,A_23_P69834
4457,NM_052931,A_23_P200155
4458,NM_001626,A_23_P373475
4459,NM_015534,A_23_P11507
4460,,A_23_P105160
4461,NM_018075,A_23_P6688
4462,NM_201515,A_23_P128434
4463,NM_032303,A_23_P169197
4464,NM_033375,A_23_P416656
4465,NM_152250,A_23_P380871
4466,NM_004716,A_23_P203095
4467,NM_004816,A_23_P422831
4468,NM_198232,A_23_P48596
4469,NM_007174,A_23_P204496
4470,NM_144772,A_23_P126446
4471,,A_23_P85236
4472,NM_080662,A_23_P321466
4473,NM_001432,A_23_P41344
4474,NM_020357,A_23_P155332
4475,BC008288,A_23_P16443
4476,NM_174902,A_23_P251906
4477,NM_198481,A_23_P55836
4478,NM_004218,A_23_P434454
4479,,
4480,NM_006868,A_23_P141688
4481,AK000011,A_23_P55904
4482,BC033102,A_23_P9788
4483,,A_23_P32377
4484,NM_006774,A_23_P70961
4485,,A_23_P95045
4486,NM_000827,A_23_P303072
4487,,A_23_P170800
4488,NM_002995,A_23_P200752
4489,NM_005931,A_23_P122516
4490,NM_002970,A_23_P137016
4491,NM_021934,A_23_P116834
4492,NM_006588,A_23_P39605
4493,NM_152392,A_23_P372467
4494,NM_152901,A_23_P38030
4495,,A_23_P129332
4496,BC000033,A_23_P29414
4497,NM_001137675,A_23_P163814
4498,NM_001001877,A_23_P62447
4499,NM_013330,A_23_P46063
4500,NM_001880,A_23_P369228
4501,NM_023923,A_23_P44118
4502,NM_017858,A_23_P99930
4503,NM_002609,A_23_P122189
4504,NM_020904,A_23_P67361
4505,NM_173860,A_23_P335981
4506,NM_199293,A_23_P95891
4507,,
4508,AK054698,A_23_P89061
4509,NM_001004731,A_23_P3007
4510,NM_007110,A_23_P65481
4511,NM_001001959,A_23_P97755
4512,NM_022836,A_23_P97372
4513,NM_016218,A_23_P386450
4514,NM_144689,A_23_P380945
4515,NM_031313,A_23_P68182
4516,AF116675,A_23_P30240
4517,NM_153443,A_23_P370574
4518,NM_080603,A_23_P5979
4519,NM_017744,A_23_P1117
4520,NM_016186,A_23_P128759
4521,NM_175613,A_23_P144020
4522,NM_015082,A_23_P19125
4523,NM_003202,A_23_P7582
4524,NM_003214,A_23_P81999
4525,NM_152291,A_23_P121614
4526,,A_23_P44326
4527,NM_032689,A_23_P27810
4528,NM_022072,A_23_P21785
4529,NM_000290,A_23_P93942
4530,NM_005025,A_23_P166929
4531,,A_23_P218566
4532,NM_145004,A_23_P44665
4533,NM_005843,A_23_P209215
4534,NM_015139,A_23_P357929
4535,NM_001725,A_23_P131786
4536,NM_138733,A_23_P331063
4537,,A_23_P131875
4538,NM_031903,A_23_P111753
4539,NM_032213,A_23_P154256
4540,NM_198480,A_23_P67072
4541,NM_017803,A_23_P88840
4542,NM_006405,A_23_P151586
4543,NM_001005465,A_23_P37203
4544,NM_001744,A_23_P250347
4545,NM_145038,A_23_P308720
4546,NM_133456,A_23_P156185
4547,NM_004087,A_23_P416142
4548,NM_003154,A_23_P252253
4549,NM_144675,A_23_P368245
4550,BC088374,A_23_P4107
4551,NM_005399,A_23_P11633
4552,NM_002618,A_23_P257131
4553,AK001891,A_23_P207301
4554,NM_016583,A_23_P143397
4555,NM_002413,A_23_P110167
4556,NM_203304,A_23_P39445
4557,NM_032194,A_23_P19202
4558,NM_014916,A_23_P410746
4559,NM_006239,A_23_P167061
4560,AF323919,A_23_P333578
4561,NM_024955,A_23_P80305
4562,NM_144653,A_23_P113825
4563,NM_022034,A_23_P47058
4564,NM_152332,A_23_P88439
4565,NM_198334,A_23_P203406
4566,NM_032837,A_23_P78289
4567,NM_000747,A_23_P207108
4568,CF129804,A_23_P205670
4569,X89399,A_23_P385673
4570,NM_004807,A_23_P90579
4571,NM_018343,A_23_P133284
4572,NM_020236,A_23_P84821
4573,NM_006912,A_23_P115059
4574,NM_020698,A_23_P87853
4575,NM_024624,A_23_P209962
4576,NM_173856,A_23_P402279
4577,,E1A_r60_n11
4578,NM_015460,A_23_P84032
4579,NM_032305,A_23_P23855
4580,NM_032140,A_23_P14972
4581,NM_030915,A_23_P120227
4582,,A_23_P64962
4583,NM_012086,A_23_P429535
4584,NM_024623,A_23_P53324
4585,NM_005862,A_23_P357365
4586,NM_001006,A_23_P144497
4587,NM_080868,A_23_P344440
4588,AK055258,A_23_P375541
4589,NM_018463,A_23_P204415
4590,NM_005600,A_23_P376655
4591,NM_001611,A_23_P142075
4592,NM_017847,A_23_P282
4593,,E1A_r60_a20
4594,NM_000826,A_23_P144563
4595,NM_001170,A_23_P396545
4596,NM_015093,A_23_P19702
4597,NM_152608,A_23_P159144
4598,NM_006261,A_23_P135848
4599,NM_014329,A_23_P323880
4600,NM_003718,A_23_P215296
4601,NM_152906,A_23_P68790
4602,NM_152391,A_23_P131375
4603,NM_015216,A_23_P213661
4604,NM_138394,A_23_P51100
4605,NM_014460,A_23_P320095
4606,NM_020390,A_23_P121179
4607,NM_003931,A_23_P168306
4608,,A_23_P252266
4609,NM_152386,A_23_P153970
4610,AB023230,A_23_P148175
4611,NM_183058,A_23_P46740
4612,NM_003413,A_23_P136994
4613,NM_203347,A_23_P71778
4614,NM_018719,A_23_P253873
4615,NM_016823,A_23_P83556
4616,BG108194,A_23_P48637
4617,NM_001932,A_23_P141346
4618,NM_007275,A_23_P251562
4619,,
4620,,A_23_P152583
4621,,A_23_P363896
4622,NM_006686,A_23_P9186
4623,NM_025134,A_23_P206424
4624,NM_001002926,A_23_P82474
4625,NM_004429,A_23_P45436
4626,NM_000095,A_23_P90436
4627,NM_144778,A_23_P204979
4628,NM_152401,A_23_P363301
4629,NM_022839,A_23_P48975
4630,NM_144992,A_23_P423989
4631,,A_23_P22582
4632,NM_003407,A_23_P39237
4633,NM_024813,A_23_P23542
4634,NM_173201,A_23_P72462
4635,NM_000288,A_23_P93543
4636,NM_032417,A_23_P73498
4637,NM_015430,A_23_P127911
4638,NM_000087,A_23_P92535
4639,NM_000427,A_23_P22297
4640,NM_006530,A_23_P87591
4641,AF220263,A_23_P94656
4642,NM_017906,A_23_P122674
4643,NM_014618,A_23_P94517
4644,NM_001015509,A_23_P15493
4645,NM_021642,A_23_P85716
4646,,A_23_P86762
4647,NM_004197,A_23_P8072
4648,AL525465,A_23_P212294
4649,NM_015267,A_23_P2541
4650,NM_006393,A_23_P104522
4651,NM_198794,A_23_P350491
4652,,
4653,AK027069,A_23_P129754
4654,NM_178537,A_23_P344000
4655,NM_194071,A_23_P215121
4656,NM_021139,A_23_P386911
4657,NM_004572,A_23_P162466
4658,NM_020919,A_23_P209438
4659,NM_005412,A_23_P158239
4660,NM_023009,A_23_P304
4661,NM_000022,A_23_P210482
4662,,A_23_P136680
4663,NM_018390,A_23_P61180
4664,NM_138780,A_23_P317082
4665,NM_006789,A_23_P70387
4666,NM_005175,A_23_P164235
4667,NM_003707,A_23_P21652
4668,NM_007086,A_23_P25873
4669,NM_002223,A_23_P203933
4670,NM_002207,A_23_P252193
4671,NM_206866,A_23_P211047
4672,NM_002150,A_23_P139527
4673,NM_001008224,A_23_P360340
4674,NM_033142,A_23_P16301
4675,NM_020896,A_23_P53081
4676,NM_006093,A_23_P47466
4677,NM_145647,A_23_P334218
4678,NM_001733,A_23_P114034
4679,NM_001942,A_23_P164504
4680,NM_014109,A_23_P216068
4681,NM_152304,A_23_P434919
4682,NM_000116,A_23_P62371
4683,NM_018026,A_23_P138870
4684,NM_016174,A_23_P83293
4685,,A_23_P43387
4686,NM_012200,A_23_P36142
4687,NM_014288,A_23_P23765
4688,NM_001023571,A_23_P84140
4689,NM_032119,A_23_P19134
4690,NM_007007,A_23_P204039
4691,NM_016282,A_23_P146387
4692,NM_005325,A_23_P70454
4693,,A_23_P102150
4694,NM_178819,A_23_P82839
4695,NM_006432,A_23_P48717
4696,NM_182616,A_23_P117819
4697,NM_005093,A_23_P502884
4698,NM_032869,A_23_P123343
4699,AL137321,A_23_P253949
4700,NM_005437,A_23_P86424
4701,NM_006176,A_23_P116264
4702,NM_002439,A_23_P122001
4703,NM_080626,A_23_P25313
4704,NM_024755,A_23_P26094
4705,NM_025054,A_23_P256445
4706,NM_022158,A_23_P89215
4707,NM_006404,A_23_P80040
4708,NM_032026,A_23_P254974
4709,BC051327,A_23_P134653
4710,NM_005301,A_23_P154245
4711,NM_001179,A_23_P80918
4712,NM_014897,A_23_P55256
4713,,
4714,NM_006100,A_23_P250800
4715,NM_001841,A_23_P310931
4716,,E1A_r60_a107
4717,NM_178439,A_23_P335463
4718,NM_006118,A_23_P115224
4719,NM_014015,A_23_P54441
4720,NM_022720,A_23_P211355
4721,NM_022110,A_23_P70557
4722,NM_018084,A_23_P17269
4723,NM_001457,A_23_P211878
4724,,E1A_r60_a20
4725,NM_000905,A_23_P256470
4726,NM_001012276,A_23_P126660
4727,NM_021645,A_23_P205218
4728,NM_024836,A_23_P83923
4729,NM_139076,A_23_P253464
4730,,A_23_P4462
4731,,EQC
4732,NM_013379,A_23_P32975
4733,NM_020039,A_23_P204751
4734,NM_007172,A_23_P434768
4735,NM_004337,A_23_P82859
4736,NM_018224,A_23_P215677
4737,NM_000101,A_23_P163506
4738,NM_002773,A_23_P340088
4739,,EQC
4740,NM_000019,A_23_P24515
4741,BC021740,A_23_P345212
4742,NM_004559,A_23_P34766
4743,NM_152750,A_23_P71081
4744,NM_000785,A_23_P36397
4745,NM_018405,A_23_P152858
4746,NM_005601,A_23_P119042
4747,,EQC
4748,NM_004109,A_23_P98375
4749,,A_23_P72309
4750,,
4751,NM_022773,A_23_P88939
4752,NM_001031709,A_23_P202508
4753,NM_198946,A_23_P83184
4754,NM_000591,A_23_P110456
4755,,EQC
4756,NM_001541,A_23_P161727
4757,NM_000771,A_23_P12767
4758,NM_032026,A_23_P254974
4759,NM_032595,A_23_P55242
4760,NM_001105571,A_23_P129916
4761,NM_007001,A_23_P32025
4762,NM_145654,A_23_P141447
4763,,EQC
4764,NM_014071,A_23_P259135
4765,NM_006598,A_23_P61688
4766,NM_139314,A_23_P159328
4767,NM_152604,A_23_P319013
4768,NM_000382,A_23_P129896
4769,NM_020956,A_23_P429959
4770,NM_000090,A_23_P142527
4771,,EQC
4772,,E1A_r60_a135
4773,NM_014211,A_23_P254159
4774,NM_173607,A_23_P2935
4775,NM_178812,A_23_P340365
4776,NM_145203,A_23_P128653
4777,NM_020377,A_23_P162708
4778,NM_014579,A_23_P128855
4779,,EQC
4780,NM_000185,A_23_P6335
4781,,A_23_P214930
4782,NM_001005199,A_23_P75707
4783,NM_000535,A_23_P93792
4784,,
4785,NM_003496,A_23_P94053
4786,NM_015570,A_23_P122906
4787,,EQC
4788,NM_000946,A_23_P25019
4789,NM_181791,A_23_P111550
4790,,A_23_P136753
4791,NM_003019,A_23_P46785
4792,,E1A_r60_a20
4793,NM_021198,A_23_P28263
4794,NM_020979,A_23_P59507
4795,,EQC
4796,,A_23_P52865
4797,NM_080552,A_23_P307380
4798,NM_004862,A_23_P3532
4799,NM_000466,A_23_P20045
4800,,
4801,NM_000135,A_23_P206441
4802,NM_015462,A_23_P55073
4803,,EQC
4804,NM_013247,A_23_P501154
4805,,A_23_P421512
4806,NM_007019,A_23_P143207
4807,NM_032434,A_23_P28550
4808,,E1A_r60_n9
4809,X99975,A_23_P216900
4810,NM_032564,A_23_P53198
4811,,EQC
4812,NM_001001936,A_23_P406341
4813,,E1A_r60_a107
4814,NM_022473,A_23_P77310
4815,NM_024861,A_23_P60990
4816,NM_152726,A_23_P76598
4817,,A_23_P387624
4818,NM_152259,A_23_P345707
4819,,EQC
4820,NM_000216,A_23_P429950
4821,NM_001012515,A_23_P89789
4822,NM_031442,A_23_P11175
4823,AF116688,A_23_P110655
4824,NM_019008,A_23_P103135
4825,,E1A_r60_a107
4826,BX647096,A_23_P148454
4827,,EQC
4828,NM_002639,A_23_P208126
4829,NM_144606,A_23_P414308
4830,NM_015412,A_23_P336670
4831,NM_001005325,A_23_P150428
4832,BF316579,A_23_P36722
4833,NM_000387,A_23_P72025
4834,NM_020834,A_23_P76829
4835,,EQC
4836,NM_000331,A_23_P345128
4837,NM_024611,A_23_P48920
4838,NM_033064,A_23_P101673
4839,AL080197,A_23_P132206
4840,NM_006299,A_23_P122464
4841,NM_014462,A_23_P20384
4842,NM_000639,A_23_P369815
4843,,EQC
4844,NM_021194,A_23_P23815
4845,NM_007109,A_23_P93321
4846,NM_152753,A_23_P168138
4847,NM_014650,A_23_P208216
4848,NM_004715,A_23_P101111
4849,,A_23_P133087
4850,,A_23_P99349
4851,,EQC
4852,NM_182645,A_23_P410709
4853,,
4854,NM_003377,A_23_P1594
4855,NM_001005200,A_23_P104918
4856,NM_017869,A_23_P10414
4857,NM_033017,A_23_P500601
4858,NM_001002296,A_23_P71440
4859,,EQC
4860,NM_014671,A_23_P59481
4861,NM_001001415,A_23_P95736
4862,NM_021160,A_23_P156696
4863,,A_23_P143016
4864,NM_018332,A_23_P129606
4865,NM_005581,A_23_P398574
4866,NM_001957,A_23_P7337
4867,,EQC
4868,NM_002964,A_23_P200288
4869,NM_001430,A_23_P430120
4870,NM_024740,A_23_P64193
4871,NM_003543,A_23_P323685
4872,NM_001796,A_23_P140797
4873,NM_002317,A_23_P122216
4874,NM_016167,A_23_P82068
4875,,EQC
4876,NM_001002836,A_23_P78831
4877,NM_145251,A_23_P117540
4878,NM_007243,A_23_P8052
4879,NM_078468,A_23_P202474
4880,NM_001938,A_23_P391725
4881,NM_001981,A_23_P59728
4882,,A_23_P112332
4883,,EQC
4884,NM_020341,A_23_P57157
4885,NM_001237,A_23_P58321
4886,NM_017567,A_23_P154208
4887,NM_001079,A_23_P39682
4888,NM_024316,A_23_P208520
4889,NM_018076,A_23_P159548
4890,NM_003048,A_23_P5536
4891,,EQC
4892,NM_181361,A_23_P158675
4893,NM_006202,A_23_P208339
4894,NM_173075,A_23_P10701
4895,NM_001039590,A_23_P217409
4896,NM_032219,A_23_P72157
4897,NM_003846,A_23_P126899
4898,NM_152275,A_23_P131611
4899,,EQC
4900,NM_000243,A_23_P140967
4901,NM_000490,A_23_P109133
4902,NM_018252,A_23_P717
4903,AF118069,A_23_P253689
4904,NM_182923,A_23_P2873
4905,NM_017421,A_23_P111228
4906,NM_001005193,A_23_P153331
4907,,EQC
4908,NM_001031716,A_23_P329198
4909,NM_001786,A_23_P138507
4910,NM_017559,A_23_P66552
4911,NM_001005170,A_23_P127935
4912,NM_001417,A_23_P162679
4913,NM_004547,A_23_P69468
4914,NM_001063,A_23_P212500
4915,,EQC
4916,NM_005495,A_23_P357270
4917,AF490941,A_23_P43917
4918,NM_145252,A_23_P118203
4919,AB075502,A_23_P42514
4920,NM_016828,A_23_P212196
4921,NM_145278,A_23_P408787
4922,NM_019052,A_23_P145330
4923,,EQC
4924,,A_23_P75820
4925,NM_005430,A_23_P411157
4926,NM_016076,A_23_P201445
4927,NM_018482,A_23_P44833
4928,NM_003432,A_23_P133315
4929,NM_032020,A_23_P145408
4930,NM_032599,A_23_P134204
4931,,EQC
4932,NM_014655,A_23_P12034
4933,NM_004629,A_23_P71644
4934,NM_020409,A_23_P502427
4935,NM_024715,A_23_P41777
4936,NM_152346,A_23_P152640
4937,NM_033540,A_23_P80648
4938,NM_003654,A_23_P98200
4939,,EQC
4940,NM_001460,A_23_P138218
4941,NM_005168,A_23_P142849
4942,NM_152913,A_23_P349966
4943,NM_030580,A_23_P43061
4944,NM_003980,A_23_P122736
4945,NM_024775,A_23_P56567
4946,NM_006796,A_23_P124065
4947,,EQC
4948,NM_032714,A_23_P218131
4949,NM_001024675,A_23_P210891
4950,,A_23_P209788
4951,NM_018171,A_23_P105747
4952,NM_173642,A_23_P349406
4953,,EQC
4954,AB020679,A_23_P206400
4955,,EQC
4956,,
4957,AX781433,A_23_P76743
4958,NM_012072,A_23_P210811
4959,NM_015162,A_23_P54488
4960,NM_002668,A_23_P251089
4961,,EQC
4962,NM_032188,A_23_P100472
4963,,EQC
4964,NM_003433,A_23_P16012
4965,NM_007009,A_23_P168726
4966,NM_152484,A_23_P131128
4967,NM_031301,A_23_P205997
4968,NM_180990,A_23_P316064
4969,,EQC
4970,NM_006189,A_23_P116587
4971,,EQC
4972,,A_23_P157695
4973,NM_152379,A_23_P46095
4974,NM_080862,A_23_P258381
4975,,A_23_P44053
4976,NM_178422,A_23_P410159
4977,,EQC
4978,,A_23_P82191
4979,,EQC
4980,NM_145046,A_23_P27538
4981,,A_23_P129765
4982,NM_018569,A_23_P69788
4983,NM_016221,A_23_P251945
4984,NM_005511,A_23_P43350
4985,,EQC
4986,NM_013265,A_23_P104641
4987,,EQC
4988,NM_178580,A_23_P40344
4989,NM_021958,A_23_P126263
4990,NM_016466,A_23_P95027
4991,NM_003368,A_23_P11652
4992,NM_178543,A_23_P10640
4993,,EQC
4994,NM_052874,A_23_P152462
4995,,EQC
4996,NM_007214,A_23_P214977
4997,AF168717,A_23_P3215
4998,NM_020994,A_23_P22693
4999,NM_198839,A_23_P141438
5000,AK090466,A_23_P160399
5001,,EQC
5002,NM_177998,A_23_P306304
5003,,EQC
5004,,A_23_P317055
5005,NM_020238,A_23_P116387
5006,,E1A_r60_a97
5007,AB040906,A_23_P153855
5008,NM_152994,A_23_P90895
5009,,EQC
5010,NM_173358,A_23_P374233
5011,,EQC
5012,NM_206808,A_23_P376586
5013,NM_145176,A_23_P8279
5014,NM_015920,A_23_P14734
5015,NM_033028,A_23_P99961
5016,NM_003415,A_23_P255592
5017,,EQC
5018,NM_153702,A_23_P305692
5019,,EQC
5020,NM_014266,A_23_P39386
5021,NM_014435,A_23_P155666
5022,NM_024087,A_23_P125643
5023,NM_002831,A_23_P162486
5024,NM_001012271,A_23_P118815
5025,,EQC
5026,NM_173054,A_23_P168616
5027,,EQC
5028,NM_007374,A_23_P106117
5029,NM_003721,A_23_P165180
5030,NM_178502,A_23_P336709
5031,NM_032830,A_23_P54626
5032,NM_022830,A_23_P53011
5033,,EQC
5034,,A_23_P95430
5035,,EQC
5036,NM_020973,A_23_P18672
5037,NM_178009,A_23_P76591
5038,,A_23_P209527
5039,NM_033010,A_23_P166807
5040,NM_000573,A_23_P61158
5041,,EQC
5042,NM_018043,A_23_P98304
5043,,EQC
5044,NM_016619,A_23_P81219
5045,,A_23_P119976
5046,NM_004477,A_23_P121772
5047,NM_031948,A_23_P106806
5048,NM_181503,A_23_P162822
5049,,EQC
5050,NM_144965,A_23_P375419
5051,,EQC
5052,NM_020167,A_23_P122134
5053,NM_014608,A_23_P140646
5054,NM_004284,A_23_P45825
5055,NM_005985,A_23_P131846
5056,NM_012162,A_23_P43296
5057,,EQC
5058,,A_23_P160487
5059,,EQC
5060,NM_001507,A_23_P36905
5061,,A_23_P133694
5062,NM_152415,A_23_P366328
5063,NM_018031,A_23_P95553
5064,NM_002531,A_23_P108979
5065,,EQC
5066,NM_173570,A_23_P350689
5067,,EQC
5068,NM_017812,A_23_P251923
5069,NM_005532,A_23_P48513
5070,NM_013244,A_23_P21462
5071,AK001979,A_23_P2524
5072,NM_015112,A_23_P126006
5073,,EQC
5074,NM_007068,A_23_P361381
5075,,EQC
5076,NM_024122,A_23_P61127
5077,NM_000682,A_23_P210148
5078,NM_000104,A_23_P209625
5079,,A_23_P258121
5080,BC014315,A_23_P21777
5081,,EQC
5082,BC041033,A_23_P57293
5083,,EQC
5084,,A_23_P133110
5085,NM_012193,A_23_P64617
5086,NM_020141,A_23_P104005
5087,NM_016157,A_23_P217228
5088,NM_004107,A_23_P55936
5089,,EQC
5090,NM_000456,A_23_P150862
5091,,EQC
5092,NM_032790,A_23_P258837
5093,NM_006035,A_23_P380766
5094,NM_021245,A_23_P1320
5095,BC000988,A_23_P23234
5096,NM_032623,A_23_P255331
5097,,EQC
5098,NM_030763,A_23_P136909
5099,,EQC
5100,NM_144614,A_23_P378450
5101,,A_23_P254415
5102,NM_016066,A_23_P160503
5103,NM_022091,A_23_P30972
5104,NM_001904,A_23_P29499
5105,,EQC
5106,NM_005940,A_23_P57417
5107,,EQC
5108,NM_000178,A_23_P210920
5109,X89426,A_23_P144835
5110,NM_001081,A_23_P127027
5111,NM_015547,A_23_P325726
5112,NM_002787,A_23_P93954
5113,,EQC
5114,NM_030643,A_23_P211479
5115,,EQC
5116,NM_000396,A_23_P34744
5117,NM_152625,A_23_P407096
5118,NM_175062,A_23_P156300
5119,AL117401,A_23_P91630
5120,NM_016649,A_23_P154715
5121,,EQC
5122,NM_002836,A_23_P28869
5123,,EQC
5124,NM_032804,A_23_P202340
5125,NM_012121,A_23_P66891
5126,NM_015485,A_23_P933
5127,AB023218,A_23_P4161
5128,NM_020367,A_23_P116960
5129,,EQC
5130,NM_198098,A_23_P19894
5131,,EQC
5132,NM_015984,A_23_P148798
5133,NM_199189,A_23_P70047
5134,,A_23_P207400
5135,NM_139175,A_23_P42963
5136,NM_007210,A_23_P204133
5137,,EQC
5138,NM_024057,A_23_P48099
5139,,EQC
5140,NM_001859,A_23_P253409
5141,NM_012311,A_23_P202067
5142,NM_012340,A_23_P91278
5143,NM_025249,A_23_P130974
5144,NM_004712,A_23_P72627
5145,,EQC
5146,AK022469,A_23_P147070
5147,,EQC
5148,NM_153358,A_23_P66414
5149,NM_015092,A_23_P37757
5150,NM_148896,A_23_P300740
5151,,A_23_P143074
5152,NM_198471,A_23_P131089
5153,,EQC
5154,NM_032507,A_23_P156625
5155,,EQC
5156,NM_001029885,A_23_P63281
5157,NM_052868,A_23_P137418
5158,NM_032117,A_23_P133123
5159,NM_002951,A_23_P120390
5160,NM_145044,A_23_P92300
5161,NM_199341,A_23_P4922
5162,NM_002800,A_23_P111000
5163,,EQC
5164,NM_004045,A_23_P144877
5165,,A_23_P47980
5166,NM_152860,A_23_P317729
5167,,EQC
5168,NM_001005486,A_23_P76891
5169,NM_017723,A_23_P147106
5170,NM_001781,A_23_P87879
5171,,EQC
5172,NM_032727,A_23_P35444
5173,,A_23_P206084
5174,NM_014376,A_23_P156117
5175,,EQC
5176,NM_052837,A_23_P97271
5177,NM_006799,A_23_P129602
5178,NM_080753,A_23_P368847
5179,,EQC
5180,NM_033046,A_23_P120054
5181,NM_030929,A_23_P1225
5182,X89426,A_23_P144835
5183,,EQC
5184,NM_000979,A_23_P142146
5185,NM_138330,A_23_P339687
5186,NM_005267,A_23_P23037
5187,,EQC
5188,BC029660,A_23_P73992
5189,NM_003810,A_23_P121253
5190,NM_016084,A_23_P118392
5191,,EQC
5192,NM_000483,A_23_P208302
5193,,A_23_P102919
5194,NM_012409,A_23_P143316
5195,,EQC
5196,NM_030760,A_23_P107744
5197,NM_145292,A_23_P429601
5198,,A_23_P162907
5199,,EQC
5200,NM_173537,A_23_P59616
5201,NM_001014448,A_23_P58251
5202,NM_018424,A_23_P216556
5203,,EQC
5204,NM_005041,A_23_P1473
5205,NM_000774,A_23_P89981
5206,NM_002417,A_23_P202232
5207,,EQC
5208,NM_004905,A_23_P983
5209,NM_021249,A_23_P54000
5210,NM_058165,A_23_P142574
5211,,EQC
5212,,A_23_P57199
5213,NM_020643,A_23_P13482
5214,NM_020362,A_23_P200079
5215,,EQC
5216,NM_005869,A_23_P92629
5217,NM_198428,A_23_P82356
5218,NM_001166,A_23_P86959
5219,,EQC
5220,NM_080422,A_23_P207940
5221,NM_138773,A_23_P133375
5222,NM_016044,A_23_P5733
5223,,EQC
5224,NM_025045,A_23_P379039
5225,,E1A_r60_a135
5226,NM_144600,A_23_P390744
5227,,EQC
5228,NM_017900,A_23_P103885
5229,NM_005479,A_23_P127224
5230,NM_002302,A_23_P110777
5231,,EQC
5232,NM_015127,A_23_P74809
5233,NM_017652,A_23_P107693
5234,BC009979,A_23_P340296
5235,,EQC
5236,NM_148897,A_23_P371758
5237,NM_138396,A_23_P47777
5238,NM_024821,A_23_P155106
5239,,EQC
5240,NM_004164,A_23_P80493
5241,NM_001462,A_23_P55649
5242,NM_018451,A_23_P204904
5243,,EQC
5244,X51602,A_23_P205069
5245,,
5246,NM_005362,A_23_P62095
5247,,EQC
5248,NM_019051,A_23_P253412
5249,NM_138957,A_23_P257895
5250,NM_182739,A_23_P43613
5251,,EQC
5252,BC042943,A_23_P138426
5253,NM_001348,A_23_P165028
5254,,A_23_P214627
5255,,EQC
5256,NM_006819,A_23_P124470
5257,,
5258,NM_052963,A_23_P216241
5259,,EQC
5260,NM_005076,A_23_P63557
5261,NM_014464,A_23_P168329
5262,NM_023075,A_23_P27285
5263,,EQC
5264,NM_021930,A_23_P59677
5265,NM_007069,A_23_P116414
5266,NM_138966,A_23_P4490
5267,,EQC
5268,AF359415,A_23_P47589
5269,NM_032606,A_23_P96127
5270,NM_004360,A_23_P206359
5271,,EQC
5272,NM_052876,A_23_P142518
5273,NM_032355,A_23_P41075
5274,NM_138447,A_23_P129659
5275,,EQC
5276,NM_003415,A_23_P255592
5277,NM_022819,A_23_P200629
5278,NM_016529,A_23_P258612
5279,,EQC
5280,NM_006755,A_23_P44986
5281,NM_002893,A_23_P114221
5282,,A_23_P1331
5283,,EQC
5284,NM_033448,A_23_P99044
5285,NM_016602,A_23_P141367
5286,NM_014832,A_23_P88095
5287,,EQC
5288,NM_003052,A_23_P58729
5289,NM_144586,A_23_P419696
5290,AK023806,A_23_P122655
5291,,EQC
5292,NM_021013,A_23_P101054
5293,NM_004901,A_23_P216017
5294,,A_23_P103951
5295,,EQC
5296,NM_052997,A_23_P12533
5297,NM_152729,A_23_P382043
5298,AY358854,A_23_P313939
5299,,EQC
5300,NM_005114,A_23_P121657
5301,NM_005007,A_23_P145297
5302,NM_005769,A_23_P141035
5303,,EQC
5304,AB051490,A_23_P208018
5305,NM_017828,A_23_P117767
5306,U25801,A_23_P66190
5307,,EQC
5308,NM_002290,A_23_P133656
5309,NM_015428,A_23_P107942
5310,NM_003384,A_23_P76761
5311,,EQC
5312,NM_000917,A_23_P35521
5313,NM_019018,A_23_P133438
5314,BC017694,A_23_P165676
5315,,EQC
5316,,A_23_P38689
5317,NM_138353,A_23_P50399
5318,NM_006142,A_23_P63248
5319,,EQC
5320,NM_032259,A_23_P26476
5321,NM_152417,A_23_P136172
5322,NM_006341,A_23_P23206
5323,,EQC
5324,NM_176822,A_23_P47579
5325,NM_024319,A_23_P97328
5326,,A_23_P135157
5327,,EQC
5328,NM_005366,A_23_P113553
5329,NM_020662,A_23_P111373
5330,NM_001001551,A_23_P123732
5331,,EQC
5332,NM_144773,A_23_P412603
5333,NM_006100,A_23_P250800
5334,NM_006842,A_23_P64082
5335,,EQC
5336,NM_000302,A_23_P137525
5337,NM_016593,A_23_P133712
5338,NM_012309,A_23_P334883
5339,,EQC
5340,,E1A_r60_3
5341,NM_000549,A_23_P12128
5342,NM_033284,A_23_P114466
5343,,EQC
5344,NM_007156,A_23_P502627
5345,AK025430,A_23_P163541
5346,NM_004369,A_23_P131614
5347,,EQC
5348,NM_144710,A_23_P91168
5349,NM_024574,A_23_P110266
5350,AF170702,A_23_P80436
5351,,EQC
5352,NM_007225,A_23_P4191
5353,NM_139250,A_23_P148541
5354,NM_006613,A_23_P49638
5355,,EQC
5356,NM_016111,A_23_P206237
5357,NM_006227,A_23_P5983
5358,NM_015885,A_23_P116578
5359,,EQC
5360,NM_006141,A_23_P9688
5361,NM_018260,A_23_P130444
5362,NM_024628,A_23_P110105
5363,,EQC
5364,NM_001351,A_23_P212105
5365,NM_003945,A_23_P213840
5366,,
5367,,EQC
5368,AF146796,A_23_P133036
5369,NM_019887,A_23_P47800
5370,NM_001562,A_23_P104798
5371,,EQC
5372,,A_23_P16306
5373,NM_015675,A_23_P142506
5374,NM_003184,A_23_P43248
5375,,EQC
5376,NM_031964,A_23_P66858
5377,,A_23_P131252
5378,NM_000882,A_23_P80545
5379,,EQC
5380,NM_014725,A_23_P253745
5381,,EQC
5382,,A_23_P37455
5383,NM_032796,A_23_P95339
5384,NM_005997,A_23_P115215
5385,,A_23_P253353
5386,NM_001005747,A_23_P209227
5387,,EQC
5388,NM_017520,A_23_P204967
5389,,EQC
5390,NM_022149,A_23_P7033
5391,NM_138621,A_23_P60693
5392,NM_000825,A_23_P254594
5393,NM_178558,A_23_P337923
5394,NM_006426,A_23_P127243
5395,,EQC
5396,NM_002115,A_23_P213588
5397,,EQC
5398,NM_002272,A_23_P2671
5399,,A_23_P164918
5400,NM_178568,A_23_P66477
5401,NM_018665,A_23_P156445
5402,NM_024697,A_23_P113748
5403,,EQC
5404,NM_033306,A_23_P35912
5405,,EQC
5406,NM_000055,A_23_P212050
5407,,A_23_P48495
5408,NM_002842,A_23_P101642
5409,,A_23_P129258
5410,NM_007232,A_23_P412990
5411,,EQC
5412,,A_23_P326142
5413,,EQC
5414,,A_23_P44792
5415,,A_23_P39882
5416,NM_006291,A_23_P117330
5417,AK127062,A_23_P28843
5418,NM_080658,A_23_P47102
5419,,EQC
5420,NM_203298,A_23_P371613
5421,,EQC
5422,NM_006822,A_23_P129801
5423,NM_030919,A_23_P323751
5424,NM_019062,A_23_P126248
5425,NM_147686,A_23_P110879
5426,NM_014787,A_23_P95359
5427,,EQC
5428,NM_024077,A_23_P84870
5429,,EQC
5430,NM_000333,A_23_P257155
5431,NM_018352,A_23_P167269
5432,,A_23_P1331
5433,NM_005614,A_23_P134243
5434,NM_017596,A_23_P112769
5435,,EQC
5436,NM_002232,A_23_P201138
5437,,EQC
5438,NM_021633,A_23_P161041
5439,NM_003471,A_23_P254542
5440,NM_000509,A_23_P148088
5441,NM_017488,A_23_P209856
5442,NM_024702,A_23_P141187
5443,,EQC
5444,NM_024585,A_23_P15375
5445,,EQC
5446,NM_001030288,A_23_P433758
5447,NM_015178,A_23_P20423
5448,NM_173515,A_23_P134085
5449,NM_004832,A_23_P1254
5450,NM_173678,A_23_P397980
5451,,EQC
5452,NM_019612,A_23_P67521
5453,,EQC
5454,NM_020958,A_23_P205367
5455,NM_133496,A_23_P22915
5456,NM_002906,A_23_P203027
5457,NM_017748,A_23_P38117
5458,AF022789,A_23_P217596
5459,,EQC
5460,NM_024785,A_23_P39525
5461,,EQC
5462,NM_004120,A_23_P85693
5463,NM_004747,A_23_P161209
5464,NM_080928,A_23_P82625
5465,BC069077,A_23_P320858
5466,NM_016057,A_23_P116802
5467,,EQC
5468,NM_020203,A_23_P155931
5469,,EQC
5470,NM_006331,A_23_P87759
5471,NM_006100,A_23_P250800
5472,NM_000908,A_23_P327451
5473,,E1A_r60_a135
5474,NM_000404,A_23_P61531
5475,,EQC
5476,BC055421,A_23_P13789
5477,,EQC
5478,BC026177,A_23_P157196
5479,NM_173560,A_23_P327462
5480,NM_004451,A_23_P1585
5481,NM_023002,A_23_P430839
5482,NM_014586,A_23_P166235
5483,,EQC
5484,NM_052953,A_23_P143854
5485,,EQC
5486,AF049893,A_23_P113570
5487,NM_004872,A_23_P103282
5488,NM_004447,A_23_P136347
5489,NM_024762,A_23_P38824
5490,NM_178865,A_23_P147326
5491,,EQC
5492,NM_000131,A_23_P117298
5493,,EQC
5494,NM_021213,A_23_P4041
5495,NM_000968,A_23_P69429
5496,NM_001780,A_23_P139476
5497,NM_006937,A_23_P118435
5498,NM_001033677,A_23_P48156
5499,,EQC
5500,,E1A_r60_a104
5501,,EQC
5502,NM_170783,A_23_P8038
5503,NM_015577,A_23_P92719
5504,NM_139055,A_23_P52749
5505,NM_000937,A_23_P141235
5506,NM_013364,A_23_P377094
5507,,EQC
5508,NM_018290,A_23_P7172
5509,,EQC
5510,AK000013,A_23_P129443
5511,NM_004296,A_23_P205662
5512,NM_145912,A_23_P6510
5513,NM_018650,A_23_P424
5514,NM_024321,A_23_P90442
5515,,EQC
5516,NM_016643,A_23_P416836
5517,,EQC
5518,,A_23_P34710
5519,NM_080600,A_23_P16553
5520,NM_032704,A_23_P128155
5521,NM_003465,A_23_P126278
5522,NM_207191,A_23_P170618
5523,,EQC
5524,NM_005293,A_23_P159237
5525,,EQC
5526,NM_003314,A_23_P19164
5527,NM_021018,A_23_P30796
5528,NM_203414,A_23_P164289
5529,NM_013271,A_23_P22487
5530,NM_006229,A_23_P35484
5531,,EQC
5532,NM_005740,A_23_P17880
5533,,EQC
5534,NM_015916,A_23_P202219
5535,,
5536,,A_23_P423942
5537,,A_23_P33266
5538,AF334946,A_23_P13002
5539,,EQC
5540,,A_23_P148437
5541,,EQC
5542,NM_144654,A_23_P422115
5543,,A_23_P43864
5544,,A_23_P28084
5545,NM_001043,A_23_P100432
5546,NM_001495,A_23_P84084
5547,,EQC
5548,NM_024657,A_23_P171117
5549,,EQC
5550,NM_138571,A_23_P145574
5551,NM_020714,A_23_P50405
5552,NM_018373,A_23_P65357
5553,,A_23_P301328
5554,NM_001862,A_23_P51069
5555,,EQC
5556,NM_198490,A_23_P77552
5557,,EQC
5558,NM_014905,A_23_P39766
5559,NM_004444,A_23_P168443
5560,NM_013403,A_23_P67399
5561,NM_000125,A_23_P309739
5562,NM_020949,A_23_P253451
5563,,EQC
5564,BC034271,A_23_P71680
5565,,EQC
5566,NM_001105570,A_23_P39215
5567,NM_183360,A_23_P210319
5568,NM_033500,A_23_P217952
5569,NM_021223,A_23_P59738
5570,NM_053050,A_23_P102258
5571,,EQC
5572,NM_139075,A_23_P98151
5573,,EQC
5574,NM_032498,A_23_P352494
5575,NM_006062,A_23_P91015
5576,NM_015101,A_23_P97610
5577,NM_004169,A_23_P502654
5578,NM_001625,A_23_P200404
5579,,EQC
5580,NM_003304,A_23_P18046
5581,,EQC
5582,NM_016648,A_23_P84070
5583,NM_013293,A_23_P31386
5584,NM_206862,A_23_P127186
5585,NM_001032377,A_23_P131354
5586,NM_005375,A_23_P31073
5587,,EQC
5588,NM_000304,A_23_P100711
5589,,EQC
5590,NM_017734,A_23_P23664
5591,NM_004797,A_23_P109855
5592,NM_004798,A_23_P17558
5593,NM_018161,A_23_P35845
5594,,A_23_P133554
5595,,EQC
5596,NM_003157,A_23_P121272
5597,NM_002834,A_23_P204099
5598,,A_23_P5171
5599,BC033237,A_23_P405282
5600,NM_016350,A_23_P54147
5601,NM_016648,A_23_P113094
5602,NM_007163,A_23_P15957
5603,,EQC
5604,NM_003813,A_23_P367420
5605,NM_001005473,A_23_P257184
5606,NM_176782,A_23_P407695
5607,NM_007086,A_23_P25873
5608,NM_014903,A_23_P13740
5609,NM_004371,A_23_P187
5610,NM_001001916,A_23_P53119
5611,,EQC
5612,NM_020637,A_23_P153878
5613,NM_003710,A_23_P49057
5614,,
5615,NM_024420,A_23_P11685
5616,NM_005776,A_23_P14473
5617,NM_000204,A_23_P7212
5618,NM_153206,A_23_P1759
5619,,EQC
5620,,A_23_P322434
5621,NM_006076,A_23_P250689
5622,NM_002982,A_23_P89431
5623,NM_003429,A_23_P67702
5624,NM_018389,A_23_P202720
5625,NM_138355,A_23_P4323
5626,NM_000041,A_23_P164654
5627,,EQC
5628,NM_175907,A_23_P330448
5629,,A_23_P425626
5630,NM_000348,A_23_P28186
5631,,A_23_P11902
5632,NM_006948,A_23_P17602
5633,NM_015631,A_23_P373695
5634,,A_23_P44818
5635,,EQC
5636,NM_001769,A_23_P76364
5637,NM_006512,A_23_P87238
5638,NM_014361,A_23_P503059
5639,NM_004864,A_23_P16523
5640,NM_014755,A_23_P56952
5641,,A_23_P313632
5642,NM_003031,A_23_P106798
5643,,EQC
5644,NM_000430,A_23_P118888
5645,NM_016018,A_23_P134786
5646,NM_032336,A_23_P136787
5647,NM_004092,A_23_P104362
5648,NM_139137,A_23_P139841
5649,,A_23_P36084
5650,AF005632,A_23_P32828
5651,,EQC
5652,NM_006567,A_23_P33720
5653,,A_23_P170551
5654,NM_018233,A_23_P3775
5655,NM_004063,A_23_P111947
5656,NM_003878,A_23_P134910
5657,NM_032013,A_23_P154553
5658,NM_005444,A_23_P388840
5659,,EQC
5660,,A_23_P323286
5661,NM_018361,A_23_P216200
5662,NM_018094,A_23_P19120
5663,NM_206818,A_23_P50365
5664,BC054347,A_23_P109122
5665,NM_006056,A_23_P209700
5666,NM_003638,A_23_P46781
5667,,EQC
5668,NM_002706,A_23_P209269
5669,NM_033506,A_23_P70888
5670,,E1A_r60_1
5671,,A_23_P123108
5672,NM_138785,A_23_P31109
5673,,A_23_P68240
5674,,A_23_P85430
5675,,EQC
5676,,
5677,NM_178448,A_23_P393188
5678,NM_145059,A_23_P429461
5679,NM_138800,A_23_P17173
5680,NM_003975,A_23_P160618
5681,NM_006166,A_23_P314591
5682,NM_014395,A_23_P255444
5683,,EQC
5684,NM_024094,A_23_P252740
5685,NM_147182,A_23_P155733
5686,NM_002859,A_23_P162573
5687,NM_005749,A_23_P164179
5688,,A_23_P82245
5689,AF090898,A_23_P84721
5690,BC006134,A_23_P127596
5691,,EQC
5692,BC108718,A_23_P9280
5693,NM_002165,A_23_P252306
5694,AB067495,A_23_P123086
5695,NM_005308,A_23_P12884
5696,NM_033257,A_23_P143569
5697,NM_001004057,A_23_P212756
5698,NM_003212,A_23_P366376
5699,,EQC
5700,NM_024876,A_23_P208409
5701,NM_018938,A_23_P81262
5702,NM_005577,A_23_P72417
5703,NM_005274,A_23_P148511
5704,AK023303,A_23_P373545
5705,NM_003458,A_23_P29735
5706,U88896,A_23_P148109
5707,,EQC
5708,NM_033054,A_23_P257543
5709,NM_024094,A_23_P252740
5710,NM_000636,A_23_P134176
5711,NM_016284,A_23_P77371
5712,NM_019884,A_23_P164677
5713,NM_198582,A_23_P16755
5714,,E1A_r60_a97
5715,,EQC
5716,NM_000421,A_23_P49975
5717,NM_002934,A_23_P151638
5718,NM_005972,A_23_P86726
5719,,A_23_P70469
5720,NM_001729,A_23_P135722
5721,L17330,A_23_P125176
5722,NM_032799,A_23_P158007
5723,,EQC
5724,NM_004215,A_23_P255226
5725,NM_000582,A_23_P7313
5726,NM_001040152,A_23_P82499
5727,,
5728,NM_018423,A_23_P13822
5729,,A_23_P136763
5730,NM_004928,A_23_P211167
5731,,EQC
5732,,E1A_r60_n9
5733,NM_016429,A_23_P101093
5734,BC048343,A_23_P112756
5735,NM_002172,A_23_P157920
5736,NM_001444,A_23_P59876
5737,AK055955,A_23_P408930
5738,AK125998,A_23_P154294
5739,,EQC
5740,NM_152904,A_23_P38567
5741,NM_020389,A_23_P92972
5742,NM_015035,A_23_P68408
5743,NM_007345,A_23_P55605
5744,NM_006613,A_23_P392962
5745,NM_014368,A_23_P32175
5746,NM_032536,A_23_P423331
5747,,EQC
5748,,E1A_r60_a135
5749,NM_006718,A_23_P8175
5750,NM_184086,A_23_P123402
5751,AK024186,A_23_P63128
5752,NM_032451,A_23_P37825
5753,BC010609,A_23_P359497
5754,NM_015409,A_23_P253154
5755,,EQC
5756,NM_002089,A_23_P315364
5757,NM_134442,A_23_P79231
5758,NM_001005174,A_23_P105071
5759,NM_178545,A_23_P429627
5760,NM_021102,A_23_P27795
5761,BC028580,A_23_P389423
5762,NM_003251,A_23_P105212
5763,,EQC
5764,NM_001004434,A_23_P319083
5765,BX640636,A_23_P94889
5766,,
5767,NM_078470,A_23_P202374
5768,NM_004923,A_23_P161507
5769,,E1A_r60_1
5770,,A_23_P170657
5771,,EQC
5772,NM_005096,A_23_P137073
5773,,A_23_P21862
5774,NM_024309,A_23_P258415
5775,AF071111,A_23_P255992
5776,NM_021127,A_23_P207999
5777,NR_003062,A_23_P126089
5778,NM_001017417,A_23_P362076
5779,,EQC
5780,AY372172,A_23_P91240
5781,NM_003873,A_23_P86390
5782,NM_002357,A_23_P408094
5783,NM_181575,A_23_P253421
5784,NM_005668,A_23_P41693
5785,NM_018555,A_23_P50376
5786,NM_002612,A_23_P257087
5787,,EQC
5788,NM_153716,A_23_P45579
5789,NM_001004459,A_23_P13297
5790,NM_153257,A_23_P67424
5791,NM_020180,A_23_P73451
5792,NM_003435,A_23_P325661
5793,,
5794,NM_012353,A_23_P86350
5795,,EQC
5796,NM_001723,A_23_P59388
5797,NM_138385,A_23_P354175
5798,NM_032153,A_23_P306859
5799,NM_019859,A_23_P500381
5800,NM_015957,A_23_P2062
5801,NM_032520,A_23_P14886
5802,NM_005613,A_23_P200737
5803,,EQC
5804,NM_016427,A_23_P141704
5805,NM_033161,A_23_P32052
5806,NM_014708,A_23_P136817
5807,NM_005433,A_23_P164507
5808,NM_002398,A_23_P28324
5809,,A_23_P143600
5810,NM_032126,A_23_P74723
5811,NM_000709,A_23_P67188
5812,BC010491,A_23_P40010
5813,NM_002489,A_23_P145777
5814,,A_23_P71709
5815,NM_006563,A_23_P383377
5816,NM_138690,A_23_P108180
5817,,A_23_P23478
5818,NM_001005327,A_23_P46290
5819,NM_001001665,A_23_P73043
5820,NM_014631,A_23_P35456
5821,NM_001660,A_23_P431789
5822,NM_014461,A_23_P155404
5823,AK022953,A_23_P29983
5824,NM_207585,A_23_P211083
5825,NM_001007245,A_23_P251825
5826,NM_001441,A_23_P103223
5827,NM_015497,A_23_P88710
5828,,
5829,NM_174917,A_23_P259797
5830,NM_014141,A_23_P95802
5831,AL080220,A_23_P150741
5832,NM_002317,A_23_P122216
5833,NM_152610,A_23_P369344
5834,,A_23_P131979
5835,NM_178812,A_23_P250196
5836,NM_007067,A_23_P152818
5837,NM_006756,A_23_P132444
5838,AF090907,A_23_P10564
5839,NM_014258,A_23_P210678
5840,NM_147147,A_23_P502782
5841,NM_003471,A_23_P44494
5842,,
5843,NM_178508,A_23_P81993
5844,NM_005506,A_23_P254692
5845,NM_003525,A_23_P111042
5846,NM_000578,A_23_P39665
5847,NM_001004019,A_23_P143981
5848,NM_004322,A_23_P150207
5849,NM_019013,A_23_P49878
5850,NM_022772,A_23_P10761
5851,NM_005684,A_23_P85530
5852,NM_014520,A_23_P78170
5853,NM_022116,A_23_P215208
5854,NM_001030005,A_23_P117851
5855,AB075520,A_23_P123073
5856,NM_024042,A_23_P49256
5857,NM_017785,A_23_P41948
5858,NM_017818,A_23_P137358
5859,NM_003292,A_23_P45875
5860,NM_000231,A_23_P423237
5861,NM_003734,A_23_P426305
5862,NM_003279,A_23_P131825
5863,BC018288,A_23_P212542
5864,,
5865,NM_198542,A_23_P153263
5866,NM_014317,A_23_P161152
5867,NM_015253,A_23_P55349
5868,BC033102,A_23_P9788
5869,NM_003761,A_23_P28434
5870,NM_004095,A_23_P22224
5871,NM_133264,A_23_P366454
5872,NM_001008397,A_23_P122052
5873,NM_001001524,A_23_P142403
5874,NM_014828,A_23_P404134
5875,NM_005759,A_23_P79692
5876,,A_23_P13993
5877,NM_173657,A_23_P301476
5878,NM_006861,A_23_P204484
5879,NM_013448,A_23_P76799
5880,NM_002312,A_23_P25579
5881,NM_002909,A_23_P90743
5882,NM_007190,A_23_P202602
5883,NM_030763,A_23_P136909
5884,,A_23_P257063
5885,NM_018474,A_23_P154740
5886,NR_033322,A_23_P82412
5887,NM_024567,A_23_P134684
5888,NM_000307,A_23_P114210
5889,,
5890,BC021996,A_23_P258668
5891,NM_004175,A_23_P132216
5892,NM_013372,A_23_P394337
5893,NM_015599,A_23_P19592
5894,NM_014975,A_23_P101480
5895,NM_152310,A_23_P149858
5896,NM_001812,A_23_P167194
5897,NM_000305,A_23_P31399
5898,NM_014912,A_23_P46812
5899,NM_014621,A_23_P345725
5900,NM_005891,A_23_P383835
5901,NM_018380,A_23_P106633
5902,NM_012400,A_23_P200610
5903,NM_022123,A_23_P2942
5904,NM_148672,A_23_P213403
5905,D63478,A_23_P103833
5906,NM_006004,A_23_P200118
5907,NM_000640,A_23_P85215
5908,NM_012429,A_23_P17808
5909,NM_014887,A_23_P53856
5910,NM_013450,A_23_P120048
5911,NM_006948,A_23_P17602
5912,,A_23_P373447
5913,,A_23_P74398
5914,NM_033514,A_23_P365685
5915,NM_005643,A_23_P59202
5916,,A_23_P87289
5917,NM_006141,A_23_P169730
5918,NM_018174,A_23_P67582
5919,NM_000623,A_23_P304897
5920,NM_003619,A_23_P121637
5921,NM_001670,A_23_P109393
5922,NM_003601,A_23_P256716
5923,NM_006098,A_23_P41716
5924,NM_002337,A_23_P29845
5925,,A_23_P136644
5926,AB007457,A_23_P145895
5927,NM_014183,A_23_P143409
5928,NM_001167,A_23_P22459
5929,NM_000283,A_23_P10743
5930,NM_178812,A_23_P250196
5931,NM_144668,A_23_P363275
5932,NM_016195,A_23_P75071
5933,NM_006768,A_23_P53614
5934,,A_23_P19510
5935,NM_014668,A_23_P329768
5936,NM_005800,A_23_P128635
5937,NM_023014,A_23_P97465
5938,NM_015382,A_23_P54006
5939,,
5940,NM_021639,A_23_P593
5941,NM_002661,A_23_P106675
5942,NM_006764,A_23_P92129
5943,NM_001038,A_23_P128323
5944,NM_002720,A_23_P100355
5945,NM_016238,A_23_P44636
5946,NM_001078,A_23_P34345
5947,NM_018390,A_23_P61180
5948,NM_014141,A_23_P84399
5949,,A_23_P153565
5950,NM_018850,A_23_P123112
5951,,A_23_P167928
5952,NM_018061,A_23_P201565
5953,NM_003312,A_23_P29248
5954,NM_018340,A_23_P77401
5955,NM_000925,A_23_P20932
5956,NM_006542,A_23_P217938
5957,NM_032870,A_23_P122617
5958,NM_001399,A_23_P34045
5959,,
5960,NM_003490,A_23_P80295
5961,NM_031936,A_23_P160964
5962,,A_23_P134887
5963,NM_182830,A_23_P95650
5964,NM_001012753,A_23_P153470
5965,NM_032088,A_23_P354734
5966,NM_173543,A_23_P384635
5967,NM_144625,A_23_P399116
5968,AK056801,A_23_P363418
5969,NM_033380,A_23_P45365
5970,BX647448,A_23_P108746
5971,NM_175063,A_23_P208674
5972,NM_024514,A_23_P202860
5973,NM_004669,A_23_P254654
5974,NM_006512,A_23_P87238
5975,,A_23_P60754
5976,NM_004984,A_23_P218025
5977,NM_003793,A_23_P24433
5978,NM_002406,A_23_P58476
5979,NM_052906,A_23_P80310
5980,NM_025245,A_23_P90419
5981,NM_015891,A_23_P351314
5982,NM_178175,A_23_P327499
5983,NM_001454,A_23_P348636
5984,NM_014876,A_23_P6479
5985,NM_003119,A_23_P3623
5986,NM_001039582,A_23_P62383
5987,BC082981,A_23_P210451
5988,BC002534,A_23_P108990
5989,NM_153832,A_23_P354320
5990,NM_001037171,A_23_P125624
5991,NM_199328,A_23_P427012
5992,NM_198923,A_23_P127352
5993,NM_015387,A_23_P210274
5994,NM_018275,A_23_P42642
5995,NM_012235,A_23_P252825
5996,NM_012080,A_23_P254842
5997,,A_23_P155185
5998,NM_018199,A_23_P205294
5999,,
6000,NM_007166,A_23_P203658
6001,NM_015124,A_23_P91795
6002,,
6003,NM_013274,A_23_P97889
6004,NM_014780,A_23_P19343
6005,NM_014657,A_23_P109005
6006,NM_021808,A_23_P252462
6007,NM_032280,A_23_P156156
6008,NM_004300,A_23_P56798
6009,AK026129,A_23_P86532
6010,NM_002263,A_23_P133954
6011,NM_052972,A_23_P50638
6012,AB040046,A_23_P73128
6013,NM_021961,A_23_P36234
6014,,A_23_P129885
6015,NM_002519,A_23_P203013
6016,NM_033086,A_23_P134980
6017,NM_001011709,A_23_P52346
6018,,A_23_P10060
6019,NM_012152,A_23_P436048
6020,NM_152703,A_23_P145874
6021,NM_014254,A_23_P2446
6022,,A_23_P381489
6023,NM_004489,A_23_P218408
6024,NM_152694,A_23_P411353
6025,,Pro25G
6026,NM_000235,A_23_P97865
6027,NM_024767,A_23_P112016
6028,,A_23_P159024
6029,NM_152889,A_23_P80473
6030,NM_012269,A_23_P250228
6031,NM_001469,A_23_P120950
6032,,Pro25G
6033,NM_014405,A_23_P77899
6034,NM_002607,A_23_P113701
6035,NM_024854,A_23_P204187
6036,NM_006671,A_23_P220
6037,NM_175907,A_23_P375476
6038,NM_005252,A_23_P106192
6039,,Pro25G
6040,NM_002431,A_23_P32615
6041,NM_007347,A_23_P151840
6042,,
6043,NM_017819,A_23_P166716
6044,NM_031485,A_23_P142154
6045,NM_199352,A_23_P64419
6046,,Pro25G
6047,NM_021111,A_23_P83028
6048,NM_005608,A_23_P98173
6049,NM_006536,A_23_P397248
6050,,A_23_P323836
6051,NM_000877,A_23_P68006
6052,NM_002495,A_23_P257198
6053,,Pro25G
6054,NM_003436,A_23_P164632
6055,NM_003192,A_23_P251248
6056,NM_022453,A_23_P39655
6057,NM_002701,A_23_P59138
6058,NM_021979,A_23_P88303
6059,NM_000218,A_23_P429977
6060,,Pro25G
6061,NM_018264,A_23_P215198
6062,NM_016235,A_23_P324327
6063,NM_030956,A_23_P33420
6064,J04208,A_23_P112622
6065,,A_23_P161257
6066,NM_052866,A_23_P312415
6067,,Pro25G
6068,NM_012465,A_23_P86643
6069,NM_024513,A_23_P212339
6070,NM_006185,A_23_P162117
6071,NM_024660,A_23_P142424
6072,BU626551,A_23_P213780
6073,NM_004423,A_23_P218884
6074,,Pro25G
6075,X89426,A_23_P144835
6076,NM_021973,A_23_P7154
6077,NM_025203,A_23_P154022
6078,NM_031209,A_23_P89953
6079,NM_014720,A_23_P202199
6080,NM_003256,A_23_P69208
6081,,Pro25G
6082,NM_002547,A_23_P62420
6083,NM_003970,A_23_P258912
6084,NM_007351,A_23_P18535
6085,NM_171846,A_23_P206000
6086,BC105988,A_23_P118509
6087,,
6088,,Pro25G
6089,,
6090,NM_133170,A_23_P135576
6091,,A_23_P63953
6092,NM_017736,A_23_P118330
6093,NM_017582,A_23_P86034
6094,NM_001001410,A_23_P88757
6095,,Pro25G
6096,BC000849,A_23_P254181
6097,NM_003519,A_23_P8013
6098,,A_23_P331098
6099,NM_018413,A_23_P139919
6100,NM_005510,A_23_P133934
6101,NM_004310,A_23_P58132
6102,,Pro25G
6103,NM_032562,A_23_P24114
6104,NM_021096,A_23_P132329
6105,NM_144597,A_23_P312257
6106,,
6107,NM_007106,A_23_P140029
6108,NM_005559,A_23_P118967
6109,,Pro25G
6110,NM_005547,A_23_P353529
6111,NM_005089,A_23_P93015
6112,AK025816,A_23_P81298
6113,NM_001874,A_23_P162668
6114,NM_000475,A_23_P73632
6115,NM_002865,A_23_P340254
6116,,Pro25G
6117,NM_017708,A_23_P153540
6118,NM_001039127,A_23_P124438
6119,NM_016371,A_23_P11860
6120,NM_032172,A_23_P82394
6121,NM_003260,A_23_P153676
6122,NM_022737,A_23_P153456
6123,,Pro25G
6124,NM_003399,A_23_P83659
6125,NM_032940,A_23_P3527
6126,NM_003675,A_23_P127195
6127,NM_021992,A_23_P137179
6128,NM_025180,A_23_P10002
6129,NM_001011667,A_23_P170628
6130,,Pro25G
6131,NM_016559,A_23_P259010
6132,NM_004252,A_23_P308519
6133,NM_003516,A_23_P103981
6134,NM_015692,A_23_P67198
6135,NM_003837,A_23_P94472
6136,NM_024604,A_23_P2683
6137,,Pro25G
6138,NM_004352,A_23_P77485
6139,NM_006087,A_23_P50344
6140,,A_23_P1894
6141,NM_194280,A_23_P77562
6142,NM_005416,A_23_P62709
6143,NM_024599,A_23_P329870
6144,,Pro25G
6145,NM_152898,A_23_P422849
6146,NM_016014,A_23_P83149
6147,NM_007168,A_23_P118615
6148,,A_23_P44956
6149,NM_024865,A_23_P204641
6150,NM_144777,A_23_P500000
6151,,Pro25G
6152,NM_000135,A_23_P206441
6153,NM_001636,A_23_P33752
6154,NM_005125,A_23_P127475
6155,NM_152375,A_23_P422131
6156,NM_178840,A_23_P376172
6157,NM_001568,A_23_P43141
6158,,Pro25G
6159,NM_018186,A_23_P11862
6160,NM_004442,A_23_P200067
6161,NM_022145,A_23_P155989
6162,NM_178864,A_23_P75494
6163,NM_152914,A_23_P359762
6164,NM_015534,A_23_P11507
6165,,Pro25G
6166,NM_001009552,A_23_P134693
6167,NM_000725,A_23_P371794
6168,NM_014915,A_23_P115593
6169,NM_005817,A_23_P101707
6170,,A_23_P210297
6171,NM_130797,A_23_P19770
6172,,Pro25G
6173,NM_004219,A_23_P7636
6174,NM_000530,A_23_P138089
6175,NM_019084,A_23_P24176
6176,NM_018302,A_23_P29975
6177,NM_138701,A_23_P134314
6178,NM_002252,A_23_P120105
6179,,Pro25G
6180,NM_138410,A_23_P256413
6181,NM_018964,A_23_P17695
6182,NM_176787,A_23_P78358
6183,,A_23_P16809
6184,NM_004543,A_23_P146783
6185,NM_024057,A_23_P48099
6186,,Pro25G
6187,BC032412,A_23_P348911
6188,NM_018087,A_23_P73982
6189,NM_003883,A_23_P7388
6190,NM_004586,A_23_P417331
6191,,A_23_P118167
6192,NM_006586,A_23_P19352
6193,,Pro25G
6194,,A_23_P16370
6195,NM_153023,A_23_P390116
6196,NM_152794,A_23_P374339
6197,NM_019555,A_23_P143885
6198,NM_000864,A_23_P34366
6199,NM_004913,A_23_P129476
6200,,Pro25G
6201,,A_23_P65953
6202,NM_000697,A_23_P152906
6203,,A_23_P257497
6204,NM_030785,A_23_P67411
6205,,A_23_P218158
6206,NM_016448,A_23_P84620
6207,,Pro25G
6208,NM_019071,A_23_P111811
6209,NM_004275,A_23_P219028
6210,BC007638,A_23_P86059
6211,NM_020653,A_23_P4416
6212,,A_23_P110752
6213,,A_23_P80684
6214,,Pro25G
6215,NM_005348,A_23_P162866
6216,NM_013445,A_23_P209578
6217,NM_175868,A_23_P136870
6218,NM_015404,A_23_P83351
6219,BC107798,A_23_P56050
6220,NM_001979,A_23_P8834
6221,,Pro25G
6222,NM_025243,A_23_P39871
6223,NM_017819,A_23_P166716
6224,,
6225,NM_001226,A_23_P500799
6226,NM_000853,A_23_P254944
6227,,A_23_P48430
6228,,Pro25G
6229,NM_003523,A_23_P30776
6230,,A_23_P46708
6231,NM_016176,A_23_P201338
6232,NM_002728,A_23_P380392
6233,NM_053043,A_23_P215534
6234,NM_007199,A_23_P162305
6235,,Pro25G
6236,NM_004443,A_23_P259220
6237,NM_031299,A_23_P162481
6238,NM_015638,A_23_P154796
6239,NM_003896,A_23_P136573
6240,NM_000460,A_23_P121459
6241,NM_015465,A_23_P336513
6242,NM_024621,A_23_P380208
6243,,E1A_r60_a20
6244,NM_002775,A_23_P97990
6245,NM_022140,A_23_P365210
6246,BX648583,A_23_P10281
6247,AF011794,A_23_P48897
6248,NM_015559,A_23_P4551
6249,NM_144662,A_23_P150697
6250,NM_003165,A_23_P135310
6251,NM_012106,A_23_P15182
6252,NM_000301,A_23_P30693
6253,NM_004265,A_23_P98581
6254,NM_005732,A_23_P250404
6255,NM_052896,A_23_P200374
6256,,
6257,AJ295276,A_23_P169966
6258,NM_014580,A_23_P252783
6259,NM_004688,A_23_P154235
6260,NM_202002,A_23_P151150
6261,NM_002367,A_23_P402058
6262,BC026192,A_23_P252015
6263,NM_000409,A_23_P122414
6264,NM_013262,A_23_P31034
6265,NM_182470,A_23_P3258
6266,NM_007139,A_23_P501080
6267,NM_021179,A_23_P468
6268,NM_031469,A_23_P111267
6269,NM_000422,A_23_P96149
6270,NM_004403,A_23_P82449
6271,NM_004667,A_23_P48973
6272,BC082241,A_23_P113784
6273,NM_018952,A_23_P66682
6274,NM_017915,A_23_P87769
6275,NM_153353,A_23_P41194
6276,NM_017563,A_23_P132499
6277,NM_012292,A_23_P374053
6278,NM_018711,A_23_P112982
6279,NM_004642,A_23_P139486
6280,NM_003893,A_23_P97892
6281,NM_021058,A_23_P133851
6282,NM_014290,A_23_P123672
6283,NM_020764,A_23_P206466
6284,NM_025027,A_23_P4626
6285,NM_014597,A_23_P97584
6286,NM_017759,A_23_P209652
6287,NM_002518,A_23_P218597
6288,NM_000135,A_23_P206441
6289,NM_000053,A_23_P205228
6290,NM_007165,A_23_P90339
6291,AB002370,A_23_P61854
6292,NM_003501,A_23_P316381
6293,NM_014740,A_23_P141636
6294,NM_153604,A_23_P339608
6295,NM_005472,A_23_P24951
6296,NM_032735,A_23_P150960
6297,NM_021205,A_23_P114814
6298,NM_001752,A_23_P105138
6299,NM_052818,A_23_P76659
6300,NM_002474,A_23_P206920
6301,NM_001992,A_23_P213562
6302,NM_178134,A_23_P103971
6303,NM_006325,A_23_P128126
6304,NM_000449,A_23_P97410
6305,NM_003657,A_23_P17420
6306,NM_000384,A_23_P79591
6307,,A_23_P37966
6308,BC071555,A_23_P58658
6309,,A_23_P88554
6310,,A_23_P158380
6311,NM_020903,A_23_P78499
6312,NM_005432,A_23_P48470
6313,NM_001002261,A_23_P323924
6314,BC070352,A_23_P72271
6315,NM_003334,A_23_P137205
6316,,A_23_P430168
6317,NM_001017535,A_23_P162589
6318,NM_001009566,A_23_P147599
6319,,A_23_P216596
6320,NM_013335,A_23_P67907
6321,,A_23_P149019
6322,BC038667,A_23_P385911
6323,NM_002067,A_23_P142289
6324,NM_003008,A_23_P5968
6325,NM_020242,A_23_P80902
6326,NM_032788,A_23_P210074
6327,NM_003196,A_23_P34375
6328,,A_23_P60550
6329,NM_021178,A_23_P76882
6330,NM_016570,A_23_P139509
6331,,A_23_P33643
6332,NM_004621,A_23_P127543
6333,NM_002444,A_23_P73589
6334,NM_013301,A_23_P16197
6335,NM_032323,A_23_P149259
6336,NM_000567,A_23_P51245
6337,NM_000911,A_23_P11752
6338,NM_004560,A_23_P158318
6339,NM_022485,A_23_P69229
6340,NM_001020,A_23_P208856
6341,NM_023077,A_23_P114566
6342,NM_007375,A_23_P200641
6343,NM_001973,A_23_P161098
6344,NM_017410,A_23_P64808
6345,NM_139168,A_23_P18772
6346,NM_024534,A_23_P92579
6347,NM_006650,A_23_P167537
6348,NM_006949,A_23_P130614
6349,NM_182566,A_23_P55356
6350,NM_181485,A_23_P345666
6351,NM_018192,A_23_P69179
6352,AK024925,A_23_P11922
6353,NM_000735,A_23_P42386
6354,NM_005694,A_23_P428388
6355,NM_153364,A_23_P337178
6356,NM_014033,A_23_P128432
6357,NM_018092,A_23_P3681
6358,NM_198393,A_23_P54996
6359,,
6360,NM_138969,A_23_P257457
6361,NM_003132,A_23_P74269
6362,NM_032510,A_23_P141699
6363,NM_015727,A_23_P83720
6364,NM_002601,A_23_P102517
6365,NM_001093,A_23_P87791
6366,NM_016570,A_23_P139509
6367,NM_006811,A_23_P79836
6368,NM_001860,A_23_P217109
6369,NM_000986,A_23_P256933
6370,,A_23_P114582
6371,NM_015963,A_23_P84782
6372,NM_005458,A_23_P112275
6373,NM_001005196,A_23_P161819
6374,NM_173512,A_23_P56488
6375,NM_015478,A_23_P210445
6376,NM_020440,A_23_P114968
6377,NM_178033,A_23_P72411
6378,,A_23_P388071
6379,NM_014908,A_23_P10870
6380,,A_23_P150714
6381,NM_022569,A_23_P136371
6382,NM_018024,A_23_P71410
6383,NM_080283,A_23_P107225
6384,NM_052969,A_23_P29595
6385,NM_024956,A_23_P49041
6386,NM_017853,A_23_P95972
6387,,E1A_r60_1
6388,NM_144629,A_23_P363878
6389,NM_002247,A_23_P60727
6390,NM_173050,A_23_P211619
6391,NM_002379,A_23_P97677
6392,NM_003562,A_23_P38497
6393,NM_001004064,A_23_P104902
6394,NM_182688,A_23_P211179
6395,NM_017847,A_23_P282
6396,NM_001007544,A_23_P95640
6397,NM_015288,A_23_P156198
6398,,A_23_P643
6399,NM_176887,A_23_P376114
6400,NM_001004711,A_23_P116360
6401,NM_022047,A_23_P321913
6402,NM_018502,A_23_P144639
6403,,A_23_P122323
6404,NM_000673,A_23_P92562
6405,NM_031908,A_23_P92899
6406,NM_152279,A_23_P90223
6407,AB046770,A_23_P111448
6408,NM_004579,A_23_P24404
6409,AF118080,A_23_P47110
6410,NM_004346,A_23_P92410
6411,,A_23_P158817
6412,NM_001772,A_23_P141819
6413,NM_013322,A_23_P8513
6414,NM_006089,A_23_P114118
6415,NM_139118,A_23_P103662
6416,,A_23_P127697
6417,NM_152737,A_23_P399255
6418,NM_004605,A_23_P107981
6419,NM_133499,A_23_P500824
6420,NM_145063,A_23_P342091
6421,NM_016448,A_23_P10385
6422,NM_138693,A_23_P393627
6423,NM_138729,A_23_P310582
6424,NM_021101,A_23_P57779
6425,,A_23_P58157
6426,NM_052999,A_23_P106663
6427,NM_014049,A_23_P132405
6428,NM_021195,A_23_P37942
6429,NM_001007231,A_23_P142974
6430,NM_023013,A_23_P86072
6431,NM_006627,A_23_P90533
6432,NM_018132,A_23_P70328
6433,NM_016102,A_23_P422661
6434,,
6435,NM_032410,A_23_P314216
6436,NM_033197,A_23_P154784
6437,,E1A_r60_n11
6438,NM_182538,A_23_P100963
6439,NM_152305,A_23_P135895
6440,NM_013270,A_23_P170179
6441,NM_000036,A_23_P51787
6442,NM_002597,A_23_P23090
6443,NM_005057,A_23_P201887
6444,,A_23_P214772
6445,NM_139126,A_23_P42507
6446,,E1A_r60_1
6447,NM_000185,A_23_P6335
6448,NM_053283,A_23_P76218
6449,,A_23_P200456
6450,NM_018172,A_23_P123529
6451,,A_23_P328751
6452,,A_23_P170808
6453,NM_003249,A_23_P28057
6454,NM_001694,A_23_P54816
6455,NM_001009812,A_23_P79458
6456,U35612,A_23_P131887
6457,NM_017805,A_23_P119353
6458,NM_004261,A_23_P83463
6459,NM_004310,A_23_P58132
6460,NM_194460,A_23_P314086
6461,NM_001252,A_23_P119207
6462,NM_005302,A_23_P145995
6463,NM_020159,A_23_P213255
6464,NM_006033,A_23_P78405
6465,NM_002729,A_23_P47034
6466,NM_014889,A_23_P52396
6467,NM_000123,A_23_P117225
6468,NM_020535,A_23_P164988
6469,NM_015289,A_23_P100103
6470,,E1A_r60_3
6471,NM_003155,A_23_P314755
6472,NM_002315,A_23_P87310
6473,NM_006080,A_23_P317591
6474,NM_144976,A_23_P55880
6475,,
6476,NM_024731,A_23_P88802
6477,AK074121,A_23_P46202
6478,NM_000527,A_23_P208591
6479,NM_020988,A_23_P26582
6480,NM_030761,A_23_P382607
6481,NM_017775,A_23_P50008
6482,NM_198486,A_23_P42163
6483,,A_23_P147199
6484,,A_23_P13271
6485,NM_006361,A_23_P4212
6486,NM_174963,A_23_P200999
6487,NM_152281,A_23_P368145
6488,NM_152410,A_23_P170901
6489,NM_052952,A_23_P131139
6490,,E1A_r60_a135
6491,NM_002716,A_23_P52793
6492,BC002811,A_23_P107048
6493,NM_175932,A_23_P75889
6494,,A_23_P66487
6495,AK055156,A_23_P390634
6496,,
6497,NM_030665,A_23_P77807
6498,NM_004549,A_23_P2152
6499,NM_182908,A_23_P48570
6500,NM_033285,A_23_P168882
6501,AK055900,A_23_P391946
6502,NM_006961,A_23_P500900
6503,NM_003684,A_23_P200122
6504,NM_178435,A_23_P104124
6505,,A_23_P95619
6506,NM_006438,A_23_P251486
6507,NM_006159,A_23_P10025
6508,NM_001876,A_23_P104563
6509,NM_080706,A_23_P500244
6510,NM_002003,A_23_P157879
6511,NM_022664,A_23_P149180
6512,NM_002128,A_23_P99985
6513,NM_139248,A_23_P84219
6514,NM_004793,A_23_P208469
6515,NM_006638,A_23_P111297
6516,NM_020963,A_23_P161125
6517,NM_004137,A_23_P19142
6518,NM_007209,A_23_P112430
6519,AY260738,A_23_P94067
6520,NM_016652,A_23_P131967
6521,NM_001414,A_23_P105313
6522,NM_017679,A_23_P153068
6523,NM_181657,A_23_P151791
6524,NM_004226,A_23_P154367
6525,NM_004366,A_23_P132845
6526,NM_016232,A_23_P51132
6527,NM_033036,A_23_P35830
6528,NM_006580,A_23_P391737
6529,NM_017766,A_23_P201295
6530,NM_001560,A_23_P137196
6531,NM_015935,A_23_P201672
6532,NM_006643,A_23_P258272
6533,,A_23_P29949
6534,NM_000943,A_23_P84018
6535,NM_005803,A_23_P214607
6536,NM_054033,A_23_P142631
6537,NM_006502,A_23_P145191
6538,,
6539,NM_178130,A_23_P212672
6540,,A_23_P251755
6541,AB018258,A_23_P213825
6542,,A_23_P252482
6543,NM_001010983,A_23_P132669
6544,NM_152413,A_23_P9074
6545,,A_23_P40724
6546,,A_23_P130096
6547,NM_207338,A_23_P88613
6548,,A_23_P142239
6549,NM_053006,A_23_P40516
6550,NM_012308,A_23_P83916
6551,NM_005119,A_23_P160367
6552,NM_006802,A_23_P147269
6553,,A_23_P159335
6554,NM_006036,A_23_P165325
6555,NM_022355,A_23_P118025
6556,NM_000320,A_23_P167212
6557,NM_004268,A_23_P116023
6558,NM_031491,A_23_P65126
6559,NM_080742,A_23_P167805
6560,NM_145048,A_23_P390621
6561,NM_004435,A_23_P83266
6562,NM_017409,A_23_P36544
6563,NM_003924,A_23_P213228
6564,NM_004059,A_23_P315206
6565,,E1A_r60_a97
6566,,A_23_P167624
6567,NM_006252,A_23_P52109
6568,NM_058186,A_23_P166269
6569,AY168775,A_23_P360274
6570,NM_017709,A_23_P137751
6571,,
6572,NM_001003694,A_23_P250948
6573,NM_019034,A_23_P203983
6574,,A_23_P48051
6575,AK000671,A_23_P105939
6576,NM_015578,A_23_P56069
6577,,E1A_r60_a107
6578,NM_004855,A_23_P77174
6579,NM_032389,A_23_P161552
6580,NM_017638,A_23_P138105
6581,,
6582,NM_152367,A_23_P343366
6583,NM_001692,A_23_P142815
6584,,A_23_P89080
6585,AF113010,A_23_P68190
6586,NM_014468,A_23_P75162
6587,NM_005399,A_23_P350704
6588,NM_006461,A_23_P89509
6589,NM_001343,A_23_P257871
6590,NM_006423,A_23_P38864
6591,NM_000138,A_23_P65678
6592,,A_23_P167983
6593,NM_001004475,A_23_P23507
6594,NM_006659,A_23_P127150
6595,NM_145650,A_23_P24332
6596,,A_23_P318943
6597,NM_016507,A_23_P350093
6598,NM_207420,A_23_P148861
6599,NM_021127,A_23_P207999
6600,AJ404330,A_23_P24215
6601,NM_001856,A_23_P160318
6602,NM_001008727,A_23_P89963
6603,NM_001008747,A_23_P402950
6604,NM_005440,A_23_P434807
6605,,
6606,AB076400,A_23_P367394
6607,NM_024490,A_23_P65659
6608,,A_23_P30973
6609,NM_138619,A_23_P38177
6610,NM_033109,A_23_P154488
6611,NM_145858,A_23_P218733
6612,NM_001015878,A_23_P50226
6613,NM_006864,A_23_P208500
6614,NM_005780,A_23_P88069
6615,AK128222,A_23_P132610
6616,NM_005644,A_23_P63178
6617,NM_002110,A_23_P102801
6618,NM_004831,A_23_P164737
6619,NM_006346,A_23_P37026
6620,NM_002239,A_23_P153986
6621,NM_181724,A_23_P76260
6622,NM_020812,A_23_P67299
6623,NM_032558,A_23_P359144
6624,NM_006000,A_23_P84448
6625,NM_015938,A_23_P32853
6626,NM_152739,A_23_P500998
6627,NM_021930,A_23_P59677
6628,NM_147130,A_23_P251881
6629,NM_057175,A_23_P212825
6630,NM_003748,A_23_P158945
6631,NM_003827,A_23_P55990
6632,NM_002726,A_23_P133755
6633,NM_014350,A_23_P259116
6634,AY081145,A_23_P413043
6635,NM_173801,A_23_P317820
6636,NM_015958,A_23_P148821
6637,NM_030938,A_23_P129935
6638,,
6639,NM_152644,A_23_P52527
6640,NM_012168,A_23_P45999
6641,NM_001547,A_23_P24004
6642,NM_004428,A_23_P254512
6643,NM_019897,A_23_P135007
6644,NM_003144,A_23_P8221
6645,NM_012131,A_23_P360924
6646,NM_022821,A_23_P23380
6647,NM_006660,A_23_P140511
6648,NM_001662,A_23_P254605
6649,,A_23_P67086
6650,NM_139033,A_23_P100703
6651,NM_002170,A_23_P146539
6652,NM_018052,A_23_P77590
6653,NM_031433,A_23_P2170
6654,NM_001693,A_23_P31844
6655,NM_017954,A_23_P31555
6656,NM_000203,A_23_P167093
6657,NM_012443,A_23_P75147
6658,NM_001865,A_23_P81690
6659,NM_014956,A_23_P75609
6660,NM_019591,A_23_P128060
6661,NM_016448,A_23_P10385
6662,NM_014424,A_23_P103703
6663,BC027604,A_23_P339053
6664,NM_057180,A_23_P128388
6665,NM_144585,A_23_P35809
6666,NM_201575,A_23_P10194
6667,NM_018084,A_23_P17269
6668,NM_153442,A_23_P415544
6669,,A_23_P36994
6670,NM_014904,A_23_P127135
6671,NM_003860,A_23_P47210
6672,NM_005709,A_23_P116430
6673,NM_003857,A_23_P77756
6674,NM_018060,A_23_P74843
6675,NM_001005328,A_23_P134566
6676,NM_002738,A_23_P206585
6677,,A_23_P3083
6678,NM_014429,A_23_P83683
6679,NM_024558,A_23_P128940
6680,NM_033228,A_23_P167384
6681,NM_000078,A_23_P49376
6682,NM_024029,A_23_P107894
6683,,
6684,NM_020154,A_23_P88680
6685,NM_152603,A_23_P354894
6686,NM_003223,A_23_P141092
6687,NM_000513,A_23_P96623
6688,NM_032902,A_23_P157715
6689,NM_178122,A_23_P325168
6690,NM_018366,A_23_P69675
6691,NM_013367,A_23_P317800
6692,NM_001728,A_23_P142227
6693,NM_020936,A_23_P47843
6694,NM_000893,A_23_P212258
6695,NM_017711,A_23_P217498
6696,,
6697,R79606,A_23_P254346
6698,NM_015507,A_23_P33996
6699,NM_004767,A_23_P35237
6700,NM_002086,A_23_P77847
6701,NM_004951,A_23_P25566
6702,NM_145080,A_23_P95823
6703,NM_014661,A_23_P104509
6704,NM_005441,A_23_P57306
6705,AK129920,A_23_P117542
6706,AL035301,A_23_P74852
6707,NM_033647,A_23_P2294
6708,NM_020194,A_23_P405148
6709,NM_003782,A_23_P422071
6710,NM_024782,A_23_P56521
6711,NM_006773,A_23_P56865
6712,NM_001554,A_23_P46429
6713,NM_020407,A_23_P51690
6714,NM_005645,A_23_P35148
6715,NM_198700,A_23_P318396
6716,NM_019600,A_23_P99853
6717,NM_173493,A_23_P404057
6718,,
6719,NM_003769,A_23_P117013
6720,NM_002524,A_23_P63189
6721,NM_080743,A_23_P110901
6722,NM_032867,A_23_P2041
6723,NM_178547,A_23_P357995
6724,,A_23_P104541
6725,NM_003041,A_23_P411277
6726,,A_23_P73370
6727,,A_23_P66158
6728,NM_006200,A_23_P257003
6729,NM_005049,A_23_P102927
6730,NM_001005291,A_23_P129786
6731,NM_014262,A_23_P87752
6732,,A_23_P9707
6733,NM_006653,A_23_P167970
6734,NM_005231,A_23_P202823
6735,NM_020410,A_23_P5165
6736,NM_021930,A_23_P59677
6737,NM_017819,A_23_P166716
6738,NM_145064,A_23_P10947
6739,NM_173804,A_23_P108058
6740,NM_024094,A_23_P252740
6741,,E1A_r60_a97
6742,,A_23_P124442
6743,NM_018425,A_23_P127339
6744,NM_012285,A_23_P147764
6745,NM_053023,A_23_P203346
6746,NM_014757,A_23_P110604
6747,NM_004289,A_23_P42718
6748,NM_145259,A_23_P397455
6749,NM_020901,A_23_P75391
6750,NM_005862,A_23_P95489
6751,NM_024865,A_23_P204641
6752,NM_006353,A_23_P19389
6753,BG108194,A_23_P48637
6754,,E1A_r60_n11
6755,NM_000400,A_23_P130485
6756,NM_001350,A_23_P122579
6757,NM_005814,A_23_P51538
6758,NM_005033,A_23_P81121
6759,NM_001013630,A_23_P51874
6760,NM_006360,A_23_P150446
6761,AK027207,A_23_P83749
6762,NM_033138,A_23_P42575
6763,AY358094,A_23_P120677
6764,X16281,A_23_P32924
6765,NM_003326,A_23_P126834
6766,NM_001197,A_23_P404667
6767,NM_005318,A_23_P29257
6768,NM_016096,A_23_P252704
6769,,A_23_P42594
6770,NM_012108,A_23_P7185
6771,NM_015980,A_23_P319005
6772,NM_005909,A_23_P213573
6773,NM_014845,A_23_P145541
6774,NM_012229,A_23_P97906
6775,NM_004209,A_23_P88913
6776,NM_006399,A_23_P128974
6777,NM_019605,A_23_P318904
6778,NM_032551,A_23_P101761
6779,,
6780,NM_000044,A_23_P113111
6781,,A_23_P159335
6782,NM_014926,A_23_P18363
6783,NM_005505,A_23_P369201
6784,NM_203356,A_23_P128773
6785,NM_017551,A_23_P32805
6786,NM_018353,A_23_P106162
6787,NM_032028,A_23_P30326
6788,NM_001497,A_23_P393580
6789,NM_020726,A_23_P133217
6790,NM_000557,A_23_P259955
6791,NM_080391,A_23_P200414
6792,NM_018480,A_23_P2124
6793,NM_001277,A_23_P136135
6794,NM_001010,A_23_P123563
6795,NM_182915,A_23_P90601
6796,NM_002723,A_23_P116872
6797,NM_003202,A_23_P7582
6798,NM_002266,A_23_P125265
6799,NM_020157,A_23_P403385
6800,NM_004255,A_23_P84259
6801,NM_016657,A_23_P211504
6802,BX537520,A_23_P135787
6803,NM_004975,A_23_P79860
6804,NM_020350,A_23_P158596
6805,NM_001290,A_23_P125253
6806,NM_014051,A_23_P42080
6807,NM_153356,A_23_P408205
6808,NM_014826,A_23_P256190
6809,NM_004317,A_23_P27627
6810,NM_006537,A_23_P83768
6811,NM_014883,A_23_P370651
6812,NM_005153,A_23_P100196
6813,NM_000912,A_23_P169061
6814,NM_003022,A_23_P148297
6815,,A_23_P390474
6816,NM_001008390,A_23_P155276
6817,NM_004844,A_23_P143973
6818,NM_002004,A_23_P23428
6819,NM_005762,A_23_P89882
6820,NM_007249,A_23_P205142
6821,NM_004190,A_23_P47019
6822,NM_004520,A_23_P254091
6823,,A_23_P373092
6824,NM_199040,A_23_P2366
6825,AF011794,A_23_P48897
6826,NM_138384,A_23_P113726
6827,NM_001014977,A_23_P330618
6828,NM_015713,A_23_P20223
6829,NM_014444,A_23_P3450
6830,NM_020120,A_23_P255016
6831,NM_001008697,A_23_P120835
6832,NM_144994,A_23_P83694
6833,NM_020889,A_23_P305761
6834,AK098470,A_23_P328120
6835,NM_198219,A_23_P99437
6836,NM_213594,A_23_P204342
6837,NM_004552,A_23_P10463
6838,NM_006739,A_23_P132277
6839,NM_032602,A_23_P416666
6840,NM_000593,A_23_P59005
6841,NM_020771,A_23_P250002
6842,NM_000920,A_23_P33228
6843,NM_014489,A_23_P64560
6844,NM_018322,A_23_P19324
6845,NM_030791,A_23_P347048
6846,NM_007361,A_23_P163087
6847,NM_001173,A_23_P48535
6848,NM_005733,A_23_P256956
6849,NM_014839,A_23_P323341
6850,NM_005546,A_23_P354146
6851,NM_002704,A_23_P121596
6852,NM_017481,A_23_P98830
6853,NM_022360,A_23_P14414
6854,,A_23_P427083
6855,BC006312,A_23_P126486
6856,NM_139179,A_23_P8532
6857,NM_024844,A_23_P26777
6858,NM_053031,A_23_P132428
6859,,A_23_P20168
6860,NM_002245,A_23_P126075
6861,M77235,A_23_P43860
6862,NM_004472,A_23_P255978
6863,NM_018984,A_23_P99057
6864,NM_012145,A_23_P123974
6865,NM_002609,A_23_P421401
6866,NM_178026,A_23_P57236
6867,NM_079423,A_23_P203864
6868,NM_002698,A_23_P78532
6869,NM_006540,A_23_P134875
6870,NM_003414,A_23_P66260
6871,NM_016019,A_23_P59790
6872,NM_000669,A_23_P81158
6873,NM_003473,A_23_P1343
6874,NM_016562,A_23_P85240
6875,NM_014188,A_23_P63289
6876,NM_214710,A_23_P251801
6877,NM_002263,A_23_P133954
6878,NM_005902,A_23_P48936
6879,NM_005739,A_23_P124642
6880,AB002370,A_23_P61854
6881,NM_145111,A_23_P168810
6882,NM_006430,A_23_P102420
6883,NM_002714,A_23_P156666
6884,NM_173574,A_23_P318380
6885,NM_152436,A_23_P414422
6886,NM_006544,A_23_P413826
6887,NM_003748,A_23_P170337
6888,BC032822,A_23_P209298
6889,NM_014812,A_23_P348857
6890,NM_014012,A_23_P28948
6891,NM_020383,A_23_P24193
6892,NM_001004686,A_23_P115561
6893,NM_006834,A_23_P42375
6894,NM_144631,A_23_P142671
6895,NM_020062,A_23_P102571
6896,NM_000687,A_23_P17575
6897,NM_002078,A_23_P256391
6898,NM_012333,A_23_P201655
6899,NM_001004313,A_23_P4069
6900,NM_016390,A_23_P9392
6901,AF116641,A_23_P128911
6902,,A_23_P116470
6903,NM_012419,A_23_P156861
6904,NM_024997,A_23_P129466
6905,NM_022074,A_23_P203332
6906,NM_006429,A_23_P102401
6907,NM_001005185,A_23_P23502
6908,NM_018666,A_23_P21943
6909,NM_020159,A_23_P213255
6910,NM_006897,A_23_P25150
6911,NM_000887,A_23_P312132
6912,NM_001003845,A_23_P135381
6913,NM_021062,A_23_P111054
6914,,A_23_P134058
6915,NM_015589,A_23_P302081
6916,NM_152462,A_23_P389532
6917,NM_018419,A_23_P255418
6918,,A_23_P258174
6919,,E1A_r60_a22
6920,AB002296,A_23_P36293
6921,NM_172193,A_23_P422766
6922,NM_002532,A_23_P152919
6923,NM_002088,A_23_P16063
6924,NM_020157,A_23_P250431
6925,NM_014172,A_23_P83192
6926,NM_005417,A_23_P252316
6927,NM_175839,A_23_P102731
6928,NM_016953,A_23_P210128
6929,NM_001605,A_23_P89020
6930,NM_002780,A_23_P426885
6931,NM_003547,A_23_P325470
6932,NM_001262,A_23_P85460
6933,NM_025087,A_23_P110319
6934,NM_080670,A_23_P69844
6935,,A_23_P251303
6936,NM_013353,A_23_P126603
6937,NM_000621,A_23_P99354
6938,NM_015717,A_23_P39790
6939,NM_024665,A_23_P212552
6940,NM_005904,A_23_P55518
6941,NM_003665,A_23_P115246
6942,NM_144641,A_23_P258393
6943,AK022609,A_23_P54692
6944,NM_030927,A_23_P202080
6945,NM_018461,A_23_P135778
6946,NM_145913,A_23_P338542
6947,NM_033051,A_23_P31993
6948,NM_145284,A_23_P382688
6949,AB095949,A_23_P41629
6950,NM_021925,A_23_P420256
6951,NM_006569,A_23_P210235
6952,NM_003611,A_23_P254226
6953,,A_23_P398566
6954,BC034142,A_23_P68273
6955,NM_030929,A_23_P421011
6956,NM_003315,A_23_P60591
6957,NM_003999,A_23_P156290
6958,NM_003331,A_23_P153311
6959,BC033102,A_23_P9788
6960,NM_014753,A_23_P24068
6961,NM_032593,A_23_P157784
6962,,A_23_P135383
6963,NM_017925,A_23_P157726
6964,NM_152598,A_23_P337899
6965,,A_23_P255457
6966,,A_23_P201129
6967,NM_032553,A_23_P11070
6968,NM_001004439,A_23_P206021
6969,NM_018318,A_23_P162277
6970,NM_016082,A_23_P257278
6971,NM_017819,A_23_P166716
6972,NM_021127,A_23_P207999
6973,NM_000246,A_23_P33384
6974,NM_016520,A_23_P9443
6975,NM_014515,A_23_P162336
6976,NM_006544,A_23_P14464
6977,NM_001008225,A_23_P156993
6978,NM_001104,A_23_P138881
6979,NM_014358,A_23_P162439
6980,NM_003591,A_23_P149763
6981,NM_176895,A_23_P70060
6982,NM_025009,A_23_P212792
6983,NM_000285,A_23_P83436
6984,NM_024294,A_23_P122586
6985,NM_201535,A_23_P37205
6986,,E1A_r60_a135
6987,NM_006458,A_23_P150619
6988,NM_022167,A_23_P15582
6989,NM_021785,A_23_P254165
6990,NM_004388,A_23_P201368
6991,NM_024501,A_23_P120248
6992,NM_002421,A_23_P1691
6993,,A_23_P44942
6994,NM_022834,A_23_P86089
6995,NM_016169,A_23_P425308
6996,NM_003461,A_23_P254887
6997,AK096643,A_23_P130604
6998,NM_021803,A_23_P167250
6999,NM_024295,A_23_P216043
7000,AB046859,A_23_P103734
7001,NM_005676,A_23_P125813
7002,,A_23_P78232
7003,NM_007344,A_23_P254031
7004,NM_024577,A_23_P7473
7005,NM_004399,A_23_P203949
7006,,A_23_P170713
7007,NM_020159,A_23_P213255
7008,NM_015434,A_23_P52085
7009,NM_033191,A_23_P207868
7010,NM_001827,A_23_P71727
7011,NM_032901,A_23_P151280
7012,NM_003627,A_23_P52939
7013,,A_23_P10699
7014,NM_006835,A_23_P69521
7015,NM_006272,A_23_P143529
7016,,A_23_P35030
7017,,
7018,NM_024863,A_23_P259166
7019,NM_012323,A_23_P103110
7020,NM_033481,A_23_P254120
7021,NM_014225,A_23_P107661
7022,AF411516,A_23_P419065
7023,NM_175619,A_23_P349398
7024,NM_025217,A_23_P168259
7025,NM_003584,A_23_P376759
7026,NM_006982,A_23_P83798
7027,NM_018225,A_23_P123874
7028,NM_002595,A_23_P95527
7029,NM_015442,A_23_P112652
7030,NM_001009555,A_23_P33364
7031,NM_002573,A_23_P16078
7032,NM_033626,A_23_P73543
7033,NM_004635,A_23_P314584
7034,NM_024322,A_23_P50990
7035,NM_173092,A_23_P83558
7036,NM_001508,A_23_P425236
7037,,A_23_P211319
7038,NM_006017,A_23_P258462
7039,NM_174927,A_23_P430718
7040,BC007329,A_23_P426501
7041,NM_016333,A_23_P323166
7042,NM_017944,A_23_P148204
7043,,A_23_P155997
7044,NM_021161,A_23_P37364
7045,NM_016309,A_23_P33148
7046,NM_145814,A_23_P501933
7047,NM_005836,A_23_P134714
7048,,A_23_P135966
7049,NM_015190,A_23_P104372
7050,NM_016481,A_23_P257726
7051,,
7052,NM_003809,A_23_P141233
7053,NM_194358,A_23_P98884
7054,,A_23_P29472
7055,NM_015173,A_23_P73023
7056,NM_032364,A_23_P150867
7057,NM_013994,A_23_P93311
7058,NM_021080,A_23_P23850
7059,NM_012279,A_23_P400887
7060,AF116718,A_23_P142805
7061,NM_144611,A_23_P55330
7062,NM_001004051,A_23_P408167
7063,NM_007058,A_23_P7853
7064,NM_003115,A_23_P160460
7065,NM_138414,A_23_P388914
7066,NM_001584,A_23_P52888
7067,NM_017656,A_23_P95924
7068,NM_152773,A_23_P21167
7069,NM_006180,A_23_P216772
7070,,A_23_P75830
7071,NM_002779,A_23_P115692
7072,BC007072,A_23_P97123
7073,NM_005315,A_23_P109382
7074,NM_005651,A_23_P80974
7075,NM_022133,A_23_P258891
7076,NM_002347,A_23_P134914
7077,NM_020832,A_23_P331813
7078,NM_052885,A_23_P10211
7079,NM_000993,A_23_P210032
7080,,A_23_P21907
7081,NM_138794,A_23_P86222
7082,NM_001781,A_23_P87879
7083,NM_001003940,A_23_P379645
7084,NM_019067,A_23_P69918
7085,NM_001650,A_23_P107565
7086,NM_012215,A_23_P202170
7087,NM_080749,A_23_P165989
7088,NM_014694,A_23_P20692
7089,,A_23_P117943
7090,NM_000715,A_23_P97541
7091,NM_153021,A_23_P56356
7092,NM_138368,A_23_P24424
7093,NM_014452,A_23_P30666
7094,NM_004930,A_23_P126752
7095,NM_016632,A_23_P207680
7096,NM_005005,A_23_P157669
7097,NM_001005195,A_23_P13214
7098,NM_001330,A_23_P163838
7099,NM_021127,A_23_P207999
7100,NM_000626,A_23_P207201
7101,,A_23_P219099
7102,NM_002511,A_23_P70634
7103,NM_014332,A_23_P253542
7104,NM_005786,A_23_P27373
7105,NM_207398,A_23_P97082
7106,NM_001161,A_23_P112478
7107,AY154892,A_23_P402819
7108,NM_007285,A_23_P118313
7109,NM_020211,A_23_P372305
7110,NM_004419,A_23_P150016
7111,NM_006533,A_23_P4714
7112,NM_032709,A_23_P24157
7113,NM_003636,A_23_P501238
7114,NM_005048,A_23_P28181
7115,NM_020439,A_23_P364428
7116,NM_015721,A_23_P66872
7117,NM_006925,A_23_P205310
7118,NM_016144,A_23_P252403
7119,NM_002699,A_23_P97038
7120,NM_173483,A_23_P101869
7121,,A_23_P28797
7122,AK127678,A_23_P31013
7123,NM_018321,A_23_P252855
7124,NM_006304,A_23_P42664
7125,AK025997,A_23_P133293
7126,NM_000670,A_23_P30098
7127,NM_175918,A_23_P431330
7128,NM_006135,A_23_P149736
7129,NM_030957,A_23_P108320
7130,NM_024324,A_23_P125098
7131,BC032712,A_23_P351804
7132,,A_23_P25551
7133,,A_23_P107007
7134,NM_001359,A_23_P71464
7135,NM_001773,A_23_P23829
7136,NM_003586,A_23_P340953
7137,NM_006310,A_23_P84836
7138,NM_018390,A_23_P61180
7139,NM_005746,A_23_P305060
7140,,A_23_P316543
7141,NM_004675,A_23_P149121
7142,NM_021082,A_23_P92107
7143,AY227436,A_23_P113952
7144,NM_007181,A_23_P5005
7145,NM_004254,A_23_P87219
7146,NM_014637,A_23_P216210
7147,NM_003469,A_23_P79191
7148,NM_005441,A_23_P57306
7149,BC035615,A_23_P209799
7150,NM_207310,A_23_P401718
7151,,A_23_P207400
7152,NM_015955,A_23_P16787
7153,CA432210,A_23_P141525
7154,NM_023077,A_23_P347508
7155,NM_001029,A_23_P320082
7156,BX161415,A_23_P53987
7157,NM_001389,A_23_P211141
7158,NM_152513,A_23_P211561
7159,NM_006164,A_23_P5761
7160,,A_23_P200420
7161,,A_23_P207174
7162,NM_001017927,A_23_P39535
7163,NM_004551,A_23_P75398
7164,NM_013380,A_23_P107724
7165,NM_018475,A_23_P133174
7166,NM_014770,A_23_P2198
7167,,A_23_P169319
7168,NM_173857,A_23_P78656
7169,NM_001521,A_23_P169887
7170,NM_018229,A_23_P37265
7171,NM_007108,A_23_P100392
7172,NM_005807,A_23_P160286
7173,NM_004086,A_23_P76815
7174,NM_013309,A_23_P117679
7175,NM_005451,A_23_P144896
7176,NM_031955,A_23_P166734
7177,NM_004494,A_23_P149239
7178,NM_153235,A_23_P434398
7179,NM_022488,A_23_P212700
7180,NM_005766,A_23_P308763
7181,NM_030930,A_23_P98164
7182,NM_130898,A_23_P63232
7183,NM_003361,A_23_P158775
7184,,
7185,BF758462,A_23_P104250
7186,NM_005549,A_23_P126528
7187,NM_020186,A_23_P59528
7188,NM_175733,A_23_P306310
7189,AY640480,A_23_P72400
7190,NM_152331,A_23_P14515
7191,NM_007250,A_23_P217528
7192,NM_139170,A_23_P414281
7193,NM_153216,A_23_P358564
7194,NM_001017364,A_23_P86157
7195,NR_073502,A_23_P115106
7196,,A_23_P207235
7197,NM_005592,A_23_P71649
7198,NM_182551,A_23_P108390
7199,NM_001001330,A_23_P75033
7200,NM_015633,A_23_P390734
7201,BC092458,A_23_P98710
7202,NM_144651,A_23_P258310
7203,NM_171825,A_23_P144861
7204,NM_032488,A_23_P27473
7205,,A_23_P433719
7206,,A_23_P54900
7207,NM_016424,A_23_P207493
7208,NM_016472,A_23_P205336
7209,NM_000066,A_23_P35252
7210,NM_000582,A_23_P7313
7211,NM_012079,A_23_P112162
7212,NM_017426,A_23_P92320
7213,,A_23_P80788
7214,NM_000692,A_23_P135294
7215,,A_23_P205531
7216,NM_017785,A_23_P41948
7217,NM_014858,A_23_P322530
7218,AB051436,A_23_P250422
7219,NM_005842,A_23_P128698
7220,NM_152308,A_23_P353717
7221,NM_007128,A_23_P29152
7222,M20432,A_23_P96115
7223,NM_007236,A_23_P112801
7224,NM_004394,A_23_P92679
7225,,E1A_r60_n11
7226,NM_004694,A_23_P152791
7227,NM_006006,A_23_P104804
7228,NM_003110,A_23_P381451
7229,NM_006572,A_23_P78281
7230,NM_014288,A_23_P23765
7231,NM_003177,A_23_P9255
7232,,A_23_P349184
7233,AK128061,A_23_P64029
7234,NM_006113,A_23_P201551
7235,,
7236,NM_003866,A_23_P18559
7237,NM_152379,A_23_P46095
7238,AK057137,A_23_P342024
7239,NM_024947,A_23_P409988
7240,NM_024705,A_23_P205200
7241,NM_030570,A_23_P328110
7242,,A_23_P76302
7243,NM_018066,A_23_P138025
7244,NM_024032,A_23_P129967
7245,,A_23_P417918
7246,CN266211,A_23_P85120
7247,NM_015148,A_23_P209815
7248,NM_002047,A_23_P82361
7249,NM_003357,A_23_P150583
7250,NM_001039374,A_23_P302410
7251,NM_198477,A_23_P50265
7252,NM_003862,A_23_P93027
7253,NM_005024,A_23_P164566
7254,NM_001666,A_23_P159927
7255,NM_021046,A_23_P47093
7256,NM_000505,A_23_P167674
7257,NM_005966,A_23_P209805
7258,NM_025181,A_23_P361569
7259,NM_033290,A_23_P170037
7260,NM_005187,A_23_P500741
7261,NM_006389,A_23_P75642
7262,NM_018132,A_23_P70328
7263,NM_002572,A_23_P255503
7264,NM_014053,A_23_P12113
7265,NM_024871,A_23_P80839
7266,NM_001821,A_23_P46118
7267,X89426,A_23_P144835
7268,,A_23_P93871
7269,AB003103,A_23_P112611
7270,NM_018666,A_23_P33343
7271,NR_003081,A_23_P29167
7272,NM_006533,A_23_P4714
7273,NM_016406,A_23_P103905
7274,NM_001005194,A_23_P75677
7275,NM_006007,A_23_P71752
7276,NM_003212,A_23_P132700
7277,,A_23_P255111
7278,NM_006716,A_23_P254612
7279,NM_004773,A_23_P383435
7280,NM_032342,A_23_P20743
7281,NM_025244,A_23_P17103
7282,NM_031458,A_23_P69383
7283,NM_006099,A_23_P149678
7284,NM_020806,A_23_P88141
7285,NM_002099,A_23_P45180
7286,,A_23_P254584
7287,BX649130,A_23_P205592
7288,NM_080797,A_23_P210382
7289,NM_018150,A_23_P201001
7290,NM_000721,A_23_P34554
7291,NM_015254,A_23_P147388
7292,NM_005958,A_23_P80987
7293,,A_23_P98669
7294,NM_004696,A_23_P97332
7295,NM_145637,A_23_P211489
7296,NM_004112,A_23_P207119
7297,NM_178820,A_23_P418029
7298,NM_148963,A_23_P81683
7299,NM_004093,A_23_P428139
7300,,E1A_r60_n9
7301,NM_005582,A_23_P257815
7302,NM_018955,A_23_P27215
7303,NM_019013,A_23_P49878
7304,NM_001033053,A_23_P107356
7305,NM_030622,A_23_P101374
7306,NM_004187,A_23_P62267
7307,NM_003910,A_23_P31593
7308,NM_015341,A_23_P258754
7309,NM_004496,A_23_P37127
7310,NM_153711,A_23_P425915
7311,NM_152409,A_23_P433829
7312,,E1A_r60_a22
7313,NM_001898,A_23_P112859
7314,NM_144581,A_23_P14454
7315,NM_003333,A_23_P56188
7316,AK023086,A_23_P103405
7317,NM_001097,A_23_P40743
7318,,
7319,,A_23_P33642
7320,NM_021247,A_23_P305470
7321,NM_000572,A_23_P126736
7322,NM_173851,A_23_P169074
7323,BC007365,A_23_P59714
7324,NM_024590,A_23_P213296
7325,NM_002049,A_23_P304464
7326,NM_004701,A_23_P65757
7327,NM_015921,A_23_P214678
7328,NM_012262,A_23_P200109
7329,NM_017675,A_23_P133338
7330,NM_020414,A_23_P151544
7331,NM_001740,A_23_P21092
7332,NM_173080,A_23_P422018
7333,NM_014002,A_23_P887
7334,NM_001825,A_23_P144778
7335,,A_23_P253236
7336,NM_031883,A_23_P218942
7337,NM_201649,A_23_P11984
7338,NM_016570,A_23_P139509
7339,NM_145253,A_23_P402787
7340,NM_017915,A_23_P87769
7341,NM_032621,A_23_P22735
7342,NM_005669,A_23_P350045
7343,BC021996,A_23_P258668
7344,,E1A_r60_a135
7345,NM_019026,A_23_P46084
7346,NM_152615,A_23_P378555
7347,NM_198996,A_23_P6201
7348,NM_003624,A_23_P310331
7349,NM_173798,A_23_P125809
7350,NM_000660,A_23_P412335
7351,NM_005496,A_23_P91902
7352,NM_019849,A_23_P108075
7353,,A_23_P432506
7354,NM_024038,A_23_P164821
7355,NM_013336,A_23_P212457
7356,NM_002357,A_23_P209836
7357,NM_000880,A_23_P8961
7358,NM_030569,A_23_P97841
7359,AF168717,A_23_P3215
7360,NM_133328,A_23_P323301
7361,,A_23_P152374
7362,NM_001001952,A_23_P13260
7363,,E1A_r60_a135
7364,NM_001920,A_23_P64873
7365,NM_182556,A_23_P64070
7366,,A_23_P81930
7367,NM_153809,A_23_P419850
7368,NM_024711,A_23_P145631
7369,NM_001001438,A_23_P211253
7370,NM_018272,A_23_P95231
7371,NM_012245,A_23_P37345
7372,NM_005324,A_23_P152516
7373,NM_001010985,A_23_P52006
7374,NM_153026,A_23_P408285
7375,NM_007111,A_23_P14243
7376,NM_015216,A_23_P213661
7377,NM_006642,A_23_P34546
7378,NM_203468,A_23_P124113
7379,NM_181670,A_23_P356717
7380,NM_052945,A_23_P91764
7381,NM_138812,A_23_P360990
7382,NM_002500,A_23_P209484
7383,NM_000164,A_23_P119395
7384,NM_002850,A_23_P56163
7385,NM_002527,A_23_P96091
7386,,A_23_P120082
7387,NM_005356,A_23_P103361
7388,NM_052828,A_23_P420831
7389,,E1A_r60_a97
7390,NM_005906,A_23_P214839
7391,BC007821,A_23_P13934
7392,NM_019010,A_23_P66854
7393,NM_152271,A_23_P94216
7394,NM_018672,A_23_P78018
7395,NM_144665,A_23_P361448
7396,NM_004717,A_23_P111432
7397,NM_000375,A_23_P35609
7398,NM_138333,A_23_P409516
7399,NM_000815,A_23_P309720
7400,NM_152455,A_23_P100092
7401,NM_052924,A_23_P315386
7402,,A_23_P417731
7403,,
7404,NM_024097,A_23_P74435
7405,NM_031372,A_23_P213156
7406,NM_014334,A_23_P135031
7407,NM_005353,A_23_P129665
7408,NM_003445,A_23_P101716
7409,NM_177452,A_23_P317194
7410,NM_017785,A_23_P41948
7411,NM_001206,A_23_P415401
7412,NM_138440,A_23_P129695
7413,NM_007364,A_23_P26173
7414,NM_198185,A_23_P162192
7415,NM_020642,A_23_P53152
7416,,
7417,NM_003930,A_23_P157128
7418,NM_001053,A_23_P77545
7419,NM_022842,A_23_P32474
7420,NM_032944,A_23_P369854
7421,NM_032040,A_23_P164958
7422,NM_025049,A_23_P323743
7423,NM_003358,A_23_P313380
7424,NM_025212,A_23_P121676
7425,NM_018957,A_23_P143693
7426,,A_23_P162334
7427,NM_002234,A_23_P36843
7428,NM_025215,A_23_P251776
7429,NM_017784,A_23_P147249
7430,,
7431,,A_23_P49564
7432,NM_016442,A_23_P213499
7433,NM_016516,A_23_P131737
7434,,A_23_P60189
7435,NM_002298,A_23_P204840
7436,NM_139319,A_23_P159076
7437,NM_030758,A_23_P321935
7438,NM_006327,A_23_P127005
7439,NM_014047,A_23_P78677
7440,NM_001015,A_23_P101532
7441,NM_032824,A_23_P303150
7442,,A_23_P30415
7443,NM_006147,A_23_P748
7444,NM_020456,A_23_P368723
7445,NM_001007255,A_23_P86100
7446,NM_006907,A_23_P130194
7447,NM_006944,A_23_P412932
7448,NM_080878,A_23_P201419
7449,NM_015946,A_23_P58763
7450,AB013462,A_23_P142324
7451,NM_152687,A_23_P402319
7452,NM_003957,A_23_P32514
7453,NM_021569,A_23_P113872
7454,NM_005894,A_23_P126584
7455,NM_145202,A_23_P202279
7456,AB051487,A_23_P87889
7457,NM_014069,A_23_P81922
7458,NM_032486,A_23_P309967
7459,NM_173662,A_23_P340263
7460,NM_053053,A_23_P74344
7461,NM_024749,A_23_P115492
7462,NM_006266,A_23_P135184
7463,NM_014315,A_23_P54165
7464,NM_145808,A_23_P147098
7465,NM_004892,A_23_P412392
7466,NR_052021,A_23_P12392
7467,NM_032299,A_23_P127533
7468,NM_003272,A_23_P46149
7469,NM_173690,A_23_P325626
7470,NM_134470,A_23_P336554
7471,NM_153694,A_23_P76374
7472,NM_015361,A_23_P380998
7473,NM_014675,A_23_P104086
7474,NM_001122,A_23_P134953
7475,NM_017838,A_23_P30485
7476,NM_025149,A_23_P164188
7477,NM_031432,A_23_P216402
7478,,A_23_P170788
7479,NM_007220,A_23_P307346
7480,NM_021114,A_23_P155688
7481,NM_019028,A_23_P13065
7482,NM_013339,A_23_P35168
7483,,E1A_r60_n9
7484,NM_152622,A_23_P18993
7485,NM_017693,A_23_P105833
7486,NM_152495,A_23_P384044
7487,NM_014909,A_23_P76998
7488,,A_23_P135946
7489,NM_015483,A_23_P70951
7490,NM_198541,A_23_P130797
7491,NM_152332,A_23_P413075
7492,NM_031956,A_23_P92517
7493,NM_153609,A_23_P332942
7494,NM_021076,A_23_P300600
7495,NM_173627,A_23_P43832
7496,NM_006584,A_23_P4083
7497,NM_001991,A_23_P428219
7498,BC017572,A_23_P80763
7499,NM_018048,A_23_P2423
7500,NM_015079,A_23_P396666
7501,NM_000555,A_23_P500328
7502,NM_001005161,A_23_P36299
7503,NM_016570,A_23_P139509
7504,NM_030791,A_23_P151667
7505,NM_012351,A_23_P397468
7506,NM_000428,A_23_P405129
7507,NM_001040424,A_23_P433698
7508,NM_020453,A_23_P170280
7509,,
7510,NM_030763,A_23_P136909
7511,NM_021138,A_23_P169327
7512,NM_001152,A_23_P137057
7513,NM_005402,A_23_P215302
7514,NM_014296,A_23_P381378
7515,,A_23_P57626
7516,,
7517,NM_005192,A_23_P48669
7518,NM_000651,A_23_P83961
7519,NM_000927,A_23_P82526
7520,NM_001892,A_23_P213551
7521,NM_133467,A_23_P306804
7522,BC000576,A_23_P133049
7523,NM_033625,A_23_P7224
7524,NM_002175,A_23_P258343
7525,NM_004801,A_23_P84053
7526,NM_001118,A_23_P157109
7527,NM_016053,A_23_P53567
7528,NM_005077,A_23_P135239
7529,NM_000108,A_23_P111835
7530,NM_005026,A_23_P33303
7531,NM_001302,A_23_P149413
7532,NM_020239,A_23_P97206
7533,NM_199437,A_23_P35885
7534,NM_138703,A_23_P11256
7535,NM_005168,A_23_P142849
7536,NM_015153,A_23_P70371
7537,NM_201542,A_23_P46170
7538,NM_006313,A_23_P204269
7539,NM_016396,A_23_P151856
7540,NM_018280,A_23_P10458
7541,NM_033387,A_23_P314250
7542,,E1A_r60_n9
7543,NM_152333,A_23_P77049
7544,NM_021972,A_23_P38106
7545,AK000755,A_23_P428326
7546,NM_002805,A_23_P164028
7547,AF069740,A_23_P258734
7548,NM_054023,A_23_P145006
7549,NM_014184,A_23_P200507
7550,,A_23_P215186
7551,NM_006512,A_23_P87238
7552,,A_23_P85980
7553,NM_001008743,A_23_P56474
7554,,E1A_r60_a97
7555,NM_012228,A_23_P97932
7556,NM_145032,A_23_P379068
7557,NM_033342,A_23_P30315
7558,NM_001005276,A_23_P43012
7559,NM_030758,A_23_P57466
7560,NM_001349,A_23_P108415
7561,NM_001004431,A_23_P10591
7562,NM_001006635,A_23_P120335
7563,NM_001131,A_23_P133722
7564,NM_017817,A_23_P76644
7565,,A_23_P170387
7566,NM_002587,A_23_P213359
7567,NM_003322,A_23_P252227
7568,NM_080861,A_23_P3496
7569,NM_024687,A_23_P61031
7570,NM_003560,A_23_P6464
7571,BC013418,A_23_P340909
7572,NM_012183,A_23_P46560
7573,,A_23_P33521
7574,NM_005822,A_23_P214258
7575,NM_022748,A_23_P215642
7576,NM_032273,A_23_P13524
7577,,A_23_P104635
7578,NM_000349,A_23_P8981
7579,NM_003299,A_23_P2601
7580,NM_002030,A_23_P208167
7581,NM_020960,A_23_P217036
7582,NM_004843,A_23_P27606
7583,NM_033229,A_23_P214554
7584,NM_032526,A_23_P97310
7585,AK055813,A_23_P31931
7586,NM_002317,A_23_P122216
7587,NM_020134,A_23_P401691
7588,NM_145690,A_23_P71290
7589,NM_021268,A_23_P169307
7590,,A_23_P29504
7591,NM_173815,A_23_P361544
7592,AK090585,A_23_P94579
7593,NM_022780,A_23_P257753
7594,NM_030579,A_23_P206697
7595,BC043009,A_23_P97780
7596,NM_173576,A_23_P75002
7597,,
7598,NM_000589,A_23_P213706
7599,NM_021620,A_23_P256581
7600,NM_000766,A_23_P55779
7601,NM_014077,A_23_P50331
7602,NM_002388,A_23_P7873
7603,AB033063,A_23_P253650
7604,BC069658,A_23_P106236
7605,NM_057168,A_23_P134601
7606,NM_002524,A_23_P63189
7607,NM_002197,A_23_P9416
7608,NM_003574,A_23_P207957
7609,NM_018379,A_23_P160546
7610,NM_005935,A_23_P29897
7611,NM_007235,A_23_P340722
7612,NM_032781,A_23_P64443
7613,AK027773,A_23_P254
7614,NM_030934,A_23_P126129
7615,NM_012105,A_23_P154876
7616,NM_001823,A_23_P25674
7617,NM_001888,A_23_P77731
7618,NM_000222,A_23_P110253
7619,,A_23_P250323
7620,,A_23_P3261
7621,NM_152380,A_23_P62981
7622,NM_181526,A_23_P210428
7623,NM_005532,A_23_P48513
7624,NM_152587,A_23_P418485
7625,NM_004671,A_23_P130316
7626,NM_004565,A_23_P160787
7627,NM_001150,A_23_P88621
7628,,A_23_P86360
7629,,E1A_r60_1
7630,NM_014762,A_23_P379481
7631,NM_007121,A_23_P67330
7632,NM_178352,A_23_P375524
7633,NM_000629,A_23_P17633
7634,,
7635,NM_000330,A_23_P148292
7636,NM_005229,A_23_P171053
7637,NM_024094,A_23_P252740
7638,NM_004090,A_23_P400255
7639,M69296,A_23_P22252
7640,NM_032638,A_23_P110022
7641,NM_006733,A_23_P252292
7642,NM_006187,A_23_P47955
7643,NM_004359,A_23_P164999
7644,NM_033104,A_23_P309837
7645,X87160,A_23_P206626
7646,,A_23_P167535
7647,NM_003754,A_23_P142774
7648,NM_173462,A_23_P333640
7649,NM_016141,A_23_P69141
7650,NM_020162,A_23_P130141
7651,NM_022771,A_23_P139558
7652,NM_197975,A_23_P158297
7653,NM_002969,A_23_P40750
7654,NM_013448,A_23_P76799
7655,NM_144696,A_23_P356425
7656,NM_018343,A_23_P133284
7657,AF090931,A_23_P32821
7658,,A_23_P103877
7659,NM_001702,A_23_P136448
7660,NM_153273,A_23_P250537
7661,NM_017442,A_23_P132654
7662,NM_016256,A_23_P38041
7663,NM_024764,A_23_P77041
7664,AL137492,A_23_P93818
7665,NM_002472,A_23_P77931
7666,NM_018343,A_23_P133284
7667,NM_138419,A_23_P253752
7668,NM_031919,A_23_P94461
7669,,A_23_P68249
7670,NM_014849,A_23_P23728
7671,,E1A_r60_a104
7672,NM_002080,A_23_P106575
7673,NM_004309,A_23_P207760
7674,,A_23_P10859
7675,NM_138938,A_23_P119936
7676,NM_001487,A_23_P53298
7677,NM_024056,A_23_P48175
7678,NM_017661,A_23_P14708
7679,NM_004878,A_23_P169446
7680,NM_000413,A_23_P15542
7681,NM_032383,A_23_P40821
7682,NM_001419,A_23_P208470
7683,NM_001004696,A_23_P126820
7684,NM_024528,A_23_P62276
7685,BC012029,A_23_P41476
7686,NM_000190,A_23_P98431
7687,,E1A_r60_a20
7688,,
7689,NM_003599,A_23_P251621
7690,,A_23_P252501
7691,NM_006300,A_23_P125043
7692,NM_032584,A_23_P208250
7693,NM_002838,A_23_P33660
7694,NM_006041,A_23_P77918
7695,NM_004282,A_23_P356554
7696,NM_003005,A_23_P126303
7697,NM_001836,A_23_P151778
7698,AF161558,A_23_P117828
7699,NM_173178,A_23_P90925
7700,,E1A_r60_a22
7701,NM_018000,A_23_P108948
7702,,
7703,NM_031946,A_23_P111452
7704,NM_021804,A_23_P252981
7705,NM_001004758,A_23_P127899
7706,NM_138443,A_23_P413796
7707,NM_000789,A_23_P38235
7708,,A_23_P141785
7709,NM_002887,A_23_P69988
7710,NM_153605,A_23_P303810
7711,NM_004731,A_23_P117052
7712,,
7713,NM_080552,A_23_P154561
7714,NM_133457,A_23_P134627
7715,NM_153767,A_23_P202918
7716,NM_001039464,A_23_P160226
7717,NM_007097,A_23_P60610
7718,NM_000102,A_23_P75111
7719,BG108194,A_23_P48637
7720,NM_014362,A_23_P154345
7721,NM_002259,A_23_P151046
7722,NM_032747,A_23_P127095
7723,,A_23_P309198
7724,NM_145297,A_23_P379142
7725,NM_018221,A_23_P108922
7726,,A_23_P308685
7727,NM_001005279,A_23_P51761
7728,NM_052926,A_23_P352950
7729,NM_001040445,A_23_P165365
7730,NM_018691,A_23_P41912
7731,NM_024636,A_23_P255231
7732,NM_032129,A_23_P23617
7733,NM_033495,A_23_P159974
7734,,A_23_P61288
7735,NM_175868,A_23_P136870
7736,,A_23_P19829
7737,NM_015557,A_23_P385254
7738,NM_005779,A_23_P255104
7739,,A_23_P363769
7740,NM_004475,A_23_P55318
7741,BC004866,A_23_P2378
7742,NM_183352,A_23_P29555
7743,NM_177438,A_23_P37111
7744,NM_015990,A_23_P121527
7745,NM_016075,A_23_P48384
7746,NM_002524,A_23_P63189
7747,NM_018699,A_23_P81047
7748,NM_001255,A_23_P149195
7749,,E1A_r60_a97
7750,,A_23_P20532
7751,NM_000100,A_23_P154889
7752,NM_145169,A_23_P321959
7753,NM_016072,A_23_P162425
7754,BC051789,A_23_P255897
7755,,A_23_P166297
7756,NM_001004452,A_23_P146620
7757,NM_080877,A_23_P113682
7758,,
7759,M27337,A_23_P42680
7760,NM_003636,A_23_P1007
7761,NM_006991,A_23_P69055
7762,NM_001042,A_23_P107350
7763,NM_152311,A_23_P127104
7764,NM_006416,A_23_P58907
7765,NM_030818,A_23_P101465
7766,NM_015974,A_23_P401732
7767,NM_015397,A_23_P255260
7768,NM_024652,A_23_P99942
7769,NM_133640,A_23_P219154
7770,,A_23_P50187
7771,NM_022914,A_23_P26375
7772,AK023606,A_23_P391938
7773,NM_002314,A_23_P215461
7774,NM_201266,A_23_P209669
7775,NM_014736,A_23_P117852
7776,NM_003597,A_23_P319512
7777,NM_003413,A_23_P327910
7778,AK095535,A_23_P159589
7779,,
7780,NM_006293,A_23_P54517
7781,NM_016401,A_23_P139396
7782,NM_006625,A_23_P200080
7783,,A_23_P149090
7784,NM_032328,A_23_P149476
7785,NM_007170,A_23_P23394
7786,NM_175850,A_23_P28953
7787,NM_001841,A_23_P22948
7788,,A_23_P20215
7789,NM_032430,A_23_P405744
7790,NM_020897,A_23_P34827
7791,NM_021930,A_23_P59677
7792,NM_172195,A_23_P154056
7793,NM_022754,A_23_P346337
7794,NM_052998,A_23_P103371
7795,,
7796,NM_002028,A_23_P25835
7797,NM_001282,A_23_P55149
7798,NM_001004492,A_23_P301175
7799,NM_021992,A_23_P137179
7800,NM_024089,A_23_P128613
7801,NM_003327,A_23_P112970
7802,NM_001797,A_23_P152305
7803,NM_001101,A_23_P135769
7804,NM_023015,A_23_P126757
7805,NM_007024,A_23_P6866
7806,NM_000559,A_23_P53137
7807,NM_194279,A_23_P151746
7808,NM_001005467,A_23_P150441
7809,BC038245,A_23_P166508
7810,NM_080282,A_23_P92607
7811,,A_23_P123189
7812,,A_23_P87041
7813,NM_017446,A_23_P143446
7814,NM_018196,A_23_P217546
7815,NM_001517,A_23_P251252
7816,NM_002362,A_23_P171175
7817,NM_000828,A_23_P171062
7818,NM_014733,A_23_P7543
7819,NM_015059,A_23_P250651
7820,NM_001799,A_23_P133585
7821,NM_022334,A_23_P154507
7822,NM_058169,A_23_P334103
7823,NM_030636,A_23_P333498
7824,NM_020528,A_23_P147255
7825,NM_153610,A_23_P124946
7826,NM_020655,A_23_P15195
7827,NM_032591,A_23_P11032
7828,AB209345,A_23_P2489
7829,NM_033360,A_23_P45140
7830,NM_014727,A_23_P142421
7831,NM_005326,A_23_P129685
7832,NM_001569,A_23_P73780
7833,NM_024072,A_23_P162374
7834,NM_024095,A_23_P22200
7835,AB002313,A_23_P60714
7836,NM_014663,A_23_P74446
7837,NM_153358,A_23_P50418
7838,NM_005258,A_23_P77328
7839,NM_014638,A_23_P217926
7840,NM_012417,A_23_P374677
7841,NM_005918,A_23_P31366
7842,,A_23_P259512
7843,,E1A_r60_a135
7844,NM_000588,A_23_P348828
7845,NM_198449,A_23_P81474
7846,NM_002666,A_23_P26153
7847,NM_004734,A_23_P369999
7848,NM_080430,A_23_P6413
7849,,A_23_P209066
7850,CN290811,A_23_P210956
7851,NM_001702,A_23_P125056
7852,NM_005225,A_23_P80032
7853,NM_006850,A_23_P51951
7854,NM_015409,A_23_P72687
7855,NM_138795,A_23_P138271
7856,NM_007075,A_23_P251716
7857,NM_018645,A_23_P131202
7858,NM_014773,A_23_P213369
7859,BC033102,A_23_P9788
7860,NM_000135,A_23_P206441
7861,NM_005095,A_23_P104145
7862,NM_001129,A_23_P145916
7863,,A_23_P97109
7864,NM_003811,A_23_P67224
7865,NM_000984,A_23_P77526
7866,NM_173850,A_23_P88177
7867,NM_021034,A_23_P87539
7868,NM_032287,A_23_P143755
7869,NM_022495,A_23_P163059
7870,NM_022782,A_23_P13657
7871,NM_000373,A_23_P6624
7872,NM_173565,A_23_P362736
7873,,
7874,NM_022098,A_23_P218793
7875,,A_23_P211661
7876,,A_23_P75929
7877,NM_152285,A_23_P332312
7878,NM_016953,A_23_P394367
7879,NM_017703,A_23_P78554
7880,NM_030772,A_23_P359609
7881,NM_014381,A_23_P360911
7882,,A_23_P214501
7883,NM_005672,A_23_P71379
7884,NM_014597,A_23_P97584
7885,NM_002522,A_23_P124905
7886,NM_012428,A_23_P37598
7887,AF168717,A_23_P3215
7888,,A_23_P113317
7889,NM_144647,A_23_P133536
7890,NM_001661,A_23_P55184
7891,NM_006665,A_23_P256107
7892,NM_004165,A_23_P88849
7893,NM_018484,A_23_P47199
7894,NM_033196,A_23_P28012
7895,NM_012415,A_23_P82738
7896,BM725480,A_23_P21234
7897,NM_001001937,A_23_P78423
7898,,A_23_P9997
7899,NM_012191,A_23_P212400
7900,NM_004452,A_23_P65597
7901,NM_022719,A_23_P102973
7902,NM_173831,A_23_P411261
7903,NM_183075,A_23_P155835
7904,NM_001004685,A_23_P168722
7905,BC006474,A_23_P29452
7906,NM_016448,A_23_P10385
7907,NM_012098,A_23_P374104
7908,NM_002913,A_23_P18465
7909,NM_000537,A_23_P34637
7910,NM_032120,A_23_P71110
7911,,A_23_P113383
7912,NM_016275,A_23_P250042
7913,NM_001040100,A_23_P331790
7914,BC043381,A_23_P59870
7915,,A_23_P251953
7916,NM_017412,A_23_P215922
7917,,E1A_r60_a104
7918,NM_005742,A_23_P56956
7919,NM_005099,A_23_P86117
7920,NM_178812,A_23_P250196
7921,NM_007217,A_23_P18325
7922,NM_017894,A_23_P417371
7923,NM_003275,A_23_P112281
7924,NM_000033,A_23_P148556
7925,NM_002543,A_23_P162634
7926,AF147723,A_23_P37317
7927,NM_001010861,A_23_P12268
7928,NM_019044,A_23_P91065
7929,NM_031937,A_23_P166421
7930,NM_020381,A_23_P134167
7931,NM_012405,A_23_P104062
7932,NM_020957,A_23_P30194
7933,NM_006442,A_23_P138857
7934,NM_138473,A_23_P366312
7935,,A_23_P97767
7936,NM_002477,A_23_P258018
7937,NM_017943,A_23_P117527
7938,NM_133371,A_23_P58686
7939,NM_005984,A_23_P120773
7940,NM_015527,A_23_P22382
7941,NM_004450,A_23_P128734
7942,NM_006255,A_23_P205567
7943,NM_032546,A_23_P210247
7944,NM_004736,A_23_P63534
7945,NM_198706,A_23_P141992
7946,NM_024039,A_23_P78149
7947,NM_017515,A_23_P339098
7948,NM_014946,A_23_P209356
7949,NM_006181,A_23_P100408
7950,NM_032499,A_23_P77201
7951,NM_018943,A_23_P120766
7952,NM_016016,A_23_P100762
7953,,A_23_P430800
7954,NM_020962,A_23_P14674
7955,NM_001375,A_23_P119262
7956,NM_016582,A_23_P326940
7957,NM_002129,A_23_P155765
7958,NM_015000,A_23_P64743
7959,NM_006415,A_23_P43326
7960,NM_003002,A_23_P138967
7961,NM_000297,A_23_P167324
7962,NM_021949,A_23_P337642
7963,NM_004898,A_23_P110399
7964,,A_23_P332782
7965,NM_176811,A_23_P351866
7966,NM_005566,A_23_P47565
7967,NM_004836,A_23_P135857
7968,NM_012218,A_23_P435987
7969,NM_001018055,A_23_P416561
7970,NM_006058,A_23_P30435
7971,NM_197947,A_23_P2640
7972,NM_012097,A_23_P101949
7973,NM_004924,A_23_P315241
7974,NM_021015,A_23_P84367
7975,NM_006866,A_23_P142205
7976,NM_033102,A_23_P201871
7977,NM_004889,A_23_P215835
7978,NM_000741,A_23_P104845
7979,NM_003169,A_23_P27835
7980,NM_018383,A_23_P414420
7981,NM_014584,A_23_P106145
7982,NM_016617,A_23_P370080
7983,NM_007176,A_23_P25935
7984,NM_006700,A_23_P128536
7985,BC018691,A_23_P158
7986,NM_025128,A_23_P161634
7987,NM_019008,A_23_P323057
7988,NM_020795,A_23_P345241
7989,NM_014851,A_23_P341223
7990,NR_002730,A_23_P42020
7991,NM_013385,A_23_P155057
7992,NM_014282,A_23_P310995
7993,NM_002737,A_23_P55099
7994,NM_030578,A_23_P218476
7995,BC067244,A_23_P123315
7996,NM_020358,A_23_P1575
7997,L13689,A_23_P115732
7998,,A_23_P26311
7999,NM_001013848,A_23_P169576
8000,X56681,A_23_P365610
8001,NM_172229,A_23_P77612
8002,NM_032442,A_23_P360179
8003,,E1A_r60_a20
8004,NM_007252,A_23_P147900
8005,NM_002069,A_23_P122976
8006,D82326,A_23_P209270
8007,,A_23_P158579
8008,NM_014717,A_23_P130811
8009,,A_23_P211899
8010,NM_024085,A_23_P165450
8011,AB011115,A_23_P8408
8012,NM_130806,A_23_P117261
8013,NM_001459,A_23_P349840
8014,NM_004833,A_23_P12100
8015,,E1A_r60_a104
8016,,A_23_P384965
8017,NM_018085,A_23_P97159
8018,,A_23_P23673
8019,NM_005157,A_23_P60180
8020,NM_014547,A_23_P65674
8021,NM_024306,A_23_P49448
8022,,A_23_P216071
8023,,A_23_P251284
8024,NM_000035,A_23_P32143
8025,NM_014353,A_23_P54709
8026,NM_005877,A_23_P104680
8027,NM_031443,A_23_P123125
8028,,A_23_P28318
8029,NM_014384,A_23_P47426
8030,NM_020726,A_23_P133217
8031,NR_003501,A_23_P152353
8032,NM_021023,A_23_P103256
8033,AB020637,A_23_P104624
8034,NM_024532,A_23_P21713
8035,NM_005509,A_23_P250571
8036,,A_23_P431225
8037,NM_138393,A_23_P90510
8038,NM_007238,A_23_P91430
8039,NM_173571,A_23_P305074
8040,NM_003257,A_23_P205828
8041,NM_001071,A_23_P50096
8042,NM_000764,A_23_P27530
8043,,A_23_P397443
8044,NM_004350,A_23_P51231
8045,NM_001040283,A_23_P300245
8046,NM_005951,A_23_P414343
8047,NM_024631,A_23_P52885
8048,AK022252,A_23_P118370
8049,NM_018385,A_23_P132415
8050,NM_017958,A_23_P28642
8051,NM_032133,A_23_P141415
8052,NM_018462,A_23_P420361
8053,AK125695,A_23_P209101
8054,NM_032477,A_23_P346243
8055,NM_006153,A_23_P255785
8056,NM_014388,A_23_P46337
8057,NM_003362,A_23_P76388
8058,NM_024580,A_23_P152055
8059,NM_014929,A_23_P209649
8060,NM_005393,A_23_P137163
8061,NM_014613,A_23_P156109
8062,NM_022482,A_23_P210797
8063,NM_177983,A_23_P209471
8064,,A_23_P409966
8065,NM_003183,A_23_P143120
8066,Y11525,A_23_P208798
8067,NM_153007,A_23_P421526
8068,NM_021966,A_23_P357717
8069,,
8070,NM_003483,A_23_P95929
8071,NM_005897,A_23_P9662
8072,NM_006928,A_23_P2233
8073,,A_23_P123234
8074,NM_006869,A_23_P145865
8075,NM_024718,A_23_P219181
8076,NM_020448,A_23_P46604
8077,NM_002901,A_23_P203299
8078,NM_005621,A_23_P74001
8079,NM_145762,A_23_P166081
8080,NM_016932,A_23_P28120
8081,,A_23_P138343
8082,NM_017908,A_23_P101277
8083,NM_020726,A_23_P133217
8084,NM_173474,A_23_P170497
8085,,E1A_r60_a20
8086,AB028965,A_23_P132536
8087,NM_002690,A_23_P252118
8088,NM_018688,A_23_P43086
8089,NM_138700,A_23_P402778
8090,NM_000081,A_23_P354074
8091,,A_23_P214008
8092,NM_006348,A_23_P134614
8093,NM_005859,A_23_P41755
8094,NM_017413,A_23_P113393
8095,NM_004496,A_23_P37127
8096,NM_006174,A_23_P251836
8097,NM_018417,A_23_P126313
8098,NM_024014,A_23_P82370
8099,NM_020895,A_23_P56208
8100,NM_004072,A_23_P105461
8101,AB058770,A_23_P104741
8102,NM_176882,A_23_P339652
8103,AK056421,A_23_P392501
8104,NM_021187,A_23_P39319
8105,NM_001511,A_23_P212905
8106,NM_006148,A_23_P89185
8107,NM_005761,A_23_P414958
8108,NM_018679,A_23_P70598
8109,NM_032802,A_23_P77076
8110,NM_018155,A_23_P40896
8111,NM_018430,A_23_P129425
8112,,A_23_P41564
8113,,A_23_P135063
8114,NM_024511,A_23_P41512
8115,BC010526,A_23_P41267
8116,BC021127,A_23_P146431
8117,NM_001017995,A_23_P122104
8118,NM_031890,A_23_P259344
8119,NM_003395,A_23_P378329
8120,NM_001040284,A_23_P129723
8121,NM_003352,A_23_P5821
8122,BC042334,A_23_P121030
8123,NM_002428,A_23_P100177
8124,NM_016271,A_23_P89755
8125,BU159992,A_23_P390458
8126,NM_173496,A_23_P384663
8127,NM_001392,A_23_P208158
8128,NM_016094,A_23_P40782
8129,NM_033251,A_23_P501849
8130,NM_014034,A_23_P19219
8131,NM_015138,A_23_P77321
8132,NM_014614,A_23_P79628
8133,NM_006898,A_23_P79652
8134,AF231918,A_23_P73203
8135,,A_23_P75197
8136,NM_005250,A_23_P365081
8137,NM_000990,A_23_P203577
8138,NM_006726,A_23_P251992
8139,NM_012464,A_23_P92385
8140,NM_002583,A_23_P53663
8141,NM_004935,A_23_P8400
8142,NM_003817,A_23_P94296
8143,NM_021211,A_23_P98483
8144,NM_002409,A_23_P91742
8145,,A_23_P392874
8146,NM_004926,A_23_P99540
8147,NM_012338,A_23_P145984
8148,,A_23_P32433
8149,NM_178834,A_23_P127565
8150,NM_006038,A_23_P210554
8151,,A_23_P4685
8152,NM_016207,A_23_P28683
8153,NM_006204,A_23_P98070
8154,NM_021201,A_23_P203351
8155,NM_000254,A_23_P200930
8156,NM_152244,A_23_P89343
8157,NM_198149,A_23_P115573
8158,AK090443,A_23_P301212
8159,,A_23_P171165
8160,,A_23_P89691
8161,BC069749,A_23_P12826
8162,NM_024872,A_23_P133506
8163,NM_013349,A_23_P372434
8164,NM_024743,A_23_P213279
8165,NM_017924,A_23_P117447
8166,NM_024675,A_23_P129569
8167,NM_015949,A_23_P42836
8168,NM_000429,A_23_P23996
8169,NM_004287,A_23_P207719
8170,NM_138445,A_23_P20035
8171,NM_004484,A_23_P255462
8172,,NegativeControl
8173,NM_020831,A_23_P255648
8174,,A_23_P124177
8175,NM_007333,A_23_P128281
8176,NM_019597,A_23_P11283
8177,NM_201553,A_23_P20484
8178,,NegativeControl
8179,NM_003100,A_23_P7697
8180,NM_152695,A_23_P309865
8181,,A_23_P120165
8182,BX648708,A_23_P97553
8183,,E1A_r60_1
8184,,NegativeControl
8185,NM_001232,A_23_P126580
8186,NM_001667,A_23_P98254
8187,NM_001046,A_23_P133606
8188,NM_001734,A_23_P2492
8189,,
8190,,NegativeControl
8191,,A_23_P13236
8192,NM_001103,A_23_P115021
8193,NM_001004465,A_23_P5258
8194,NM_018845,A_23_P158621
8195,NM_005574,A_23_P53126
8196,,NegativeControl
8197,NM_000612,A_23_P203458
8198,NM_003724,A_23_P334630
8199,NM_001810,A_23_P257905
8200,AJ406949,A_23_P311585
8201,NM_001169,A_23_P26522
8202,,NegativeControl
8203,NM_000681,A_23_P138706
8204,NM_002630,A_23_P7963
8205,NM_152447,A_23_P163186
8206,NM_006948,A_23_P17602
8207,,E1A_r60_a97
8208,,NegativeControl
8209,NM_025115,A_23_P123356
8210,NM_004088,A_23_P409489
8211,,E1A_r60_1
8212,BC006396,A_23_P209861
8213,NM_002816,A_23_P77876
8214,,NegativeControl
8215,NM_033468,A_23_P16636
8216,NM_006687,A_23_P31984
8217,NM_024624,A_23_P209962
8218,NM_023945,A_23_P104972
8219,NM_001263,A_23_P7245
8220,,NegativeControl
8221,NM_173810,A_23_P24751
8222,,A_23_P165042
8223,NM_003908,A_23_P6171
8224,NM_018176,A_23_P7191
8225,NM_020697,A_23_P111937
8226,,NegativeControl
8227,NM_020706,A_23_P6223
8228,NM_201444,A_23_P105307
8229,,A_23_P130704
8230,NM_005539,A_23_P202307
8231,NM_012088,A_23_P153889
8232,,NegativeControl
8233,NM_016155,A_23_P136413
8234,NM_020859,A_23_P58120
8235,NM_015407,A_23_P69267
8236,NM_018242,A_23_P207221
8237,NM_054027,A_23_P213766
8238,,NegativeControl
8239,NM_018836,A_23_P23159
8240,NM_000756,A_23_P31755
8241,,
8242,NM_004679,A_23_P11390
8243,NM_174912,A_23_P113471
8244,,NegativeControl
8245,NM_144604,A_23_P3502
8246,NM_006539,A_23_P66177
8247,NM_153838,A_23_P7866
8248,,
8249,NM_080546,A_23_P216630
8250,,NegativeControl
8251,AY358225,A_23_P106913
8252,NM_001891,A_23_P144394
8253,NM_144646,A_23_P167168
8254,BC010929,A_23_P12833
8255,,A_23_P200699
8256,,NegativeControl
8257,,
8258,NM_001338,A_23_P57275
8259,NM_015904,A_23_P218608
8260,NM_152624,A_23_P256868
8261,NM_006240,A_23_P125502
8262,,NegativeControl
8263,NM_058238,A_23_P320054
8264,NM_024525,A_23_P103864
8265,NM_002762,A_23_P106600
8266,NM_005717,A_23_P126803
8267,NM_016369,A_23_P336693
8268,,NegativeControl
8269,NM_000930,A_23_P82868
8270,NM_014901,A_23_P213592
8271,NM_001036,A_23_P94838
8272,NM_032360,A_23_P52127
8273,NM_000351,A_23_P33293
8274,,NegativeControl
8275,NM_005737,A_23_P251551
8276,NM_173650,A_23_P417921
8277,NM_006177,A_23_P337747
8278,NM_004159,A_23_P250629
8279,NM_001004196,A_23_P121480
8280,,NegativeControl
8281,NM_002015,A_23_P151426
8282,,E1A_r60_a22
8283,,A_23_P326660
8284,NM_002106,A_23_P133147
8285,NM_173519,A_23_P8977
8286,,NegativeControl
8287,NM_148959,A_23_P133739
8288,NM_007358,A_23_P46333
8289,,A_23_P52783
8290,NM_138715,A_23_P216176
8291,NM_024804,A_23_P86382
8292,,NegativeControl
8293,,A_23_P44380
8294,,A_23_P325119
8295,,A_23_P25502
8296,NM_000374,A_23_P63047
8297,NM_022451,A_23_P202496
8298,,NegativeControl
8299,NM_000596,A_23_P42869
8300,,A_23_P253622
8301,NM_000221,A_23_P5845
8302,NM_015429,A_23_P218858
8303,NM_022445,A_23_P145957
8304,,NegativeControl
8305,NM_080879,A_23_P259912
8306,,A_23_P320728
8307,,A_23_P132341
8308,NM_007281,A_23_P167159
8309,,A_23_P43744
8310,,NegativeControl
8311,NM_001494,A_23_P161446
8312,,A_23_P39508
8313,,A_23_P143258
8314,BC009555,A_23_P215517
8315,NM_019013,A_23_P49878
8316,,NegativeControl
8317,NM_020412,A_23_P55549
8318,NM_016023,A_23_P111929
8319,,A_23_P47546
8320,NM_015918,A_23_P99211
8321,NM_013245,A_23_P329772
8322,,NegativeControl
8323,NM_018249,A_23_P83110
8324,NM_018222,A_23_P47640
8325,NM_139074,A_23_P385843
8326,NM_001012,A_23_P46180
8327,NM_001152,A_23_P436179
8328,,NegativeControl
8329,NM_198274,A_23_P68165
8330,NM_025188,A_23_P160518
8331,NM_013236,A_23_P17927
8332,NM_020198,A_23_P49616
8333,NM_032279,A_23_P29394
8334,,NegativeControl
8335,NM_006337,A_23_P48237
8336,NM_152296,A_23_P27472
8337,NM_005927,A_23_P167711
8338,NM_022918,A_23_P203751
8339,NM_016508,A_23_P110643
8340,,NegativeControl
8341,NM_021946,A_23_P147495
8342,NM_022078,A_23_P149419
8343,NM_006978,A_23_P258071
8344,AK056176,A_23_P352504
8345,NM_005061,A_23_P118095
8346,,NegativeControl
8347,NM_015679,A_23_P169428
8348,NM_139247,A_23_P25955
8349,NM_173039,A_23_P417974
8350,,A_23_P501887
8351,NM_002190,A_23_P332820
8352,,NegativeControl
8353,NM_032718,A_23_P154158
8354,,A_23_P149791
8355,NM_199321,A_23_P77853
8356,NM_014754,A_23_P168868
8357,NM_019013,A_23_P49878
8358,,NegativeControl
8359,AF011794,A_23_P48897
8360,NM_016733,A_23_P211445
8361,NM_003437,A_23_P67312
8362,NM_005879,A_23_P147723
8363,NM_183378,A_23_P435974
8364,,NegativeControl
8365,,A_23_P70998
8366,NM_015509,A_23_P13840
8367,NM_020235,A_23_P121356
8368,NM_005357,A_23_P38876
8369,NM_001001555,A_23_P122863
8370,,NegativeControl
8371,NM_182658,A_23_P57222
8372,NM_014080,A_23_P151851
8373,NM_152485,A_23_P12147
8374,NM_021035,A_23_P68457
8375,NM_004071,A_23_P16817
8376,,NegativeControl
8377,NM_053281,A_23_P124232
8378,NM_000267,A_23_P207596
8379,NM_004485,A_23_P335329
8380,NM_152292,A_23_P398637
8381,NM_004574,A_23_P207003
8382,,NegativeControl
8383,NM_148179,A_23_P169409
8384,NM_194278,A_23_P106184
8385,NM_024331,A_23_P253561
8386,,
8387,NM_033520,A_23_P208788
8388,AK055853,A_23_P85909
8389,U18197,A_23_P66787
8390,,A_23_P131322
8391,NM_014346,A_23_P109593
8392,NM_138392,A_23_P130560
8393,NM_002113,A_23_P114740
8394,NM_014597,A_23_P97584
8395,NM_006020,A_23_P14544
8396,NM_173463,A_23_P419764
8397,NM_000792,A_23_P45811
8398,NM_053282,A_23_P148757
8399,BC017762,A_23_P149050
8400,NM_003120,A_23_P115998
8401,NM_178168,A_23_P315998
8402,NM_005168,A_23_P142849
8403,NM_032338,A_23_P25098
8404,NM_207309,A_23_P135164
8405,NM_133638,A_23_P84498
8406,NM_002556,A_23_P24709
8407,NM_153235,A_23_P82154
8408,AF116605,A_23_P124934
8409,NM_024531,A_23_P258281
8410,NM_178120,A_23_P403466
8411,NM_007263,A_23_P209089
8412,NM_002230,A_23_P501822
8413,NM_003864,A_23_P121602
8414,NM_021226,A_23_P75310
8415,NM_002546,A_23_P71530
8416,NM_031482,A_23_P253256
8417,,A_23_P123517
8418,NM_152492,A_23_P381478
8419,NM_005328,A_23_P10205
8420,NM_012128,A_23_P45746
8421,NM_006603,A_23_P33856
8422,NM_198076,A_23_P12257
8423,NM_130387,A_23_P155268
8424,NM_002546,A_23_P71530
8425,NM_000230,A_23_P31426
8426,AY032661,A_23_P159458
8427,NM_178127,A_23_P64161
8428,,A_23_P250842
8429,NM_000794,A_23_P144768
8430,NM_006744,A_23_P75283
8431,NM_001001522,A_23_P87013
8432,NM_178271,A_23_P217367
8433,NM_144622,A_23_P314798
8434,NM_001781,A_23_P87879
8435,NM_004521,A_23_P86403
8436,NM_002105,A_23_P319432
8437,NM_000706,A_23_P25246
8438,NM_020524,A_23_P103386
8439,NM_173487,A_23_P433152
8440,NM_021021,A_23_P95029
8441,NM_006654,A_23_P430785
8442,NM_017955,A_23_P205449
8443,,A_23_P171007
8444,NM_000412,A_23_P144024
8445,NM_003541,A_23_P30813
8446,,A_23_P118660
8447,NM_013375,A_23_P30784
8448,NM_002857,A_23_P160188
8449,NM_006760,A_23_P64243
8450,NM_005863,A_23_P83931
8451,,A_23_P135292
8452,,A_23_P22129
8453,NM_001619,A_23_P202667
8454,NM_016943,A_23_P20139
8455,NM_175609,A_23_P210379
8456,,A_23_P251196
8457,NM_017433,A_23_P86411
8458,,A_23_P58137
8459,NM_018455,A_23_P88740
8460,NM_001021,A_23_P117721
8461,NM_014917,A_23_P201544
8462,NM_006003,A_23_P153586
8463,NM_173156,A_23_P201649
8464,,E1A_r60_a107
8465,NM_153486,A_23_P54918
8466,NM_022826,A_23_P102242
8467,NM_173806,A_23_P412501
8468,NM_004418,A_23_P108842
8469,NM_014016,A_23_P212383
8470,NM_152379,A_23_P46095
8471,NM_001044370,A_23_P146855
8472,NM_016248,A_23_P204929
8473,NM_001005336,A_23_P135273
8474,BC002766,A_23_P151756
8475,NM_003455,A_23_P127652
8476,NM_000070,A_23_P218190
8477,NM_138809,A_23_P144668
8478,NM_000379,A_23_P39590
8479,NM_080663,A_23_P129716
8480,NM_001010898,A_23_P673
8481,,A_23_P42991
8482,NM_020396,A_23_P163209
8483,NM_032378,A_23_P31838
8484,NM_025150,A_23_P551
8485,NR_002765,A_23_P146325
8486,NM_015564,A_23_P92851
8487,NM_005544,A_23_P90649
8488,,A_23_P41824
8489,NM_014734,A_23_P371787
8490,NM_016020,A_23_P93499
8491,AF305821,A_23_P377191
8492,NM_001005274,A_23_P150492
8493,NM_176870,A_23_P345733
8494,NM_032037,A_23_P108221
8495,,A_23_P54406
8496,NM_002332,A_23_P124837
8497,NM_015084,A_23_P133332
8498,NM_003435,A_23_P141866
8499,NM_002040,A_23_P166219
8500,NM_198433,A_23_P131866
8501,NM_004409,A_23_P50535
8502,NM_015859,A_23_P65609
8503,NM_015050,A_23_P374149
8504,AF116611,A_23_P116473
8505,NM_172006,A_23_P500472
8506,NM_145052,A_23_P159865
8507,NM_170695,A_23_P500074
8508,NM_006496,A_23_P149581
8509,AK026323,A_23_P144531
8510,NM_001006630,A_23_P145606
8511,NM_016033,A_23_P83492
8512,NM_002062,A_23_P156542
8513,NM_006848,A_23_P150249
8514,NM_002141,A_23_P253982
8515,NM_001005494,A_23_P25036
8516,NM_000025,A_23_P168993
8517,NM_002437,A_23_P143084
8518,,A_23_P159693
8519,,A_23_P115805
8520,NM_020933,A_23_P38905
8521,NM_002873,A_23_P159053
8522,NM_007186,A_23_P102832
8523,NM_022457,A_23_P33599
8524,NM_147150,A_23_P342654
8525,NM_014369,A_23_P322101
8526,NM_001465,A_23_P122127
8527,NM_182627,A_23_P110076
8528,NM_001426,A_23_P56404
8529,NM_002237,A_23_P210580
8530,,E1A_r60_3
8531,BX538289,A_23_P251011
8532,NM_024670,A_23_P202392
8533,NM_152344,A_23_P307430
8534,NM_178470,A_23_P301500
8535,NM_000997,A_23_P58721
8536,NM_006918,A_23_P372888
8537,NM_024728,A_23_P84483
8538,NM_005151,A_23_P101166
8539,NM_001905,A_23_P21706
8540,NM_001677,A_23_P62932
8541,,A_23_P153983
8542,NM_020192,A_23_P403521
8543,NM_014224,A_23_P150546
8544,BC039082,A_23_P313588
8545,NM_018068,A_23_P253074
8546,NM_024941,A_23_P121825
8547,NM_174909,A_23_P351903
8548,NM_018265,A_23_P1043
8549,NM_000291,A_23_P125829
8550,,A_23_P98062
8551,NM_012378,A_23_P1819
8552,NM_024110,A_23_P207879
8553,NM_001761,A_23_P37954
8554,NM_004554,A_23_P140394
8555,,A_23_P36845
8556,,A_23_P256366
8557,NM_002317,A_23_P122216
8558,NM_004189,A_23_P80662
8559,NM_014372,A_23_P137434
8560,NM_001977,A_23_P333605
8561,AK000832,A_23_P120373
8562,AB020696,A_23_P5936
8563,NM_014330,A_23_P90172
8564,,A_23_P72434
8565,NM_020142,A_23_P9615
8566,NM_006793,A_23_P63751
8567,AF063695,A_23_P9814
8568,NM_001002000,A_23_P3164
8569,NM_000420,A_23_P252751
8570,NM_172095,A_23_P88489
8571,NM_001010854,A_23_P25974
8572,NM_152407,A_23_P404091
8573,NM_177986,A_23_P385228
8574,NM_147147,A_23_P110980
8575,NM_004976,A_23_P203439
8576,AK056855,A_23_P313605
8577,,A_23_P132285
8578,NM_130830,A_23_P166584
8579,NM_152338,A_23_P49145
8580,,A_23_P144294
8581,NM_006434,A_23_P202388
8582,NM_000946,A_23_P25019
8583,NM_020644,A_23_P162087
8584,NM_015678,A_23_P65278
8585,NM_018461,A_23_P253105
8586,NM_024057,A_23_P48099
8587,NM_000191,A_23_P145
8588,,
8589,NM_152613,A_23_P410128
8590,NM_130768,A_23_P71213
8591,NM_001678,A_23_P305086
8592,NM_012116,A_23_P397910
8593,NM_001012393,A_23_P72657
8594,NM_000805,A_23_P159190
8595,NM_032102,A_23_P363426
8596,NM_005314,A_23_P62255
8597,,
8598,NM_003096,A_23_P102231
8599,NM_032581,A_23_P8582
8600,NM_004568,A_23_P70348
8601,NM_022818,A_23_P77630
8602,NM_205842,A_23_P73239
8603,NM_003102,A_23_P254741
8604,NM_144593,A_23_P2307
8605,,A_23_P204194
8606,,A_23_P145952
8607,BC073930,A_23_P307895
8608,NM_009587,A_23_P116557
8609,AF112968,A_23_P128650
8610,NM_005279,A_23_P154152
8611,NM_016407,A_23_P210619
8612,NM_002971,A_23_P259741
8613,,A_23_P202852
8614,,A_23_P144697
8615,NM_002072,A_23_P39990
8616,NM_080764,A_23_P402134
8617,NM_019896,A_23_P383385
8618,NM_173846,A_23_P421621
8619,NM_173530,A_23_P416751
8620,NM_022063,A_23_P115749
8621,NM_019088,A_23_P142266
8622,NM_020152,A_23_P57283
8623,NM_012160,A_23_P214739
8624,AF120323,A_23_P252426
8625,NM_018189,A_23_P255925
8626,NM_130776,A_23_P114343
8627,AB023202,A_23_P76234
8628,NM_001311,A_23_P33285
8629,NM_178491,A_23_P395632
8630,NM_021809,A_23_P79794
8631,NM_002108,A_23_P61643
8632,NM_004177,A_23_P139134
8633,AF090884,A_23_P31978
8634,BC006419,A_23_P29866
8635,NM_021943,A_23_P122375
8636,NM_000212,A_23_P38519
8637,NM_003269,A_23_P168296
8638,NM_003725,A_23_P25030
8639,NM_032026,A_23_P254974
8640,NM_016518,A_23_P164258
8641,CV315093,A_23_P259429
8642,NM_024089,A_23_P128613
8643,NM_144578,A_23_P140309
8644,NM_005584,A_23_P53881
8645,NM_002546,A_23_P71530
8646,NM_002983,A_23_P152828
8647,NM_032178,A_23_P3562
8648,NM_052946,A_23_P79360
8649,NM_001738,A_23_P168916
8650,NM_152764,A_23_P398545
8651,NM_182935,A_23_P109614
8652,NM_001664,A_23_P69491
8653,NM_145685,A_23_P117416
8654,NM_002342,A_23_P53558
8655,,
8656,NM_032354,A_23_P118790
8657,NM_016447,A_23_P71053
8658,NM_006446,A_23_P128254
8659,NM_000983,A_23_P320636
8660,NM_002116,A_23_P333528
8661,NM_015942,A_23_P43071
8662,NM_016544,A_23_P17275
8663,,A_23_P33429
8664,NM_020549,A_23_P46894
8665,NM_001202,A_23_P54140
8666,NM_030573,A_23_P109410
8667,NM_012159,A_23_P167723
8668,NM_001189,A_23_P255934
8669,,A_23_P103315
8670,NM_152351,A_23_P328022
8671,NM_014899,A_23_P92710
8672,BC036511,A_23_P39731
8673,NM_033386,A_23_P68922
8674,NM_021784,A_23_P500936
8675,NM_000684,A_23_P52239
8676,NM_001004480,A_23_P25826
8677,NM_006763,A_23_P62901
8678,NM_139168,A_23_P18772
8679,NM_024339,A_23_P37949
8680,NM_016203,A_23_P44366
8681,NM_152494,A_23_P341527
8682,NM_001402,A_23_P122283
8683,NM_152699,A_23_P434328
8684,NM_018706,A_23_P12593
8685,AF116651,A_23_P77192
8686,NM_152896,A_23_P9145
8687,NM_000702,A_23_P148879
8688,NM_006315,A_23_P21346
8689,,A_23_P203686
8690,NM_012304,A_23_P144827
8691,AK127969,A_23_P342750
8692,NM_005486,A_23_P118493
8693,NM_030797,A_23_P21560
8694,NM_145174,A_23_P351168
8695,NM_003886,A_23_P11081
8696,NM_004057,A_23_P44996
8697,NM_000017,A_23_P65018
8698,NM_139322,A_23_P79931
8699,NM_003885,A_23_P141467
8700,NM_003415,A_23_P255592
8701,NM_023073,A_23_P213877
8702,NM_000444,A_23_P114084
8703,NM_000540,A_23_P78867
8704,AK021762,A_23_P163200
8705,NM_021186,A_23_P149194
8706,NM_003705,A_23_P142714
8707,NM_005201,A_23_P211699
8708,NM_018004,A_23_P113212
8709,NM_003396,A_23_P89588
8710,NM_152524,A_23_P411335
8711,NM_015426,A_23_P212284
8712,NM_001004124,A_23_P116318
8713,NM_021221,A_23_P59130
8714,NM_000845,A_23_P159524
8715,NM_024605,A_23_P21548
8716,NM_173811,A_23_P135463
8717,,E1A_r60_a107
8718,AK056520,A_23_P315421
8719,NM_152295,A_23_P70168
8720,NM_003286,A_23_P305507
8721,NM_004897,A_23_P115885
8722,NM_001009568,A_23_P160881
8723,NM_032869,A_23_P123343
8724,NM_014851,A_23_P201474
8725,NM_018099,A_23_P150903
8726,NM_002998,A_23_P8867
8727,NM_018285,A_23_P33803
8728,NM_080739,A_23_P120513
8729,NM_022978,A_23_P69873
8730,NM_145030,A_23_P82299
8731,NM_001087,A_23_P56529
8732,NM_033319,A_23_P126116
8733,NM_171999,A_23_P393670
8734,NM_014278,A_23_P363936
8735,,
8736,NM_001040167,A_23_P8452
8737,NM_005734,A_23_P422809
8738,NM_175075,A_23_P393686
8739,NM_005585,A_23_P65812
8740,NM_002986,A_23_P66635
8741,NM_024726,A_23_P143068
8742,NM_032609,A_23_P210869
8743,NM_024781,A_23_P44466
8744,,A_23_P216335
8745,NM_033260,A_23_P122350
8746,,A_23_P146744
8747,NM_138817,A_23_P336663
8748,NM_001153,A_23_P16976
8749,NM_014930,A_23_P169233
8750,NM_000096,A_23_P414793
8751,NM_021944,A_23_P48581
8752,BC069765,A_23_P54447
8753,NM_003726,A_23_P100730
8754,,A_23_P75129
8755,,A_23_P3602
8756,NM_031917,A_23_P50276
8757,NM_016376,A_23_P207620
8758,AB002311,A_23_P133095
8759,NM_004505,A_23_P207666
8760,NM_144720,A_23_P144274
8761,NM_002748,A_23_P3204
8762,NM_004213,A_23_P14667
8763,NM_002063,A_23_P411903
8764,NM_178833,A_23_P341567
8765,,A_23_P255573
8766,NM_004580,A_23_P54367
8767,NM_174940,A_23_P332960
8768,NM_001115,A_23_P169989
8769,,A_23_P75780
8770,NM_152280,A_23_P12018
8771,NM_016395,A_23_P99924
8772,NM_014394,A_23_P104382
8773,NM_000371,A_23_P130333
8774,NM_203500,A_23_P119141
8775,,A_23_P165506
8776,,E1A_r60_a135
8777,NM_003950,A_23_P208421
8778,,A_23_P382099
8779,BC040290,A_23_P367071
8780,NM_024430,A_23_P208119
8781,NM_015660,A_23_P368681
8782,NM_020871,A_23_P73809
8783,NM_012283,A_23_P61171
8784,NM_002390,A_23_P207345
8785,NM_021634,A_23_P433050
8786,NM_002866,A_23_P108200
8787,NM_022768,A_23_P34879
8788,,
8789,NM_018685,A_23_P356684
8790,,A_23_P206336
8791,NM_003507,A_23_P209449
8792,NM_004327,A_23_P211377
8793,,A_23_P207400
8794,NM_001870,A_23_P18017
8795,NM_002209,A_23_P206806
8796,NM_002234,A_23_P417174
8797,NM_001013703,A_23_P54540
8798,NM_002990,A_23_P49117
8799,NM_001011724,A_23_P99004
8800,NM_002996,A_23_P37727
8801,NM_021992,A_23_P137179
8802,BG168510,A_23_P170969
8803,NM_024698,A_23_P146790
8804,NM_013241,A_23_P37776
8805,U20489,A_23_P406932
8806,NM_152443,A_23_P37085
8807,NM_016445,A_23_P151506
8808,NM_000487,A_23_P255436
8809,NM_023940,A_23_P69738
8810,NM_006307,A_23_P96383
8811,BC034757,A_23_P154078
8812,NM_152495,A_23_P9640
8813,NM_018356,A_23_P7761
8814,NM_001037288,A_23_P106042
8815,NM_004510,A_23_P120002
8816,NM_005791,A_23_P5586
8817,NM_016451,A_23_P138895
8818,NM_006455,A_23_P38525
8819,,Pro25G
8820,NM_004446,A_23_P97632
8821,NM_016616,A_23_P259611
8822,NM_014010,A_23_P357936
8823,AF111851,A_23_P62779
8824,AL133666,A_23_P411341
8825,NM_033420,A_23_P90375
8826,,Pro25G
8827,NM_022119,A_23_P66203
8828,NM_005755,A_23_P119472
8829,NM_175055,A_23_P332992
8830,NM_000946,A_23_P25019
8831,,
8832,NM_000855,A_23_P349997
8833,,Pro25G
8834,NM_017749,A_23_P353742
8835,NM_138348,A_23_P353107
8836,NR_130917,A_23_P364487
8837,,A_23_P206135
8838,NM_014708,A_23_P136817
8839,BC033025,A_23_P216128
8840,,Pro25G
8841,AF116619,A_23_P32684
8842,NM_020879,A_23_P168771
8843,NM_000433,A_23_P138194
8844,,A_23_P254441
8845,NM_005735,A_23_P28279
8846,NM_024033,A_23_P8374
8847,,Pro25G
8848,NM_025160,A_23_P85604
8849,NM_012324,A_23_P502078
8850,NM_004172,A_23_P250963
8851,NM_014879,A_23_P211939
8852,NM_004718,A_23_P210343
8853,,A_23_P166586
8854,,Pro25G
8855,NM_001031702,A_23_P121374
8856,NM_014865,A_23_P25293
8857,NM_022779,A_23_P60400
8858,NM_005883,A_23_P101908
8859,BC025711,A_23_P250392
8860,,A_23_P90814
8861,,Pro25G
8862,NM_005893,A_23_P60227
8863,NM_016249,A_23_P62099
8864,NM_024551,A_23_P48121
8865,NM_002936,A_23_P27163
8866,,A_23_P40225
8867,AK024144,A_23_P28574
8868,,Pro25G
8869,NM_017489,A_23_P216149
8870,,A_23_P86320
8871,NM_001515,A_23_P252845
8872,NM_015886,A_23_P71364
8873,NM_012098,A_23_P20864
8874,NM_016041,A_23_P118749
8875,,Pro25G
8876,AK026235,A_23_P166467
8877,NM_170587,A_23_P73097
8878,NM_175871,A_23_P353085
8879,NM_021115,A_23_P80242
8880,DA234975,A_23_P206309
8881,NM_018008,A_23_P57925
8882,,Pro25G
8883,NR_001541,A_23_P34209
8884,NM_017712,A_23_P327370
8885,,E1A_r60_a135
8886,,A_23_P427468
8887,NM_012460,A_23_P76918
8888,NM_178148,A_23_P19257
8889,,Pro25G
8890,NM_003960,A_23_P154379
8891,NM_007218,A_23_P146765
8892,NM_030782,A_23_P110504
8893,NM_014891,A_23_P123256
8894,NM_018082,A_23_P87730
8895,NM_024638,A_23_P91930
8896,,Pro25G
8897,NM_001008901,A_23_P57020
8898,NM_003868,A_23_P254896
8899,NM_152356,A_23_P410725
8900,NM_017915,A_23_P87769
8901,NM_000071,A_23_P166306
8902,NM_013389,A_23_P20075
8903,,Pro25G
8904,,E1A_r60_a22
8905,NM_020692,A_23_P76749
8906,NM_001002905,A_23_P13201
8907,NM_018571,A_23_P90682
8908,NM_003295,A_23_P53797
8909,NR_040662,A_23_P111125
8910,,Pro25G
8911,NM_024637,A_23_P31242
8912,NM_145232,A_23_P303320
8913,,
8914,AI887601,A_23_P63995
8915,NM_018660,A_23_P157460
8916,,A_23_P166947
8917,,Pro25G
8918,NM_017682,A_23_P16225
8919,NM_001782,A_23_P250245
8920,NM_006618,A_23_P409866
8921,BC118600,A_23_P3694
8922,NM_173561,A_23_P428298
8923,NM_019095,A_23_P400435
8924,,Pro25G
8925,NM_013296,A_23_P63402
8926,NM_138391,A_23_P149664
8927,NM_152221,A_23_P40670
8928,NM_021155,A_23_P141997
8929,NM_032935,A_23_P152398
8930,,E1A_r60_a104
8931,,Pro25G
8932,NM_033624,A_23_P53736
8933,NM_020778,A_23_P348728
8934,NM_004840,A_23_P85024
8935,NM_005174,A_23_P63649
8936,,A_23_P154997
8937,NM_080860,A_23_P102950
8938,,Pro25G
8939,NM_004412,A_23_P115636
8940,NM_024668,A_23_P92642
8941,NM_014519,A_23_P4294
8942,NM_018261,A_23_P113972
8943,NM_206594,A_23_P74901
8944,NM_001828,A_23_P101684
8945,,Pro25G
8946,,E1A_r60_a22
8947,NM_005720,A_23_P20193
8948,NM_001039395,A_23_P157766
8949,NM_015653,A_23_P166526
8950,,A_23_P159488
8951,NM_024728,A_23_P145711
8952,,Pro25G
8953,BC048281,A_23_P86706
8954,NM_005532,A_23_P48513
8955,BC063432,A_23_P106061
8956,NM_033215,A_23_P125533
8957,NM_014109,A_23_P216068
8958,NM_001451,A_23_P118254
8959,,Pro25G
8960,U88896,A_23_P136721
8961,NM_001855,A_23_P112554
8962,NM_032456,A_23_P212888
8963,,A_23_P30163
8964,NM_144650,A_23_P157569
8965,AW291149,A_23_P204170
8966,,Pro25G
8967,NM_002552,A_23_P131149
8968,NM_001246,A_23_P395365
8969,NM_006913,A_23_P8095
8970,NM_018951,A_23_P253368
8971,NM_005793,A_23_P259224
8972,NM_014750,A_23_P88331
8973,,Pro25G
8974,NM_000777,A_23_P8807
8975,NM_001958,A_23_P256033
8976,BC019234,A_23_P251962
8977,NM_005414,A_23_P351215
8978,NM_024789,A_23_P337729
8979,NM_014815,A_23_P124760
8980,,Pro25G
8981,NM_016369,A_23_P6986
8982,NM_032246,A_23_P163440
8983,BC020095,A_23_P320159
8984,NM_006043,A_23_P118158
8985,NM_001306,A_23_P71017
8986,NM_002947,A_23_P256455
8987,,Pro25G
8988,NM_005454,A_23_P258357
8989,NM_003274,A_23_P317683
8990,NM_014953,A_23_P48419
8991,NM_001012964,A_23_P142090
8992,NM_144505,A_23_P369343
8993,NM_000265,A_23_P42746
8994,,Pro25G
8995,NM_015691,A_23_P34176
8996,NM_175617,A_23_P206724
8997,NM_153234,A_23_P341488
8998,NM_001004309,A_23_P163373
8999,,A_23_P17152
9000,NM_014499,A_23_P346376
9001,,Pro25G
9002,NM_000618,A_23_P13907
9003,NM_133491,A_23_P15402
9004,NM_019066,A_23_P99996
9005,NM_006615,A_23_P149427
9006,NM_020666,A_23_P61674
9007,NM_003791,A_23_P14942
9008,,Pro25G
9009,NM_002422,A_23_P161698
9010,NM_006533,A_23_P4714
9011,NM_005426,A_23_P12523
9012,NM_000831,A_23_P149084
9013,,A_23_P59828
9014,NM_001005236,A_23_P250892
9015,,Pro25G
9016,NM_000895,A_23_P388670
9017,NM_002265,A_23_P118774
9018,NM_145115,A_23_P309246
9019,NM_032998,A_23_P74711
9020,NM_007259,A_23_P23719
9021,NM_006192,A_23_P6129
9022,,Pro25G
9023,NM_138436,A_23_P71476
9024,NM_175910,A_23_P354942
9025,NM_013239,A_23_P45517
9026,NM_002771,A_23_P135257
9027,NM_006884,A_23_P112974
9028,NM_003639,A_23_P159920
9029,,Pro25G
9030,NM_152713,A_23_P104732
9031,,E1A_r60_a107
9032,NM_014729,A_23_P123413
9033,NM_031952,A_23_P390576
9034,NM_016145,A_23_P218486
9035,NM_023922,A_23_P105495
9036,NM_005071,A_23_P314826
9037,NM_152686,A_23_P123983
9038,NM_005214,A_23_P102481
9039,BC069659,A_23_P359174
9040,NM_005511,A_23_P43350
9041,NM_014992,A_23_P54119
9042,NM_002192,A_23_P122924
9043,NM_004987,A_23_P210358
9044,NM_178129,A_23_P95844
9045,AB043587,A_23_P200477
9046,NM_080655,A_23_P146584
9047,NM_020787,A_23_P153037
9048,NM_019074,A_23_P26266
9049,,A_23_P418986
9050,NM_018433,A_23_P258031
9051,NM_005484,A_23_P163027
9052,NM_016091,A_23_P57521
9053,NM_014715,A_23_P161686
9054,NM_005442,A_23_P121074
9055,NM_018530,A_23_P66454
9056,NM_198040,A_23_P34510
9057,BC028090,A_23_P32605
9058,NM_152423,A_23_P73571
9059,NM_014656,A_23_P51327
9060,NM_004460,A_23_P56746
9061,NM_014587,A_23_P66137
9062,NM_006085,A_23_P104046
9063,NM_153376,A_23_P323814
9064,NM_024683,A_23_P33607
9065,,A_23_P113669
9066,NM_138428,A_23_P314666
9067,NM_016448,A_23_P10385
9068,BC069004,A_23_P91125
9069,,A_23_P10987
9070,,
9071,AK002097,A_23_P69941
9072,,
9073,AL161971,A_23_P112100
9074,NM_052882,A_23_P67101
9075,NM_018344,A_23_P46871
9076,NM_032263,A_23_P124381
9077,NM_032263,A_23_P300070
9078,,A_23_P202189
9079,NM_006537,A_23_P170467
9080,NM_020117,A_23_P218967
9081,NM_002098,A_23_P81825
9082,,A_23_P428373
9083,NM_024057,A_23_P48099
9084,NM_005098,A_23_P256943
9085,NM_173527,A_23_P151624
9086,NM_021170,A_23_P149448
9087,NM_015900,A_23_P29816
9088,,A_23_P255070
9089,NM_014690,A_23_P215718
9090,NM_014788,A_23_P216655
9091,NM_006364,A_23_P140170
9092,NM_145167,A_23_P103248
9093,,A_23_P255301
9094,NM_033199,A_23_P155453
9095,NM_194298,A_23_P115726
9096,NM_031420,A_23_P34956
9097,,A_23_P353667
9098,BC041632,A_23_P393794
9099,NM_021873,A_23_P210726
9100,NM_017847,A_23_P282
9101,NM_004854,A_23_P102351
9102,NM_021199,A_23_P3221
9103,NM_000299,A_23_P23296
9104,NM_017821,A_23_P63432
9105,AK026811,A_23_P7512
9106,NM_006005,A_23_P121499
9107,NM_006606,A_23_P57181
9108,NM_006249,A_23_P116890
9109,NM_022901,A_23_P95559
9110,NM_000576,A_23_P79518
9111,BC064982,A_23_P44093
9112,NM_002581,A_23_P216742
9113,NM_001018108,A_23_P106294
9114,NM_001987,A_23_P105264
9115,NM_003381,A_23_P19650
9116,,A_23_P77415
9117,NM_024757,A_23_P217120
9118,NM_130848,A_23_P81441
9119,,A_23_P201110
9120,NM_001364,A_23_P422872
9121,NM_002942,A_23_P255796
9122,U88048,A_23_P127153
9123,NR_121614,A_23_P156408
9124,NM_014885,A_23_P250994
9125,NM_032146,A_23_P80426
9126,NM_017855,A_23_P58229
9127,NM_001001921,A_23_P139089
9128,,A_23_P145445
9129,NM_001869,A_23_P31161
9130,,E1A_r60_1
9131,NM_198041,A_23_P155857
9132,,A_23_P166353
9133,NM_014245,A_23_P109768
9134,NM_006088,A_23_P312863
9135,NM_006322,A_23_P76705
9136,NM_033128,A_23_P157136
9137,AK001994,A_23_P2867
9138,NM_003747,A_23_P323252
9139,NM_023917,A_23_P336506
9140,NM_170685,A_23_P374310
9141,NM_030981,A_23_P64090
9142,NM_020726,A_23_P133217
9143,NM_000342,A_23_P77980
9144,NM_194458,A_23_P217881
9145,NM_181468,A_23_P210939
9146,AF455557,A_23_P73392
9147,NM_198060,A_23_P402765
9148,NM_021965,A_23_P10952
9149,NM_015322,A_23_P151970
9150,NM_005967,A_23_P76151
9151,,A_23_P91317
9152,NM_003513,A_23_P251633
9153,NM_003175,A_23_P51532
9154,,A_23_P50837
9155,NM_005732,A_23_P250404
9156,AF533250,A_23_P208143
9157,NM_031246,A_23_P142335
9158,,
9159,NM_024298,A_23_P208517
9160,NM_007171,A_23_P146361
9161,NM_001005333,A_23_P124242
9162,NM_018355,A_23_P89871
9163,NM_031220,A_23_P66753
9164,NM_006778,A_23_P214578
9165,NM_024089,A_23_P128613
9166,NM_173630,A_23_P337896
9167,,
9168,AK027209,A_23_P149798
9169,NM_138555,A_23_P48835
9170,NM_005941,A_23_P216153
9171,NM_138337,A_23_P128466
9172,,A_23_P104351
9173,NM_199330,A_23_P99907
9174,NM_006281,A_23_P215963
9175,NM_012285,A_23_P124988
9176,NM_002747,A_23_P208101
9177,NM_145026,A_23_P312874
9178,NM_015252,A_23_P119753
9179,NM_001955,A_23_P214821
9180,,A_23_P28927
9181,NM_001001967,A_23_P64325
9182,NM_001711,A_23_P34126
9183,NM_032611,A_23_P112774
9184,NM_000459,A_23_P374699
9185,NM_001633,A_23_P363754
9186,NM_012218,A_23_P218456
9187,NM_015550,A_23_P215525
9188,NM_032810,A_23_P75288
9189,NM_152999,A_23_P428260
9190,NM_014967,A_23_P377888
9191,BC044250,A_23_P119492
9192,BC040655,A_23_P23705
9193,NM_012096,A_23_P166663
9194,NM_024874,A_23_P115534
9195,NM_153247,A_23_P168554
9196,NM_003509,A_23_P168008
9197,AB002370,A_23_P61854
9198,NM_015099,A_23_P365189
9199,,A_23_P14448
9200,NM_032587,A_23_P41854
9201,NM_020374,A_23_P25433
9202,NM_032429,A_23_P149847
9203,NM_152396,A_23_P361469
9204,NM_004432,A_23_P94571
9205,NM_016265,A_23_P31333
9206,BC034571,A_23_P358528
9207,NM_001436,A_23_P78888
9208,NM_024330,A_23_P149535
9209,NM_005139,A_23_P121716
9210,NM_004061,A_23_P144847
9211,NM_004251,A_23_P45389
9212,NM_024875,A_23_P12719
9213,,A_23_P205019
9214,NM_020672,A_23_P124619
9215,NM_001010987,A_23_P46795
9216,S49953,A_23_P67952
9217,NM_004333,A_23_P42935
9218,NM_002457,A_23_P170148
9219,NM_001409,A_23_P51181
9220,,A_23_P159335
9221,,A_23_P217538
9222,,A_23_P105636
9223,NM_017425,A_23_P104876
9224,NM_014280,A_23_P37137
9225,NM_015994,A_23_P140115
9226,NM_003168,A_23_P163942
9227,AF151783,A_23_P417404
9228,NM_181782,A_23_P156957
9229,NM_018490,A_23_P203767
9230,NM_002929,A_23_P313543
9231,NM_006067,A_23_P106859
9232,NM_006641,A_23_P212360
9233,NM_153228,A_23_P350696
9234,NM_018086,A_23_P165909
9235,NM_182532,A_23_P11629
9236,NM_054013,A_23_P213640
9237,NM_000039,A_23_P203190
9238,NM_003863,A_23_P217079
9239,NM_175924,A_23_P109910
9240,NM_021159,A_23_P58207
9241,NM_003533,A_23_P59085
9242,NM_003170,A_23_P141479
9243,NM_001175,A_23_P151075
9244,NM_080821,A_23_P68486
9245,NM_017999,A_23_P99632
9246,NM_024541,A_23_P86504
9247,NM_019558,A_23_P210164
9248,,A_23_P392235
9249,NM_003202,A_23_P7582
9250,NM_000846,A_23_P214300
9251,NM_001832,A_23_P8142
9252,NM_005810,A_23_P64898
9253,NM_001010974,A_23_P40209
9254,NM_004937,A_23_P427075
9255,NM_173627,A_23_P22421
9256,NM_001014796,A_23_P452
9257,NM_001145059,A_23_P29608
9258,NM_152679,A_23_P314811
9259,NM_001420,A_23_P218499
9260,,A_23_P27460
9261,NM_004977,A_23_P101516
9262,NM_017906,A_23_P122674
9263,NM_005141,A_23_P114011
9264,,A_23_P68958
9265,NM_001005204,A_23_P24674
9266,NM_018132,A_23_P70328
9267,NM_018702,A_23_P86751
9268,,E1A_r60_a97
9269,NM_032664,A_23_P22409
9270,NM_181659,A_23_P313568
9271,NM_003348,A_23_P341471
9272,NM_000393,A_23_P10391
9273,NM_012237,A_23_P142455
9274,NM_020225,A_23_P251364
9275,NM_006000,A_23_P154068
9276,BC021996,A_23_P258668
9277,NM_198681,A_23_P149626
9278,NM_015698,A_23_P114155
9279,NM_001243,A_23_P103357
9280,,A_23_P214234
9281,,E1A_r60_a135
9282,,A_23_P159335
9283,,A_23_P1331
9284,NM_014798,A_23_P164112
9285,NM_004625,A_23_P258410
9286,NM_000142,A_23_P500501
9287,NM_012396,A_23_P62959
9288,NM_198503,A_23_P125315
9289,NM_018029,A_23_P6561
9290,AK026608,A_23_P113138
9291,,
9292,NM_032505,A_23_P431248
9293,NM_021173,A_23_P127367
9294,,E1A_r60_a20
9295,,A_23_P48325
9296,NM_018685,A_23_P157099
9297,BC067244,A_23_P123315
9298,AF116629,A_23_P12386
9299,NR_001543,A_23_P251232
9300,AK094364,A_23_P322091
9301,NM_153211,A_23_P401098
9302,AX810701,A_23_P79049
9303,NM_139168,A_23_P18772
9304,NM_003321,A_23_P9582
9305,NM_170693,A_23_P131796
9306,NM_015922,A_23_P171026
9307,NM_139241,A_23_P2469
9308,NM_176889,A_23_P382794
9309,NM_015985,A_23_P68511
9310,NM_018089,A_23_P119903
9311,NM_003341,A_23_P159297
9312,,A_23_P247
9313,NM_004562,A_23_P124687
9314,NM_000035,A_23_P415974
9315,NM_006628,A_23_P205768
9316,,
9317,NM_198867,A_23_P39396
9318,NM_032854,A_23_P107322
9319,BC004969,A_23_P46660
9320,NM_018055,A_23_P127322
9321,,A_23_P140454
9322,NM_006948,A_23_P17602
9323,NM_032725,A_23_P52826
9324,,A_23_P106131
9325,NM_014761,A_23_P206756
9326,NM_020686,A_23_P152505
9327,NM_007082,A_23_P142900
9328,NM_032242,A_23_P69073
9329,,A_23_P120730
9330,NM_000399,A_23_P46936
9331,NM_198679,A_23_P216412
9332,NM_012415,A_23_P82738
9333,NM_033292,A_23_P202978
9334,,A_23_P201030
9335,NM_181776,A_23_P70102
9336,NM_021215,A_23_P91207
9337,AL080200,A_23_P252566
9338,NM_145040,A_23_P203475
9339,NM_001151,A_23_P133191
9340,NM_001042552,A_23_P23522
9341,NM_018690,A_23_P54773
9342,NM_018676,A_23_P14184
9343,NM_015511,A_23_P166196
9344,NM_032226,A_23_P124855
9345,NM_005194,A_23_P411296
9346,NM_001002292,A_23_P200653
9347,NM_194449,A_23_P89762
9348,,A_23_P303912
9349,NM_015973,A_23_P374844
9350,NM_002999,A_23_P109034
9351,NM_152829,A_23_P111672
9352,,E1A_r60_a20
9353,,A_23_P80353
9354,NM_001002878,A_23_P109462
9355,NM_005411,A_23_P115652
9356,NM_006838,A_23_P99260
9357,NM_002317,A_23_P122216
9358,,A_23_P123754
9359,NM_003947,A_23_P29428
9360,NM_006936,A_23_P102937
9361,NM_016304,A_23_P65767
9362,NM_020633,A_23_P78493
9363,,E1A_r60_a22
9364,NM_023011,A_23_P99473
9365,NM_002977,A_23_P112726
9366,NM_006286,A_23_P166964
9367,NM_007207,A_23_P51861
9368,NM_006928,A_23_P312851
9369,NM_022487,A_23_P86632
9370,D31888,A_23_P205247
9371,NM_000317,A_23_P127579
9372,NM_001986,A_23_P431769
9373,BC026270,A_23_P149150
9374,NM_021216,A_23_P119068
9375,,A_23_P140562
9376,NM_025211,A_23_P94546
9377,NM_014726,A_23_P130169
9378,NM_145867,A_23_P92802
9379,NM_004936,A_23_P216815
9380,NM_015594,A_23_P164383
9381,NM_012420,A_23_P63668
9382,NM_031226,A_23_P37410
9383,NM_001018,A_23_P209152
9384,NM_015423,A_23_P202988
9385,NM_003621,A_23_P150807
9386,NM_002537,A_23_P106462
9387,NM_031281,A_23_P201211
9388,NM_018387,A_23_P252155
9389,NM_020307,A_23_P132456
9390,NM_016436,A_23_P428835
9391,NM_006690,A_23_P91446
9392,NM_003213,A_23_P94795
9393,NM_014325,A_23_P53456
9394,NM_014323,A_23_P211459
9395,NM_172140,A_23_P337800
9396,NM_021992,A_23_P137179
9397,NM_032302,A_23_P168637
9398,NM_005342,A_23_P217236
9399,NM_002336,A_23_P392457
9400,NM_000595,A_23_P156683
9401,NM_002077,A_23_P258976
9402,NM_014820,A_23_P144264
9403,NM_018664,A_23_P160720
9404,NM_203401,A_23_P200866
9405,AF062385,A_23_P169133
9406,NM_002513,A_23_P352414
9407,NM_147164,A_23_P9405
9408,NM_013377,A_23_P105651
9409,,A_23_P210784
9410,AK000815,A_23_P376752
9411,NM_005511,A_23_P43350
9412,NM_006206,A_23_P257841
9413,NM_003011,A_23_P217016
9414,NM_152299,A_23_P80398
9415,,E1A_r60_a104
9416,NM_000309,A_23_P201400
9417,NM_001001502,A_23_P121945
9418,NM_004577,A_23_P251984
9419,NM_016479,A_23_P212475
9420,AK001176,A_23_P104540
9421,NM_001394,A_23_P134935
9422,NM_024094,A_23_P252740
9423,NM_005030,A_23_P118174
9424,NM_006987,A_23_P94819
9425,NM_002393,A_23_P103502
9426,NM_178498,A_23_P12928
9427,NM_005090,A_23_P403424
9428,NM_033055,A_23_P45851
9429,NM_175859,A_23_P10305
9430,NM_006585,A_23_P102870
9431,NM_007172,A_23_P211623
9432,NM_005763,A_23_P8754
9433,NM_022101,A_23_P171223
9434,NM_003366,A_23_P118002
9435,NM_006950,A_23_P33847
9436,NM_006449,A_23_P209636
9437,,A_23_P56278
9438,NM_001393,A_23_P303671
9439,BC021996,A_23_P258668
9440,NM_017722,A_23_P16682
9441,NM_001609,A_23_P158570
9442,NM_004564,A_23_P92552
9443,NM_006572,A_23_P379670
9444,NM_006076,A_23_P311640
9445,NM_006716,A_23_P254612
9446,BC064806,A_23_P108042
9447,NM_004228,A_23_P119377
9448,NM_173078,A_23_P373604
9449,NM_006243,A_23_P256432
9450,NM_198183,A_23_P75741
9451,NM_001211,A_23_P163481
9452,NM_002467,A_23_P215956
9453,AK093019,A_23_P342165
9454,NM_145003,A_23_P319520
9455,NM_024730,A_23_P64919
9456,NM_001380,A_23_P61927
9457,NM_001005360,A_23_P130669
9458,NM_032166,A_23_P501770
9459,BC010446,A_23_P78998
9460,,A_23_P52931
9461,NM_016290,A_23_P254712
9462,NM_006526,A_23_P210608
9463,NM_031962,A_23_P101038
9464,NM_018046,A_23_P41970
9465,NM_018132,A_23_P70328
9466,,A_23_P58538
9467,NM_006426,A_23_P331049
9468,NM_020531,A_23_P109201
9469,,A_23_P210778
9470,NM_004688,A_23_P154235
9471,NM_006347,A_23_P200948
9472,NM_002697,A_23_P424002
9473,,A_23_P343250
9474,NM_080832,A_23_P84047
9475,NM_173598,A_23_P389465
9476,NM_001187,A_23_P76712
9477,NM_152735,A_23_P8116
9478,NM_030973,A_23_P153514
9479,NM_145230,A_23_P61956
9480,NM_001783,A_23_P107735
9481,,A_23_P372496
9482,NM_002776,A_23_P107911
9483,,A_23_P33494
9484,NM_003291,A_23_P99424
9485,CD642253,A_23_P111021
9486,AK022118,A_23_P337878
9487,NM_002862,A_23_P210840
9488,NM_032307,A_23_P60339
9489,NM_004131,A_23_P117602
9490,NM_033296,A_23_P144445
9491,NM_053036,A_23_P155900
9492,NM_052925,A_23_P56288
9493,NM_016615,A_23_P64977
9494,NM_016170,A_23_P389987
9495,NM_032932,A_23_P27023
9496,,A_23_P428992
9497,NM_024572,A_23_P67847
9498,NM_144947,A_23_P101500
9499,NM_001991,A_23_P129982
9500,NM_014696,A_23_P98115
9501,,A_23_P84284
9502,NM_014272,A_23_P11005
9503,NM_005880,A_23_P15083
9504,NM_024790,A_23_P71537
9505,NM_020639,A_23_P211260
9506,,A_23_P122364
9507,NM_000861,A_23_P212179
9508,NM_016570,A_23_P139509
9509,NM_139022,A_23_P203530
9510,NM_002120,A_23_P30736
9511,NM_004627,A_23_P80122
9512,NM_025047,A_23_P92161
9513,NM_005140,A_23_P11163
9514,NM_031422,A_23_P118955
9515,NM_005249,A_23_P205428
9516,NM_003969,A_23_P141853
9517,NM_178432,A_23_P20752
9518,NM_014301,A_23_P340158
9519,NM_153274,A_23_P97242
9520,NM_005091,A_23_P208747
9521,NM_000690,A_23_P36745
9522,NM_031482,A_23_P92824
9523,NM_014008,A_23_P114144
9524,NM_183376,A_23_P117710
9525,NM_006109,A_23_P76851
9526,NM_024812,A_23_P134663
9527,NM_152449,A_23_P117734
9528,BC069659,A_23_P40773
9529,BC022217,A_23_P7882
9530,,E1A_r60_3
9531,NM_015466,A_23_P212329
9532,NM_003686,A_23_P23303
9533,NM_032598,A_23_P101084
9534,NM_001005168,A_23_P253217
9535,NM_004708,A_23_P50608
9536,NM_007152,A_23_P252748
9537,NM_016606,A_23_P19187
9538,NM_207370,A_23_P97652
9539,NM_003179,A_23_P136935
9540,NM_001324,A_23_P79882
9541,NM_021971,A_23_P92202
9542,,
9543,NM_016258,A_23_P103414
9544,NM_022051,A_23_P343935
9545,NM_004218,A_23_P67748
9546,AF243385,A_23_P33443
9547,NM_000969,A_23_P12133
9548,NM_016127,A_23_P255812
9549,NM_173092,A_23_P170536
9550,NM_032597,A_23_P98561
9551,NM_139209,A_23_P259377
9552,NM_001243,A_23_P500614
9553,NM_000236,A_23_P88561
9554,NM_022581,A_23_P207180
9555,NM_001866,A_23_P159650
9556,NM_000499,A_23_P163402
9557,,E1A_r60_a20
9558,NM_005358,A_23_P205159
9559,,A_23_P89172
9560,NM_017697,A_23_P259127
9561,NM_002480,A_23_P204564
9562,NM_033337,A_23_P155394
9563,NM_181785,A_23_P205074
9564,NM_001004052,A_23_P36203
9565,NM_022832,A_23_P81180
9566,NM_015596,A_23_P404517
9567,AI332452,A_23_P143628
9568,NM_001449,A_23_P217326
9569,,A_23_P206413
9570,NM_032445,A_23_P54340
9571,NM_031314,A_23_P163006
9572,NM_004612,A_23_P123943
9573,NM_006051,A_23_P110445
9574,NM_024424,A_23_P116280
9575,NM_005459,A_23_P363331
9576,NM_017495,A_23_P17425
9577,NM_033414,A_23_P156209
9578,NM_003000,A_23_P149649
9579,NM_001943,A_23_P141730
9580,NM_032521,A_23_P6001
9581,NM_145294,A_23_P408215
9582,NM_014734,A_23_P140133
9583,NM_017651,A_23_P70746
9584,NM_139207,A_23_P53646
9585,NM_014487,A_23_P41359
9586,NM_005168,A_23_P142849
9587,,A_23_P380298
9588,NM_006470,A_23_P129903
9589,NM_016308,A_23_P115366
9590,NM_017791,A_23_P140364
9591,NM_032044,A_23_P114975
9592,NM_014023,A_23_P47073
9593,NM_012387,A_23_P138260
9594,NM_024094,A_23_P252740
9595,NM_172367,A_23_P308058
9596,NM_144658,A_23_P148584
9597,NM_016944,A_23_P20101
9598,NM_000553,A_23_P250813
9599,NM_153357,A_23_P363313
9600,NM_024958,A_23_P143274
9601,NM_018084,A_23_P17269
9602,NM_014597,A_23_P97584
9603,NM_138567,A_23_P36187
9604,NM_015871,A_23_P34741
9605,NM_032312,A_23_P424072
9606,BC009264,A_23_P319640
9607,NM_022840,A_23_P208069
9608,NM_000852,A_23_P202658
9609,NM_153693,A_23_P2344
9610,NM_018364,A_23_P137957
9611,NM_005197,A_23_P140405
9612,NM_205834,A_23_P142389
9613,,
9614,NM_004820,A_23_P169092
9615,BC004565,A_23_P253762
9616,AL080111,A_23_P201619
9617,NM_152632,A_23_P391844
9618,NM_014652,A_23_P384600
9619,NM_031229,A_23_P166054
9620,,
9621,NM_002891,A_23_P3379
9622,,E1A_r60_n9
9623,NM_003400,A_23_P40078
9624,,A_23_P151232
9625,NM_000839,A_23_P252184
9626,NM_003503,A_23_P148807
9627,NM_002526,A_23_P111260
9628,,A_23_P82538
9629,NM_020773,A_23_P155826
9630,NM_178812,A_23_P250196
9631,NM_000891,A_23_P329261
9632,NM_004094,A_23_P105942
9633,NM_018317,A_23_P136199
9634,NM_014874,A_23_P126135
9635,NM_006817,A_23_P139925
9636,NM_000251,A_23_P102471
9637,NM_080875,A_23_P436103
9638,NM_002838,A_23_P125451
9639,NM_005211,A_23_P110791
9640,NM_015203,A_23_P60657
9641,,A_23_P168738
9642,NM_053055,A_23_P149375
9643,NM_012300,A_23_P214046
9644,,
9645,NM_001875,A_23_P5300
9646,NM_006766,A_23_P96182
9647,NM_024345,A_23_P217059
9648,NM_005219,A_23_P213344
9649,NM_018298,A_23_P12238
9650,NM_014708,A_23_P136817
9651,NM_198709,A_23_P58783
9652,NM_001039752,A_23_P161975
9653,BC033222,A_23_P49539
9654,AY037153,A_23_P138117
9655,NM_000076,A_23_P428129
9656,,A_23_P6753
9657,AK054992,A_23_P355418
9658,,A_23_P84268
9659,NM_005227,A_23_P322
9660,NM_001040440,A_23_P92765
9661,NM_014732,A_23_P206310
9662,NM_138288,A_23_P311150
9663,AX775899,A_23_P90011
9664,BX648086,A_23_P146444
9665,NM_139076,A_23_P253464
9666,NM_017893,A_23_P127068
9667,NM_018464,A_23_P35467
9668,NM_000198,A_23_P51576
9669,NM_015666,A_23_P258513
9670,NM_006536,A_23_P62620
9671,NM_005460,A_23_P19020
9672,NM_012455,A_23_P68117
9673,NM_015690,A_23_P335898
9674,NM_012415,A_23_P82738
9675,NM_004983,A_23_P126013
9676,NM_024745,A_23_P206544
9677,NM_199293,A_23_P258633
9678,NM_003136,A_23_P162938
9679,AB037723,A_23_P47746
9680,NM_144626,A_23_P115022
9681,NM_080282,A_23_P89422
9682,NM_002663,A_23_P4308
9683,,A_23_P112709
9684,NM_004796,A_23_P251841
9685,NM_017773,A_23_P433
9686,NM_007136,A_23_P256526
9687,NM_032827,A_23_P142878
9688,NM_006120,A_23_P42304
9689,NM_145053,A_23_P328621
9690,NM_014265,A_23_P21758
9691,BC008457,A_23_P95917
9692,NM_016147,A_23_P64567
9693,NM_001004717,A_23_P65496
9694,AL049940,A_23_P29365
9695,NM_030946,A_23_P30826
9696,,A_23_P104413
9697,NM_013238,A_23_P117190
9698,,A_23_P111424
9699,NM_013374,A_23_P60816
9700,NM_001004753,A_23_P36260
9701,NM_033131,A_23_P23468
9702,NM_004530,A_23_P163787
9703,,A_23_P18528
9704,NM_025234,A_23_P49015
9705,NM_022573,A_23_P34200
9706,NM_017793,A_23_P3424
9707,NM_002746,A_23_P37907
9708,,A_23_P157245
9709,NM_001029881,A_23_P56912
9710,NM_007086,A_23_P25873
9711,NM_032801,A_23_P217998
9712,NM_006086,A_23_P77489
9713,NM_013434,A_23_P165737
9714,NM_003236,A_23_P209842
9715,NM_014951,A_23_P86610
9716,,A_23_P200186
9717,NM_018648,A_23_P54477
9718,NM_032192,A_23_P129835
9719,NM_023067,A_23_P110052
9720,NM_058176,A_23_P215577
9721,,A_23_P144249
9722,,
9723,NM_174903,A_23_P314131
9724,NM_002263,A_23_P133954
9725,BX640888,A_23_P10629
9726,NM_005521,A_23_P24028
9727,NM_152402,A_23_P372974
9728,NM_052944,A_23_P37914
9729,NM_006282,A_23_P143198
9730,NM_016950,A_23_P33123
9731,NM_002544,A_23_P55288
9732,NM_201555,A_23_P108751
9733,NM_032026,A_23_P254974
9734,NM_001039618,A_23_P203649
9735,NM_016006,A_23_P250294
9736,NM_000693,A_23_P205959
9737,NM_173563,A_23_P317760
9738,NM_033550,A_23_P109059
9739,NM_002751,A_23_P502274
9740,,A_23_P18857
9741,NM_080678,A_23_P39561
9742,NM_178424,A_23_P69970
9743,NM_001939,A_23_P62196
9744,,A_23_P4341
9745,,A_23_P5634
9746,NM_152230,A_23_P380371
9747,NM_021992,A_23_P137179
9748,,A_23_P435390
9749,NM_015062,A_23_P127079
9750,,A_23_P31883
9751,NM_014241,A_23_P161352
9752,,A_23_P55854
9753,NM_001001664,A_23_P79681
9754,NM_001679,A_23_P68007
9755,,A_23_P159805
9756,NM_005511,A_23_P43350
9757,NM_005159,A_23_P205895
9758,NM_005733,A_23_P256956
9759,NM_032814,A_23_P204158
9760,NM_020939,A_23_P360804
9761,NM_016824,A_23_P202435
9762,NM_138468,A_23_P17226
9763,NM_052867,A_23_P76629
9764,NM_014809,A_23_P168324
9765,NM_021818,A_23_P65555
9766,NM_007159,A_23_P29441
9767,NM_017665,A_23_P7577
9768,NM_006386,A_23_P57534
9769,BC042872,A_23_P382236
9770,NM_005514,A_23_P135523
9771,NM_003137,A_23_P19543
9772,NM_018976,A_23_P218079
9773,NM_000135,A_23_P206441
9774,AF218008,A_23_P218523
9775,NM_003099,A_23_P49033
9776,NM_018132,A_23_P70328
9777,NM_022041,A_23_P88873
9778,NM_178335,A_23_P109702
9779,NM_024067,A_23_P168541
9780,NM_020948,A_23_P305723
9781,,A_23_P124585
9782,NM_005828,A_23_P26836
9783,AF119879,A_23_P95486
9784,NM_002096,A_23_P16144
9785,NM_005830,A_23_P162807
9786,NM_022916,A_23_P36408
9787,NM_002426,A_23_P150316
9788,NM_018330,A_23_P202587
9789,NM_000207,A_23_P1981
9790,NM_004207,A_23_P158725
9791,,A_23_P53217
9792,NM_014631,A_23_P345224
9793,NM_172212,A_23_P73397
9794,NM_004104,A_23_P44132
9795,,A_23_P426270
9796,NM_002769,A_23_P380754
9797,,A_23_P87121
9798,NM_002263,A_23_P133954
9799,NM_024832,A_23_P151820
9800,NM_018142,A_23_P157607
9801,NM_006191,A_23_P116674
9802,NM_000485,A_23_P117955
9803,,
9804,NM_032869,A_23_P123343
9805,NM_175067,A_23_P328679
9806,NM_002430,A_23_P6381
9807,NM_021044,A_23_P162314
9808,NM_013397,A_23_P214474
9809,NM_000503,A_23_P502363
9810,NM_006704,A_23_P162791
9811,NM_001023567,A_23_P26221
9812,AF045583,A_23_P116980
9813,NM_017746,A_23_P112412
9814,NM_000135,A_23_P206441
9815,NM_031282,A_23_P115192
9816,,A_23_P210470
9817,,A_23_P112861
9818,NM_020868,A_23_P102278
9819,NM_005374,A_23_P394255
9820,NM_017607,A_23_P50575
9821,NM_001013254,A_23_P13382
9822,,A_23_P126648
9823,,A_23_P63789
9824,NM_000966,A_23_P117125
9825,,A_23_P217428
9826,NM_006948,A_23_P17602
9827,NM_175883,A_23_P27511
9828,NR_001527,A_23_P171409
9829,NM_052847,A_23_P153897
9830,NM_007030,A_23_P58675
9831,NM_014478,A_23_P361542
9832,NM_133455,A_23_P80252
9833,NM_001816,A_23_P50882
9834,NM_133375,A_23_P65741
9835,NM_033309,A_23_P66051
9836,NM_000448,A_23_P105122
9837,NM_013278,A_23_P49097
9838,,A_23_P94380
9839,NM_032152,A_23_P165219
9840,,A_23_P86242
9841,NM_001011543,A_23_P137007
9842,NM_033131,A_23_P385695
9843,,A_23_P200601
9844,NM_023933,A_23_P54728
9845,BC065566,A_23_P215459
9846,NM_152323,A_23_P383936
9847,NM_007100,A_23_P125412
9848,NM_005971,A_23_P209043
9849,NM_013435,A_23_P89746
9850,,A_23_P217135
9851,BC036545,A_23_P39294
9852,NM_001002909,A_23_P66568
9853,NM_025099,A_23_P78190
9854,NM_058222,A_23_P97826
9855,NM_000981,A_23_P77779
9856,NM_032012,A_23_P146417
9857,NM_023007,A_23_P115523
9858,NM_018147,A_23_P253932
9859,NM_003641,A_23_P72737
9860,NM_001010919,A_23_P7827
9861,NM_001040436,A_23_P151093
9862,NM_000518,A_23_P203558
9863,,A_23_P203228
9864,NM_024927,A_23_P152755
9865,NM_175873,A_23_P400406
9866,NM_018231,A_23_P65967
9867,NM_145280,A_23_P209337
9868,NM_001365,A_23_P411102
9869,NM_080597,A_23_P10442
9870,NM_080740,A_23_P154972
9871,NM_012275,A_23_P39856
9872,NM_024040,A_23_P127088
9873,NM_001287,A_23_P129334
9874,NM_012144,A_23_P255876
9875,,A_23_P78922
9876,NM_014806,A_23_P216549
9877,NM_018113,A_23_P150931
9878,NM_152709,A_23_P344481
9879,NM_015393,A_23_P212779
9880,NM_005619,A_23_P89902
9881,NM_016381,A_23_P218879
9882,NM_052903,A_23_P152038
9883,NM_020328,A_23_P99036
9884,NM_138375,A_23_P422851
9885,NM_145060,A_23_P153170
9886,NM_006387,A_23_P16139
9887,NM_152617,A_23_P416112
9888,NM_152405,A_23_P70180
9889,NM_004407,A_23_P133153
9890,NM_006334,A_23_P219161
9891,,
9892,,A_23_P211949
9893,NM_033631,A_23_P22941
9894,,A_23_P219230
9895,NM_005532,A_23_P48513
9896,NM_173470,A_23_P11224
9897,BC052611,A_23_P13969
9898,NM_025057,A_23_P76983
9899,NM_006549,A_23_P204453
9900,NM_001695,A_23_P146058
9901,NM_002103,A_23_P208698
9902,NM_174873,A_23_P73468
9903,NM_177967,A_23_P396191
9904,NM_005137,A_23_P211336
9905,NM_001775,A_23_P167328
9906,NM_006044,A_23_P250455
9907,NM_052853,A_23_P94008
9908,NM_004196,A_23_P99741
9909,NM_144659,A_23_P350555
9910,NM_033280,A_23_P208009
9911,NM_032314,A_23_P105625
9912,NM_013938,A_23_P39410
9913,NM_025069,A_23_P112045
9914,NM_015726,A_23_P200146
9915,NM_006037,A_23_P210048
9916,BC021118,A_23_P90732
9917,NM_024893,A_23_P251043
9918,NM_020660,A_23_P37468
9919,NM_005649,A_23_P320802
9920,NM_021181,A_23_P11582
9921,NM_004054,A_23_P2431
9922,NM_005920,A_23_P334182
9923,NM_173081,A_23_P86540
9924,NM_018663,A_23_P124122
9925,NM_181482,A_23_P207939
9926,NM_015610,A_23_P215421
9927,NM_012164,A_23_P254645
9928,NM_004962,A_23_P52227
9929,AK057474,A_23_P9120
9930,NM_000958,A_23_P435394
9931,NM_001040441,A_23_P352365
9932,NM_002664,A_23_P209678
9933,NM_001673,A_23_P145694
9934,NM_001545,A_23_P141194
9935,NM_006910,A_23_P363206
9936,NM_152835,A_23_P51601
9937,,A_23_P119165
9938,NM_015024,A_23_P146237
9939,NM_020196,A_23_P142013
9940,CD618601,A_23_P22976
9941,NM_001004747,A_23_P75710
9942,NM_033126,A_23_P43119
9943,NM_002916,A_23_P18196
9944,NM_006014,A_23_P73763
9945,,
9946,NM_012412,A_23_P145904
9947,NM_152599,A_23_P340218
9948,NM_018293,A_23_P147801
9949,NM_002796,A_23_P769
9950,NM_178128,A_23_P353691
9951,NM_014708,A_23_P136817
9952,AK090824,A_23_P305138
9953,NM_006203,A_23_P124456
9954,NM_015972,A_23_P36924
9955,U43747,A_23_P60520
9956,NM_002157,A_23_P56922
9957,NM_001033719,A_23_P90333
9958,NM_130390,A_23_P124190
9959,NM_013444,A_23_P114164
9960,NM_006532,A_23_P16537
9961,NM_004714,A_23_P90297
9962,NM_000582,A_23_P7313
9963,,A_23_P218811
9964,NM_153697,A_23_P209347
9965,,
9966,NM_018559,A_23_P2732
9967,NM_152527,A_23_P131394
9968,NM_024103,A_23_P208450
9969,NM_015216,A_23_P213661
9970,NM_016621,A_23_P202715
9971,NM_006252,A_23_P60811
9972,NM_145314,A_23_P324390
9973,NM_003092,A_23_P40309
9974,NM_017909,A_23_P70708
9975,NM_003722,A_23_P91979
9976,NM_033062,A_23_P49988
9977,AL832783,A_23_P43786
9978,NM_001293,A_23_P127995
9979,AF150735,A_23_P15018
9980,NM_002524,A_23_P63189
9981,NM_080431,A_23_P148835
9982,NM_173546,A_23_P125117
9983,AF037261,A_23_P300710
9984,NM_018101,A_23_P375
9985,,A_23_P211397
9986,,A_23_P382682
9987,NM_021012,A_23_P129821
9988,NM_018084,A_23_P17269
9989,NM_133370,A_23_P92593
9990,NM_012099,A_23_P208310
9991,NM_015944,A_23_P49351
9992,NM_152539,A_23_P345189
9993,NM_080659,A_23_P1722
9994,NM_013263,A_23_P410049
9995,AF119910,A_23_P430156
9996,NM_001037984,A_23_P55011
9997,NM_024307,A_23_P26503
9998,NM_006546,A_23_P343954
9999,NM_033255,A_23_P105794
10000,NM_023008,A_23_P101332
10001,NM_005239,A_23_P257924
10002,,A_23_P99821
10003,NM_001025436,A_23_P67778
10004,NM_032853,A_23_P400217
10005,NM_005452,A_23_P81980
10006,NM_002578,A_23_P346813
10007,NM_005514,A_23_P125107
10008,NM_001004473,A_23_P12109
10009,NM_001004743,A_23_P104939
10010,,
10011,NM_017631,A_23_P41470
10012,NM_024076,A_23_P78873
10013,NM_004160,A_23_P4112
10014,,E1A_r60_a107
10015,L08961,A_23_P33075
10016,NM_001005235,A_23_P83244
10017,,A_23_P122650
10018,NM_014869,A_23_P6741
10019,NR_002720,A_23_P169873
10020,NM_017589,A_23_P47322
10021,NM_080836,A_23_P259941
10022,NM_172088,A_23_P152620
10023,NM_025073,A_23_P85993
10024,NM_005080,A_23_P120845
10025,NM_175861,A_23_P203957
10026,NM_022765,A_23_P214984
10027,NM_017558,A_23_P84744
10028,NM_005283,A_23_P18246
10029,,E1A_r60_a20
10030,NM_005215,A_23_P158708
10031,NM_018306,A_23_P29551
10032,NM_015879,A_23_P78389
10033,,A_23_P348015
10034,NM_000786,A_23_P257716
10035,NM_014109,A_23_P216068
10036,BC008643,A_23_P1956
10037,NM_148887,A_23_P218423
10038,AK026709,A_23_P18649
10039,NM_001136,A_23_P93360
10040,NM_004173,A_23_P120798
10041,NM_005218,A_23_P71480
10042,NM_007232,A_23_P102855
10043,NM_002236,A_23_P142765
10044,NM_013356,A_23_P155079
10045,NM_003842,A_23_P124625
10046,,E1A_r60_n9
10047,NM_138731,A_23_P300867
10048,NM_206907,A_23_P110725
10049,NM_016001,A_23_P130020
10050,NM_005155,A_23_P42116
10051,NM_005468,A_23_P52668
10052,NM_022353,A_23_P210082
10053,,A_23_P38628
10054,NM_012197,A_23_P216958
10055,NM_006165,A_23_P24485
10056,,A_23_P209619
10057,NM_005253,A_23_P348121
10058,NM_020830,A_23_P56390
10059,NM_013319,A_23_P103476
10060,NM_080669,A_23_P359766
10061,NM_002963,A_23_P103304
10062,,A_23_P50645
10063,NM_016086,A_23_P111635
10064,NM_015894,A_23_P165935
10065,NM_003348,A_23_P116823
10066,NM_022157,A_23_P97623
10067,NM_001024948,A_23_P417942
10068,,A_23_P111477
10069,NM_022755,A_23_P123587
10070,NM_032549,A_23_P169800
10071,,A_23_P25204
10072,NM_015681,A_23_P152678
10073,NM_005292,A_23_P14165
10074,,A_23_P204225
10075,NM_016048,A_23_P250982
10076,NM_015149,A_23_P115417
10077,AB023211,A_23_P201747
10078,NM_018124,A_23_P256815
10079,NM_020777,A_23_P121665
10080,NM_002499,A_23_P14798
10081,NM_018084,A_23_P17269
10082,NM_018843,A_23_P432626
10083,NM_182490,A_23_P371005
10084,,
10085,,A_23_P3247
10086,NM_182594,A_23_P144746
10087,NM_001008493,A_23_P51397
10088,,A_23_P125524
10089,NM_015242,A_23_P98770
10090,NM_002752,A_23_P167692
10091,NM_130441,A_23_P2616
10092,NM_024420,A_23_P11685
10093,NM_006466,A_23_P166121
10094,NM_002770,A_23_P310274
10095,NM_019107,A_23_P67508
10096,AF242527,A_23_P30150
10097,,A_23_P157556
10098,NM_005664,A_23_P21339
10099,,A_23_P21622
10100,NM_006804,A_23_P118451
10101,NM_015694,A_23_P309803
10102,NM_033184,A_23_P153022
10103,NM_032412,A_23_P259506
10104,NM_021182,A_23_P30204
10105,NM_031292,A_23_P36776
10106,NM_080676,A_23_P22398
10107,AK022678,A_23_P348876
10108,NM_001004453,A_23_P71841
10109,,A_23_P65717
10110,NM_052855,A_23_P15576
10111,,A_23_P73383
10112,NM_004721,A_23_P58031
10113,NM_006820,A_23_P45870
10114,AK025697,A_23_P400794
10115,,A_23_P135589
10116,NM_152369,A_23_P86196
10117,NM_144979,A_23_P404580
10118,BC048343,A_23_P135542
10119,NM_005343,A_23_P98183
10120,NM_016104,A_23_P167834
10121,NM_152716,A_23_P373077
10122,,A_23_P350454
10123,AF163475,A_23_P335268
10124,NM_003493,A_23_P137909
10125,NM_006816,A_23_P169599
10126,NM_015111,A_23_P58747
10127,NM_015144,A_23_P100420
10128,NM_002484,A_23_P300255
10129,AJ312775,A_23_P254061
10130,NM_033326,A_23_P343799
10131,NM_003202,A_23_P7582
10132,NM_153005,A_23_P42432
10133,NM_005627,A_23_P19673
10134,,E1A_r60_n9
10135,NM_003738,A_23_P355311
10136,NM_012302,A_23_P74042
10137,NM_007237,A_23_P209728
10138,,A_23_P3784
10139,AF319957,A_23_P33207
10140,NM_021813,A_23_P30633
10141,NM_003449,A_23_P214587
10142,NM_145716,A_23_P500333
10143,NM_147148,A_23_P217917
10144,NM_153051,A_23_P80262
10145,NM_015915,A_23_P88351
10146,NM_152464,A_23_P27048
10147,NM_006983,A_23_P74088
10148,BC007377,A_23_P202117
10149,NM_152660,A_23_P321473
10150,,A_23_P15028
10151,,A_23_P36205
10152,,E1A_r60_n11
10153,NM_003618,A_23_P154130
10154,,A_23_P390445
10155,NM_198055,A_23_P130455
10156,NM_015723,A_23_P312718
10157,NM_006841,A_23_P155493
10158,NM_032828,A_23_P388146
10159,NM_001002021,A_23_P29081
10160,NM_017826,A_23_P25619
10161,NM_182486,A_23_P57513
10162,NM_006177,A_23_P140202
10163,NM_153232,A_23_P365844
10164,NM_025232,A_23_P96209
10165,AK075342,A_23_P2412
10166,NM_003058,A_23_P111395
10167,,E1A_r60_n9
10168,NM_018984,A_23_P429560
10169,AK131076,A_23_P361514
10170,NM_152343,A_23_P352389
10171,NM_001010893,A_23_P157428
10172,NM_145005,A_23_P405873
10173,AF334792,A_23_P159595
10174,BX113166,A_23_P80487
10175,,A_23_P250019
10176,NM_014061,A_23_P34144
10177,,
10178,NM_033070,A_23_P57370
10179,,A_23_P250516
10180,AK096979,A_23_P320190
10181,NM_004788,A_23_P203139
10182,,E1A_r60_a107
10183,,E1A_r60_a107
10184,NM_003745,A_23_P420196
10185,,E1A_r60_a107
10186,NM_015268,A_23_P166910
10187,NM_173848,A_23_P388220
10188,,E1A_r60_a104
10189,NM_001098629,A_23_P500271
10190,NM_014417,A_23_P382775
10191,,
10192,NM_173548,A_23_P414964
10193,NM_203350,A_23_P85519
10194,NM_201591,A_23_P121545
10195,,A_23_P89369
10196,NM_182973,A_23_P409859
10197,NM_173828,A_23_P382744
10198,,
10199,NM_018050,A_23_P162211
10200,NM_173160,A_23_P98121
10201,NM_000631,A_23_P109508
10202,AF168717,A_23_P3215
10203,,A_23_P134405
10204,,A_23_P72908
10205,NM_005360,A_23_P397376
10206,,
10207,NM_024650,A_23_P96160
10208,NM_152376,A_23_P85666
10209,NM_005143,A_23_P206760
10210,,A_23_P121914
10211,G42982,A_23_P104012
10212,NM_152496,A_23_P391227
10213,NM_005497,A_23_P428287
10214,NM_014336,A_23_P100935
10215,NM_017668,A_23_P206901
10216,NM_080610,A_23_P143365
10217,NM_016358,A_23_P110837
10218,BP277214,A_23_P210626
10219,NM_152482,A_23_P424597
10220,NM_020533,A_23_P27571
10221,NM_152420,A_23_P306345
10222,NM_006294,A_23_P31666
10223,NM_144694,A_23_P79145
10224,NM_013230,A_23_P114457
10225,NM_002838,A_23_P136837
10226,,
10227,NM_013451,A_23_P86682
10228,NM_004199,A_23_P30363
10229,NM_022470,A_23_P136063
10230,NM_138415,A_23_P155142
10231,NM_016561,A_23_P65963
10232,NM_002333,A_23_P16412
10233,,
10234,NM_174891,A_23_P420981
10235,NM_021168,A_23_P396058
10236,BC000393,A_23_P62429
10237,NM_005223,A_23_P66311
10238,NM_138418,A_23_P3663
10239,NM_015090,A_23_P201897
10240,NM_022124,A_23_P364437
10241,,A_23_P31188
10242,NM_000255,A_23_P400235
10243,NM_003973,A_23_P18292
10244,NM_002766,A_23_P15305
10245,NM_020726,A_23_P133217
10246,NM_032822,A_23_P108641
10247,NM_173355,A_23_P357316
10248,NM_173542,A_23_P10911
10249,BC035246,A_23_P154962
10250,NM_080390,A_23_P85140
10251,AF201934,A_23_P60947
10252,,A_23_P77661
10253,NM_002372,A_23_P18931
10254,NM_021173,A_23_P360215
10255,NM_006364,A_23_P348894
10256,NM_013448,A_23_P76799
10257,NM_005517,A_23_P97683
10258,NM_002281,A_23_P25187
10259,NM_005657,A_23_P88703
10260,NM_020993,A_23_P400814
10261,NM_005177,A_23_P434308
10262,AF230201,A_23_P154627
10263,NM_130897,A_23_P94840
10264,NM_173354,A_23_P132121
10265,NM_152476,A_23_P368773
10266,NM_153277,A_23_P98616
10267,NM_001813,A_23_P253524
10268,NM_017920,A_23_P425790
10269,NM_016478,A_23_P215088
10270,NM_145177,A_23_P254904
10271,NM_015525,A_23_P358995
10272,NM_014716,A_23_P107336
10273,NM_016272,A_23_P40700
10274,NM_005931,A_23_P387471
10275,,A_23_P321361
10276,,A_23_P63441
10277,NM_174899,A_23_P432554
10278,,E1A_r60_1
10279,AY691171,A_23_P155569
10280,NM_017846,A_23_P51777
10281,NM_017785,A_23_P41948
10282,,
10283,NM_016945,A_23_P59825
10284,NM_022820,A_23_P215828
10285,NM_001971,A_23_P2383
10286,,
10287,NM_007257,A_23_P112691
10288,NM_021197,A_23_P106611
10289,NM_005172,A_23_P332246
10290,NM_020466,A_23_P42035
10291,NM_001004687,A_23_P126945
10292,BX647159,A_23_P102812
10293,NM_198229,A_23_P69510
10294,NM_007039,A_23_P77033
10295,AK024509,A_23_P17642
10296,NM_175856,A_23_P368886
10297,,A_23_P369758
10298,BC006273,A_23_P16597
10299,NM_001875,A_23_P5300
10300,NM_003780,A_23_P149206
10301,NM_016817,A_23_P204089
10302,NM_180976,A_23_P167956
10303,AK055463,A_23_P343104
10304,,A_23_P158699
10305,NM_007278,A_23_P27075
10306,NM_032930,A_23_P116161
10307,X66087,A_23_P43157
10308,BC010538,A_23_P377965
10309,NM_032607,A_23_P108082
10310,NM_020830,A_23_P502797
10311,NM_032865,A_23_P207850
10312,NM_006408,A_23_P31407
10313,NM_001285,A_23_P51217
10314,,A_23_P322592
10315,NM_001997,A_23_P127438
10316,NM_018046,A_23_P250559
10317,NM_003632,A_23_P411112
10318,NM_005390,A_23_P81026
10319,NM_018184,A_23_P385217
10320,BC009905,A_23_P18173
10321,AL713706,A_23_P210224
10322,,A_23_P46412
10323,NM_015984,A_23_P148798
10324,NM_033409,A_23_P57110
10325,NM_147777,A_23_P104668
10326,NM_020634,A_23_P61420
10327,NM_004764,A_23_P116736
10328,NM_014505,A_23_P64792
10329,NM_016267,A_23_P253123
10330,NM_145698,A_23_P97795
10331,NM_003620,A_23_P89349
10332,,
10333,BC008390,A_23_P158406
10334,NM_024817,A_23_P148249
10335,NM_017614,A_23_P92983
10336,,A_23_P95940
10337,NM_002195,A_23_P112220
10338,,A_23_P52951
10339,NM_015715,A_23_P17814
10340,NM_005454,A_23_P329798
10341,,A_23_P113047
10342,NM_012458,A_23_P56316
10343,NM_002876,A_23_P207014
10344,NM_005922,A_23_P42096
10345,NM_130773,A_23_P56787
10346,NM_014709,A_23_P28676
10347,NM_002952,A_23_P106702
10348,NM_001004692,A_23_P973
10349,NM_002856,A_23_P352867
10350,,
10351,,
10352,NM_033637,A_23_P46819
10353,NM_000322,A_23_P214459
10354,NM_004134,A_23_P213973
10355,NM_007147,A_23_P15983
10356,NM_001001671,A_23_P158919
10357,NM_032972,A_23_P96662
10358,NM_018835,A_23_P94633
10359,,E1A_r60_n9
10360,NM_173830,A_23_P59358
10361,AF168717,A_23_P3215
10362,NM_019888,A_23_P258525
10363,NM_000710,A_23_P128751
10364,,A_23_P215856
10365,NM_032484,A_23_P207387
10366,NM_022068,A_23_P130376
10367,NM_182643,A_23_P252721
10368,,A_23_P145596
10369,NM_000508,A_23_P44274
10370,NM_006452,A_23_P41280
10371,NM_032590,A_23_P87919
10372,NM_012329,A_23_P164047
10373,NM_014751,A_23_P347632
10374,NM_152750,A_23_P348253
10375,NM_032523,A_23_P108823
10376,,A_23_P2180
10377,NM_003936,A_23_P79323
10378,NM_006510,A_23_P42224
10379,NM_015339,A_23_P254179
10380,NM_014440,A_23_P348028
10381,NM_182760,A_23_P69242
10382,NM_001006636,A_23_P153945
10383,AK055181,A_23_P308469
10384,NM_181537,A_23_P38584
10385,NM_002882,A_23_P91590
10386,NM_016146,A_23_P127615
10387,NM_020807,A_23_P26314
10388,NM_152504,A_23_P401709
10389,NM_032339,A_23_P3982
10390,,A_23_P213199
10391,NM_144587,A_23_P383915
10392,NM_002084,A_23_P133475
10393,NM_001480,A_23_P153155
10394,NM_001533,A_23_P119677
10395,NM_058219,A_23_P100413
10396,BC062308,A_23_P403209
10397,NM_024527,A_23_P50857
10398,NM_003060,A_23_P167566
10399,NM_001004479,A_23_P3030
10400,NM_021156,A_23_P166100
10401,NM_024943,A_23_P92330
10402,NM_020920,A_23_P140238
10403,NM_001003891,A_23_P154954
10404,NM_001003818,A_23_P33675
10405,,A_23_P84539
10406,NM_002130,A_23_P133263
10407,NM_006271,A_23_P383227
10408,,A_23_P204406
10409,NM_006193,A_23_P414211
10410,NM_017836,A_23_P18317
10411,NM_000918,A_23_P107412
10412,NM_182919,A_23_P90311
10413,NM_181783,A_23_P48264
10414,NR_002229,A_23_P108932
10415,NM_003897,A_23_P42257
10416,NM_004794,A_23_P147025
10417,AW340588,A_23_P535
10418,,
10419,NM_199282,A_23_P141336
10420,NM_145045,A_23_P326890
10421,NM_001005386,A_23_P377376
10422,NM_020530,A_23_P166408
10423,NM_021209,A_23_P119835
10424,NM_024526,A_23_P160947
10425,AK055659,A_23_P61886
10426,,E1A_r60_a22
10427,NM_130787,A_23_P164889
10428,NM_002193,A_23_P153964
10429,NM_022141,A_23_P250412
10430,NM_013267,A_23_P36416
10431,NM_024841,A_23_P116512
10432,NM_004293,A_23_P112352
10433,NM_019082,A_23_P168683
10434,AY163812,A_23_P207927
10435,NM_018697,A_23_P82641
10436,NM_005018,A_23_P136405
10437,,A_23_P125749
10438,NM_033271,A_23_P99614
10439,AB040957,A_23_P250313
10440,NM_014155,A_23_P202945
10441,NM_013290,A_23_P118582
10442,NM_014028,A_23_P31097
10443,NM_002009,A_23_P14621
10444,,
10445,NM_004966,A_23_P75330
10446,NM_018440,A_23_P347070
10447,,A_23_P396123
10448,NM_138574,A_23_P301481
10449,NM_015110,A_23_P325716
10450,NM_032177,A_23_P213908
10451,NM_000515,A_23_P207194
10452,AB002370,A_23_P61854
10453,NM_001563,A_23_P42032
10454,NM_017787,A_23_P1248
10455,NM_134269,A_23_P211428
10456,NM_000722,A_23_P82379
10457,NM_001207,A_23_P213458
10458,NM_052860,A_23_P110692
10459,AF264626,A_23_P81327
10460,NM_031453,A_23_P149975
10461,X56681,A_23_P142368
10462,NM_000094,A_23_P144067
10463,AV731610,A_23_P13375
10464,NM_032324,A_23_P200252
10465,NM_005441,A_23_P57306
10466,NM_000678,A_23_P131924
10467,NM_024313,A_23_P6456
10468,NM_014864,A_23_P103923
10469,L34088,A_23_P8201
10470,AF356492,A_23_P205134
10471,NM_005578,A_23_P251118
10472,NM_000718,A_23_P159622
10473,NM_020240,A_23_P167767
10474,NM_130772,A_23_P81630
10475,NM_018125,A_23_P381
10476,NM_017726,A_23_P129312
10477,NM_033339,A_23_P12572
10478,AK025204,A_23_P354308
10479,NM_001014286,A_23_P140050
10480,NM_003805,A_23_P139604
10481,,A_23_P338919
10482,,A_23_P32950
10483,,
10484,NM_001964,A_23_P214080
10485,,A_23_P253631
10486,NM_014309,A_23_P103091
10487,NM_024045,A_23_P104451
10488,NM_015214,A_23_P157600
10489,,A_23_P58738
10490,NM_002188,A_23_P58627
10491,,
10492,BC005913,A_23_P95213
10493,NM_001004454,A_23_P157991
10494,NM_022361,A_23_P358599
10495,NM_003274,A_23_P91538
10496,NM_207392,A_23_P90456
10497,,A_23_P53267
10498,NM_000478,A_23_P97043
10499,NM_002738,A_23_P420281
10500,NM_033141,A_23_P65574
10501,NM_133460,A_23_P27424
10502,,
10503,NM_032842,A_23_P122805
10504,NM_205856,A_23_P256844
10505,NM_152320,A_23_P64785
10506,NM_032409,A_23_P23194
10507,AF090909,A_23_P167408
10508,AF435951,A_23_P412427
10509,NM_020781,A_23_P501214
10510,NM_178135,A_23_P44704
10511,,
10512,,E1A_r60_a20
10513,BX647822,A_23_P343671
10514,NM_021188,A_23_P54179
10515,NM_181708,A_23_P338233
10516,BC001809,A_23_P432448
10517,NM_001004482,A_23_P146434
10518,NM_006716,A_23_P254612
10519,NM_007152,A_23_P252748
10520,NM_148900,A_23_P134542
10521,NM_000493,A_23_P214144
10522,NM_005781,A_23_P259846
10523,NM_015691,A_23_P345650
10524,NM_012127,A_23_P32224
10525,NM_153332,A_23_P123466
10526,,A_23_P135809
10527,NM_024105,A_23_P60718
10528,NM_031419,A_23_P212089
10529,NM_000155,A_23_P94678
10530,NM_145171,A_23_P336678
10531,NM_024759,A_23_P146111
10532,NM_003925,A_23_P92154
10533,NM_032285,A_23_P355500
10534,NM_016492,A_23_P55136
10535,NM_181847,A_23_P14083
10536,NM_001016,A_23_P82128
10537,NM_000196,A_23_P14986
10538,NM_014218,A_23_P50566
10539,,EQC
10540,NM_007234,A_23_P158024
10541,NM_001889,A_23_P114662
10542,NM_018210,A_23_P88046
10543,NM_007270,A_23_P334709
10544,,A_23_P57856
10545,NM_006917,A_23_P23292
10546,NM_001007233,A_23_P58521
10547,NM_012456,A_23_P64344
10548,NM_001068,A_23_P121095
10549,NM_145007,A_23_P108034
10550,NM_016950,A_23_P95690
10551,NM_001266,A_23_P206733
10552,,EQC
10553,NM_007026,A_23_P207537
10554,NM_020789,A_23_P85441
10555,NM_016513,A_23_P214315
10556,NM_021008,A_23_P124049
10557,NM_148175,A_23_P17743
10558,NM_015703,A_23_P29305
10559,,
10560,NM_001813,A_23_P253524
10561,NM_024581,A_23_P167818
10562,NM_018715,A_23_P74953
10563,NM_004593,A_23_P212639
10564,,
10565,,EQC
10566,NM_005632,A_23_P428297
10567,NM_152309,A_23_P104445
10568,AF168717,A_23_P3215
10569,NM_013362,A_23_P164674
10570,NM_052839,A_23_P155159
10571,NM_001463,A_23_P10902
10572,AB007940,A_23_P377264
10573,NM_002735,A_23_P83599
10574,NM_018138,A_23_P121344
10575,NM_030876,A_23_P42241
10576,NM_181711,A_23_P105442
10577,NM_002754,A_23_P145376
10578,,EQC
10579,NM_016644,A_23_P92929
10580,NM_016589,A_23_P18413
10581,NM_001085,A_23_P162916
10582,NM_024070,A_23_P168427
10583,NM_000871,A_23_P74766
10584,,A_23_P147404
10585,NM_006357,A_23_P11192
10586,NM_030962,A_23_P98731
10587,NM_032496,A_23_P64661
10588,,
10589,AY263163,A_23_P258783
10590,NM_177441,A_23_P36647
10591,,EQC
10592,NM_024648,A_23_P124132
10593,NM_014033,A_23_P415021
10594,NM_005181,A_23_P20316
10595,NM_021127,A_23_P207999
10596,NM_003021,A_23_P108331
10597,NM_002255,A_23_P386930
10598,,A_23_P65057
10599,NM_001008223,A_23_P116761
10600,NM_015270,A_23_P204001
10601,AK001683,A_23_P130107
10602,NM_015722,A_23_P86561
10603,AF010315,A_23_P368028
10604,,EQC
10605,NM_198458,A_23_P27414
10606,,
10607,NM_005168,A_23_P142849
10608,BC007524,A_23_P207476
10609,NM_139211,A_23_P254507
10610,NM_030914,A_23_P94689
10611,NM_005347,A_23_P83220
10612,NM_018240,A_23_P113994
10613,NM_017544,A_23_P11214
10614,BX640978,A_23_P116063
10615,NM_057088,A_23_P33573
10616,NM_139286,A_23_P331078
10617,,EQC
10618,NM_016494,A_23_P108708
10619,NM_152412,A_23_P301360
10620,NM_015873,A_23_P29684
10621,D87467,A_23_P215505
10622,NM_013449,A_23_P203841
10623,NM_018980,A_23_P252100
10624,,A_23_P129405
10625,NM_019002,A_23_P51117
10626,NM_025079,A_23_P200541
10627,,A_23_P21306
10628,NM_005986,A_23_P53897
10629,NM_020445,A_23_P123193
10630,,EQC
10631,BC035666,A_23_P121573
10632,NM_020761,A_23_P384499
10633,NM_016607,A_23_P217611
10634,NM_203330,A_23_P75523
10635,NM_030956,A_23_P44813
10636,NM_006753,A_23_P216738
10637,NM_181515,A_23_P115955
10638,NM_003650,A_23_P68601
10639,NM_001749,A_23_P67648
10640,,A_23_P137404
10641,NM_012344,A_23_P315212
10642,,E1A_r60_n9
10643,,EQC
10644,NR_024335,A_23_P433183
10645,NM_018344,A_23_P357360
10646,NM_022492,A_23_P39813
10647,NM_139284,A_23_P397485
10648,NM_014014,A_23_P131626
10649,NM_003965,A_23_P69310
10650,DQ462572,A_23_P72654
10651,,A_23_P14426
10652,,A_23_P15671
10653,AF118066,A_23_P103743
10654,,A_23_P24605
10655,BG195716,A_23_P136603
10656,,EQC
10657,,
10658,,A_23_P210915
10659,NM_207380,A_23_P163467
10660,NM_007185,A_23_P23561
10661,NM_002844,A_23_P254242
10662,NM_213647,A_23_P92754
10663,NM_198336,A_23_P73093
10664,DA844431,A_23_P113904
10665,NM_030767,A_23_P71948
10666,BX507388,A_23_P93240
10667,NM_016228,A_23_P253484
10668,,A_23_P57442
10669,,EQC
10670,,A_23_P110353
10671,NM_080872,A_23_P216118
10672,NM_024619,A_23_P77813
10673,NM_017990,A_23_P206677
10674,NM_016286,A_23_P44166
10675,NM_020310,A_23_P411072
10676,NM_001527,A_23_P122304
10677,,
10678,,A_23_P44054
10679,NM_004128,A_23_P14132
10680,NM_018093,A_23_P36157
10681,NM_002412,A_23_P104323
10682,,EQC
10683,NM_144577,A_23_P318914
10684,NM_153214,A_23_P102462
10685,NM_004827,A_23_P18713
10686,NM_002688,A_23_P17724
10687,,A_23_P63880
10688,NM_019022,A_23_P50062
10689,NM_175709,A_23_P250735
10690,NM_002741,A_23_P67271
10691,NM_024620,A_23_P50211
10692,,A_23_P21897
10693,NM_173059,A_23_P322619
10694,NM_003508,A_23_P59613
10695,,EQC
10696,NM_006862,A_23_P46351
10697,NM_003884,A_23_P41127
10698,NM_144970,A_23_P339582
10699,NM_007359,A_23_P374288
10700,NM_000150,A_23_P5092
10701,NM_145006,A_23_P401076
10702,NM_033504,A_23_P62768
10703,BC113730,A_23_P359782
10704,NM_024624,A_23_P209962
10705,NM_001125,A_23_P408070
10706,NM_002803,A_23_P304287
10707,NM_017785,A_23_P41948
10708,,EQC
10709,NM_005908,A_23_P258698
10710,NM_018257,A_23_P210827
10711,NM_005993,A_23_P100602
10712,NM_001946,A_23_P139704
10713,NM_022100,A_23_P62731
10714,NM_014398,A_23_P29773
10715,NM_016070,A_23_P106998
10716,NM_153608,A_23_P368777
10717,NM_000806,A_23_P125067
10718,NM_014939,A_23_P107552
10719,,A_23_P201160
10720,NM_006856,A_23_P204064
10721,,EQC
10722,,E1A_r60_a107
10723,NM_007341,A_23_P91520
10724,NM_014636,A_23_P390148
10725,NM_018986,A_23_P41390
10726,NM_145714,A_23_P124661
10727,NM_014176,A_23_P115482
10728,NM_014571,A_23_P430658
10729,,E1A_r60_1
10730,NM_181523,A_23_P144976
10731,NM_138412,A_23_P39185
10732,NM_152698,A_23_P313010
10733,,A_23_P207557
10734,,EQC
10735,NM_005016,A_23_P204059
10736,NM_021189,A_23_P201156
10737,AF388365,A_23_P57721
10738,,A_23_P250353
10739,NM_007355,A_23_P145085
10740,NM_006460,A_23_P118552
10741,NM_001834,A_23_P43742
10742,NM_005328,A_23_P10205
10743,NM_000261,A_23_P23783
10744,NM_001321,A_23_P44724
10745,NM_177455,A_23_P331177
10746,NM_144576,A_23_P354798
10747,,EQC
10748,NM_005511,A_23_P43350
10749,NM_032792,A_23_P164623
10750,NM_014109,A_23_P216068
10751,BX341735,A_23_P60164
10752,NM_015388,A_23_P111005
10753,NM_032016,A_23_P70938
10754,,A_23_P64287
10755,NM_018241,A_23_P18736
10756,NM_032752,A_23_P104177
10757,NM_002466,A_23_P143184
10758,,EQC
10759,NM_145725,A_23_P37068
10760,,A_23_P212149
10761,NM_002636,A_23_P145351
10762,NM_006287,A_23_P17095
10763,NM_003784,A_23_P141797
10764,,A_23_P44431
10765,NM_004310,A_23_P58132
10766,,A_23_P68311
10767,,A_23_P435474
10768,NM_152717,A_23_P150538
10769,NM_013975,A_23_P207272
10770,NM_000854,A_23_P109427
10771,,EQC
10772,NM_138450,A_23_P76572
10773,NM_152520,A_23_P334850
10774,NM_017785,A_23_P41948
10775,NM_002797,A_23_P37191
10776,NM_152636,A_23_P420911
10777,NM_145205,A_23_P11697
10778,NM_007373,A_23_P202565
10779,NM_005587,A_23_P353652
10780,NM_053064,A_23_P32536
10781,NM_006965,A_23_P208049
10782,NM_019041,A_23_P214882
10783,NM_181713,A_23_P131240
10784,,EQC
10785,NM_183057,A_23_P31903
10786,NM_002152,A_23_P142125
10787,NM_152349,A_23_P425925
10788,NM_002194,A_23_P5724
10789,NM_033277,A_23_P64825
10790,NM_015980,A_23_P125375
10791,NM_001564,A_23_P83736
10792,NM_006963,A_23_P202458
10793,AY035383,A_23_P132057
10794,NM_006152,A_23_P98910
10795,NM_006216,A_23_P50919
10796,NM_144590,A_23_P161428
10797,,EQC
10798,NM_147182,A_23_P250784
10799,NM_018133,A_23_P132435
10800,NM_144642,A_23_P80718
10801,NM_023079,A_23_P83438
10802,NM_006035,A_23_P99529
10803,,A_23_P61212
10804,NM_018977,A_23_P62303
10805,NM_024792,A_23_P50000
10806,NM_015457,A_23_P98532
10807,NM_030663,A_23_P96903
10808,NM_001649,A_23_P217755
10809,NM_014911,A_23_P209826
10810,,EQC
10811,NM_001005326,A_23_P163295
10812,BC053363,A_23_P78244
10813,,E1A_r60_3
10814,NM_014914,A_23_P108404
10815,NM_032834,A_23_P204333
10816,U28926,A_23_P111564
10817,NM_001253,A_23_P156471
10818,NR_002191,A_23_P34007
10819,NM_006373,A_23_P26953
10820,NM_021833,A_23_P30091
10821,NM_018602,A_23_P206140
10822,NM_019091,A_23_P102419
10823,,EQC
10824,BC000868,A_23_P151361
10825,NM_006516,A_23_P571
10826,,
10827,NM_000938,A_23_P144311
10828,NM_022003,A_23_P150385
10829,NM_018374,A_23_P8522
10830,NM_173082,A_23_P337790
10831,NM_005051,A_23_P135347
10832,NM_005253,A_23_P345581
10833,BU507302,A_23_P82047
10834,NM_012388,A_23_P205808
10835,NM_000453,A_23_P101774
10836,,EQC
10837,NM_030798,A_23_P158265
10838,NM_020399,A_23_P58877
10839,NM_022103,A_23_P101623
10840,NR_001548,A_23_P160017
10841,,A_23_P136857
10842,NM_001003945,A_23_P217114
10843,BC033102,A_23_P9788
10844,,E1A_r60_1
10845,NM_152324,A_23_P348169
10846,,A_23_P109571
10847,,A_23_P147628
10848,NM_001875,A_23_P5300
10849,,EQC
10850,NM_015984,A_23_P148798
10851,NM_005285,A_23_P20458
10852,NM_024089,A_23_P128613
10853,NM_022121,A_23_P214950
10854,NM_004496,A_23_P37127
10855,NM_198353,A_23_P94902
10856,,A_23_P356731
10857,NM_005733,A_23_P256956
10858,NM_001008397,A_23_P122052
10859,NM_005310,A_23_P163989
10860,NM_002875,A_23_P88731
10861,NM_002431,A_23_P99700
10862,,EQC
10863,,A_23_P85755
10864,NM_015360,A_23_P110661
10865,AA988156,A_23_P213986
10866,NM_005625,A_23_P157576
10867,NM_017750,A_23_P209946
10868,NM_152232,A_23_P335957
10869,NM_152330,A_23_P25888
10870,,A_23_P351275
10871,NM_003616,A_23_P88194
10872,NM_017833,A_23_P68700
10873,AB051435,A_23_P166390
10874,NM_015049,A_23_P209426
10875,,EQC
10876,NM_005834,A_23_P33886
10877,NM_018079,A_23_P39517
10878,NM_005413,A_23_P16714
10879,NM_020872,A_23_P250173
10880,NM_005767,A_23_P2705
10881,NM_006406,A_23_P114232
10882,NM_016653,A_23_P210180
10883,AF011794,A_23_P48897
10884,NM_006709,A_23_P214638
10885,,A_23_P402036
10886,NM_001962,A_23_P167497
10887,NM_006583,A_23_P253723
10888,,EQC
10889,NM_014396,A_23_P215318
10890,NM_000079,A_23_P90888
10891,NM_005147,A_23_P118303
10892,NM_002921,A_23_P138558
10893,NM_001025356,A_23_P53645
10894,NM_002021,A_23_P149613
10895,NM_002396,A_23_P321261
10896,AK074267,A_23_P61341
10897,NM_138617,A_23_P62634
10898,NM_005188,A_23_P53234
10899,NM_001010908,A_23_P1186
10900,NM_203422,A_23_P161954
10901,,EQC
10902,NM_181671,A_23_P84189
10903,NM_015216,A_23_P213661
10904,NM_015984,A_23_P148798
10905,NM_025219,A_23_P143162
10906,NM_014281,A_23_P158366
10907,NM_017573,A_23_P16650
10908,NM_005624,A_23_P55828
10909,NM_014026,A_23_P52738
10910,NM_012232,A_23_P141376
10911,NM_000633,A_23_P352266
10912,NM_018846,A_23_P324994
10913,NM_015655,A_23_P154758
10914,,EQC
10915,NM_003762,A_23_P61569
10916,NM_005169,A_23_P64585
10917,NM_004995,A_23_P205509
10918,AL110227,A_23_P5059
10919,NM_006494,A_23_P4678
10920,NM_006594,A_23_P160729
10921,NM_018004,A_23_P124603
10922,NM_017983,A_23_P141394
10923,NM_016591,A_23_P122077
10924,NM_000976,A_23_P217068
10925,NM_020828,A_23_P107673
10926,NM_000300,A_23_P321949
10927,,EQC
10928,,A_23_P14216
10929,NM_015954,A_23_P25253
10930,NM_194284,A_23_P134854
10931,NM_176888,A_23_P340308
10932,NM_001412,A_23_P35194
10933,NM_003916,A_23_P217384
10934,AK026727,A_23_P209303
10935,NM_002646,A_23_P200710
10936,NM_001798,A_23_P98891
10937,NM_001005861,A_23_P22001
10938,NM_001813,A_23_P253524
10939,NM_014042,A_23_P13512
10940,,EQC
10941,BC110499,A_23_P207068
10942,BC038219,A_23_P217901
10943,,A_23_P125851
10944,NM_031284,A_23_P14716
10945,,A_23_P64119
10946,NM_198855,A_23_P130474
10947,X66087,A_23_P43157
10948,NM_198148,A_23_P138524
10949,NM_013260,A_23_P54950
10950,NM_000098,A_23_P148919
10951,NM_005367,A_23_P252928
10952,BC006340,A_23_P55564
10953,,EQC
10954,NM_018944,A_23_P252335
10955,NM_001884,A_23_P7727
10956,NM_003359,A_23_P167067
10957,NM_207299,A_23_P259707
10958,NM_145234,A_23_P159893
10959,NM_212552,A_23_P131706
10960,AL133118,A_23_P212898
10961,NM_019557,A_23_P97195
10962,NM_139056,A_23_P386953
10963,,A_23_P51082
10964,NM_030642,A_23_P166438
10965,,A_23_P167509
10966,NM_001003703,A_23_P154832
10967,NM_014044,A_23_P252700
10968,NM_023080,A_23_P169512
10969,,E1A_r60_a104
10970,NM_014744,A_23_P259381
10971,NM_006169,A_23_P127584
10972,NM_004365,A_23_P7732
10973,NM_013433,A_23_P354953
10974,NM_032127,A_23_P24796
10975,,A_23_P162105
10976,NM_000065,A_23_P92925
10977,NM_014830,A_23_P13687
10978,NM_178859,A_23_P436284
10979,NM_003049,A_23_P25699
10980,,
10981,NM_178126,A_23_P107195
10982,NM_052838,A_23_P9848
10983,NM_006231,A_23_P159355
10984,NM_000502,A_23_P89192
10985,NM_019006,A_23_P140605
10986,BC005107,A_23_P154915
10987,NM_001008566,A_23_P132226
10988,NM_030756,A_23_P127014
10989,BC108287,A_23_P55606
10990,,A_23_P211064
10991,NM_138454,A_23_P384650
10992,NM_003475,A_23_P52589
10993,NM_015534,A_23_P11507
10994,NM_015091,A_23_P3102
10995,NM_019056,A_23_P22765
10996,NM_017867,A_23_P60510
10997,BC041460,A_23_P142859
10998,BC041364,A_23_P6582
10999,NM_030628,A_23_P13332
11000,NM_139201,A_23_P204436
11001,NM_032840,A_23_P65129
11002,NM_004083,A_23_P98850
11003,NM_007195,A_23_P306890
11004,NM_178511,A_23_P339744
11005,,A_23_P210330
11006,NM_013252,A_23_P71165
11007,NM_001013841,A_23_P43910
11008,NM_178339,A_23_P341501
11009,,E1A_r60_a135
11010,,A_23_P50320
11011,NM_002449,A_23_P213910
11012,NM_182665,A_23_P201497
11013,NM_022047,A_23_P19532
11014,,A_23_P56851
11015,NM_019110,A_23_P133868
11016,,A_23_P43956
11017,BC064621,A_23_P409417
11018,,E1A_r60_a20
11019,BC041798,A_23_P92773
11020,NM_004496,A_23_P37127
11021,,A_23_P99642
11022,NM_001771,A_23_P209059
11023,NM_001863,A_23_P108244
11024,NM_000782,A_23_P28815
11025,NM_014079,A_23_P40809
11026,NM_002702,A_23_P329372
11027,,A_23_P374664
11028,U70477,A_23_P101609
11029,NM_138364,A_23_P41541
11030,NM_000483,A_23_P417743
11031,AJ314766,A_23_P10331
11032,NM_031445,A_23_P40039
11033,NM_023074,A_23_P208208
11034,,A_23_P206249
11035,NM_138771,A_23_P168592
11036,,A_23_P100250
11037,NM_001039650,A_23_P65208
11038,NM_020441,A_23_P104589
11039,,A_23_P218214
11040,NM_012266,A_23_P112241
11041,NM_024420,A_23_P11685
11042,,E1A_r60_1
11043,NM_001989,A_23_P313394
11044,NM_015530,A_23_P165494
11045,NM_018268,A_23_P259521
11046,NM_197966,A_23_P154929
11047,NM_012155,A_23_P101297
11048,,A_23_P88012
11049,NM_014555,A_23_P87279
11050,BC110858,A_23_P8723
11051,NM_005626,A_23_P126197
11052,NM_017887,A_23_P23017
11053,NM_014313,A_23_P74129
11054,NM_006565,A_23_P152206
11055,NM_003834,A_23_P118124
11056,NM_015338,A_23_P366965
11057,NM_003337,A_23_P167589
11058,NM_000498,A_23_P215997
11059,NM_004211,A_23_P116624
11060,NM_005232,A_23_P157330
11061,NM_033304,A_23_P8938
11062,AK127004,A_23_P77724
11063,NM_003929,A_23_P126939
11064,NM_001145014,A_23_P56032
11065,NM_014059,A_23_P204937
11066,AK026345,A_23_P88667
11067,NM_021932,A_23_P64489
11068,NM_002825,A_23_P303085
11069,NM_000848,A_23_P397208
11070,NM_024075,A_23_P130626
11071,NM_001008211,A_23_P1461
11072,NM_145250,A_23_P65472
11073,NM_001004712,A_23_P106084
11074,NM_006911,A_23_P60210
11075,,A_23_P79383
11076,NM_144707,A_23_P154358
11077,NM_145653,A_23_P315910
11078,NM_001079559,A_23_P44235
11079,NM_080916,A_23_P210114
11080,NM_000313,A_23_P84510
11081,NM_001013647,A_23_P166485
11082,NM_173518,A_23_P390757
11083,NM_030581,A_23_P206856
11084,,A_23_P72473
11085,NM_181706,A_23_P47421
11086,NM_004286,A_23_P103126
11087,NM_002770,A_23_P335838
11088,NM_001288,A_23_P30888
11089,NM_022097,A_23_P349463
11090,NM_004326,A_23_P200273
11091,NM_006231,A_23_P170751
11092,CR739116,A_23_P54755
11093,NM_177457,A_23_P111981
11094,NM_016011,A_23_P114808
11095,NM_145197,A_23_P501805
11096,,A_23_P123838
11097,NM_152649,A_23_P61050
11098,NM_001677,A_23_P146943
11099,NM_182917,A_23_P218890
11100,NM_016210,A_23_P155477
11101,NM_152348,A_23_P354208
11102,NM_181832,A_23_P338878
11103,BC067244,A_23_P123315
11104,NM_172027,A_23_P109643
11105,NM_032334,A_23_P157679
11106,NM_020378,A_23_P50389
11107,NM_021016,A_23_P56354
11108,NM_006662,A_23_P394920
11109,NM_005470,A_23_P126992
11110,NM_018139,A_23_P14493
11111,NM_001969,A_23_P205265
11112,NM_172210,A_23_P62002
11113,NM_203391,A_23_P96556
11114,NM_020384,A_23_P394947
11115,NM_022049,A_23_P149745
11116,NM_002263,A_23_P133954
11117,,A_23_P73058
11118,NM_003844,A_23_P255653
11119,M55153,A_23_P120393
11120,,A_23_P89709
11121,NM_152910,A_23_P502980
11122,NM_006989,A_23_P168449
11123,NM_000048,A_23_P26223
11124,NM_001439,A_23_P114
11125,NM_005014,A_23_P94397
11126,NM_138706,A_23_P366895
11127,NM_022375,A_23_P103349
11128,NM_007213,A_23_P96350
11129,NM_173825,A_23_P158349
11130,NM_002993,A_23_P155755
11131,NM_000819,A_23_P80098
11132,NM_145024,A_23_P118234
11133,NM_024736,A_23_P112102
11134,NM_017806,A_23_P376088
11135,NM_003025,A_23_P208925
11136,,A_23_P137514
11137,CD709370,A_23_P170830
11138,NM_018088,A_23_P151061
11139,NM_004993,A_23_P129031
11140,NM_031476,A_23_P106602
11141,NM_012219,A_23_P41188
11142,NM_014248,A_23_P211550
11143,NM_183415,A_23_P99183
11144,NM_022045,A_23_P357794
11145,NM_004817,A_23_P9293
11146,NM_004622,A_23_P28105
11147,,
11148,NM_080744,A_23_P8571
11149,G30702,A_23_P84475
11150,,A_23_P146270
11151,NM_178559,A_23_P111662
11152,,A_23_P145157
11153,NM_001008388,A_23_P69695
11154,NM_004983,A_23_P379596
11155,NM_173598,A_23_P84711
11156,NM_001509,A_23_P214544
11157,NM_005733,A_23_P256956
11158,NM_138702,A_23_P502081
11159,NM_032047,A_23_P18372
11160,NM_178837,A_23_P335486
11161,NM_001337,A_23_P132401
11162,NM_004729,A_23_P217508
11163,NM_020169,A_23_P6674
11164,NM_005423,A_23_P57364
11165,NM_032340,A_23_P156739
11166,,A_23_P1847
11167,NM_012260,A_23_P121182
11168,AB014582,A_23_P204119
11169,NM_005849,A_23_P106629
11170,NM_178429,A_23_P63525
11171,NM_005149,A_23_P137705
11172,AB015331,A_23_P213126
11173,NM_147192,A_23_P500542
11174,NM_018427,A_23_P163562
11175,NM_014742,A_23_P210872
11176,NM_181843,A_23_P52569
11177,,A_23_P329291
11178,NM_015680,A_23_P16845
11179,NM_144589,A_23_P115862
11180,NM_007350,A_23_P338916
11181,NM_024699,A_23_P146050
11182,NM_001008397,A_23_P122052
11183,NM_002476,A_23_P49905
11184,,EQC
11185,NM_002318,A_23_P111995
11186,NM_032636,A_23_P46539
11187,NM_004723,A_23_P51699
11188,AK127486,A_23_P22508
11189,NM_021926,A_23_P161792
11190,NM_000176,A_23_P214059
11191,NM_022143,A_23_P8625
11192,NM_198401,A_23_P94095
11193,NM_002268,A_23_P218835
11194,NM_017918,A_23_P255376
11195,NM_020188,A_23_P106544
11196,NM_001039570,A_23_P68851
11197,,EQC
11198,NM_001464,A_23_P73441
11199,NM_001704,A_23_P252556
11200,NM_012179,A_23_P29225
11201,NM_024407,A_23_P165090
11202,,A_23_P134082
11203,,A_23_P218654
11204,NM_172390,A_23_P107523
11205,NM_021190,A_23_P46396
11206,AK128234,A_23_P78518
11207,AK092249,A_23_P14047
11208,NM_021810,A_23_P502957
11209,NM_152358,A_23_P101521
11210,,EQC
11211,NM_006785,A_23_P96008
11212,NM_005583,A_23_P5281
11213,NM_030665,A_23_P417144
11214,NM_000583,A_23_P167349
11215,BC080576,A_23_P215270
11216,NM_005901,A_23_P15937
11217,BC064950,A_23_P108522
11218,,A_23_P61559
11219,NM_012471,A_23_P254989
11220,NM_005498,A_23_P78543
11221,NM_005329,A_23_P14971
11222,NM_005697,A_23_P385079
11223,,EQC
11224,NM_021049,A_23_P148399
11225,NM_198963,A_23_P16904
11226,NM_005388,A_23_P216949
11227,NM_006759,A_23_P253046
11228,NM_024710,A_23_P153418
11229,NM_003557,A_23_P368205
11230,NM_020438,A_23_P330017
11231,NM_014669,A_23_P89056
11232,NM_017854,A_23_P107994
11233,,A_23_P207400
11234,NM_007044,A_23_P113803
11235,NM_015316,A_23_P205273
11236,,EQC
11237,NM_032782,A_23_P18902
11238,NM_002332,A_23_P147623
11239,M75883,A_23_P385735
11240,NM_017987,A_23_P202416
11241,,E1A_r60_a104
11242,NM_012433,A_23_P108441
11243,NM_006761,A_23_P72285
11244,,A_23_P47445
11245,BC006769,A_23_P202140
11246,NM_018343,A_23_P133284
11247,BC009364,A_23_P160598
11248,,A_23_P140614
11249,,EQC
11250,NM_006101,A_23_P50108
11251,NM_005221,A_23_P31268
11252,NM_006193,A_23_P59691
11253,NM_006167,A_23_P157545
11254,NM_017915,A_23_P87769
11255,NM_003655,A_23_P89621
11256,NM_030802,A_23_P78053
11257,NM_178351,A_23_P114607
11258,NM_176072,A_23_P24903
11259,NM_053282,A_23_P351148
11260,NM_018119,A_23_P152181
11261,NM_024661,A_23_P69362
11262,,EQC
11263,NM_006444,A_23_P60271
11264,,E1A_r60_3
11265,NM_018347,A_23_P57137
11266,NM_004690,A_23_P214919
11267,AF090921,A_23_P134991
11268,NM_032494,A_23_P108871
11269,NM_024293,A_23_P315430
11270,NM_003216,A_23_P91757
11271,NM_001813,A_23_P253524
11272,NM_006472,A_23_P97700
11273,NM_006196,A_23_P68040
11274,NM_145914,A_23_P111864
11275,,EQC
11276,NM_152779,A_23_P317839
11277,NM_199511,A_23_P58082
11278,NM_030969,A_23_P250974
11279,NM_006556,A_23_P114774
11280,NM_006808,A_23_P135342
11281,,A_23_P48616
11282,NM_014043,A_23_P212539
11283,NM_001017370,A_23_P418934
11284,NM_173508,A_23_P422212
11285,NM_001123,A_23_P125333
11286,NM_024604,A_23_P2683
11287,NM_005730,A_23_P44144
11288,,EQC
11289,NM_012413,A_23_P16915
11290,NM_145185,A_23_P78628
11291,NM_001732,A_23_P7985
11292,,A_23_P19245
11293,NM_020951,A_23_P56022
11294,NM_000561,A_23_P126794
11295,NM_014624,A_23_P201711
11296,NM_014287,A_23_P66344
11297,NM_153834,A_23_P312901
11298,NM_000625,A_23_P38562
11299,,A_23_P31776
11300,NM_003240,A_23_P137573
11301,,EQC
11302,NM_005963,A_23_P49657
11303,NM_001091,A_23_P59447
11304,NM_032853,A_23_P208961
11305,NM_017443,A_23_P135323
11306,NM_031435,A_23_P105382
11307,NM_012202,A_23_P139192
11308,NM_000368,A_23_P94600
11309,,
11310,BC006795,A_23_P139895
11311,NM_017730,A_23_P45108
11312,NM_003278,A_23_P69497
11313,NM_020315,A_23_P155071
11314,,EQC
11315,NM_006681,A_23_P69537
11316,NM_014581,A_23_P94740
11317,NM_201400,A_23_P15240
11318,NM_021210,A_23_P125343
11319,,A_23_P153208
11320,NM_003568,A_23_P103614
11321,BC033102,A_23_P9788
11322,NM_025112,A_23_P303317
11323,NM_005213,A_23_P170231
11324,NM_015180,A_23_P140277
11325,NM_173484,A_23_P434972
11326,NM_018042,A_23_P118532
11327,,EQC
11328,NM_178517,A_23_P379794
11329,NM_000772,A_23_P52480
11330,BC009783,A_23_P214511
11331,NM_019030,A_23_P81463
11332,NM_017916,A_23_P90150
11333,BC042108,A_23_P9744
11334,NM_024676,A_23_P307536
11335,NM_032332,A_23_P39024
11336,NM_019606,A_23_P42630
11337,NM_018110,A_23_P77381
11338,NM_000459,A_23_P216822
11339,NM_020996,A_23_P105705
11340,,EQC
11341,NM_024003,A_23_P171324
11342,NM_018205,A_23_P84289
11343,,
11344,,A_23_P367978
11345,,E1A_r60_n11
11346,AL832834,A_23_P67737
11347,NM_152544,A_23_P18590
11348,,E1A_r60_n11
11349,NM_016126,A_23_P96872
11350,NM_001003811,A_23_P96501
11351,NM_001014291,A_23_P114597
11352,AL137667,A_23_P202540
11353,,EQC
11354,NM_001864,A_23_P67661
11355,NM_005574,A_23_P53126
11356,NM_015448,A_23_P52286
11357,,A_23_P392897
11358,NM_016359,A_23_P206183
11359,NM_000946,A_23_P25019
11360,NM_175857,A_23_P312932
11361,NM_000632,A_23_P124108
11362,NM_005210,A_23_P414842
11363,,
11364,NM_032317,A_23_P157168
11365,NM_153816,A_23_P259054
11366,,EQC
11367,NM_020999,A_23_P35534
11368,NM_016113,A_23_P207911
11369,,A_23_P97712
11370,NM_007019,A_23_P143207
11371,,A_23_P6056
11372,,A_23_P202092
11373,NM_016245,A_23_P408271
11374,,
11375,NM_207341,A_23_P1912
11376,NM_183357,A_23_P136629
11377,NM_018936,A_23_P213375
11378,NM_206918,A_23_P88450
11379,,EQC
11380,X51417,A_23_P22183
11381,NM_021930,A_23_P59677
11382,NM_022778,A_23_P200876
11383,NM_021955,A_23_P411305
11384,NM_006417,A_23_P23074
11385,NM_198194,A_23_P255263
11386,NM_006439,A_23_P84179
11387,NM_025129,A_23_P4872
11388,NM_005733,A_23_P256956
11389,,A_23_P209538
11390,NM_005833,A_23_P123814
11391,NM_152789,A_23_P8643
11392,,EQC
11393,NM_138802,A_23_P131299
11394,NM_022164,A_23_P85585
11395,NM_014582,A_23_P112327
11396,NM_144598,A_23_P205970
11397,NM_000582,A_23_P7313
11398,NM_199453,A_23_P133637
11399,NM_014743,A_23_P167222
11400,,A_23_P118134
11401,NM_033198,A_23_P66707
11402,NM_018166,A_23_P62830
11403,,A_23_P156611
11404,,E1A_r60_3
11405,NM_001353,A_23_P257971
11406,NM_006301,A_23_P105405
11407,NM_002844,A_23_P254924
11408,,E1A_r60_3
11409,NM_018117,A_23_P63930
11410,NM_005222,A_23_P70934
11411,NM_152890,A_23_P74701
11412,NM_003521,A_23_P19408
11413,NM_001014450,A_23_P137478
11414,NM_001001484,A_23_P202045
11415,NM_018369,A_23_P361419
11416,NM_170606,A_23_P168419
11417,NM_181581,A_23_P215778
11418,,E1A_r60_1
11419,NM_015960,A_23_P98015
11420,NM_000510,A_23_P203318
11421,NM_016178,A_23_P432587
11422,NM_153370,A_23_P254102
11423,NM_021733,A_23_P16275
11424,,
11425,NM_194259,A_23_P152107
11426,NM_012320,A_23_P3584
11427,NM_013235,A_23_P133600
11428,NM_022065,A_23_P108376
11429,U89331,A_23_P217698
11430,NM_015993,A_23_P43763
11431,NM_177454,A_23_P423427
11432,NM_013366,A_23_P253062
11433,NM_181531,A_23_P122439
11434,BG950988,A_23_P26658
11435,NM_138289,A_23_P147311
11436,NM_004867,A_23_P171074
11437,,A_23_P74562
11438,,A_23_P133903
11439,NM_001031628,A_23_P64837
11440,NM_017815,A_23_P65448
11441,,E1A_r60_n9
11442,NM_025228,A_23_P323761
11443,NM_013940,A_23_P27917
11444,AF218313,A_23_P214344
11445,NM_018390,A_23_P61180
11446,NM_144595,A_23_P348146
11447,NM_032890,A_23_P201319
11448,NM_004866,A_23_P110787
11449,NM_004473,A_23_P216664
11450,NM_053005,A_23_P64499
11451,NM_017566,A_23_P163800
11452,NM_016487,A_23_P259335
11453,NM_002895,A_23_P28733
11454,NM_152487,A_23_P314809
11455,NM_004681,A_23_P148629
11456,NM_015696,A_23_P73972
11457,NM_005317,A_23_P130835
11458,NM_021648,A_23_P110882
11459,NM_006232,A_23_P29803
11460,NM_002534,A_23_P64828
11461,NM_001011658,A_23_P73661
11462,NM_000843,A_23_P121969
11463,BC001517,A_23_P137457
11464,NM_014828,A_23_P128847
11465,NM_016162,A_23_P48070
11466,NM_021098,A_23_P3483
11467,NM_016468,A_23_P61123
11468,NM_080668,A_23_P104651
11469,NM_030795,A_23_P31734
11470,NM_001001955,A_23_P47633
11471,NM_002471,A_23_P37168
11472,NM_018246,A_23_P71300
11473,BC108260,A_23_P46523
11474,NM_198403,A_23_P330301
11475,NM_145231,A_23_P129014
11476,NM_001737,A_23_P110736
11477,NM_138790,A_23_P88222
11478,NM_144686,A_23_P330461
11479,X90840,A_23_P209882
11480,NM_032803,A_23_P159851
11481,NM_138430,A_23_P371145
11482,NM_145271,A_23_P141044
11483,NM_139354,A_23_P50678
11484,NM_001003693,A_23_P70534
11485,,A_23_P104484
11486,NM_015236,A_23_P95510
11487,NM_002638,A_23_P210465
11488,NM_000924,A_23_P139585
11489,NM_152772,A_23_P419107
11490,,A_23_P114895
11491,NM_002736,A_23_P42975
11492,NM_001302,A_23_P258167
11493,NM_000855,A_23_P138949
11494,NM_032869,A_23_P123343
11495,NM_007086,A_23_P25873
11496,BE243492,A_23_P97496
11497,NM_080386,A_23_P56736
11498,NM_003977,A_23_P75380
11499,NM_003264,A_23_P92499
11500,NM_080871,A_23_P427634
11501,NM_020648,A_23_P27256
11502,AK024399,A_23_P105334
11503,NM_031905,A_23_P32913
11504,NM_012231,A_23_P201071
11505,NM_001024736,A_23_P54313
11506,AB002301,A_23_P110571
11507,NM_005238,A_23_P127525
11508,NM_203371,A_23_P138885
11509,,
11510,NM_004090,A_23_P129956
11511,,A_23_P213653
11512,,A_23_P95499
11513,NM_152460,A_23_P411235
11514,NM_000677,A_23_P137931
11515,NM_052863,A_23_P30213
11516,NM_005866,A_23_P146637
11517,NM_153827,A_23_P164307
11518,NM_017575,A_23_P100677
11519,NM_007062,A_23_P395524
11520,NM_014931,A_23_P119448
11521,,A_23_P30055
11522,,A_23_P143034
11523,NM_024506,A_23_P218574
11524,NM_005854,A_23_P366834
11525,NM_016108,A_23_P93431
11526,BC005991,A_23_P134008
11527,NM_016055,A_23_P162106
11528,,
11529,NM_016570,A_23_P139509
11530,NM_201636,A_23_P90357
11531,NM_014021,A_23_P201376
11532,NM_148674,A_23_P329861
11533,NM_025262,A_23_P145323
11534,NM_007212,A_23_P85543
11535,NM_002870,A_23_P46365
11536,,A_23_P45838
11537,NM_016640,A_23_P252369
11538,,A_23_P213860
11539,NM_145233,A_23_P4850
11540,X66087,A_23_P43157
11541,NM_022113,A_23_P214111
11542,NM_007129,A_23_P36972
11543,NM_005686,A_23_P85703
11544,NM_152383,A_23_P406376
11545,NM_001034,A_23_P136222
11546,NM_005599,A_23_P137968
11547,NM_002651,A_23_P314725
11548,NM_007349,A_23_P59426
11549,NM_032134,A_23_P141142
11550,,A_23_P101494
11551,NM_014109,A_23_P216068
11552,NM_014255,A_23_P53288
11553,NM_013308,A_23_P253317
11554,NM_002102,A_23_P41307
11555,NM_024843,A_23_P209564
11556,NM_014003,A_23_P38011
11557,AY138548,A_23_P306240
11558,NM_018555,A_23_P433690
11559,NM_013962,A_23_P136493
11560,NM_001003398,A_23_P128304
11561,NM_144666,A_23_P116460
11562,NM_005335,A_23_P73429
11563,NM_022555,A_23_P145341
11564,,A_23_P325572
11565,,A_23_P431851
11566,NM_024907,A_23_P101875
11567,NM_025144,A_23_P133142
11568,NM_001781,A_23_P87879
11569,,A_23_P154643
11570,NM_003524,A_23_P366216
11571,NM_032300,A_23_P151159
11572,NM_002387,A_23_P377114
11573,NM_001437,A_23_P54100
11574,,A_23_P124703
11575,NM_005461,A_23_P17345
11576,NM_001020818,A_23_P27584
11577,NM_004383,A_23_P152020
11578,NM_207123,A_23_P18505
11579,NM_003202,A_23_P7582
11580,NM_019079,A_23_P137484
11581,NM_022107,A_23_P219060
11582,NM_144711,A_23_P165408
11583,NM_174905,A_23_P369975
11584,NM_003527,A_23_P59069
11585,AK057704,A_23_P10488
11586,NM_018487,A_23_P252082
11587,NM_006395,A_23_P143992
11588,BC056896,A_23_P74252
11589,NM_024662,A_23_P87329
11590,NM_005205,A_23_P401524
11591,BC002463,A_23_P113716
11592,NM_007347,A_23_P413131
11593,AK091537,A_23_P371280
11594,NM_006324,A_23_P89123
11595,,A_23_P140316
11596,NM_020163,A_23_P6818
11597,NM_176869,A_23_P92479
11598,NM_032823,A_23_P159425
11599,NM_181707,A_23_P164100
11600,,A_23_P413211
11601,NM_005441,A_23_P57306
11602,,A_23_P208293
11603,NM_007038,A_23_P40415
11604,NM_001537,A_23_P328511
11605,NM_016213,A_23_P152028
11606,NM_002235,A_23_P53697
11607,NM_006184,A_23_P78771
11608,BX487398,A_23_P166713
11609,NM_032125,A_23_P97442
11610,,A_23_P259751
11611,NM_172244,A_23_P136254
11612,NM_012345,A_23_P36939
11613,BG680979,A_23_P17444
11614,NM_003330,A_23_P204581
11615,,A_23_P52621
11616,NM_152999,A_23_P20053
11617,NM_033397,A_23_P340333
11618,NM_004128,A_23_P349817
11619,NM_017986,A_23_P15700
11620,NM_207660,A_23_P54230
11621,NM_012281,A_23_P112564
11622,NM_003491,A_23_P148546
11623,NM_213631,A_23_P348767
11624,NM_144584,A_23_P309361
11625,D37933,A_23_P136085
11626,NM_014747,A_23_P51260
11627,CD641036,A_23_P51269
11628,NM_031472,A_23_P98244
11629,NM_052862,A_23_P23279
11630,NM_000989,A_23_P123330
11631,NM_007332,A_23_P94255
11632,AK172833,A_23_P120545
11633,NM_001002033,A_23_P100632
11634,NM_021225,A_23_P18568
11635,NM_000641,A_23_P67169
11636,,A_23_P119709
11637,NM_016564,A_23_P158635
11638,NM_003202,A_23_P7582
11639,NM_024643,A_23_P99785
11640,NM_020989,A_23_P142606
11641,NM_024519,A_23_P10363
11642,,A_23_P34915
11643,NM_005512,A_23_P87391
11644,NM_014719,A_23_P111786
11645,NM_001785,A_23_P34597
11646,NM_199203,A_23_P218681
11647,,
11648,NM_001953,A_23_P91802
11649,NM_003932,A_23_P68949
11650,NM_018390,A_23_P61180
11651,NM_153341,A_23_P321384
11652,NM_133367,A_23_P214281
11653,NM_005516,A_23_P30848
11654,NM_032123,A_23_P16583
11655,,E1A_r60_a107
11656,,A_23_P159277
11657,NM_145016,A_23_P47484
11658,NM_004255,A_23_P44586
11659,NM_144949,A_23_P5813
11660,NM_018643,A_23_P19333
11661,NM_014569,A_23_P259661
11662,NM_000934,A_23_P89270
11663,NM_152592,A_23_P411851
11664,,A_23_P207400
11665,NM_017625,A_23_P84388
11666,NM_004538,A_23_P125717
11667,NM_002178,A_23_P128520
11668,NM_138401,A_23_P393754
11669,NM_019892,A_23_P94878
11670,AK127078,A_23_P206120
11671,NM_001250,A_23_P57036
11672,NM_005281,A_23_P348808
11673,NM_024016,A_23_P38417
11674,NM_152385,A_23_P257417
11675,NM_144627,A_23_P394960
11676,,E1A_r60_3
11677,NM_002953,A_23_P52086
11678,NM_003587,A_23_P168062
11679,NM_152315,A_23_P24543
11680,NM_052960,A_23_P97431
11681,NM_031309,A_23_P147782
11682,NM_004331,A_23_P134925
11683,NM_003185,A_23_P80062
11684,NM_153690,A_23_P422144
11685,NM_016224,A_23_P214789
11686,NM_138435,A_23_P343963
11687,NM_004405,A_23_P28595
11688,NM_015176,A_23_P137578
11689,NM_000134,A_23_P155949
11690,NM_080672,A_23_P28834
11691,,A_23_P337689
11692,NM_004645,A_23_P26725
11693,NM_024310,A_23_P79133
11694,NM_001764,A_23_P34911
11695,BX538342,A_23_P75850
11696,NM_013359,A_23_P90320
11697,NM_004674,A_23_P134827
11698,,A_23_P159335
11699,AB011134,A_23_P200043
11700,NM_001790,A_23_P70249
11701,,A_23_P91254
11702,NM_018132,A_23_P70328
11703,NM_020841,A_23_P204810
11704,NM_001804,A_23_P58788
11705,BM455859,A_23_P15314
11706,,
11707,NM_024604,A_23_P2683
11708,NM_003122,A_23_P214079
11709,,A_23_P258144
11710,BC071771,A_23_P210134
11711,NM_025184,A_23_P33947
11712,NM_001008712,A_23_P71316
11713,,A_23_P146305
11714,NM_001033953,A_23_P202876
11715,,A_23_P38015
11716,,E1A_r60_n9
11717,NM_139176,A_23_P16384
11718,NM_002839,A_23_P252132
11719,NM_024653,A_23_P82309
11720,NM_024667,A_23_P150876
11721,NM_018489,A_23_P63083
11722,NM_032866,A_23_P163306
11723,,A_23_P75358
11724,NM_015975,A_23_P254790
11725,NM_014888,A_23_P157371
11726,NM_001004059,A_23_P104925
11727,NM_015695,A_23_P156764
11728,NM_005994,A_23_P164451
11729,,A_23_P217850
11730,NM_003259,A_23_P119143
11731,AL050256,A_23_P166431
11732,,E1A_r60_a22
11733,NM_001024,A_23_P120660
11734,NM_005103,A_23_P202881
11735,NM_002065,A_23_P85619
11736,NM_152397,A_23_P316490
11737,NM_023078,A_23_P383278
11738,NM_177965,A_23_P327907
11739,NM_002360,A_23_P373598
11740,NM_014501,A_23_P55769
11741,U68019,A_23_P359091
11742,NM_002204,A_23_P55247
11743,NM_001665,A_23_P150718
11744,NM_057749,A_23_P215976
11745,NM_001005386,A_23_P68349
11746,NM_006400,A_23_P76065
11747,NM_053049,A_23_P136184
11748,NM_003511,A_23_P363181
11749,NM_000318,A_23_P31695
11750,NM_014166,A_23_P128543
11751,NM_014666,A_23_P133345
11752,NM_021969,A_23_P160800
11753,,A_23_P44458
11754,BC101584,A_23_P117911
11755,NM_001164,A_23_P1998
11756,,A_23_P7912
11757,,
11758,NM_019058,A_23_P104318
11759,NM_000258,A_23_P155638
11760,,A_23_P58676
11761,AX721087,A_23_P33511
11762,NM_013275,A_23_P3632
11763,NM_030979,A_23_P48314
11764,NM_080677,A_23_P54992
11765,NM_013240,A_23_P80086
11766,BX113754,A_23_P68262
11767,NM_005241,A_23_P212688
11768,NM_015904,A_23_P218608
11769,NM_014423,A_23_P218977
11770,NM_016458,A_23_P61268
11771,NM_005017,A_23_P252688
11772,NM_153255,A_23_P397347
11773,NM_002929,A_23_P44019
11774,NM_153368,A_23_P393144
11775,NM_003202,A_23_P7582
11776,,A_23_P122478
11777,,A_23_P168972
11778,NM_007261,A_23_P207036
11779,NM_002585,A_23_P62948
11780,NM_001239,A_23_P30338
11781,NM_003329,A_23_P60248
11782,AF071111,A_23_P399797
11783,NM_015649,A_23_P90211
11784,NM_014495,A_23_P160262
11785,NM_000216,A_23_P62320
11786,NM_021800,A_23_P127220
11787,NM_002343,A_23_P166847
11788,NM_030923,A_23_P39550
11789,NM_176798,A_23_P64611
11790,NM_016495,A_23_P111273
11791,AK026467,A_23_P351286
11792,,A_23_P123612
11793,BC098428,A_23_P149695
11794,NM_002000,A_23_P208768
11795,NM_002264,A_23_P61949
11796,,E1A_r60_a20
11797,,A_23_P10571
11798,NM_153703,A_23_P137446
11799,,
11800,NM_003923,A_23_P82959
11801,NM_152766,A_23_P3994
11802,NM_139171,A_23_P378430
11803,NM_006794,A_23_P68234
11804,NM_145023,A_23_P374294
11805,NM_001017922,A_23_P200965
11806,NM_024094,A_23_P252740
11807,NM_002710,A_23_P204427
11808,,
11809,NM_000926,A_23_P138938
11810,NM_153362,A_23_P42397
11811,NM_015259,A_23_P317667
11812,NM_012342,A_23_P52207
11813,NM_000262,A_23_P109562
11814,,
11815,AF011794,A_23_P48897
11816,NM_017945,A_23_P255057
11817,NM_001294,A_23_P50241
11818,NM_021806,A_23_P45485
11819,NM_152862,A_23_P102122
11820,NM_032812,A_23_P161422
11821,NM_012067,A_23_P103968
11822,NM_006948,A_23_P17602
11823,NM_014977,A_23_P14383
11824,AK000760,A_23_P164415
11825,,A_23_P86779
11826,NM_003344,A_23_P215096
11827,NM_019119,A_23_P18798
11828,NM_174916,A_23_P152066
11829,NM_006111,A_23_P89801
11830,NM_022662,A_23_P17204
11831,X66610,A_23_P113891
11832,NM_003415,A_23_P255592
11833,NM_001004728,A_23_P75764
11834,NM_152792,A_23_P417383
11835,NM_003820,A_23_P126908
11836,NM_015023,A_23_P86054
11837,NM_004180,A_23_P154306
11838,,A_23_P82219
11839,NM_032463,A_23_P259621
11840,NM_005617,A_23_P81492
11841,NM_020744,A_23_P154522
11842,NM_031484,A_23_P138725
11843,NM_194272,A_23_P100059
11844,NM_004122,A_23_P109864
11845,AL831818,A_23_P213798
11846,NM_007122,A_23_P23646
11847,NM_007019,A_23_P143207
11848,NM_002402,A_23_P156970
11849,,A_23_P38712
11850,NM_014850,A_23_P109837
11851,NM_004491,A_23_P39137
11852,AK130644,A_23_P106412
11853,NM_199050,A_23_P91562
11854,NM_017839,A_23_P141021
11855,NM_000024,A_23_P145024
11856,NM_014676,A_23_P10815
11857,NM_005685,A_23_P257694
11858,NM_152347,A_23_P326922
11859,,A_23_P407750
11860,,A_23_P120644
11861,,E1A_r60_1
11862,NM_004667,A_23_P33407
11863,,A_23_P216581
11864,NM_004640,A_23_P219055
11865,NM_152459,A_23_P26640
11866,NM_005101,A_23_P404628
11867,NM_207038,A_23_P151930
11868,NM_080617,A_23_P57085
11869,NM_012459,A_23_P98382
11870,NM_004845,A_23_P148422
11871,NM_001004457,A_23_P135226
11872,NM_016183,A_23_P35094
11873,,A_23_P170273
11874,NM_018434,A_23_P41734
11875,NM_004431,A_23_P149281
11876,NM_017434,A_23_P54291
11877,NM_016370,A_23_P419561
11878,NM_001042539,A_23_P22033
11879,,
11880,NM_015208,A_23_P130293
11881,NM_020638,A_23_P117095
11882,NM_007175,A_23_P123440
11883,NM_001003745,A_23_P24337
11884,NM_003775,A_23_P119502
11885,,E1A_r60_a20
11886,NM_006354,A_23_P109822
11887,NM_018167,A_23_P88179
11888,AK128062,A_23_P202990
11889,AK124898,A_23_P129048
11890,NM_017653,A_23_P170518
11891,NM_030933,A_23_P136571
11892,NM_016542,A_23_P21017
11893,NM_004911,A_23_P42800
11894,NM_004064,A_23_P204696
11895,NM_020204,A_23_P327562
11896,NM_172250,A_23_P144357
11897,NM_033114,A_23_P151221
11898,NM_032881,A_23_P85630
11899,NM_016155,A_23_P170736
11900,NM_001001659,A_23_P59783
11901,NM_014143,A_23_P338479
11902,NM_014065,A_23_P121137
11903,NM_006163,A_23_P13753
11904,NM_172341,A_23_P153807
11905,NM_014697,A_23_P74309
11906,NM_014844,A_23_P394216
11907,NM_003622,A_23_P47867
11908,NM_000801,A_23_P154665
11909,NM_206839,A_23_P37574
11910,NM_201630,A_23_P11843
11911,NM_182964,A_23_P393639
11912,NM_017799,A_23_P205607
11913,NM_172003,A_23_P108724
11914,NM_024722,A_23_P107166
11915,NM_018667,A_23_P347027
11916,NM_032479,A_23_P413617
11917,NM_007013,A_23_P146990
11918,NM_002488,A_23_P257795
11919,AB028946,A_23_P19852
11920,,A_23_P254382
11921,NM_003116,A_23_P132027
11922,NM_015719,A_23_P55749
11923,AL832120,A_23_P22557
11924,NM_018015,A_23_P96369
11925,NM_006664,A_23_P135248
11926,NM_145212,A_23_P218619
11927,NM_004609,A_23_P254816
11928,NM_004249,A_23_P125147
11929,NM_005185,A_23_P393080
11930,NM_014351,A_23_P57577
11931,NM_006645,A_23_P36345
11932,NM_031477,A_23_P15104
11933,NM_024682,A_23_P130731
11934,X58812,A_23_P328497
11935,NM_021630,A_23_P20282
11936,NM_001001317,A_23_P82558
11937,NM_020194,A_23_P92994
11938,NM_001004755,A_23_P162062
11939,NM_001364,A_23_P113121
11940,NM_016399,A_23_P128403
11941,NM_025000,A_23_P5481
11942,,E1A_r60_a97
11943,NM_139282,A_23_P85083
11944,NM_004527,A_23_P107173
11945,NM_178812,A_23_P250196
11946,NM_003992,A_23_P124678
11947,,A_23_P96033
11948,NM_017436,A_23_P57568
11949,NM_001008489,A_23_P165788
11950,NM_020870,A_23_P252975
11951,NM_005938,A_23_P217487
11952,NM_024719,A_23_P37044
11953,NM_031957,A_23_P118842
11954,U25110,A_23_P96140
11955,NM_004938,A_23_P252163
11956,NM_032905,A_23_P35645
11957,NM_006980,A_23_P111712
11958,AF229253,A_23_P203250
11959,NM_001004135,A_23_P42922
11960,NM_001012288,A_23_P113237
11961,,A_23_P113056
11962,AK000088,A_23_P205659
11963,NM_002813,A_23_P203994
11964,,A_23_P206032
11965,,A_23_P62070
11966,BE870193,A_23_P61346
11967,,A_23_P436259
11968,NM_015266,A_23_P252936
11969,AK024487,A_23_P100292
11970,NM_134268,A_23_P338981
11971,NM_018994,A_23_P160660
11972,NM_173827,A_23_P321485
11973,NM_198536,A_23_P90099
11974,NM_152448,A_23_P325596
11975,NM_004202,A_23_P171388
11976,NM_031959,A_23_P101048
11977,NM_032907,A_23_P117777
11978,NM_018639,A_23_P147238
11979,NM_005197,A_23_P88434
11980,NM_145288,A_23_P16058
11981,NM_152581,A_23_P406986
11982,NM_001682,A_23_P128319
11983,,E1A_r60_a22
11984,NM_004331,A_23_P408708
11985,AK024188,A_23_P119850
11986,NM_022728,A_23_P134334
11987,,A_23_P164368
11988,NM_032927,A_23_P29927
11989,NM_000075,A_23_P24997
11990,NM_032335,A_23_P171385
11991,NM_002697,A_23_P97130
11992,,A_23_P153625
11993,BC068516,A_23_P44919
11994,NM_006772,A_23_P168124
11995,NM_024323,A_23_P164814
11996,NM_152284,A_23_P43019
11997,BC011905,A_23_P37514
11998,,A_23_P361509
11999,,A_23_P45712
12000,NM_181453,A_23_P209373
12001,NM_013982,A_23_P213695
12002,NM_152904,A_23_P301461
12003,NM_005603,A_23_P107599
12004,NM_001428,A_23_P137391
12005,NM_201631,A_23_P129291
12006,NM_002558,A_23_P372845
12007,NM_052935,A_23_P49919
12008,NM_000435,A_23_P108201
12009,NM_012326,A_23_P131683
12010,,E1A_r60_3
12011,NM_001713,A_23_P81581
12012,,E1A_r60_n11
12013,NM_001029874,A_23_P36479
12014,NM_001005188,A_23_P139036
12015,NM_014109,A_23_P216068
12016,NM_152891,A_23_P89003
12017,AK074161,A_23_P66698
12018,NM_001012763,A_23_P155804
12019,NM_001914,A_23_P101208
12020,NM_016243,A_23_P52101
12021,NM_000988,A_23_P141387
12022,,
12023,AB029488,A_23_P98671
12024,NM_017896,A_23_P56969
12025,NM_002812,A_23_P67459
12026,,A_23_P116110
12027,NM_003536,A_23_P333484
12028,NM_017588,A_23_P32558
12029,NM_002045,A_23_P253446
12030,,E1A_r60_a104
12031,AK131521,A_23_P94711
12032,,
12033,NM_005564,A_23_P169437
12034,NM_000215,A_23_P90393
12035,NM_152456,A_23_P100380
12036,NM_024794,A_23_P119593
12037,NM_033309,A_23_P379736
12038,NM_001198,A_23_P93584
12039,NM_003078,A_23_P122852
12040,NM_006632,A_23_P255695
12041,NM_032503,A_23_P156784
12042,NM_014886,A_23_P167438
12043,,Pro25G
12044,NM_000812,A_23_P125435
12045,NM_000367,A_23_P214108
12046,NM_001008661,A_23_P46017
12047,NM_020433,A_23_P394395
12048,NM_020185,A_23_P120252
12049,NM_005783,A_23_P154330
12050,,Pro25G
12051,NM_005951,A_23_P163782
12052,AF090929,A_23_P141263
12053,AK000820,A_23_P101281
12054,NM_003571,A_23_P159316
12055,NM_012479,A_23_P123022
12056,NM_138455,A_23_P111888
12057,,Pro25G
12058,,
12059,NM_030958,A_23_P135669
12060,NM_030907,A_23_P126499
12061,NM_015932,A_23_P65250
12062,BC007984,A_23_P73028
12063,NM_019886,A_23_P319617
12064,,Pro25G
12065,NM_021945,A_23_P167888
12066,NM_007037,A_23_P86956
12067,NM_032936,A_23_P253997
12068,NM_021233,A_23_P126677
12069,NM_003730,A_23_P19302
12070,NM_139240,A_23_P46580
12071,,Pro25G
12072,NM_031212,A_23_P75220
12073,NM_006805,A_23_P252449
12074,NM_139168,A_23_P18772
12075,NM_197965,A_23_P41299
12076,NM_018700,A_23_P110569
12077,,E1A_r60_a20
12078,,Pro25G
12079,BC021996,A_23_P258668
12080,NM_014109,A_23_P216068
12081,,A_23_P212649
12082,NM_012337,A_23_P62642
12083,NM_002927,A_23_P103554
12084,NM_031421,A_23_P73150
12085,,Pro25G
12086,NM_005027,A_23_P142359
12087,NM_003415,A_23_P255592
12088,BE880081,A_23_P125551
12089,,A_23_P68740
12090,NM_022451,A_23_P202496
12091,BC093991,A_23_P49725
12092,,Pro25G
12093,NM_002644,A_23_P412343
12094,NM_080685,A_23_P18493
12095,NM_001198,A_23_P350451
12096,,
12097,NM_174923,A_23_P387040
12098,NM_006766,A_23_P407628
12099,,Pro25G
12100,NM_145204,A_23_P334263
12101,NM_014871,A_23_P64689
12102,NM_014229,A_23_P418562
12103,NM_000522,A_23_P389281
12104,NM_152727,A_23_P37988
12105,,E1A_r60_a22
12106,,Pro25G
12107,NM_025145,A_23_P333038
12108,NM_021136,A_23_P140290
12109,NM_145274,A_23_P362055
12110,NM_024766,A_23_P153937
12111,NM_004428,A_23_P113005
12112,NM_017798,A_23_P5912
12113,,Pro25G
12114,NM_000966,A_23_P387552
12115,NM_145658,A_23_P129089
12116,NM_032545,A_23_P5679
12117,NM_005154,A_23_P129053
12118,NM_130809,A_23_P92948
12119,NM_003565,A_23_P72551
12120,,Pro25G
12121,NM_001493,A_23_P45496
12122,NM_033014,A_23_P82990
12123,NM_152236,A_23_P103044
12124,NM_054031,A_23_P389379
12125,NM_019060,A_23_P12155
12126,BF344333,A_23_P211766
12127,,Pro25G
12128,NM_013291,A_23_P169108
12129,,A_23_P169766
12130,,E1A_r60_1
12131,NM_003576,A_23_P253177
12132,,A_23_P119178
12133,AK095678,A_23_P79758
12134,,Pro25G
12135,NM_004085,A_23_P358417
12136,NM_144633,A_23_P170636
12137,NM_007191,A_23_P162396
12138,NM_004752,A_23_P59285
12139,NM_012190,A_23_P258887
12140,NM_005164,A_23_P10847
12141,,Pro25G
12142,NM_153746,A_23_P250619
12143,NM_020310,A_23_P341443
12144,NM_001005339,A_23_P138717
12145,NM_080869,A_23_P68436
12146,NM_198578,A_23_P128447
12147,NM_004310,A_23_P58132
12148,,Pro25G
12149,NM_018141,A_23_P70418
12150,NM_001245,A_23_P4592
12151,NM_032271,A_23_P206477
12152,NM_002292,A_23_P21382
12153,NM_004310,A_23_P58132
12154,NM_002620,A_23_P167150
12155,,Pro25G
12156,,A_23_P69614
12157,NM_003188,A_23_P500773
12158,NM_174889,A_23_P360983
12159,NM_014039,A_23_P202750
12160,,A_23_P130224
12161,NM_021995,A_23_P63343
12162,,Pro25G
12163,NM_032514,A_23_P154786
12164,NM_019863,A_23_P217643
12165,NM_032805,A_23_P15135
12166,NM_024091,A_23_P58489
12167,NM_018390,A_23_P61180
12168,NR_002819,A_23_P21150
12169,,Pro25G
12170,NM_032164,A_23_P157416
12171,NM_025114,A_23_P36867
12172,NM_147197,A_23_P374216
12173,AK001784,A_23_P16315
12174,NM_003728,A_23_P69617
12175,NM_005861,A_23_P37866
12176,,Pro25G
12177,NM_006402,A_23_P115137
12178,NM_031434,A_23_P31195
12179,NM_021635,A_23_P255942
12180,NM_001144831,A_23_P151106
12181,NM_031925,A_23_P259632
12182,NM_014470,A_23_P53370
12183,,Pro25G
12184,AK000352,A_23_P129778
12185,NM_024955,A_23_P369944
12186,NM_201566,A_23_P118736
12187,,
12188,NM_019021,A_23_P13147
12189,NM_001009554,A_23_P58188
12190,,Pro25G
12191,NM_018084,A_23_P17269
12192,,A_23_P309292
12193,,A_23_P105179
12194,NM_006682,A_23_P42969
12195,NM_001018055,A_23_P217659
12196,NM_023948,A_23_P111492
12197,,Pro25G
12198,,
12199,AK022122,A_23_P21278
12200,AL117403,A_23_P137837
12201,AK027172,A_23_P349203
12202,,
12203,NM_004415,A_23_P31031
12204,,Pro25G
12205,AL133112,A_23_P110304
12206,,A_23_P166969
12207,NM_152373,A_23_P11598
12208,NM_018143,A_23_P55388
12209,,A_23_P163717
12210,NM_052948,A_23_P404730
12211,,Pro25G
12212,NM_033030,A_23_P102084
12213,NM_032765,A_23_P58579
12214,,A_23_P87742
12215,NM_052880,A_23_P109488
12216,NM_002496,A_23_P86774
12217,,
12218,,Pro25G
12219,NM_003284,A_23_P165504
12220,NM_019059,A_23_P93844
12221,NM_003907,A_23_P110062
12222,,A_23_P146924
12223,,A_23_P25525
12224,NM_018934,A_23_P133236
12225,,Pro25G
12226,NM_021821,A_23_P25073
12227,NM_006541,A_23_P202227
12228,NM_152272,A_23_P303203
12229,,
12230,NM_080475,A_23_P130411
12231,NM_145178,A_23_P378514
12232,,Pro25G
12233,NM_206966,A_23_P19176
12234,AK022140,A_23_P167464
12235,NM_080611,A_23_P154766
12236,NM_002373,A_23_P163446
12237,NM_005303,A_23_P39356
12238,BC002872,A_23_P123578
12239,,Pro25G
12240,NM_025237,A_23_P118571
12241,NM_016511,A_23_P204669
12242,NM_012450,A_23_P19778
12243,NM_005670,A_23_P170600
12244,NM_003876,A_23_P107036
12245,NM_018098,A_23_P9571
12246,,Pro25G
12247,NM_015642,A_23_P40866
12248,NM_004863,A_23_P3146
12249,NM_021200,A_23_P53211
12250,NM_003717,A_23_P204079
12251,NM_001532,A_23_P98294
12252,NM_033452,A_23_P26696
12253,,Pro25G
12254,NM_006953,A_23_P109584
12255,NM_000743,A_23_P253911
12256,NM_001123041,A_23_P212354
12257,NM_015179,A_23_P24186
12258,,A_23_P332392
12259,NM_018384,A_23_P42586
12260,NM_021052,A_23_P59045
12261,NM_175875,A_23_P328687
12262,NM_173846,A_23_P117462
12263,NM_031915,A_23_P341532
12264,,A_23_P347432
12265,NM_206886,A_23_P51805
12266,NM_005956,A_23_P117494
12267,NM_007264,A_23_P64751
12268,NM_031460,A_23_P42127
12269,NM_015984,A_23_P148798
12270,NM_001257,A_23_P95838
12271,,A_23_P254330
12272,NM_006715,A_23_P26117
12273,NM_020369,A_23_P93898
12274,NM_005230,A_23_P338325
12275,NM_181838,A_23_P58622
12276,,
12277,NM_032026,A_23_P254974
12278,AK021593,A_23_P124078
12279,NM_181521,A_23_P391980
12280,NM_018972,A_23_P421587
12281,NM_006392,A_23_P91328
12282,NM_004277,A_23_P81721
12283,,
12284,NM_031308,A_23_P83388
12285,NM_025163,A_23_P143935
12286,,
12287,NM_145865,A_23_P385768
12288,NM_012267,A_23_P170687
12289,NM_031311,A_23_P145743
12290,NM_017415,A_23_P133546
12291,NM_017702,A_23_P88893
12292,NM_153218,A_23_P374315
12293,NM_020405,A_23_P3911
12294,,
12295,NM_024604,A_23_P2683
12296,NM_014170,A_23_P92281
12297,,A_23_P39351
12298,NM_000358,A_23_P156327
12299,NM_006179,A_23_P4899
12300,BC094756,A_23_P126766
12301,NM_020145,A_23_P216995
12302,NM_001072,A_23_P60599
12303,NM_015646,A_23_P2666
12304,NM_002961,A_23_P94800
12305,NM_133467,A_23_P74155
12306,NM_003338,A_23_P46855
12307,NM_001079,A_23_P39682
12308,,E1A_r60_1
12309,NM_001001331,A_23_P18153
12310,NM_178173,A_23_P362770
12311,NM_000056,A_23_P93464
12312,NM_022340,A_23_P315872
12313,,E1A_r60_n9
12314,NM_018348,A_23_P106753
12315,,A_23_P338488
12316,NM_152677,A_23_P430090
12317,,E1A_r60_a20
12318,NM_003180,A_23_P78851
12319,NM_006651,A_23_P212812
12320,NM_030891,A_23_P253597
12321,NM_001712,A_23_P55738
12322,NM_016403,A_23_P98218
12323,NM_032600,A_23_P109962
12324,NM_004121,A_23_P166376
12325,NM_016322,A_23_P216985
12326,AK094353,A_23_P364507
12327,NM_006640,A_23_P106973
12328,AK027887,A_23_P130886
12329,NM_004546,A_23_P82600
12330,NM_203473,A_23_P11071
12331,NM_016059,A_23_P133995
12332,NM_015151,A_23_P68752
12333,NM_006055,A_23_P50887
12334,,
12335,NM_003752,A_23_P77572
12336,NM_031455,A_23_P127305
12337,,A_23_P97218
12338,NM_173568,A_23_P315964
12339,AB023177,A_23_P95741
12340,NM_017824,A_23_P12603
12341,,A_23_P213803
12342,NM_018084,A_23_P17269
12343,NM_007198,A_23_P251186
12344,NM_015710,A_23_P39125
12345,NM_013316,A_23_P300781
12346,NM_013261,A_23_P18443
12347,,A_23_P93808
12348,NM_002799,A_23_P9362
12349,BC021898,A_23_P385295
12350,NM_005500,A_23_P16339
12351,NM_006515,A_23_P80642
12352,NM_002525,A_23_P23006
12353,NM_000209,A_23_P65189
12354,NM_012177,A_23_P8241
12355,,A_23_P79152
12356,NM_003673,A_23_P107051
12357,NM_024959,A_23_P328600
12358,NM_004666,A_23_P255345
12359,NM_012291,A_23_P32707
12360,NM_014341,A_23_P145388
12361,NM_002851,A_23_P168761
12362,NM_017915,A_23_P87769
12363,NM_014880,A_23_P131435
12364,NM_004972,A_23_P123610
12365,NM_017550,A_23_P119683
12366,NM_018151,A_23_P5611
12367,AL832646,A_23_P90669
12368,NM_031922,A_23_P70748
12369,,A_23_P256244
12370,,A_23_P253281
12371,,E1A_r60_a97
12372,NM_152600,A_23_P416221
12373,NM_022894,A_23_P209694
12374,NM_002196,A_23_P109185
12375,NM_000746,A_23_P163390
12376,NM_005063,A_23_P63618
12377,NM_002843,A_23_P405048
12378,NM_178539,A_23_P390775
12379,NM_014819,A_23_P133470
12380,NM_017996,A_23_P26184
12381,NM_144580,A_23_P74493
12382,NM_173635,A_23_P363374
12383,NM_080489,A_23_P131899
12384,NM_015512,A_23_P18213
12385,,A_23_P205083
12386,NM_020935,A_23_P67918
12387,NM_017429,A_23_P124300
12388,NM_133464,A_23_P313330
12389,NM_030569,A_23_P411993
12390,NM_000403,A_23_P354154
12391,,E1A_r60_a20
12392,NM_001005239,A_23_P128866
12393,NM_005950,A_23_P206701
12394,NM_001009,A_23_P208260
12395,NM_033064,A_23_P433063
12396,,A_23_P1331
12397,NM_001813,A_23_P253524
12398,NM_005813,A_23_P108574
12399,,A_23_P24922
12400,NM_003226,A_23_P257296
12401,NM_015425,A_23_P28448
12402,NM_001007531,A_23_P133862
12403,NM_003027,A_23_P48988
12404,NM_178428,A_23_P418006
12405,NM_015458,A_23_P71389
12406,,A_23_P166502
12407,,A_23_P52517
12408,NM_002364,A_23_P254831
12409,NM_022873,A_23_P201459
12410,NM_017704,A_23_P24365
12411,NM_145754,A_23_P358542
12412,NM_000377,A_23_P96331
12413,NM_005781,A_23_P324931
12414,,
12415,BC034629,A_23_P311780
12416,NM_153607,A_23_P404606
12417,NM_023937,A_23_P5266
12418,NM_015456,A_23_P148150
12419,NM_152329,A_23_P88362
12420,NM_001106,A_23_P109943
12421,NM_203446,A_23_P102884
12422,U79304,A_23_P104335
12423,NM_000538,A_23_P315789
12424,AK000809,A_23_P143285
12425,NM_133372,A_23_P156381
12426,NM_144718,A_23_P109733
12427,,A_23_P259547
12428,NM_006329,A_23_P151805
12429,NM_004496,A_23_P37127
12430,,E1A_r60_a104
12431,NM_080671,A_23_P101983
12432,NM_014149,A_23_P215137
12433,NM_012315,A_23_P119311
12434,,A_23_P363196
12435,AK023077,A_23_P207736
12436,NM_002285,A_23_P32675
12437,NM_130847,A_23_P138796
12438,NM_021216,A_23_P345674
12439,,A_23_P162646
12440,NM_004389,A_23_P84736
12441,NM_130901,A_23_P3413
12442,NM_181534,A_23_P15786
12443,NM_012280,A_23_P22473
12444,NM_002345,A_23_P99063
12445,NM_017851,A_23_P163278
12446,BX648355,A_23_P213038
12447,NM_004357,A_23_P95470
12448,NM_199242,A_23_P163903
12449,NM_016175,A_23_P58604
12450,NM_145719,A_23_P415663
12451,NM_025079,A_23_P326160
12452,NM_000452,A_23_P140009
12453,NM_177452,A_23_P151556
12454,NM_018968,A_23_P251132
12455,NM_018132,A_23_P70328
12456,NM_001977,A_23_P144596
12457,NM_006122,A_23_P37564
12458,NM_015535,A_23_P131255
12459,NM_152334,A_23_P129128
12460,NM_005853,A_23_P9779
12461,NM_024873,A_23_P386478
12462,NM_004047,A_23_P137814
12463,NM_003447,A_23_P93269
12464,,A_23_P156811
12465,NM_015255,A_23_P362636
12466,X89426,A_23_P144835
12467,NM_007084,A_23_P379089
12468,NM_005741,A_23_P140978
12469,NM_001679,A_23_P6951
12470,NM_025193,A_23_P206810
12471,NM_153361,A_23_P254863
12472,NM_014232,A_23_P164341
12473,NM_006002,A_23_P76690
12474,NM_006898,A_23_P323180
12475,NM_052941,A_23_P103496
12476,,A_23_P65010
12477,NM_170589,A_23_P100127
12478,NM_022343,A_23_P71627
12479,NM_013300,A_23_P65000
12480,NM_005240,A_23_P400945
12481,NM_006844,A_23_P165148
12482,NM_014222,A_23_P43566
12483,NM_031418,A_23_P35725
12484,NM_003530,A_23_P219045
12485,NM_016049,A_23_P88233
12486,NM_021940,A_23_P41999
12487,NM_000696,A_23_P11884
12488,NM_030751,A_23_P202010
12489,NM_024791,A_23_P35974
12490,AL110257,A_23_P3295
12491,NM_006186,A_23_P131207
12492,NM_004091,A_23_P125990
12493,NM_002156,A_23_P156226
12494,NM_021939,A_23_P15727
12495,NM_004994,A_23_P40174
12496,NM_002297,A_23_P123714
12497,NM_033180,A_23_P116635
12498,NM_018646,A_23_P71170
12499,NM_002632,A_23_P76992
12500,,A_23_P256923
12501,NM_032999,A_23_P168567
12502,NM_005475,A_23_P13945
12503,NM_022822,A_23_P52690
12504,BC004397,A_23_P110276
12505,NM_014594,A_23_P424126
12506,NM_032681,A_23_P150483
12507,NM_003478,A_23_P203009
12508,NM_003036,A_23_P45717
12509,NM_004171,A_23_P162068
12510,NM_005160,A_23_P251686
12511,AK026031,A_23_P118916
12512,NM_153708,A_23_P155407
12513,NM_002061,A_23_P103996
12514,NM_018442,A_23_P160479
12515,NM_024692,A_23_P209232
12516,NM_018939,A_23_P58464
12517,NM_000210,A_23_P210176
12518,NM_012424,A_23_P104105
12519,NM_000797,A_23_P150162
12520,NM_003118,A_23_P7642
12521,NM_002948,A_23_P253192
12522,NM_016222,A_23_P122113
12523,NM_007085,A_23_P212696
12524,NM_001003894,A_23_P62471
12525,,A_23_P108534
12526,NM_016613,A_23_P218928
12527,NM_012484,A_23_P70007
12528,NM_004762,A_23_P95184
12529,BE769278,A_23_P206884
12530,NM_031277,A_23_P99373
12531,NM_021629,A_23_P18186
12532,NM_013958,A_23_P315815
12533,NM_012184,A_23_P131507
12534,NM_003992,A_23_P99974
12535,NM_025194,A_23_P208369
12536,X66087,A_23_P43157
12537,NM_021935,A_23_P6649
12538,BI910665,A_23_P6535
12539,NM_004691,A_23_P54636
12540,NM_001248,A_23_P212469
12541,NM_198469,A_23_P20783
12542,NM_006225,A_23_P80739
12543,NM_031450,A_23_P150238
12544,,A_23_P415633
12545,NM_006413,A_23_P138444
12546,NM_003335,A_23_P43994
12547,NM_130782,A_23_P302550
12548,NM_152403,A_23_P144911
12549,NM_015510,A_23_P141208
12550,NM_018006,A_23_P80389
12551,NM_002263,A_23_P133954
12552,NM_001008397,A_23_P122052
12553,NM_152435,A_23_P162616
12554,NM_020400,A_23_P204378
12555,NM_006745,A_23_P110184
12556,NM_005316,A_23_P36183
12557,NM_020056,A_23_P42302
12558,,A_23_P208719
12559,AY003763,A_23_P73328
12560,NM_017781,A_23_P31437
12561,NM_012341,A_23_P12874
12562,NM_020808,A_23_P137470
12563,NM_002718,A_23_P10401
12564,NM_019100,A_23_P388783
12565,NM_017646,A_23_P12062
12566,NM_145248,A_23_P65302
12567,NM_176801,A_23_P212768
12568,NM_003126,A_23_P63158
12569,NM_003798,A_23_P157795
12570,NM_015911,A_23_P97221
12571,NM_175575,A_23_P429514
12572,NM_006451,A_23_P207811
12573,,
12574,NM_002581,A_23_P351270
12575,NM_018216,A_23_P149690
12576,NM_015982,A_23_P49865
12577,NM_058238,A_23_P147544
12578,NM_152912,A_23_P53788
12579,NM_018223,A_23_P87474
12580,NM_145276,A_23_P107881
12581,,A_23_P255137
12582,NM_003887,A_23_P40090
12583,NM_014374,A_23_P145619
12584,,A_23_P101932
12585,,A_23_P200955
12586,NM_005524,A_23_P17998
12587,NM_024021,A_23_P75769
12588,NM_030932,A_23_P162719
12589,NM_006011,A_23_P117805
12590,,
12591,NM_004101,A_23_P144716
12592,NM_002524,A_23_P63189
12593,NM_145290,A_23_P158925
12594,NM_001009881,A_23_P34433
12595,NM_177966,A_23_P343914
12596,NM_032368,A_23_P784
12597,,E1A_r60_a97
12598,NM_003251,A_23_P363954
12599,NM_006420,A_23_P5995
12600,NM_014397,A_23_P216920
12601,,A_23_P355289
12602,NM_016531,A_23_P213306
12603,NM_130434,A_23_P205921
12604,NM_013266,A_23_P73117
12605,NM_000260,A_23_P98780
12606,NM_018946,A_23_P9212
12607,NM_018981,A_23_P383885
12608,,
12609,NM_003635,A_23_P52373
12610,AB002361,A_23_P93937
12611,NM_021797,A_23_P34888
12612,NM_002485,A_23_P251480
12613,NM_003867,A_23_P429363
12614,NM_005443,A_23_P144465
12615,,A_23_P143044
12616,NM_005577,A_23_P95221
12617,NM_032808,A_23_P206092
12618,NM_016438,A_23_P207354
12619,NM_002383,A_23_P33433
12620,NM_033208,A_23_P129577
12621,NM_003277,A_23_P6321
12622,BC040681,A_23_P353458
12623,NM_004504,A_23_P158143
12624,,
12625,NM_003598,A_23_P119344
12626,NM_019070,A_23_P16573
12627,NM_001002236,A_23_P218111
12628,,A_23_P121869
12629,NM_020338,A_23_P138435
12630,NM_016568,A_23_P363365
12631,NM_006712,A_23_P215140
12632,NM_033204,A_23_P142407
12633,NM_178510,A_23_P35943
12634,NM_020208,A_23_P212379
12635,NM_018447,A_23_P69221
12636,AF516696,A_23_P147166
12637,NM_016205,A_23_P58396
12638,NM_013398,A_23_P22286
12639,NM_006084,A_23_P65442
12640,,
12641,NM_003466,A_23_P210001
12642,,
12643,NM_080664,A_23_P37144
12644,NM_182547,A_23_P157290
12645,NM_001185,A_23_P71270
12646,NM_014477,A_23_P120428
12647,NM_014647,A_23_P26674
12648,NM_020210,A_23_P95165
12649,,E1A_r60_a104
12650,NM_015166,A_23_P211680
12651,NM_005345,A_23_P111132
12652,,
12653,NM_004501,A_23_P160856
12654,NM_005166,A_23_P27983
12655,NM_000523,A_23_P165796
12656,NM_018971,A_23_P385835
12657,NM_144567,A_23_P97697
12658,NM_178842,A_23_P77151
12659,NM_153256,A_23_P352402
12660,NM_000091,A_23_P170679
12661,NM_033450,A_23_P219013
12662,,A_23_P136023
12663,NM_001005216,A_23_P8028
12664,NM_002789,A_23_P100088
12665,,A_23_P218369
12666,NM_001195,A_23_P109171
12667,NM_003182,A_23_P215283
12668,AB042562,A_23_P83704
12669,NM_152270,A_23_P129925
12670,NM_147195,A_23_P310552
12671,NM_002845,A_23_P255541
12672,NM_130760,A_23_P153615
12673,NM_006230,A_23_P71140
12674,,A_23_P81676
12675,NM_145870,A_23_P106204
12676,NM_020961,A_23_P110243
12677,NM_032433,A_23_P5221
12678,DA669265,A_23_P28462
12679,NM_004239,A_23_P106241
12680,,A_23_P383310
12681,,
12682,NM_021133,A_23_P97019
12683,NM_024837,A_23_P163216
12684,NM_001994,A_23_P46549
12685,NM_052832,A_23_P73413
12686,NM_003040,A_23_P253382
12687,AF113013,A_23_P66072
12688,NM_145869,A_23_P35398
12689,NM_002696,A_23_P36147
12690,NM_005199,A_23_P426986
12691,NM_020922,A_23_P324482
12692,NM_006671,A_23_P325562
12693,NM_016952,A_23_P98335
12694,NM_002550,A_23_P50031
12695,,A_23_P94520
12696,NM_020345,A_23_P95397
12697,NM_024065,A_23_P90962
12698,,A_23_P102384
12699,NM_021254,A_23_P91491
12700,NM_007244,A_23_P76291
12701,NM_000794,A_23_P388067
12702,NM_021193,A_23_P154420
12703,NM_054024,A_23_P205408
12704,NM_152892,A_23_P360874
12705,NM_021974,A_23_P80321
12706,NM_032876,A_23_P54055
12707,,A_23_P43982
12708,NM_001733,A_23_P125423
12709,NM_018194,A_23_P136355
12710,NM_003173,A_23_P422193
12711,NM_013345,A_23_P128804
12712,NM_003955,A_23_P351069
12713,NM_003800,A_23_P214197
12714,BC042557,A_23_P116173
12715,AA334694,A_23_P258456
12716,BC051771,A_23_P151476
12717,NM_004973,A_23_P214876
12718,,A_23_P168092
12719,NM_000306,A_23_P155539
12720,,A_23_P158885
12721,NM_023083,A_23_P209898
12722,,E1A_r60_a97
12723,NM_004111,A_23_P87192
12724,BQ371333,A_23_P72725
12725,NM_014153,A_23_P26336
12726,NM_001013660,A_23_P865
12727,NM_001944,A_23_P153120
12728,NM_000769,A_23_P158481
12729,NM_023068,A_23_P17480
12730,NM_012383,A_23_P60296
12731,BC015592,A_23_P1885
12732,NM_018436,A_23_P108734
12733,NM_000582,A_23_P7313
12734,NM_003045,A_23_P117242
12735,,
12736,NM_000517,A_23_P26457
12737,NM_003554,A_23_P107499
12738,NM_138764,A_23_P208706
12739,NM_152277,A_23_P19061
12740,NM_006601,A_23_P64681
12741,NM_014138,A_23_P148519
12742,NM_001014795,A_23_P105063
12743,,A_23_P322691
12744,NM_003891,A_23_P140082
12745,NM_000901,A_23_P392470
12746,NM_181805,A_23_P91221
12747,NM_032237,A_23_P83835
12748,NM_000586,A_23_P30122
12749,NM_198472,A_23_P97952
12750,NM_173623,A_23_P164222
12751,NM_021103,A_23_P68102
12752,NM_004426,A_23_P323094
12753,NM_001002925,A_23_P47464
12754,NM_000732,A_23_P138985
12755,NM_001005234,A_23_P94647
12756,NM_021724,A_23_P420879
12757,NM_024865,A_23_P204641
12758,BC043166,A_23_P113645
12759,NM_021628,A_23_P207726
12760,NM_003317,A_23_P14322
12761,NM_007011,A_23_P140591
12762,NM_024632,A_23_P368101
12763,,A_23_P84679
12764,NM_030941,A_23_P49464
12765,,A_23_P115902
12766,NM_015627,A_23_P158193
12767,NM_144682,A_23_P332413
12768,NM_018492,A_23_P82699
12769,AK026249,A_23_P127990
12770,,A_23_P158030
12771,NM_012253,A_23_P259901
12772,,A_23_P144592
12773,,A_23_P119040
12774,NM_006833,A_23_P8432
12775,NM_000694,A_23_P202640
12776,NM_006161,A_23_P30392
12777,BC111002,A_23_P19028
12778,NM_016200,A_23_P94009
12779,NM_001040709,A_23_P149569
12780,NM_002363,A_23_P217341
12781,NM_000135,A_23_P206441
12782,X89426,A_23_P144835
12783,,A_23_P22072
12784,NM_001031712,A_23_P134191
12785,NM_000074,A_23_P62220
12786,NM_015017,A_23_P106
12787,NM_020070,A_23_P120819
12788,NM_003807,A_23_P107817
12789,NM_004188,A_23_P343303
12790,NM_015259,A_23_P6272
12791,NM_133468,A_23_P31287
12792,NM_017944,A_23_P159195
12793,NM_032687,A_23_P123555
12794,NM_006323,A_23_P69680
12795,NM_001007,A_23_P125519
12796,NM_001040214,A_23_P170209
12797,NM_007148,A_23_P107117
12798,NM_005667,A_23_P56709
12799,NM_032508,A_23_P255601
12800,,A_23_P210021
12801,,A_23_P161736
12802,NM_005732,A_23_P250404
12803,NM_148894,A_23_P359052
12804,NM_017707,A_23_P114689
12805,NM_003238,A_23_P11959
12806,NM_012116,A_23_P67121
12807,NM_012306,A_23_P139891
12808,NM_033127,A_23_P51918
12809,NM_145691,A_23_P418493
12810,NM_145755,A_23_P428248
12811,BG429314,A_23_P256307
12812,NM_032511,A_23_P168167
12813,AK023447,A_23_P43630
12814,NM_000634,A_23_P67928
12815,NM_004357,A_23_P259783
12816,NM_024809,A_23_P64712
12817,BC009507,A_23_P811
12818,NM_013417,A_23_P258964
12819,NM_152903,A_23_P392435
12820,NM_144982,A_23_P150950
12821,NM_198949,A_23_P134295
12822,NM_003658,A_23_P13083
12823,NM_001440,A_23_P384405
12824,NM_003202,A_23_P7582
12825,,A_23_P158068
12826,NM_006696,A_23_P145016
12827,NM_152289,A_23_P433107
12828,NM_013364,A_23_P22422
12829,,
12830,NM_002390,A_23_P502158
12831,NM_033515,A_23_P82121
12832,,A_23_P216388
12833,,
12834,NM_004758,A_23_P152559
12835,NM_178433,A_23_P324538
12836,BC007394,A_23_P63736
12837,AK131532,A_23_P205701
12838,NM_001029997,A_23_P50735
12839,NM_138379,A_23_P7503
12840,NM_138402,A_23_P337753
12841,NM_001017978,A_23_P432352
12842,NM_006411,A_23_P258093
12843,NM_139281,A_23_P110598
12844,NM_006581,A_23_P19556
12845,AF028825,A_23_P218398
12846,NM_007337,A_23_P6888
12847,NM_013357,A_23_P111919
12848,NM_021061,A_23_P8859
12849,,
12850,NM_139076,A_23_P253464
12851,AJ225109,A_23_P59035
12852,,A_23_P159335
12853,NM_173076,A_23_P56369
12854,NM_138806,A_23_P41217
12855,NM_000346,A_23_P26843
12856,NM_005373,A_23_P137806
12857,NM_013329,A_23_P211058
12858,NM_017649,A_23_P24044
12859,NM_014379,A_23_P146125
12860,NM_000064,A_23_P101400
12861,NM_018661,A_23_P169017
12862,NM_016605,A_23_P167789
12863,NM_006803,A_23_P170331
12864,AF143331,A_23_P104851
12865,,
12866,NM_130839,A_23_P48790
12867,NM_178860,A_23_P49849
12868,NM_018687,A_23_P130677
12869,NM_007188,A_23_P82254
12870,NM_006771,A_23_P100990
12871,,
12872,NM_002712,A_23_P154199
12873,NM_012282,A_23_P256642
12874,NM_017564,A_23_P162607
12875,NM_013282,A_23_P208880
12876,NM_002125,A_23_P31006
12877,NM_197956,A_23_P253803
12878,NM_016491,A_23_P135474
12879,NM_182908,A_23_P321501
12880,NM_178868,A_23_P40880
12881,NM_001265,A_23_P76654
12882,NM_001817,A_23_P119185
12883,NM_178449,A_23_P357374
12884,NM_173811,A_23_P403507
12885,NM_032701,A_23_P430040
12886,NM_015937,A_23_P79842
12887,NM_001463,A_23_P363778
12888,NM_153833,A_23_P372994
12889,BC025767,A_23_P87438
12890,BC008131,A_23_P402164
12891,NM_015702,A_23_P94932
12892,NM_002652,A_23_P8702
12893,NM_016363,A_23_P27784
12894,NM_001123,A_23_P113943
12895,NM_130469,A_23_P117582
12896,NM_022900,A_23_P215607
12897,NM_016287,A_23_P137630
12898,NM_138467,A_23_P103180
12899,NM_182503,A_23_P134014
12900,NM_152758,A_23_P398040
12901,NM_152638,A_23_P388923
12902,NM_003001,A_23_P335228
12903,NM_173462,A_23_P140347
12904,NM_004944,A_23_P257993
12905,NM_002012,A_23_P125164
12906,NM_024901,A_23_P85952
12907,,A_23_P47653
12908,,
12909,NM_001154,A_23_P69720
12910,NM_001512,A_23_P110941
12911,,
12912,NM_014924,A_23_P76930
12913,,A_23_P87684
12914,AF380342,A_23_P209383
12915,NM_003870,A_23_P151985
12916,NM_178549,A_23_P422900
12917,AK056277,A_23_P343330
12918,NM_014840,A_23_P99123
12919,,A_23_P71548
12920,NM_138778,A_23_P406957
12921,NM_001504,A_23_P114299
12922,BC049823,A_23_P143958
12923,NM_138431,A_23_P406347
12924,NM_005271,A_23_P138665
12925,NM_015852,A_23_P215806
12926,NM_003375,A_23_P75268
12927,,A_23_P149638
12928,NM_016457,A_23_P78807
12929,,
12930,NM_004647,A_23_P119452
12931,,
12932,NM_004036,A_23_P67864
12933,,A_23_P44536
12934,NM_006471,A_23_P4572
12935,NM_019013,A_23_P49878
12936,NM_018105,A_23_P134814
12937,NM_005727,A_23_P160167
12938,NM_153367,A_23_P335449
12939,NM_014321,A_23_P100344
12940,NM_014774,A_23_P11564
12941,NM_001229,A_23_P97309
12942,NM_004529,A_23_P216693
12943,NM_006377,A_23_P253395
12944,,A_23_P144317
12945,NM_017583,A_23_P139297
12946,NM_145267,A_23_P256279
12947,NM_017772,A_23_P58980
12948,AK022489,A_23_P252175
12949,NM_021732,A_23_P1492
12950,NM_015907,A_23_P18604
12951,NM_138456,A_23_P370682
12952,NM_033301,A_23_P31657
12953,NM_153426,A_23_P167367
12954,NM_003544,A_23_P81850
12955,NM_139243,A_23_P41514
12956,NM_024708,A_23_P117744
12957,NM_006267,A_23_P131664
12958,NM_003416,A_23_P255805
12959,NM_006096,A_23_P20494
12960,NM_000770,A_23_P161368
12961,NM_000742,A_23_P251450
12962,NM_130849,A_23_P20502
12963,NM_152274,A_23_P404005
12964,NM_016530,A_23_P37535
12965,NM_020402,A_23_P411188
12966,NM_020548,A_23_P79199
12967,NM_024327,A_23_P56117
12968,NM_016570,A_23_P139509
12969,NM_006570,A_23_P169117
12970,NM_198527,A_23_P65830
12971,NM_014626,A_23_P70733
12972,NM_003714,A_23_P110685
12973,CA455044,A_23_P90474
12974,NM_003236,A_23_P377284
12975,NM_130810,A_23_P37505
12976,NM_012241,A_23_P214815
12977,NM_003972,A_23_P24017
12978,NM_145013,A_23_P420293
12979,NM_020857,A_23_P374732
12980,NM_004323,A_23_P146654
12981,,A_23_P39494
12982,NM_001658,A_23_P201083
12983,NM_002570,A_23_P151907
12984,NM_014950,A_23_P99699
12985,NM_014284,A_23_P97730
12986,NM_003262,A_23_P144224
12987,NM_000842,A_23_P24361
12988,NM_174918,A_23_P330561
12989,NM_013346,A_23_P368896
12990,NM_003504,A_23_P57379
12991,NM_147189,A_23_P395609
12992,NM_002687,A_23_P99582
12993,NM_031886,A_23_P164897
12994,NM_032383,A_23_P40821
12995,,A_23_P212025
12996,NM_130443,A_23_P116091
12997,NM_019013,A_23_P49878
12998,NM_000541,A_23_P5853
12999,NM_031938,A_23_P116183
13000,,A_23_P74468
13001,NM_001269,A_23_P46306
13002,NM_005441,A_23_P57306
13003,NM_002227,A_23_P97005
13004,NM_176870,A_23_P392884
13005,NM_017664,A_23_P205048
13006,NM_198565,A_23_P132856
13007,NM_000787,A_23_P112296
13008,NM_001374,A_23_P3642
13009,NM_021008,A_23_P158533
13010,NM_021144,A_23_P256390
13011,NM_024037,A_23_P160537
13012,,A_23_P7843
13013,NM_052934,A_23_P201248
13014,NM_004279,A_23_P134464
13015,U79751,A_23_P23266
13016,NM_021074,A_23_P130418
13017,NM_182527,A_23_P57459
13018,NM_004139,A_23_P143181
13019,NM_005263,A_23_P257365
13020,NM_004785,A_23_P77508
13021,NM_003202,A_23_P7582
13022,NM_020415,A_23_P119222
13023,NM_001910,A_23_P10291
13024,BC073778,A_23_P99657
13025,NM_003090,A_23_P14683
13026,NM_030943,A_23_P48455
13027,NM_031483,A_23_P132019
13028,NM_014964,A_23_P89310
13029,NM_130467,A_23_P22744
13030,NM_001001674,A_23_P3287
13031,NM_004296,A_23_P387548
13032,NM_005707,A_23_P129118
13033,NM_018067,A_23_P149075
13034,NM_001005483,A_23_P88296
13035,NM_015213,A_23_P321201
13036,NM_003645,A_23_P140450
13037,NM_152416,A_23_P330486
13038,NM_014292,A_23_P40677
13039,NM_005122,A_23_P319572
13040,NM_024301,A_23_P164946
13041,NM_002648,A_23_P345118
13042,NM_005979,A_23_P372874
13043,NM_002214,A_23_P123060
13044,NM_024121,A_23_P119788
13045,NM_001012614,A_23_P41286
13046,,A_23_P256487
13047,NM_030631,A_23_P136504
13048,NM_005362,A_23_P62095
13049,NM_024885,A_23_P217621
13050,NM_015431,A_23_P314052
13051,NM_003454,A_23_P152356
13052,NM_003313,A_23_P94301
13053,NM_018177,A_23_P309779
13054,NM_005932,A_23_P117274
13055,NM_007055,A_23_P149826
13056,AK027257,A_23_P132899
13057,AJ310433,A_23_P259863
13058,NM_199188,A_23_P36860
13059,AB020674,A_23_P33027
13060,NM_032229,A_23_P65307
13061,NM_000187,A_23_P250164
13062,NM_005570,A_23_P78344
13063,,A_23_P119006
13064,NM_018372,A_23_P160689
13065,NM_177925,A_23_P204277
13066,NM_001539,A_23_P60479
13067,NM_000390,A_23_P22542
13068,CR936613,A_23_P147869
13069,NM_002286,A_23_P116942
13070,,A_23_P77245
13071,NM_002546,A_23_P71530
13072,NM_006620,A_23_P254379
13073,NM_001295,A_23_P6849
13074,BC047939,A_23_P2895
13075,NM_139076,A_23_P253464
13076,NM_004320,A_23_P83858
13077,NM_152793,A_23_P367544
13078,NM_000594,A_23_P376488
13079,,E1A_r60_a107
13080,NM_148956,A_23_P251505
13081,NM_005276,A_23_P204736
13082,BX640843,A_23_P136724
13083,NM_007124,A_23_P318840
13084,NM_001014446,A_23_P121702
13085,NM_005839,A_23_P23803
13086,NM_006925,A_23_P377819
13087,,A_23_P80048
13088,NM_015697,A_23_P124733
13089,NM_005372,A_23_P157513
13090,NM_001565,A_23_P124884
13091,NM_001949,A_23_P70775
13092,NM_017869,A_23_P22263
13093,NM_173553,A_23_P350005
13094,NM_018180,A_23_P47004
13095,NM_001005165,A_23_P127859
13096,NM_014994,A_23_P352226
13097,NM_006519,A_23_P8185
13098,BM984396,A_23_P28607
13099,NM_019613,A_23_P207026
13100,,A_23_P87444
13101,NM_001809,A_23_P108910
13102,,A_23_P61738
13103,NM_080605,A_23_P35021
13104,NM_052995,A_23_P364567
13105,NM_022788,A_23_P143902
13106,NM_000574,A_23_P374862
13107,NM_014055,A_23_P72680
13108,AY393617,A_23_P21401
13109,NM_014949,A_23_P74458
13110,NM_004146,A_23_P50872
13111,NM_152388,A_23_P370097
13112,NM_021025,A_23_P70219
13113,NM_014296,A_23_P80598
13114,NM_001001342,A_23_P23960
13115,NM_004791,A_23_P113777
13116,NM_000701,A_23_P1075
13117,,
13118,NM_020132,A_23_P218743
13119,NM_002167,A_23_P137381
13120,NM_000237,A_23_P146233
13121,NM_033405,A_23_P79784
13122,NM_000231,A_23_P151449
13123,NM_001274,A_23_P116123
13124,NM_001001918,A_23_P115424
13125,NM_005868,A_23_P59701
13126,NM_021104,A_23_P128067
13127,NM_014140,A_23_P131337
13128,NM_006073,A_23_P42548
13129,NM_012115,A_23_P58898
13130,NM_005190,A_23_P145397
13131,NM_000014,A_23_P116898
13132,,A_23_P169217
13133,NM_006621,A_23_P368126
13134,NM_012476,A_23_P131428
13135,NM_175887,A_23_P431346
13136,NM_005778,A_23_P18276
13137,,A_23_P392378
13138,NM_000671,A_23_P18692
13139,AF217973,A_23_P62684
13140,NM_032141,A_23_P27180
13141,NM_019896,A_23_P154234
13142,NM_020747,A_23_P169978
13143,AF090927,A_23_P16394
13144,,A_23_P19400
13145,NM_031921,A_23_P386346
13146,NM_003298,A_23_P40936
13147,BC032824,A_23_P418431
13148,NM_022126,A_23_P75299
13149,NM_152352,A_23_P380978
13150,NM_000043,A_23_P63896
13151,NM_138296,A_23_P30755
13152,NM_015700,A_23_P147296
13153,NM_020753,A_23_P44360
13154,NM_176825,A_23_P51002
13155,NM_020376,A_23_P10076
13156,AK126447,A_23_P206612
13157,NM_014267,A_23_P47559
13158,,A_23_P133257
13159,,A_23_P408323
13160,NM_020924,A_23_P71827
13161,NM_004068,A_23_P155615
13162,NM_014641,A_23_P19455
13163,NM_003740,A_23_P30728
13164,NM_001148,A_23_P133068
13165,NM_014593,A_23_P141779
13166,NM_016133,A_23_P102454
13167,NM_030615,A_23_P59410
13168,NM_003765,A_23_P360353
13169,NM_005364,A_23_P217554
13170,NM_175922,A_23_P402241
13171,NM_006140,A_23_P136174
13172,U49928,A_23_P80345
13173,NM_019120,A_23_P41599
13174,NM_006517,A_23_P137097
13175,NM_001607,A_23_P69342
13176,S67637,A_23_P210191
13177,NM_173826,A_23_P373054
13178,NM_020845,A_23_P434159
13179,NM_177967,A_23_P139998
13180,NM_025147,A_23_P102034
13181,NM_138578,A_23_P210886
13182,NM_014288,A_23_P23765
13183,NM_007317,A_23_P54617
13184,NM_017621,A_23_P255523
13185,NM_032358,A_23_P99172
13186,AF447709,A_23_P32523
13187,NM_005919,A_23_P153786
13188,NM_007051,A_23_P96853
13189,NM_007271,A_23_P390704
13190,NM_018471,A_23_P56380
13191,NM_024617,A_23_P123727
13192,NM_001868,A_23_P168356
13193,NM_016297,A_23_P56637
13194,NM_005760,A_23_P119964
13195,NM_017947,A_23_P67042
13196,NM_006667,A_23_P114275
13197,NM_000480,A_23_P116286
13198,AF211119,A_23_P250888
13199,NM_006349,A_23_P111843
13200,,A_23_P113011
13201,NM_152620,A_23_P371168
13202,NM_018219,A_23_P127488
13203,NM_198182,A_23_P5882
13204,NM_000437,A_23_P137765
13205,NM_178540,A_23_P105890
13206,NM_017929,A_23_P109379
13207,NM_001267,A_23_P26976
13208,NM_138815,A_23_P405886
13209,NM_031944,A_23_P11740
13210,NM_030766,A_23_P128050
13211,NM_022566,A_23_P99891
13212,NM_203344,A_23_P141954
13213,NM_058172,A_23_P170733
13214,NM_017776,A_23_P217153
13215,NM_178544,A_23_P328786
13216,NM_003224,A_23_P5930
13217,NM_153271,A_23_P254404
13218,NM_024917,A_23_P73604
13219,AB045726,A_23_P342585
13220,NM_018134,A_23_P74162
13221,,
13222,NM_001004749,A_23_P13455
13223,NM_033225,A_23_P255203
13224,NM_002263,A_23_P133954
13225,NM_030817,A_23_P48217
13226,NM_173636,A_23_P339705
13227,NM_032364,A_23_P433079
13228,BC011238,A_23_P20392
13229,NM_001073,A_23_P212968
13230,NM_001007074,A_23_P18149
13231,NM_022104,A_23_P210496
13232,NM_002524,A_23_P63189
13233,AK123956,A_23_P68539
13234,NM_000284,A_23_P251095
13235,NM_016100,A_23_P102770
13236,NM_175881,A_23_P357900
13237,NM_021151,A_23_P168669
13238,NM_170711,A_23_P165247
13239,NM_031952,A_23_P7744
13240,NM_144991,A_23_P394972
13241,AY358469,A_23_P84112
13242,NM_080650,A_23_P77133
13243,NM_003933,A_23_P163492
13244,,A_23_P138280
13245,,A_23_P356039
13246,NM_020127,A_23_P160763
13247,NM_018378,A_23_P14995
13248,NM_006328,A_23_P150255
13249,NM_000135,A_23_P206441
13250,NM_000865,A_23_P70648
13251,NM_145312,A_23_P115861
13252,,A_23_P136883
13253,NM_004761,A_23_P93383
13254,NM_175868,A_23_P136870
13255,NM_005766,A_23_P204998
13256,D00022,A_23_P22273
13257,NM_004719,A_23_P87839
13258,,
13259,NM_001079,A_23_P39682
13260,NM_005574,A_23_P53126
13261,NM_182632,A_23_P122246
13262,NM_145716,A_23_P8473
13263,NM_005032,A_23_P250607
13264,NM_007126,A_23_P83045
13265,NM_002717,A_23_P123539
13266,AB209693,A_23_P258572
13267,NM_022551,A_23_P214663
13268,NM_015569,A_23_P371266
13269,,A_23_P39277
13270,NM_152787,A_23_P305033
13271,NM_000667,A_23_P58359
13272,NM_001701,A_23_P71810
13273,NM_014846,A_23_P112113
13274,NM_006762,A_23_P86283
13275,NM_032855,A_23_P153372
13276,NM_015534,A_23_P11507
13277,NM_152989,A_23_P87952
13278,NM_004781,A_23_P97531
13279,NM_022449,A_23_P5778
13280,NM_001011547,A_23_P35106
13281,NM_052844,A_23_P20823
13282,NM_000857,A_23_P121564
13283,BC032805,A_23_P153226
13284,NM_003009,A_23_P27724
13285,NM_014597,A_23_P97584
13286,,A_23_P146736
13287,NM_001005203,A_23_P53378
13288,,A_23_P201109
13289,NM_022370,A_23_P87082
13290,NM_152327,A_23_P105963
13291,NM_003612,A_23_P106389
13292,NM_147191,A_23_P24211
13293,NM_153230,A_23_P345098
13294,NM_024573,A_23_P254472
13295,NM_021232,A_23_P165196
13296,NM_001236,A_23_P40445
13297,NM_002066,A_23_P59976
13298,NM_015534,A_23_P11507
13299,NM_024875,A_23_P355517
13300,NM_017699,A_23_P132515
13301,NM_001032,A_23_P76961
13302,,E1A_r60_a104
13303,,E1A_r60_a104
13304,NM_004504,A_23_P169529
13305,NM_004738,A_23_P91293
13306,NM_198969,A_23_P165061
13307,,E1A_r60_3
13308,NM_016069,A_23_P206830
13309,BC065722,A_23_P149936
13310,,E1A_r60_a104
13311,NM_015344,A_23_P215931
13312,NM_025179,A_23_P46618
13313,NM_001039690,A_23_P399086
13314,NM_182569,A_23_P96060
13315,NM_006502,A_23_P422714
13316,NM_024845,A_23_P89113
13317,NM_175061,A_23_P399858
13318,NM_024865,A_23_P204641
13319,,A_23_P161616
13320,NM_004689,A_23_P9513
13321,NM_004493,A_23_P45394
13322,NM_002318,A_23_P111995
13323,NM_021938,A_23_P60766
13324,NM_032869,A_23_P123343
13325,NM_152607,A_23_P340928
13326,NM_003836,A_23_P205757
13327,NM_032869,A_23_P123343
13328,NM_005054,A_23_P384090
13329,NM_012449,A_23_P31460
13330,NM_002670,A_23_P211900
13331,NM_018294,A_23_P35354
13332,NM_144492,A_23_P91512
13333,NM_173558,A_23_P300852
13334,NM_032221,A_23_P91212
13335,NM_004236,A_23_P26021
13336,NM_005260,A_23_P167585
13337,BC031979,A_23_P436145
13338,,A_23_P372984
13339,AX721091,A_23_P54019
13340,NM_003213,A_23_P32758
13341,NM_015720,A_23_P121033
13342,NM_021100,A_23_P102842
13343,NM_002176,A_23_P71774
13344,NM_018064,A_23_P428819
13345,NM_001851,A_23_P30593
13346,NM_004474,A_23_P86171
13347,NM_031307,A_23_P13073
13348,NM_000919,A_23_P213678
13349,NM_006637,A_23_P150469
13350,NM_018963,A_23_P211136
13351,,
13352,NM_016618,A_23_P56759
13353,NM_017625,A_23_P95790
13354,,E1A_r60_a135
13355,NM_014484,A_23_P28811
13356,NM_182796,A_23_P81408
13357,NM_004852,A_23_P66992
13358,NM_014725,A_23_P387630
13359,NM_015893,A_23_P143006
13360,NM_003919,A_23_P254626
13361,NM_004374,A_23_P8900
13362,NM_030883,A_23_P111092
13363,NM_005028,A_23_P104344
13364,NM_002904,A_23_P122545
13365,,
13366,NM_023938,A_23_P12292
13367,NM_000218,A_23_P203526
13368,NM_020474,A_23_P153137
13369,NM_000761,A_23_P206113
13370,NM_000146,A_23_P50498
13371,NM_206920,A_23_P71787
13372,NM_172004,A_23_P321984
13373,NM_014390,A_23_P42829
13374,U60665,A_23_P136734
13375,NM_021738,A_23_P35349
13376,NM_016940,A_23_P91479
13377,NM_019008,A_23_P109547
13378,NM_153687,A_23_P303210
13379,NM_006136,A_23_P307940
13380,NM_006773,A_23_P56865
13381,BC002778,A_23_P393015
13382,NM_003083,A_23_P67228
13383,NM_015541,A_23_P109636
13384,NM_004759,A_23_P350467
13385,NM_144569,A_23_P431390
13386,NM_212472,A_23_P433753
13387,NM_020857,A_23_P206194
13388,NM_000635,A_23_P502350
13389,NM_052967,A_23_P214562
13390,,A_23_P254396
13391,NM_080588,A_23_P201778
13392,NM_001781,A_23_P87879
13393,,
13394,NM_022573,A_23_P251391
13395,NM_001079,A_23_P39682
13396,NM_002644,A_23_P149517
13397,NM_006042,A_23_P66526
13398,NM_007220,A_23_P96451
13399,NM_030763,A_23_P136909
13400,AK058196,A_23_P364597
13401,NM_014314,A_23_P20814
13402,NM_002024,A_23_P217148
13403,NM_018056,A_23_P34496
13404,NM_173549,A_23_P333029
13405,NM_004830,A_23_P145501
13406,NM_014240,A_23_P434965
13407,,A_23_P388932
13408,NM_016312,A_23_P105519
13409,,A_23_P166520
13410,NM_022917,A_23_P254631
13411,AW261853,A_23_P85874
13412,NM_018657,A_23_P132841
13413,NM_002360,A_23_P111698
13414,NM_174931,A_23_P339633
13415,NM_052854,A_23_P150407
13416,NM_014907,A_23_P169460
13417,NM_018400,A_23_P116259
13418,NM_021729,A_23_P150403
13419,NM_001406,A_23_P66457
13420,NR_001551,A_23_P148641
13421,NM_152260,A_23_P309850
13422,NM_033087,A_23_P146728
13423,NM_019593,A_23_P353704
13424,NM_019023,A_23_P77430
13425,NM_080621,A_23_P40129
13426,NM_016361,A_23_P160237
13427,NM_006257,A_23_P1374
13428,NM_002147,A_23_P363316
13429,NM_018128,A_23_P107086
13430,NM_018418,A_23_P48755
13431,NM_022496,A_23_P162596
13432,NM_001760,A_23_P214464
13433,NM_178168,A_23_P87261
13434,NM_001005175,A_23_P2018
13435,,A_23_P310900
13436,AK124512,A_23_P207703
13437,NM_015605,A_23_P202532
13438,,E1A_r60_a20
13439,NM_001010924,A_23_P44964
13440,NM_004341,A_23_P40044
13441,,A_23_P207399
13442,NM_145015,A_23_P432573
13443,AK092758,A_23_P21912
13444,NM_021137,A_23_P38446
13445,NM_032809,A_23_P71858
13446,NM_024094,A_23_P252740
13447,AB020709,A_23_P153183
13448,NM_080871,A_23_P250141
13449,,
13450,NM_015516,A_23_P162137
13451,NM_006198,A_23_P147936
13452,NM_024704,A_23_P17503
13453,NM_007086,A_23_P25873
13454,NM_022436,A_23_P119763
13455,NM_133263,A_23_P213959
13456,NM_022913,A_23_P364465
13457,NM_173794,A_23_P375549
13458,NM_002105,A_23_P47370
13459,NM_005612,A_23_P167081
13460,NM_006512,A_23_P87238
13461,NM_003394,A_23_P162317
13462,,E1A_r60_a20
13463,NM_173620,A_23_P300174
13464,NM_005262,A_23_P206484
13465,NM_021081,A_23_P210433
13466,NM_001606,A_23_P43504
13467,NM_025264,A_23_P131348
13468,NM_017947,A_23_P67042
13469,,E1A_r60_a97
13470,,
13471,BC089418,A_23_P60848
13472,NM_018271,A_23_P259201
13473,BC033102,A_23_P9788
13474,NM_000975,A_23_P62605
13475,NM_201525,A_23_P206280
13476,NM_014447,A_23_P95053
13477,NM_000390,A_23_P331138
13478,,A_23_P158524
13479,AK001520,A_23_P58706
13480,AF011794,A_23_P48897
13481,NM_198897,A_23_P13018
13482,NM_014868,A_23_P53630
13483,NM_058173,A_23_P150979
13484,NM_173555,A_23_P423472
13485,NM_002565,A_23_P114307
13486,NM_006078,A_23_P84000
13487,NM_177542,A_23_P16346
13488,NM_002523,A_23_P82651
13489,NM_030812,A_23_P160388
13490,NM_001398,A_23_P153848
13491,NM_000121,A_23_P381954
13492,NM_198993,A_23_P152535
13493,NM_003468,A_23_P397999
13494,,A_23_P34382
13495,NM_017911,A_23_P120974
13496,NM_080819,A_23_P69652
13497,NM_020664,A_23_P100315
13498,NM_001651,A_23_P366812
13499,AK002085,A_23_P98960
13500,NM_015881,A_23_P162047
13501,NM_004562,A_23_P147465
13502,NM_006895,A_23_P56734
13503,NM_003695,A_23_P134764
13504,NM_000779,A_23_P114708
13505,NM_001013845,A_23_P306919
13506,BC050733,A_23_P15272
13507,NM_003355,A_23_P47704
13508,NM_020649,A_23_P55421
13509,,A_23_P111068
13510,NM_000293,A_23_P206532
13511,NM_021815,A_23_P67871
13512,,
13513,NM_015621,A_23_P213816
13514,NM_018983,A_23_P58280
13515,NM_004363,A_23_P153301
13516,NM_014615,A_23_P152415
13517,NM_152525,A_23_P328642
13518,NM_052841,A_23_P126149
13519,NM_144567,A_23_P343237
13520,NM_022893,A_23_P218584
13521,NM_020182,A_23_P57089
13522,NM_002757,A_23_P84256
13523,NM_003577,A_23_P33141
13524,NM_001360,A_23_P24444
13525,NM_024641,A_23_P255663
13526,,A_23_P407662
13527,NM_001065,A_23_P139715
13528,NM_002546,A_23_P71530
13529,NM_004304,A_23_P324304
13530,NM_000892,A_23_P252236
13531,NM_021992,A_23_P137179
13532,NM_145017,A_23_P98571
13533,NM_152490,A_23_P334751
13534,NM_014632,A_23_P24843
13535,NM_012255,A_23_P166135
13536,,A_23_P56450
13537,NM_001757,A_23_P29047
13538,NM_145177,A_23_P251339
13539,NM_198969,A_23_P341309
13540,NM_138408,A_23_P400465
13541,NM_002613,A_23_P66219
13542,NM_000147,A_23_P11543
13543,NM_006558,A_23_P257335
13544,NM_006521,A_23_P84952
13545,NM_212543,A_23_P144083
13546,NM_033467,A_23_P138294
13547,NM_002498,A_23_P76718
13548,NM_021930,A_23_P59677
13549,NM_020313,A_23_P88781
13550,AF196865,A_23_P254558
13551,,
13552,NM_005321,A_23_P7976
13553,NM_003766,A_23_P433071
13554,NM_002280,A_23_P78201
13555,NM_003814,A_23_P48698
13556,NM_001647,A_23_P136775
13557,AK075364,A_23_P213085
13558,NM_173791,A_23_P321452
13559,NM_004882,A_23_P39814
13560,NM_025155,A_23_P139334
13561,NM_014281,A_23_P9756
13562,BC033102,A_23_P9788
13563,NM_007054,A_23_P122027
13564,NM_201523,A_23_P133799
13565,NM_000921,A_23_P60837
13566,NM_001127,A_23_P6392
13567,NM_145649,A_23_P214858
13568,,A_23_P208870
13569,BC068579,A_23_P213020
13570,NM_013227,A_23_P307310
13571,NM_172212,A_23_P45133
13572,AK026700,A_23_P143944
13573,NM_004310,A_23_P58132
13574,NM_005646,A_23_P52058
13575,NM_004838,A_23_P27964
13576,NM_001005287,A_23_P82585
13577,NM_144722,A_23_P382081
13578,,A_23_P326910
13579,,A_23_P44215
13580,NM_024059,A_23_P131754
13581,DN831857,A_23_P38924
13582,NM_003265,A_23_P29922
13583,NM_020665,A_23_P33984
13584,NM_031213,A_23_P165080
13585,,A_23_P214432
13586,NM_006280,A_23_P259172
13587,NM_005618,A_23_P167920
13588,NM_145039,A_23_P343843
13589,,
13590,AF006515,A_23_P33037
13591,NM_006784,A_23_P23318
13592,,A_23_P210158
13593,NM_001433,A_23_P164042
13594,NM_052917,A_23_P165369
13595,NM_003505,A_23_P134502
13596,NM_014226,A_23_P76731
13597,,A_23_P77440
13598,AK126941,A_23_P69372
13599,NM_002503,A_23_P79086
13600,BC025747,A_23_P424051
13601,NM_014251,A_23_P82336
13602,NM_001995,A_23_P110212
13603,NM_001482,A_23_P129064
13604,AI498072,A_23_P22052
13605,,A_23_P54593
13606,NM_004069,A_23_P50530
13607,NM_001356,A_23_P125658
13608,NM_004668,A_23_P42897
13609,NM_002547,A_23_P417753
13610,NM_019065,A_23_P66011
13611,NM_024544,A_23_P200598
13612,NM_005851,A_23_P104579
13613,NM_016379,A_23_P171188
13614,NM_020404,A_23_P52697
13615,NM_020216,A_23_P97770
13616,NM_001004486,A_23_P257327
13617,NM_173847,A_23_P317244
13618,NM_022459,A_23_P139983
13619,NM_006114,A_23_P153266
13620,,A_23_P64217
13621,NM_014253,A_23_P257263
13622,AK000707,A_23_P108105
13623,AL359570,A_23_P150747
13624,NM_181776,A_23_P385585
13625,NM_153246,A_23_P348179
13626,NM_013328,A_23_P149042
13627,NM_024583,A_23_P17015
13628,NM_016436,A_23_P210969
13629,NM_004687,A_23_P206998
13630,NM_000149,A_23_P165102
13631,NM_024578,A_23_P90523
13632,,E1A_r60_n9
13633,NM_000474,A_23_P71067
13634,NM_172364,A_23_P353014
13635,,A_23_P167419
13636,NM_004585,A_23_P1962
13637,NM_147129,A_23_P416705
13638,NM_004461,A_23_P78682
13639,NM_002702,A_23_P252396
13640,NM_182606,A_23_P347377
13641,NM_030577,A_23_P5339
13642,AF440762,A_23_P144807
13643,NM_001017,A_23_P24763
13644,NM_182511,A_23_P15889
13645,NM_002603,A_23_P123477
13646,NM_033085,A_23_P22565
13647,NM_002135,A_23_P128230
13648,NM_001316,A_23_P17392
13649,AF156973,A_23_P259362
13650,NM_033449,A_23_P343826
13651,NM_014974,A_23_P202127
13652,NM_022725,A_23_P12896
13653,NM_003220,A_23_P337221
13654,NM_006265,A_23_P20463
13655,NM_030916,A_23_P46440
13656,NM_016062,A_23_P77455
13657,,A_23_P28307
13658,NM_020967,A_23_P315843
13659,NM_001004058,A_23_P98490
13660,NM_001018004,A_23_P206018
13661,NM_178841,A_23_P416244
13662,NM_015194,A_23_P49828
13663,NM_152408,A_23_P413803
13664,NM_152407,A_23_P41674
13665,NM_015250,A_23_P407551
13666,NM_032167,A_23_P49132
13667,NM_016247,A_23_P18119
13668,NM_138281,A_23_P164196
13669,,A_23_P164520
13670,BC021996,A_23_P258668
13671,NM_012360,A_23_P318890
13672,NM_015670,A_23_P163997
13673,NM_052846,A_23_P79816
13674,NM_152267,A_23_P103062
13675,NM_152451,A_23_P129144
13676,NM_178456,A_23_P314835
13677,AK054786,A_23_P61255
13678,NM_007350,A_23_P76450
13679,NM_016009,A_23_P22957
13680,,A_23_P70614
13681,NM_024302,A_23_P26883
13682,NM_001237,A_23_P58321
13683,BC047720,A_23_P107531
13684,NM_006990,A_23_P201309
13685,NM_198935,A_23_P423926
13686,NM_014207,A_23_P104989
13687,NM_017547,A_23_P35875
13688,,A_23_P430691
13689,NM_018017,A_23_P86446
13690,NM_013347,A_23_P254214
13691,NM_004119,A_23_P99443
13692,,A_23_P115377
13693,NM_002163,A_23_P129636
13694,NM_017879,A_23_P55688
13695,NM_016121,A_23_P160406
13696,NM_005204,A_23_P23947
13697,NM_017915,A_23_P87769
13698,NM_015350,A_23_P115167
13699,NM_005953,A_23_P106844
13700,NM_013352,A_23_P19226
13701,NM_139018,A_23_P55020
13702,NM_032034,A_23_P154688
13703,NM_057157,A_23_P138655
13704,,A_23_P72387
13705,NM_025268,A_23_P61987
13706,NM_007193,A_23_P58328
13707,NM_000238,A_23_P168403
13708,NM_017459,A_23_P1021
13709,NM_000788,A_23_P259438
13710,,A_23_P124977
13711,NM_018091,A_23_P43034
13712,NM_015229,A_23_P4435
13713,NM_002778,A_23_P12675
13714,NM_003436,A_23_P348227
13715,NM_024299,A_23_P120364
13716,NM_024028,A_23_P30275
13717,NM_006698,A_23_P102591
13718,NM_019099,A_23_P149322
13719,BI861769,A_23_P154621
13720,NM_014990,A_23_P151569
13721,NM_001012761,A_23_P58801
13722,NM_005168,A_23_P142849
13723,NM_006369,A_23_P137396
13724,NM_012414,A_23_P201664
13725,NM_001505,A_23_P8640
13726,NM_176890,A_23_P347029
13727,NM_018370,A_23_P99163
13728,,E1A_r60_n11
13729,,A_23_P162183
13730,NM_018996,A_23_P4367
13731,NM_002781,A_23_P153733
13732,,E1A_r60_n9
13733,AK023399,A_23_P135690
13734,NM_144963,A_23_P411215
13735,NM_015140,A_23_P143748
13736,NM_007076,A_23_P128246
13737,NM_001070,A_23_P152768
13738,X66610,A_23_P259892
13739,,E1A_r60_1
13740,NM_004182,A_23_P159663
13741,NM_021184,A_23_P122532
13742,NM_017617,A_23_P60393
13743,,A_23_P86339
13744,,A_23_P82800
13745,NM_012219,A_23_P377197
13746,NM_133631,A_23_P80507
13747,NM_001910,A_23_P170301
13748,NM_004713,A_23_P140328
13749,NM_020678,A_23_P40856
13750,NM_015231,A_23_P43726
13751,AK000815,A_23_P251513
13752,,E1A_r60_a97
13753,NM_153682,A_23_P143491
13754,NM_201412,A_23_P106737
13755,NM_014875,A_23_P149668
13756,NM_004894,A_23_P205281
13757,NM_024658,A_23_P162970
13758,NM_000553,A_23_P250813
13759,,A_23_P64641
13760,NM_001807,A_23_P169503
13761,NM_005242,A_23_P92744
13762,NM_004079,A_23_P46141
13763,NM_145304,A_23_P405161
13764,NM_199165,A_23_P76823
13765,NM_017870,A_23_P24716
13766,NM_015544,A_23_P27035
13767,NM_013937,A_23_P59099
13768,NM_033317,A_23_P320261
13769,NM_020322,A_23_P93658
13770,NM_001015892,A_23_P41604
13771,NM_080861,A_23_P330532
13772,NM_016558,A_23_P210977
13773,NM_000820,A_23_P146917
13774,NM_005208,A_23_P4254
13775,NM_004345,A_23_P253791
13776,NM_012293,A_23_P257144
13777,NM_006059,A_23_P82979
13778,NM_003651,A_23_P25229
13779,NM_130899,A_23_P41713
13780,NM_024865,A_23_P204641
13781,NM_018198,A_23_P103942
13782,,E1A_r60_1
13783,NM_138554,A_23_P60306
13784,NM_001570,A_23_P80635
13785,NM_153447,A_23_P4962
13786,NM_153013,A_23_P337168
13787,NM_015436,A_23_P350070
13788,NM_022757,A_23_P384056
13789,NM_002340,A_23_P327440
13790,NM_005015,A_23_P2998
13791,NM_032151,A_23_P213731
13792,NM_000484,A_23_P6216
13793,,A_23_P122087
13794,BC011636,A_23_P118712
13795,NM_052875,A_23_P203323
13796,NM_032578,A_23_P104438
13797,NM_001184,A_23_P136054
13798,NM_001755,A_23_P37794
13799,NM_019013,A_23_P49878
13800,NM_006277,A_23_P56457
13801,NM_145000,A_23_P144925
13802,NM_000662,A_23_P95596
13803,,A_23_P142959
13804,NM_003773,A_23_P57927
13805,,A_23_P253821
13806,NM_015170,A_23_P43167
13807,AF011794,A_23_P48897
13808,NM_013254,A_23_P44768
13809,,A_23_P74508
13810,NM_018334,A_23_P31376
13811,NM_001280,A_23_P142322
13812,NM_021219,A_23_P120667
13813,AB007295,A_23_P500032
13814,NM_012469,A_23_P154539
13815,NM_178177,A_23_P374913
13816,NM_133458,A_23_P66027
13817,NM_002502,A_23_P202156
13818,NM_002317,A_23_P122216
13819,NM_145738,A_23_P211528
13820,,A_23_P61478
13821,NM_003920,A_23_P53276
13822,NM_012316,A_23_P45889
13823,,A_23_P131950
13824,NM_000250,A_23_P141173
13825,NM_000876,A_23_P156951
13826,NM_019607,A_23_P168965
13827,NM_019108,A_23_P56135
13828,NM_007027,A_23_P159390
13829,NM_032966,A_23_P203215
13830,NM_003459,A_23_P302568
13831,,A_23_P123234
13832,NM_199133,A_23_P133279
13833,NM_138371,A_23_P36888
13834,NM_080927,A_23_P91829
13835,NM_138983,A_23_P154849
13836,NM_002902,A_23_P26207
13837,NM_020423,A_23_P74320
13838,,A_23_P146679
13839,NM_153033,A_23_P157380
13840,NM_004386,A_23_P153797
13841,NM_016459,A_23_P84596
13842,NM_020144,A_23_P258956
13843,NM_002310,A_23_P133517
13844,NM_152701,A_23_P354640
13845,,A_23_P84646
13846,NM_001844,A_23_P204523
13847,NM_006507,A_23_P102136
13848,NM_006327,A_23_P373649
13849,NM_001559,A_23_P72077
13850,NM_000824,A_23_P213265
13851,NM_025198,A_23_P53530
13852,AB040888,A_23_P121722
13853,NM_018324,A_23_P161458
13854,,A_23_P321497
13855,,A_23_P20948
13856,NM_001039887,A_23_P303300
13857,AF034207,A_23_P124343
13858,NM_014708,A_23_P136817
13859,,A_23_P218762
13860,NM_000724,A_23_P326852
13861,NM_003646,A_23_P127627
13862,NM_018841,A_23_P412
13863,,A_23_P31218
13864,NM_024565,A_23_P7684
13865,NM_175868,A_23_P136870
13866,AK125279,A_23_P101580
13867,,A_23_P25176
13868,NM_016309,A_23_P112825
13869,NM_020197,A_23_P170587
13870,,A_23_P343261
13871,NM_000751,A_23_P430558
13872,NM_002592,A_23_P28886
13873,NM_004974,A_23_P137923
13874,NM_052956,A_23_P106933
13875,NM_006693,A_23_P42997
13876,NM_000294,A_23_P77682
13877,NM_018127,A_23_P38262
13878,NM_016223,A_23_P150166
13879,NM_033018,A_23_P501414
13880,NM_014433,A_23_P29153
13881,,A_23_P84016
13882,NM_002277,A_23_P107465
13883,NM_002761,A_23_P100189
13884,NM_005319,A_23_P122445
13885,NM_020159,A_23_P213255
13886,NM_003991,A_23_P2831
13887,NM_033256,A_23_P130845
13888,NM_005745,A_23_P45508
13889,NM_003462,A_23_P160377
13890,NM_019063,A_23_P143127
13891,NM_021127,A_23_P207999
13892,,A_23_P69129
13893,NM_002790,A_23_P86216
13894,NM_001039479,A_23_P369987
13895,NM_213606,A_23_P104275
13896,NM_025092,A_23_P98686
13897,NM_006105,A_23_P151307
13898,NM_020693,A_23_P47340
13899,NM_006247,A_23_P153581
13900,NM_007289,A_23_P212061
13901,NM_022750,A_23_P111804
13902,NM_016339,A_23_P152970
13903,,A_23_P74641
13904,NM_138465,A_23_P337141
13905,NM_002240,A_23_P29058
13906,,A_23_P213166
13907,NM_173855,A_23_P98941
13908,NM_022901,A_23_P364625
13909,NM_004227,A_23_P111593
13910,,A_23_P161706
13911,NM_013360,A_23_P218516
13912,NM_003680,A_23_P85570
13913,NM_002262,A_23_P204208
13914,AK057922,A_23_P405267
13915,,E1A_r60_a97
13916,NM_003742,A_23_P39703
13917,,A_23_P119407
13918,NM_001031,A_23_P142479
13919,NM_001697,A_23_P143474
13920,,A_23_P136874
13921,NM_152597,A_23_P353125
13922,AF216583,A_23_P250336
13923,NR_002174,A_23_P215017
13924,NM_152531,A_23_P345708
13925,NM_007019,A_23_P143207
13926,NM_004799,A_23_P45163
13927,NM_021992,A_23_P137179
13928,,A_23_P341378
13929,NM_016071,A_23_P157352
13930,NM_023018,A_23_P200056
13931,NM_005752,A_23_P26404
13932,NM_153000,A_23_P337262
13933,NM_002862,A_23_P331670
13934,NM_016467,A_23_P120194
13935,NM_005518,A_23_P103588
13936,NM_022484,A_23_P8693
13937,NM_005425,A_23_P129382
13938,NM_006814,A_23_P79910
13939,NM_006634,A_23_P39837
13940,NM_005491,A_23_P251075
13941,,
13942,NM_014744,A_23_P355455
13943,NM_001005186,A_23_P161891
13944,NR_103508,A_23_P41888
13945,NM_144712,A_23_P28252
13946,NM_003387,A_23_P251436
13947,NM_025195,A_23_P123503
13948,NM_000029,A_23_P115261
13949,NM_019069,A_23_P92184
13950,,A_23_P398075
13951,NM_015155,A_23_P35677
13952,NM_025159,A_23_P62227
13953,,
13954,NM_007005,A_23_P83094
13955,NM_003028,A_23_P257743
13956,NM_152996,A_23_P416711
13957,NM_006040,A_23_P9715
13958,NM_178169,A_23_P2397
13959,NM_017794,A_23_P21673
13960,NM_024101,A_23_P154400
13961,NM_021614,A_23_P500353
13962,NM_032242,A_23_P57674
13963,NM_004600,A_23_P200767
13964,NM_178176,A_23_P317796
13965,NM_014430,A_23_P37359
13966,NM_007152,A_23_P252748
13967,NM_001684,A_23_P11841
13968,NM_005513,A_23_P211748
13969,NM_033132,A_23_P53826
13970,NM_018714,A_23_P50016
13971,NM_181746,A_23_P63009
13972,,A_23_P155582
13973,NM_014419,A_23_P130743
13974,NM_013333,A_23_P384072
13975,NM_153380,A_23_P45234
13976,NM_018077,A_23_P168629
13977,NM_025113,A_23_P53763
13978,,A_23_P392529
13979,NM_033266,A_23_P49310
13980,,NegativeControl
13981,NM_012083,A_23_P12784
13982,NM_001005482,A_23_P166984
13983,NM_021777,A_23_P10356
13984,NM_207345,A_23_P105685
13985,NM_001005470,A_23_P24877
13986,,NegativeControl
13987,,A_23_P258727
13988,NM_006190,A_23_P39616
13989,,A_23_P5626
13990,NM_001011880,A_23_P206501
13991,,A_23_P58697
13992,,NegativeControl
13993,NM_001004704,A_23_P98512
13994,NM_001966,A_23_P212099
13995,NM_001008563,A_23_P217028
13996,NM_022054,A_23_P3171
13997,NM_138793,A_23_P26756
13998,,NegativeControl
13999,NM_000599,A_23_P154115
14000,NM_207517,A_23_P43940
14001,NM_014288,A_23_P23765
14002,NM_024828,A_23_P123763
14003,NM_000946,A_23_P25019
14004,,NegativeControl
14005,NM_020346,A_23_P24294
14006,NM_003855,A_23_P39735
14007,NM_003203,A_23_P120064
14008,,A_23_P54649
14009,,
14010,,NegativeControl
14011,NM_016598,A_23_P212734
14012,AK000327,A_23_P405243
14013,NM_018644,A_23_P1833
14014,NM_001005205,A_23_P13244
14015,BX538051,A_23_P46447
14016,,NegativeControl
14017,NM_024089,A_23_P128613
14018,,A_23_P44546
14019,NM_006748,A_23_P216340
14020,AK027396,A_23_P253781
14021,NM_000062,A_23_P139114
14022,,NegativeControl
14023,,
14024,NM_018663,A_23_P135517
14025,NM_000539,A_23_P57950
14026,,A_23_P12562
14027,,A_23_P309903
14028,,NegativeControl
14029,NM_005328,A_23_P10205
14030,NM_024104,A_23_P153357
14031,NM_005920,A_23_P51679
14032,NM_152355,A_23_P316582
14033,NM_012084,A_23_P45361
14034,,NegativeControl
14035,,A_23_P20995
14036,,A_23_P416036
14037,NM_015969,A_23_P258321
14038,NM_015394,A_23_P203829
14039,NM_004316,A_23_P25305
14040,,NegativeControl
14041,NM_002205,A_23_P36554
14042,NM_000903,A_23_P206662
14043,NM_019073,A_23_P327483
14044,NM_014583,A_23_P6771
14045,NM_023919,A_23_P36624
14046,,NegativeControl
14047,NM_005981,A_23_P24984
14048,,A_23_P86461
14049,NM_017739,A_23_P96812
14050,NM_001663,A_23_P48691
14051,NM_080701,A_23_P219223
14052,,NegativeControl
14053,NM_024681,A_23_P402157
14054,NM_018009,A_23_P36698
14055,NM_013242,A_23_P3514
14056,NM_001114,A_23_P106949
14057,NM_001200,A_23_P143324
14058,,NegativeControl
14059,AB002370,A_23_P61854
14060,NM_007144,A_23_P66383
14061,NM_024057,A_23_P48099
14062,NM_174896,A_23_P412562
14063,NM_004733,A_23_P144188
14064,,NegativeControl
14065,NM_000329,A_23_P34473
14066,NM_014648,A_23_P144165
14067,NM_003737,A_23_P98640
14068,NM_017914,A_23_P130926
14069,NM_024053,A_23_P103159
14070,,NegativeControl
14071,NM_004479,A_23_P170534
14072,NM_152718,A_23_P52986
14073,,A_23_P40513
14074,NM_144657,A_23_P386366
14075,NM_004382,A_23_P414884
14076,,NegativeControl
14077,NM_001408,A_23_P201576
14078,,
14079,NM_001031741,A_23_P337270
14080,NM_012397,A_23_P119018
14081,AL137472,A_23_P85936
14082,,NegativeControl
14083,NM_014472,A_23_P301330
14084,NM_133494,A_23_P353574
14085,,A_23_P331130
14086,,
14087,NM_017810,A_23_P218283
14088,,NegativeControl
14089,AB075501,A_23_P133000
14090,NM_003653,A_23_P89199
14091,NM_017640,A_23_P19364
14092,NM_000923,A_23_P119583
14093,NM_003708,A_23_P36484
14094,,NegativeControl
14095,NM_006100,A_23_P250800
14096,NM_033553,A_23_P11969
14097,NM_016608,A_23_P22682
14098,NM_004654,A_23_P137228
14099,,A_23_P259393
14100,,NegativeControl
14101,,A_23_P104039
14102,NM_007059,A_23_P67387
14103,NM_002220,A_23_P65918
14104,NM_021132,A_23_P202296
14105,NM_004161,A_23_P250283
14106,,NegativeControl
14107,,A_23_P123018
14108,NM_012236,A_23_P12477
14109,,A_23_P147154
14110,NM_001004137,A_23_P116549
14111,,
14112,,NegativeControl
14113,NM_033341,A_23_P90058
14114,,A_23_P70342
14115,NM_001005243,A_23_P99016
14116,NM_031440,A_23_P57910
14117,NM_017435,A_23_P116867
14118,,NegativeControl
14119,CR627475,A_23_P302103
14120,NM_006068,A_23_P256562
14121,NM_014620,A_23_P150974
14122,,A_23_P145218
14123,NM_001194,A_23_P165263
14124,,NegativeControl
14125,NM_016526,A_23_P116482
14126,NM_016504,A_23_P49768
14127,NM_000128,A_23_P41314
14128,NM_003758,A_23_P54297
14129,NM_052939,A_23_P103803
14130,,NegativeControl
14131,NM_000552,A_23_P105562
14132,NM_000698,A_23_P104464
14133,NM_012141,A_23_P25653
14134,NM_001337,A_23_P407565
14135,NM_144596,A_23_P350666
14136,,NegativeControl
14137,NM_016370,A_23_P406448
14138,NM_175852,A_23_P51361
14139,AF285606,A_23_P97835
14140,AK025657,A_23_P165668
14141,NM_033637,A_23_P35427
14142,,NegativeControl
14143,NM_017503,A_23_P146479
14144,NM_002590,A_23_P36985
14145,NM_014078,A_23_P44974
14146,NM_003538,A_23_P431179
14147,NM_004043,A_23_P255534
14148,,NegativeControl
14149,AB067468,A_23_P27846
14150,NM_000983,A_23_P115455
14151,NM_024807,A_23_P7932
14152,NM_021619,A_23_P43317
14153,,E1A_r60_a107
14154,,NegativeControl
14155,NM_052970,A_23_P91334
14156,NM_003799,A_23_P55515
14157,NM_005835,A_23_P59048
14158,,A_23_P85109
14159,NM_004759,A_23_P201483
14160,,NegativeControl
14161,NM_000273,A_23_P34165
14162,NM_032606,A_23_P124773
14163,NM_018081,A_23_P55058
14164,NM_018440,A_23_P215841
14165,NM_030928,A_23_P37704
14166,,NegativeControl
14167,NM_000608,A_23_P9485
14168,NM_024954,A_23_P161501
14169,NM_007147,A_23_P332374
14170,NM_012330,A_23_P388855
14171,NM_000256,A_23_P127385
14172,,NegativeControl
14173,NM_031274,A_23_P62173
14174,,A_23_P158417
14175,NM_012335,A_23_P142447
14176,NM_018346,A_23_P152807
14177,NM_013258,A_23_P26632
14178,,NegativeControl
14179,NM_001334,A_23_P110175
14180,NM_001007027,A_23_P13554
14181,NM_178006,A_23_P342727
14182,NM_012415,A_23_P82738
14183,NM_002971,A_23_P72297
14184,,NegativeControl
14185,NM_006904,A_23_P169612
14186,S59184,A_23_P388081
14187,NM_003332,A_23_P27994
14188,NM_024050,A_23_P16666
14189,NM_030763,A_23_P136909
14190,,NegativeControl
14191,NM_016129,A_23_P43779
14192,NM_004688,A_23_P154235
14193,NM_001017418,A_23_P148949
14194,NM_016612,A_23_P393115
14195,NM_005010,A_23_P215765
14196,NM_138777,A_23_P9381
14197,NM_024758,A_23_P103720
14198,,
14199,NM_018027,A_23_P138586
14200,NM_024663,A_23_P120488
14201,NM_004776,A_23_P102658
14202,NM_013351,A_23_P141555
14203,NM_024420,A_23_P11685
14204,NM_024778,A_23_P114414
14205,NM_003162,A_23_P165521
14206,NM_005128,A_23_P253587
14207,NM_032717,A_23_P69809
14208,NM_001819,A_23_P382584
14209,NM_003640,A_23_P169189
14210,NM_000840,A_23_P20068
14211,NM_003106,A_23_P401055
14212,NM_005689,A_23_P5442
14213,NM_020726,A_23_P133217
14214,NM_152372,A_23_P51211
14215,,E1A_r60_a135
14216,NM_003643,A_23_P133728
14217,,A_23_P25534
14218,,A_23_P116435
14219,NM_020689,A_23_P79978
14220,NM_014811,A_23_P146497
14221,NM_152553,A_23_P353005
14222,NM_001067,A_23_P118834
14223,AX721063,A_23_P161543
14224,NM_024591,A_23_P10156
14225,NM_145019,A_23_P344572
14226,NM_018662,A_23_P62967
14227,NM_033124,A_23_P47904
14228,BC020384,A_23_P210400
14229,NM_018084,A_23_P17269
14230,AY050631,A_23_P76560
14231,NM_015193,A_23_P147208
14232,NM_018090,A_23_P97296
14233,NM_014827,A_23_P58967
14234,NM_004124,A_23_P205611
14235,NM_003615,A_23_P132468
14236,NM_175739,A_23_P99566
14237,NM_004010,A_23_P253038
14238,NM_014860,A_23_P210091
14239,NM_001088,A_23_P152527
14240,NM_153184,A_23_P331199
14241,NM_178191,A_23_P126716
14242,NM_001453,A_23_P390504
14243,,A_23_P118195
14244,NM_014617,A_23_P165380
14245,NM_020826,A_23_P161659
14246,NM_152879,A_23_P210253
14247,NM_003983,A_23_P88831
14248,NM_006985,A_23_P77744
14249,,A_23_P146402
14250,,A_23_P91601
14251,NM_005680,A_23_P165891
14252,NM_145803,A_23_P75921
14253,NM_197964,A_23_P82588
14254,,A_23_P14255
14255,NM_178540,A_23_P76585
14256,AB051431,A_23_P113935
14257,NM_003762,A_23_P52046
14258,NM_033657,A_23_P63067
14259,NM_032043,A_23_P15843
14260,,A_23_P259237
14261,NM_016623,A_23_P43255
14262,NM_006339,A_23_P119543
14263,NM_004048,A_23_P37435
14264,NM_017947,A_23_P67042
14265,NM_021127,A_23_P207999
14266,NM_014966,A_23_P166609
14267,NM_013279,A_23_P75790
14268,AA912087,A_23_P205471
14269,NM_198179,A_23_P92465
14270,,E1A_r60_3
14271,,A_23_P1331
14272,,
14273,NM_001742,A_23_P134484
14274,,A_23_P120970
14275,NM_022077,A_23_P131773
14276,NM_033663,A_23_P501604
14277,NM_017763,A_23_P3934
14278,NM_020159,A_23_P213255
14279,BC067244,A_23_P123315
14280,NM_153186,A_23_P500130
14281,NM_032606,A_23_P380376
14282,NM_207446,A_23_P100001
14283,NM_006746,A_23_P96317
14284,NM_152988,A_23_P79067
14285,NM_018149,A_23_P66560
14286,NM_006144,A_23_P133445
14287,NM_004787,A_23_P144348
14288,NM_025257,A_23_P93352
14289,NM_139017,A_23_P423348
14290,NM_139285,A_23_P396818
14291,NM_012334,A_23_P7596
14292,NM_015051,A_23_P380092
14293,NM_004232,A_23_P207981
14294,,
14295,NM_152475,A_23_P404595
14296,NM_021951,A_23_P169293
14297,M13995,A_23_P208132
14298,NM_032800,A_23_P138034
14299,NM_020929,A_23_P24457
14300,NM_015292,A_23_P150852
14301,NM_001014763,A_23_P107653
14302,AY700779,A_23_P31829
14303,NM_030763,A_23_P136909
14304,NM_172070,A_23_P5405
14305,NM_153700,A_23_P163236
14306,NM_002830,A_23_P165343
14307,NM_007208,A_23_P7030
14308,NM_002922,A_23_P97141
14309,NM_015401,A_23_P2582
14310,NM_000084,A_23_P369209
14311,,A_23_P84528
14312,NM_006806,A_23_P80068
14313,NM_001247,A_23_P79999
14314,NM_004744,A_23_P167179
14315,NM_021957,A_23_P36622
14316,NM_176786,A_23_P34066
14317,NM_014472,A_23_P369428
14318,,A_23_P171176
14319,NM_133476,A_23_P204355
14320,NM_006066,A_23_P46186
14321,NM_005658,A_23_P216970
14322,NM_202000,A_23_P317756
14323,NM_004117,A_23_P111206
14324,NM_145728,A_23_P3323
14325,AK094600,A_23_P209360
14326,NM_004106,A_23_P160849
14327,NM_198399,A_23_P413667
14328,NM_006459,A_23_P202029
14329,NM_016060,A_23_P78144
14330,NM_000619,A_23_P151294
14331,NM_000616,A_23_P105553
14332,NM_005245,A_23_P69586
14333,BQ716254,A_23_P102331
14334,,A_23_P64310
14335,,
14336,NM_144676,A_23_P26570
14337,NM_007021,A_23_P35595
14338,NM_176820,A_23_P409502
14339,NM_032663,A_23_P116985
14340,NM_020246,A_23_P215233
14341,NM_000875,A_23_P205989
14342,,A_23_P257396
14343,NM_198440,A_23_P6362
14344,,A_23_P311713
14345,NM_152345,A_23_P380881
14346,NM_002903,A_23_P107132
14347,NM_022753,A_23_P338952
14348,NM_000327,A_23_P105002
14349,NM_003686,A_23_P23303
14350,NM_007161,A_23_P214617
14351,NM_138340,A_23_P305759
14352,,A_23_P130642
14353,NM_030567,A_23_P30464
14354,NM_002093,A_23_P251342
14355,NM_001006109,A_23_P251374
14356,AY358804,A_23_P76136
14357,NM_006783,A_23_P2745
14358,NM_016464,A_23_P24723
14359,NM_033445,A_23_P149301
14360,NM_004089,A_23_P217688
14361,NM_014062,A_23_P106822
14362,NM_016279,A_23_P92999
14363,NM_014157,A_23_P163519
14364,NM_172230,A_23_P138826
14365,NM_012363,A_23_P169376
14366,NM_003796,A_23_P119418
14367,NM_178483,A_23_P28920
14368,NM_001362,A_23_P105926
14369,NM_014475,A_23_P67367
14370,NM_025164,A_23_P104833
14371,,
14372,NM_018486,A_23_P84922
14373,NM_006524,A_23_P59855
14374,NM_000863,A_23_P156824
14375,NM_030761,A_23_P11787
14376,,
14377,NM_006419,A_23_P121692
14378,NM_078483,A_23_P167640
14379,NM_001974,A_23_P27556
14380,NM_173480,A_23_P39263
14381,NM_000559,A_23_P64538
14382,NM_025214,A_23_P363255
14383,NM_001004719,A_23_P100033
14384,NM_005269,A_23_P105251
14385,NM_018310,A_23_P20473
14386,NM_032292,A_23_P85862
14387,NM_002569,A_23_P3361
14388,NM_001039592,A_23_P216490
14389,BY798288,A_23_P129856
14390,NM_005502,A_23_P216649
14391,NM_001003828,A_23_P40718
14392,,
14393,NM_006922,A_23_P67896
14394,NM_006032,A_23_P151596
14395,,A_23_P22639
14396,NM_138387,A_23_P55174
14397,,A_23_P150147
14398,,A_23_P135797
14399,NM_022343,A_23_P414913
14400,NM_152996,A_23_P62572
14401,NM_005523,A_23_P42706
14402,NM_001011546,A_23_P408095
14403,NM_002964,A_23_P434809
14404,NM_013231,A_23_P99802
14405,NM_003489,A_23_P211007
14406,NM_000511,A_23_P107974
14407,NM_013442,A_23_P256497
14408,NM_001005282,A_23_P87138
14409,NM_018025,A_23_P27814
14410,NM_005928,A_23_P48951
14411,BE929515,A_23_P52141
14412,NM_144599,A_23_P359131
14413,NM_003131,A_23_P111020
14414,NM_030899,A_23_P214537
14415,NM_030893,A_23_P310410
14416,NM_004424,A_23_P15051
14417,NM_002177,A_23_P60373
14418,NM_024604,A_23_P2683
14419,NM_022733,A_23_P406326
14420,NM_018300,A_23_P89139
14421,NM_019118,A_23_P200396
14422,NM_024690,A_23_P5211
14423,AK022183,A_23_P252250
14424,NM_012325,A_23_P40354
14425,NM_005365,A_23_P85094
14426,NM_005296,A_23_P33868
14427,NM_139239,A_23_P383422
14428,NM_003746,A_23_P65031
14429,NM_014066,A_23_P20255
14430,NM_001040202,A_23_P337875
14431,NM_020159,A_23_P213255
14432,NM_016523,A_23_P139855
14433,NM_006259,A_23_P69663
14434,NM_133329,A_23_P17301
14435,NM_030924,A_23_P131050
14436,AL157453,A_23_P72859
14437,NM_000450,A_23_P97112
14438,NM_005520,A_23_P252991
14439,NM_004805,A_23_P209778
14440,NM_001163,A_23_P216806
14441,NM_002260,A_23_P22232
14442,NM_033184,A_23_P164405
14443,NM_030811,A_23_P252536
14444,BC007817,A_23_P131036
14445,NM_002166,A_23_P143143
14446,AK001238,A_23_P63600
14447,NM_176881,A_23_P373679
14448,NM_001040125,A_23_P201528
14449,AJ005814,A_23_P73264
14450,NM_006258,A_23_P254955
14451,,A_23_P377664
14452,,A_23_P42649
14453,,A_23_P208393
14454,NM_138558,A_23_P12272
14455,NM_021110,A_23_P216361
14456,NM_020654,A_23_P6714
14457,,
14458,M84605,A_23_P43932
14459,NM_014409,A_23_P35309
14460,NM_152365,A_23_P800
14461,NM_198184,A_23_P255175
14462,NM_033116,A_23_P3131
14463,,A_23_P133165
14464,NM_005952,A_23_P360232
14465,,A_23_P101300
14466,NM_018039,A_23_P127406
14467,NM_032758,A_23_P253571
14468,NM_006403,A_23_P344555
14469,NM_016320,A_23_P203586
14470,,A_23_P201268
14471,NM_004097,A_23_P315122
14472,L04345,A_23_P32795
14473,NM_133492,A_23_P38952
14474,AI241015,A_23_P46649
14475,,A_23_P129870
14476,AF426268,A_23_P319557
14477,NM_012374,A_23_P66392
14478,,E1A_r60_a107
14479,NM_004587,A_23_P120566
14480,NM_002185,A_23_P404494
14481,NM_001044,A_23_P213460
14482,,A_23_P66497
14483,NM_002303,A_23_P161135
14484,NM_001276,A_23_P137672
14485,NM_020796,A_23_P7752
14486,NM_014441,A_23_P4583
14487,NM_006865,A_23_P79094
14488,NM_201446,A_23_P123785
14489,NM_016545,A_23_P86330
14490,NM_012117,A_23_P2355
14491,AB020626,A_23_P166324
14492,,A_23_P67028
14493,NM_000158,A_23_P121082
14494,NM_002463,A_23_P6263
14495,NM_138610,A_23_P70045
14496,BC003583,A_23_P113184
14497,NM_032294,A_23_P207648
14498,NM_007315,A_23_P56630
14499,NM_014212,A_23_P47938
14500,,
14501,NM_207123,A_23_P335239
14502,NM_030769,A_23_P381431
14503,,A_23_P206526
14504,NM_003689,A_23_P115356
14505,NM_021240,A_23_P157895
14506,NM_139207,A_23_P65047
14507,NM_025165,A_23_P3237
14508,NM_004797,A_23_P369237
14509,NM_015192,A_23_P6099
14510,NM_022458,A_23_P300728
14511,NM_032682,A_23_P155257
14512,NM_004449,A_23_P301414
14513,NM_012313,A_23_P381532
14514,NM_021805,A_23_P84344
14515,NM_006716,A_23_P254612
14516,NM_017556,A_23_P23454
14517,NM_005550,A_23_P54576
14518,NM_032024,A_23_P43876
14519,AB011090,A_23_P49049
14520,NM_003427,A_23_P8133
14521,NM_017451,A_23_P33543
14522,AB011087,A_23_P134970
14523,NM_014020,A_23_P157007
14524,NM_016373,A_23_P83368
14525,NM_005489,A_23_P71928
14526,NM_015196,A_23_P257242
14527,NM_005004,A_23_P24164
14528,NM_030649,A_23_P23625
14529,NM_003431,A_23_P52176
14530,NM_003371,A_23_P146468
14531,,A_23_P44600
14532,NM_003087,A_23_P251293
14533,NM_207173,A_23_P19886
14534,NM_001323,A_23_P146946
14535,BC023570,A_23_P3128
14536,NM_001005329,A_23_P218015
14537,,A_23_P164156
14538,NM_001079,A_23_P39682
14539,NM_138689,A_23_P365821
14540,NM_005226,A_23_P112820
14541,,A_23_P253677
14542,,A_23_P49113
14543,NM_020337,A_23_P81012
14544,NM_005586,A_23_P42168
14545,NM_005886,A_23_P117976
14546,NM_012415,A_23_P82738
14547,AK024680,A_23_P16922
14548,,A_23_P203514
14549,NM_016052,A_23_P23356
14550,NM_025138,A_23_P205102
14551,NM_000836,A_23_P153549
14552,NM_031464,A_23_P428958
14553,NM_000365,A_23_P53554
14554,NM_014649,A_23_P27894
14555,NM_007114,A_23_P143867
14556,BC065821,A_23_P108793
14557,NM_020244,A_23_P105571
14558,,E1A_r60_a104
14559,NM_004185,A_23_P138352
14560,NM_005879,A_23_P170491
14561,NM_025180,A_23_P21409
14562,NM_139278,A_23_P21086
14563,NM_015959,A_23_P104942
14564,NM_016521,A_23_P10513
14565,NM_018671,A_23_P218170
14566,NM_133328,A_23_P141908
14567,NM_033049,A_23_P155236
14568,NM_019044,A_23_P79658
14569,NM_003204,A_23_P78302
14570,NM_015004,A_23_P58102
14571,NM_001324,A_23_P362824
14572,,A_23_P125301
14573,NM_002228,A_23_P201538
14574,,A_23_P70409
14575,NM_012425,A_23_P138417
14576,NM_033410,A_23_P206792
14577,,A_23_P2258
14578,NM_005596,A_23_P216448
14579,NM_000978,A_23_P26717
14580,NM_024948,A_23_P23983
14581,NM_001650,A_23_P252041
14582,NM_001001433,A_23_P109091
14583,NM_004519,A_23_P123393
14584,NM_005379,A_23_P162288
14585,NM_002785,A_23_P130948
14586,,A_23_P65541
14587,NM_002107,A_23_P23141
14588,NM_004887,A_23_P213745
14589,NM_004690,A_23_P301831
14590,NM_004258,A_23_P126353
14591,NM_006561,A_23_P202071
14592,NM_000610,A_23_P24870
14593,NM_001014986,A_23_P47622
14594,NM_213602,A_23_P50146
14595,NM_001668,A_23_P550
14596,NM_017615,A_23_P75204
14597,NM_182848,A_23_P48350
14598,NM_006698,A_23_P419621
14599,NM_170678,A_23_P208825
14600,NM_001430,A_23_P210210
14601,NM_001079,A_23_P39682
14602,AJ002425,A_23_P61222
14603,BC007354,A_23_P8363
14604,,
14605,NM_152685,A_23_P21990
14606,NM_198585,A_23_P44342
14607,NM_014035,A_23_P19095
14608,,A_23_P84695
14609,NM_013302,A_23_P140786
14610,NM_139280,A_23_P129824
14611,NM_032026,A_23_P254974
14612,NM_015474,A_23_P17341
14613,NM_018699,A_23_P362758
14614,NM_001120,A_23_P41246
14615,BC016000,A_23_P149615
14616,NM_006427,A_23_P205456
14617,NM_004292,A_23_P64098
14618,NM_175868,A_23_P136870
14619,NM_002563,A_23_P382835
14620,NM_175858,A_23_P377899
14621,,A_23_P5641
14622,NM_004496,A_23_P37127
14623,NM_032168,A_23_P427718
14624,,A_23_P218358
14625,NM_001002907,A_23_P24648
14626,NM_021959,A_23_P19438
14627,NM_006730,A_23_P85164
14628,NM_018940,A_23_P256553
14629,NM_182640,A_23_P154315
14630,NM_032567,A_23_P41750
14631,NM_002162,A_23_P164691
14632,AK022711,A_23_P11160
14633,NM_030821,A_23_P30020
14634,,
14635,NM_005551,A_23_P107924
14636,NM_003764,A_23_P156788
14637,NM_025239,A_23_P94411
14638,NM_001013839,A_23_P89162
14639,NM_198275,A_23_P161759
14640,BG108194,A_23_P48637
14641,,A_23_P203564
14642,NM_147190,A_23_P76515
14643,NM_080863,A_23_P118581
14644,NM_017869,A_23_P251765
14645,NM_138328,A_23_P308731
14646,NM_007150,A_23_P11025
14647,NM_002631,A_23_P126623
14648,NM_015446,A_23_P63584
14649,BC012452,A_23_P112061
14650,,
14651,NM_000512,A_23_P106562
14652,NM_024536,A_23_P131287
14653,NM_015694,A_23_P19802
14654,NM_052965,A_23_P104022
14655,,A_23_P63484
14656,,A_23_P6355
14657,NM_004710,A_23_P130203
14658,NM_014455,A_23_P161064
14659,NM_015668,A_23_P134675
14660,NM_032726,A_23_P385105
14661,NM_019625,A_23_P128094
14662,NM_004212,A_23_P48816
14663,NM_030777,A_23_P210521
14664,NM_001002911,A_23_P26602
14665,AF119849,A_23_P20017
14666,NM_012314,A_23_P502596
14667,NM_002285,A_23_P373464
14668,,
14669,BC069815,A_23_P29215
14670,NM_015052,A_23_P319027
14671,NM_004385,A_23_P144959
14672,NM_032849,A_23_P99515
14673,NM_001296,A_23_P91954
14674,NM_005400,A_23_P348194
14675,NM_014991,A_23_P345820
14676,,A_23_P250721
14677,NM_003342,A_23_P27066
14678,NM_153614,A_23_P2106
14679,NM_206943,A_23_P43810
14680,NM_015534,A_23_P11507
14681,NM_032276,A_23_P102048
14682,NM_004751,A_23_P420209
14683,NM_000704,A_23_P119642
14684,NM_052959,A_23_P87072
14685,NM_144994,A_23_P305121
14686,NM_206880,A_23_P18913
14687,NM_173539,A_23_P82758
14688,NM_006457,A_23_P170761
14689,NM_000597,A_23_P119943
14690,NM_002649,A_23_P251360
14691,NM_152290,A_23_P74668
14692,NM_001012977,A_23_P159897
14693,AY280614,A_23_P41664
14694,NM_016315,A_23_P332399
14695,NM_024419,A_23_P77833
14696,AF115355,A_23_P433571
14697,NM_000497,A_23_P168928
14698,NM_001009943,A_23_P150069
14699,NM_003415,A_23_P255592
14700,NM_001005273,A_23_P21640
14701,NM_153707,A_23_P344584
14702,NM_014936,A_23_P70318
14703,NM_005082,A_23_P15326
14704,NM_002815,A_23_P207600
14705,NM_033429,A_23_P129188
14706,NM_213651,A_23_P74799
14707,NM_020710,A_23_P96777
14708,NM_005424,A_23_P126422
14709,NM_000427,A_23_P34445
14710,NM_152774,A_23_P416821
14711,NM_203437,A_23_P102542
14712,NM_031492,A_23_P1638
14713,NM_000481,A_23_P257164
14714,NM_001159,A_23_P154037
14715,NM_002301,A_23_P53039
14716,NM_001005191,A_23_P130544
14717,NM_000929,A_23_P103465
14718,NM_024944,A_23_P68669
14719,NM_000829,A_23_P98369
14720,NM_152868,A_23_P257283
14721,AF131778,A_23_P149707
14722,NM_175065,A_23_P343927
14723,NM_003917,A_23_P2965
14724,NM_054012,A_23_P31922
14725,X66087,A_23_P43157
14726,NM_170672,A_23_P209544
14727,NM_153330,A_23_P121413
14728,NM_005506,A_23_P386515
14729,NM_000878,A_23_P255430
14730,NM_013270,A_23_P10172
14731,NM_004231,A_23_P93623
14732,NM_024010,A_23_P252211
14733,NM_007080,A_23_P259451
14734,NM_138705,A_23_P62588
14735,NM_018698,A_23_P85136
14736,NM_016524,A_23_P163697
14737,NM_000587,A_23_P213857
14738,NM_172194,A_23_P140273
14739,NM_001102469,A_23_P52486
14740,,A_23_P89499
14741,NM_014562,A_23_P403284
14742,NM_173648,A_23_P56820
14743,NM_033224,A_23_P134517
14744,NM_002420,A_23_P129225
14745,NM_024579,A_23_P74778
14746,NM_181809,A_23_P126508
14747,NM_017553,A_23_P106522
14748,NM_182925,A_23_P213394
14749,,A_23_P31064
14750,NM_005168,A_23_P142849
14751,NM_178229,A_23_P329335
14752,NM_032899,A_23_P216052
14753,NM_001010897,A_23_P139965
14754,NM_032124,A_23_P153098
14755,NM_001618,A_23_P114783
14756,NM_021224,A_23_P60499
14757,NM_006384,A_23_P257638
14758,NM_052995,A_23_P80523
14759,NM_018990,A_23_P33233
14760,NM_006732,A_23_P429998
14761,BC036663,A_23_P413026
14762,AB037807,A_23_P93918
14763,NM_015895,A_23_P19712
14764,NM_003152,A_23_P406977
14765,NM_004027,A_23_P56768
14766,AK094977,A_23_P72058
14767,NM_033505,A_23_P68300
14768,NM_052888,A_23_P107295
14769,NM_019848,A_23_P257316
14770,NM_005538,A_23_P76055
14771,NM_003369,A_23_P33477
14772,NM_199248,A_23_P206976
14773,NM_006091,A_23_P117694
14774,NM_144701,A_23_P425197
14775,NM_018107,A_23_P88252
14776,NM_001010986,A_23_P251730
14777,NM_020646,A_23_P2083
14778,NM_004635,A_23_P212413
14779,NM_005079,A_23_P216259
14780,NM_006194,A_23_P426944
14781,NM_003573,A_23_P141946
14782,NM_198965,A_23_P2271
14783,NM_024296,A_23_P62764
14784,NM_014685,A_23_P54846
14785,NM_006639,A_23_P22660
14786,NM_033388,A_23_P36305
14787,NM_002381,A_23_P102058
14788,,
14789,NM_020650,A_23_P67339
14790,NM_138444,A_23_P377957
14791,BC021822,A_23_P396570
14792,NM_033031,A_23_P171107
14793,NM_016255,A_23_P133650
14794,NM_004490,A_23_P154526
14795,NM_144695,A_23_P359636
14796,,E1A_r60_a97
14797,NM_017542,A_23_P137715
14798,NM_014844,A_23_P14268
14799,NM_003383,A_23_P43476
14800,NM_001781,A_23_P87879
14801,NM_016366,A_23_P138745
14802,NM_005238,A_23_P329212
14803,NM_015481,A_23_P365675
14804,NM_024622,A_23_P28590
14805,,
14806,NM_176818,A_23_P76435
14807,NM_004859,A_23_P118543
14808,NM_031264,A_23_P202686
14809,NM_004651,A_23_P171366
14810,NM_207346,A_23_P147277
14811,NM_021007,A_23_P51015
14812,BC007866,A_23_P86434
14813,NM_177551,A_23_P329924
14814,AB007895,A_23_P200267
14815,NM_024729,A_23_P78734
14816,NM_001772,A_23_P331748
14817,NM_033224,A_23_P414856
14818,NM_001013842,A_23_P310483
14819,NM_006010,A_23_P132793
14820,NM_001837,A_23_P250302
14821,NM_006382,A_23_P352426
14822,NM_007162,A_23_P368724
14823,NM_175744,A_23_P12514
14824,NM_003301,A_23_P322003
14825,,A_23_P14649
14826,NM_005477,A_23_P26201
14827,NM_018958,A_23_P88466
14828,NM_001018116,A_23_P123804
14829,,A_23_P29953
14830,BC047412,A_23_P27649
14831,BC020886,A_23_P379106
14832,NM_001079,A_23_P39682
14833,NM_033547,A_23_P203737
14834,NM_022740,A_23_P169756
14835,NM_005199,A_23_P17115
14836,,A_23_P24275
14837,,Pro25G
14838,AK025326,A_23_P123882
14839,NM_015689,A_23_P257581
14840,NM_005213,A_23_P41114
14841,NM_004270,A_23_P30307
14842,NM_033089,A_23_P210686
14843,,A_23_P258114
14844,,Pro25G
14845,NM_005092,A_23_P115444
14846,NM_000276,A_23_P32903
14847,NM_021145,A_23_P8663
14848,NM_000720,A_23_P250936
14849,NM_001035235,A_23_P257578
14850,NM_003335,A_23_P21207
14851,,Pro25G
14852,NM_000298,A_23_P201022
14853,NM_144618,A_23_P73208
14854,NM_014215,A_23_P614
14855,NM_016192,A_23_P125387
14856,CX870549,A_23_P83127
14857,NM_153020,A_23_P167812
14858,,Pro25G
14859,NM_003877,A_23_P128215
14860,NM_002607,A_23_P136492
14861,NM_004034,A_23_P86573
14862,NM_002985,A_23_P152837
14863,NM_014308,A_23_P66543
14864,NM_015553,A_23_P122694
14865,,Pro25G
14866,NM_080661,A_23_P370666
14867,NM_025040,A_23_P101253
14868,NM_001040443,A_23_P65174
14869,NM_000149,A_23_P360316
14870,NM_022877,A_23_P256270
14871,NM_005031,A_23_P108212
14872,,Pro25G
14873,NM_001875,A_23_P5300
14874,NM_018724,A_23_P401461
14875,,A_23_P81092
14876,NM_145285,A_23_P52417
14877,S73506,A_23_P147224
14878,NM_003715,A_23_P29855
14879,,Pro25G
14880,NM_002608,A_23_P211534
14881,NM_006796,A_23_P135454
14882,NM_032726,A_23_P165475
14883,NM_003069,A_23_P44244
14884,,
14885,NM_145049,A_23_P400344
14886,,Pro25G
14887,NM_007045,A_23_P145134
14888,NM_013354,A_23_P216310
14889,NM_032385,A_23_P501831
14890,NM_001017916,A_23_P218331
14891,NM_006380,A_23_P207280
14892,NM_001010905,A_23_P93599
14893,,Pro25G
14894,NM_033111,A_23_P65262
14895,NM_018284,A_23_P51487
14896,NM_006333,A_23_P67992
14897,NM_173362,A_23_P251647
14898,,
14899,AJ420529,A_23_P214923
14900,,Pro25G
14901,NM_004178,A_23_P87603
14902,NM_183421,A_23_P94159
14903,NM_015392,A_23_P146565
14904,NM_007223,A_23_P37676
14905,NM_007254,A_23_P164883
14906,U08023,A_23_P32955
14907,,Pro25G
14908,NM_000059,A_23_P99452
14909,NM_005642,A_23_P81248
14910,NM_014808,A_23_P90849
14911,NM_017898,A_23_P200685
14912,NM_031934,A_23_P152876
14913,NM_024819,A_23_P124522
14914,,Pro25G
14915,,
14916,NM_152341,A_23_P66213
14917,,A_23_P156315
14918,NM_030935,A_23_P250865
14919,NM_002419,A_23_P98273
14920,NM_005634,A_23_P85218
14921,,Pro25G
14922,BX648200,A_23_P111525
14923,NM_015324,A_23_P356572
14924,,E1A_r60_3
14925,NM_002846,A_23_P90722
14926,NM_152788,A_23_P21842
14927,NM_000984,A_23_P29747
14928,,Pro25G
14929,NM_138691,A_23_P322735
14930,NM_021135,A_23_P335920
14931,NM_001001656,A_23_P31500
14932,AK125122,A_23_P103511
14933,NM_173607,A_23_P322701
14934,AB046810,A_23_P57174
14935,,Pro25G
14936,NM_014870,A_23_P160136
14937,NM_004133,A_23_P251453
14938,NM_199249,A_23_P27656
14939,AK097951,A_23_P83315
14940,NM_005877,A_23_P211436
14941,,A_23_P14295
14942,,Pro25G
14943,NM_022774,A_23_P193
14944,AK021912,A_23_P110386
14945,NM_001187,A_23_P388331
14946,NM_000816,A_23_P410482
14947,NM_006654,A_23_P98980
14948,,A_23_P366890
14949,,Pro25G
14950,NM_014662,A_23_P91683
14951,NM_003155,A_23_P168944
14952,NM_020726,A_23_P133217
14953,NM_014812,A_23_P23147
14954,NM_003685,A_23_P4741
14955,NM_005545,A_23_P3312
14956,,Pro25G
14957,NM_015216,A_23_P213661
14958,NM_018137,A_23_P12336
14959,NM_004850,A_23_P209689
14960,NM_032447,A_23_P101893
14961,NM_001101,A_23_P31323
14962,NM_032296,A_23_P89012
14963,,Pro25G
14964,,A_23_P29296
14965,NM_004567,A_23_P166839
14966,,
14967,NM_001002295,A_23_P75056
14968,NM_145663,A_23_P408822
14969,NM_003741,A_23_P502047
14970,,Pro25G
14971,NM_004698,A_23_P97572
14972,,A_23_P105753
14973,,A_23_P324890
14974,NM_153813,A_23_P54575
14975,NM_080737,A_23_P11136
14976,,A_23_P259811
14977,,Pro25G
14978,NM_002052,A_23_P82722
14979,NM_007183,A_23_P95810
14980,NM_004281,A_23_P47077
14981,NM_020123,A_23_P98037
14982,NM_002546,A_23_P71530
14983,NM_006813,A_23_P145074
14984,,Pro25G
14985,NM_176813,A_23_P42811
14986,NM_002989,A_23_P112470
14987,U49250,A_23_P5686
14988,NM_005555,A_23_P76249
14989,NM_006351,A_23_P119214
14990,NM_181471,A_23_P93823
14991,,Pro25G
14992,NM_000888,A_23_P154217
14993,NM_024680,A_23_P35871
14994,M22632,A_23_P329133
14995,NM_153333,A_23_P11331
14996,,A_23_P20205
14997,,
14998,,Pro25G
14999,,A_23_P135403
15000,NM_018557,A_23_P5342
15001,,A_23_P203961
15002,AF355799,A_23_P320120
15003,NM_014718,A_23_P53724
15004,BC008299,A_23_P14302
15005,,Pro25G
15006,,A_23_P125392
15007,NM_178860,A_23_P389569
15008,AK095097,A_23_P54983
15009,NM_152791,A_23_P16652
15010,NM_001571,A_23_P27677
15011,NR_002226,A_23_P125687
15012,,Pro25G
15013,NM_213662,A_23_P100790
15014,NM_194314,A_23_P113328
15015,NM_033061,A_23_P66844
15016,H14758,A_23_P46675
15017,NM_031907,A_23_P158118
15018,NM_032512,A_23_P22717
15019,,Pro25G
15020,NM_021129,A_23_P161336
15021,NM_178233,A_23_P365197
15022,,A_23_P99461
15023,NM_024408,A_23_P200792
15024,BE893137,A_23_P135568
15025,BC007360,A_23_P159986
15026,,Pro25G
15027,NM_004997,A_23_P148737
15028,NM_003498,A_23_P152160
15029,NM_194251,A_23_P144760
15030,AF103531,A_23_P61071
15031,NM_153225,A_23_P170649
15032,NM_145055,A_23_P412554
15033,,Pro25G
15034,NM_001715,A_23_P31725
15035,NM_003006,A_23_P64860
15036,AK022417,A_23_P5012
15037,NM_003557,A_23_P23564
15038,NM_153615,A_23_P306941
15039,,A_23_P22603
15040,,Pro25G
15041,NM_021825,A_23_P162127
15042,NM_025152,A_23_P170906
15043,NM_016360,A_23_P73142
15044,NM_152431,A_23_P427760
15045,AF258583,A_23_P21072
15046,NM_003594,A_23_P97161
15047,,Pro25G
15048,NM_001883,A_23_P215331
15049,NM_002048,A_23_P83134
15050,,A_23_P157692
15051,NM_017681,A_23_P33914
15052,,A_23_P78318
15053,NM_001086,A_23_P80570
15054,NM_001158,A_23_P4133
15055,,A_23_P30346
15056,NM_177398,A_23_P340271
15057,NM_152545,A_23_P331186
15058,NM_022742,A_23_P416178
15059,,A_23_P302427
15060,NM_001304,A_23_P207837
15061,NM_004454,A_23_P9831
15062,NM_001005237,A_23_P105119
15063,,A_23_P207091
15064,NM_025263,A_23_P42246
15065,NM_003898,A_23_P316974
15066,NM_173503,A_23_P409529
15067,NM_006362,A_23_P13353
15068,NM_024561,A_23_P251786
15069,,A_23_P166536
15070,X59727,A_23_P375906
15071,,A_23_P142597
15072,NM_052910,A_23_P37041
15073,,
15074,NM_080387,A_23_P25235
15075,NM_017688,A_23_P71946
15076,NM_138409,A_23_P357207
15077,NM_015092,A_23_P96226
15078,NM_025129,A_23_P373568
15079,NM_004289,A_23_P42718
15080,,A_23_P330419
15081,NM_025135,A_23_P153107
15082,,A_23_P80583
15083,NM_025227,A_23_P254797
15084,,A_23_P217763
15085,NM_003749,A_23_P53838
15086,NM_000946,A_23_P25019
15087,NM_003569,A_23_P303260
15088,NM_175876,A_23_P430165
15089,BC026168,A_23_P2409
15090,NM_013939,A_23_P50799
15091,NM_014471,A_23_P71884
15092,NM_003472,A_23_P254702
15093,NM_016277,A_23_P70794
15094,BE779590,A_23_P151956
15095,NM_023944,A_23_P108280
15096,NM_014781,A_23_P9056
15097,NM_014417,A_23_P90193
15098,NM_001233,A_23_P123071
15099,NM_005896,A_23_P5376
15100,NM_000883,A_23_P157237
15101,NM_015683,A_23_P130965
15102,NM_002930,A_23_P21443
15103,NM_000027,A_23_P7099
15104,,E1A_r60_n11
15105,AK074066,A_23_P257482
15106,NM_152606,A_23_P90542
15107,NM_015136,A_23_P32499
15108,NM_198968,A_23_P14157
15109,,A_23_P40290
15110,NM_178525,A_23_P319682
15111,NM_130803,A_23_P75453
15112,NM_144652,A_23_P348264
15113,NM_138572,A_23_P133807
15114,,A_23_P250102
15115,NM_006306,A_23_P217411
15116,NM_019886,A_23_P33833
15117,,A_23_P66371
15118,NM_014320,A_23_P19691
15119,NM_016270,A_23_P119196
15120,NM_016319,A_23_P2473
15121,NM_001218,A_23_P372234
15122,NM_014630,A_23_P140496
15123,,A_23_P124160
15124,NM_022120,A_23_P137896
15125,NM_006223,A_23_P315345
15126,NM_018154,A_23_P119254
15127,NM_016309,A_23_P124213
15128,NM_012352,A_23_P130281
15129,,A_23_P44514
15130,NM_139125,A_23_P212267
15131,NM_144673,A_23_P152234
15132,NM_006435,A_23_P105100
15133,,A_23_P69266
15134,NM_016355,A_23_P65089
15135,,A_23_P18436
15136,AB040934,A_23_P118377
15137,NM_005431,A_23_P134590
15138,NM_024522,A_23_P51376
15139,NM_001770,A_23_P251222
15140,NM_001008938,A_23_P135977
15141,NM_005386,A_23_P57002
15142,NM_002436,A_23_P171296
15143,NM_052932,A_23_P202964
15144,NM_022347,A_23_P390722
15145,NM_020170,A_23_P130894
15146,,A_23_P147735
15147,NM_012377,A_23_P108265
15148,NM_002094,A_23_P337837
15149,NM_000175,A_23_P250499
15150,NM_177398,A_23_P34690
15151,NM_004321,A_23_P395460
15152,NM_001730,A_23_P53891
15153,,
15154,NR_002605,A_23_P151337
15155,,
15156,NM_016281,A_23_P2203
15157,NM_018289,A_23_P130285
15158,NM_018140,A_23_P302654
15159,NM_006213,A_23_P304446
15160,,
15161,NM_002622,A_23_P70020
15162,,A_23_P59319
15163,,A_23_P88640
15164,NM_205859,A_23_P135039
15165,NM_022734,A_23_P205529
15166,NM_194463,A_23_P148345
15167,NM_001613,A_23_P150053
15168,,A_23_P200303
15169,NM_174892,A_23_P15369
15170,NM_001008895,A_23_P151471
15171,,A_23_P47220
15172,NM_004633,A_23_P79398
15173,AL832398,A_23_P32785
15174,NM_001652,A_23_P204712
15175,NM_005567,A_23_P15353
15176,NM_000069,A_23_P85765
15177,NM_001297,A_23_P37718
15178,NM_014691,A_23_P54330
15179,NM_003679,A_23_P200838
15180,NM_078481,A_23_P502312
15181,,A_23_P211407
15182,NM_005764,A_23_P160920
15183,,E1A_r60_n11
15184,NM_005478,A_23_P51479
15185,,A_23_P45144
15186,NM_017807,A_23_P54078
15187,NM_014173,A_23_P119715
15188,NM_018956,A_23_P32135
15189,NM_016448,A_23_P10385
15190,,A_23_P169157
15191,NM_024852,A_23_P97021
15192,NR_002776,A_23_P256694
15193,NM_013342,A_23_P27573
15194,AL136736,A_23_P70827
15195,NM_024102,A_23_P115149
15196,,
15197,NM_016237,A_23_P204448
15198,NM_022568,A_23_P214941
15199,NM_000135,A_23_P206441
15200,NM_207407,A_23_P133029
15201,NM_000547,A_23_P209918
15202,,E1A_r60_n11
15203,,A_23_P258809
15204,NM_014030,A_23_P100912
15205,NM_145659,A_23_P315320
15206,NM_004436,A_23_P200901
15207,NM_015939,A_23_P210747
15208,NM_016027,A_23_P252711
15209,NM_020309,A_23_P78750
15210,,A_23_P13535
15211,,A_23_P324459
15212,NM_016382,A_23_P85453
15213,AK057762,A_23_P337778
15214,NM_057159,A_23_P502879
15215,NM_144709,A_23_P373687
15216,NM_004210,A_23_P322562
15217,NM_173471,A_23_P169878
15218,NM_006218,A_23_P92057
15219,NM_017667,A_23_P215614
15220,,E1A_r60_3
15221,NM_014872,A_23_P216479
15222,NM_032435,A_23_P96883
15223,,A_23_P152593
15224,NM_020737,A_23_P81795
15225,NM_004240,A_23_P50349
15226,NM_145720,A_23_P370684
15227,NM_024815,A_23_P123457
15228,NM_145236,A_23_P39755
15229,,A_23_P32547
15230,NM_016356,A_23_P134160
15231,NM_152658,A_23_P433820
15232,NM_016068,A_23_P20183
15233,,A_23_P61982
15234,NM_138417,A_23_P103273
15235,NM_145173,A_23_P119728
15236,NM_007065,A_23_P130527
15237,,A_23_P150648
15238,NM_001762,A_23_P158148
15239,NM_016647,A_23_P257057
15240,NM_003440,A_23_P150841
15241,,E1A_r60_3
15242,,A_23_P147078
15243,NM_198123,A_23_P326020
15244,,
15245,NM_018248,A_23_P155711
15246,NM_005655,A_23_P168828
15247,NM_182961,A_23_P253831
15248,,A_23_P253295
15249,NM_198941,A_23_P435496
15250,NM_001875,A_23_P5300
15251,NM_003252,A_23_P161488
15252,NM_024747,A_23_P115683
15253,NM_014276,A_23_P346884
15254,NM_181877,A_23_P205885
15255,,A_23_P2032
15256,NM_006548,A_23_P250156
15257,NM_014923,A_23_P25503
15258,NM_032356,A_23_P38206
15259,NM_003463,A_23_P81770
15260,NM_014483,A_23_P10995
15261,NM_005300,A_23_P11201
15262,BC018095,A_23_P86088
15263,NM_012281,A_23_P259251
15264,NM_014112,A_23_P134755
15265,NM_052840,A_23_P140487
15266,,A_23_P8732
15267,NM_005973,A_23_P23403
15268,,A_23_P500421
15269,,
15270,NM_024649,A_23_P150267
15271,NM_032175,A_23_P213441
15272,NM_000189,A_23_P79471
15273,NM_005792,A_23_P140844
15274,NM_001014811,A_23_P116614
15275,NM_024112,A_23_P158048
15276,NM_005078,A_23_P140567
15277,,A_23_P22313
15278,NM_004703,A_23_P342759
15279,NM_030666,A_23_P214330
15280,NM_138774,A_23_P315286
15281,NM_145309,A_23_P98763
15282,NM_178812,A_23_P250196
15283,NM_139015,A_23_P162559
15284,,A_23_P158605
15285,NM_014906,A_23_P49528
15286,NM_032632,A_23_P205321
15287,NM_058170,A_23_P138226
15288,NM_144661,A_23_P1286
15289,NR_133652,A_23_P306278
15290,NM_005793,A_23_P313961
15291,NM_152901,A_23_P407614
15292,NM_000326,A_23_P163361
15293,NM_005428,A_23_P38959
15294,,A_23_P431981
15295,NM_152319,A_23_P405878
15296,NM_000494,A_23_P52323
15297,NM_005002,A_23_P76499
15298,NM_032569,A_23_P218302
15299,NM_000347,A_23_P65506
15300,BC008026,A_23_P79572
15301,,E1A_r60_n11
15302,NM_006134,A_23_P57304
15303,,A_23_P66758
15304,NM_031288,A_23_P56673
15305,NM_001875,A_23_P5300
15306,NM_024312,A_23_P204380
15307,NM_007015,A_23_P25587
15308,NM_018343,A_23_P133284
15309,,A_23_P365874
15310,NM_153336,A_23_P12866
15311,AI885636,A_23_P38978
15312,NM_000635,A_23_P50692
15313,NM_014288,A_23_P23765
15314,NM_033426,A_23_P372925
15315,NM_002524,A_23_P63189
15316,NM_014575,A_23_P257031
15317,NM_144636,A_23_P428849
15318,NM_025265,A_23_P92012
15319,NM_006977,A_23_P48626
15320,NM_176884,A_23_P371254
15321,NM_014237,A_23_P72533
15322,NM_133644,A_23_P28068
15323,NM_000136,A_23_P32021
15324,NM_005120,A_23_P73699
15325,NM_003626,A_23_P75509
15326,NM_025218,A_23_P156873
15327,AF116672,A_23_P134729
15328,NM_006217,A_23_P132826
15329,NM_000185,A_23_P6335
15330,NM_005804,A_23_P78664
15331,NM_139215,A_23_P159305
15332,NM_199235,A_23_P120131
15333,,A_23_P73270
15334,NM_024772,A_23_P161091
15335,,E1A_r60_n11
15336,NM_006379,A_23_P256473
15337,NM_016148,A_23_P208636
15338,NM_005980,A_23_P58266
15339,NM_014298,A_23_P218225
15340,NM_153634,A_23_P87556
15341,NM_013361,A_23_P108124
15342,NM_005546,A_23_P144740
15343,NM_013978,A_23_P7655
15344,NM_138805,A_23_P41145
15345,NM_170745,A_23_P355439
15346,NM_152608,A_23_P304410
15347,NM_000051,A_23_P35916
15348,NM_004745,A_23_P392314
15349,NM_002443,A_23_P75024
15350,NM_018126,A_23_P213069
15351,NM_000573,A_23_P63551
15352,NM_144575,A_23_P101972
15353,NM_006475,A_23_P205111
15354,NM_001012410,A_23_P29723
15355,NM_001060,A_23_P355471
15356,,A_23_P84169
15357,NM_020932,A_23_P114445
15358,BX538289,A_23_P58506
15359,NM_001801,A_23_P30294
15360,NM_014159,A_23_P21216
15361,NM_014048,A_23_P54556
15362,NM_020227,A_23_P7612
15363,NM_002119,A_23_P30923
15364,NM_012336,A_23_P218317
15365,NM_007029,A_23_P146274
15366,M26004,A_23_P124542
15367,NM_001025366,A_23_P81805
15368,NM_001806,A_23_P208801
15369,,
15370,NM_181900,A_23_P112927
15371,NM_020312,A_23_P14928
15372,NM_004498,A_23_P340717
15373,NM_024336,A_23_P152237
15374,AL109695,A_23_P61623
15375,NM_001001912,A_23_P117459
15376,NM_032290,A_23_P144684
15377,NM_032562,A_23_P388150
15378,NM_018452,A_23_P134026
15379,NM_002860,A_23_P1361
15380,NM_002317,A_23_P122216
15381,NM_080649,A_23_P151649
15382,NM_000135,A_23_P206441
15383,NM_007260,A_23_P96798
15384,NM_000397,A_23_P217258
15385,NM_175735,A_23_P5703
15386,NM_004042,A_23_P304304
15387,NM_173855,A_23_P332340
15388,NM_013313,A_23_P359699
15389,NM_033345,A_23_P103424
15390,,A_23_P159558
15391,NM_014236,A_23_P85777
15392,,A_23_P212131
15393,NM_030576,A_23_P26823
15394,NM_001813,A_23_P253524
15395,NM_030962,A_23_P419794
15396,NM_017770,A_23_P418555
15397,NM_018357,A_23_P117782
15398,NM_138446,A_23_P145817
15399,NM_014160,A_23_P57807
15400,NM_175886,A_23_P418516
15401,NM_198040,A_23_P423866
15402,NM_000015,A_23_P31798
15403,NM_001017373,A_23_P93524
15404,NM_021961,A_23_P429340
15405,BC069097,A_23_P49697
15406,NM_000599,A_23_P376497
15407,NM_018214,A_23_P215024
15408,,A_23_P1679
15409,NM_003890,A_23_P21495
15410,NM_000163,A_23_P156087
15411,NM_201266,A_23_P393727
15412,,
15413,NM_002611,A_23_P207517
15414,NM_173488,A_23_P92885
15415,NM_152676,A_23_P342709
15416,NM_003972,A_23_P408675
15417,NM_002791,A_23_P25735
15418,NM_012082,A_23_P168909
15419,NM_020470,A_23_P47226
15420,AL096727,A_23_P166147
15421,NM_153268,A_23_P44533
15422,NM_001005163,A_23_P24979
15423,NM_201431,A_23_P420402
15424,NM_005532,A_23_P48513
15425,NM_031273,A_23_P73637
15426,,
15427,NM_002814,A_23_P258570
15428,BC041336,A_23_P217679
15429,NM_080738,A_23_P503233
15430,,
15431,NM_153270,A_23_P428887
15432,NM_006454,A_23_P259490
15433,NM_014606,A_23_P121585
15434,NM_001006121,A_23_P171399
15435,,E1A_r60_a135
15436,NM_015370,A_23_P132237
15437,NM_003068,A_23_P169039
15438,BC006011,A_23_P63114
15439,NM_206884,A_23_P8613
15440,,A_23_P164089
15441,NM_012213,A_23_P88810
15442,NM_017527,A_23_P397285
15443,NM_024996,A_23_P155288
15444,NM_144978,A_23_P311143
15445,NM_000417,A_23_P127288
15446,NM_053052,A_23_P393607
15447,,A_23_P350719
15448,NM_017819,A_23_P166716
15449,,A_23_P72252
15450,NM_006644,A_23_P88119
15451,NM_015999,A_23_P46627
15452,NM_153028,A_23_P129587
15453,NM_144643,A_23_P18656
15454,NM_016153,A_23_P96497
15455,NM_006533,A_23_P4714
15456,NM_006706,A_23_P133365
15457,NM_032780,A_23_P203115
15458,NM_002772,A_23_P102864
15459,AF063592,A_23_P215214
15460,BE672430,A_23_P151951
15461,NM_003459,A_23_P120311
15462,NM_005641,A_23_P122876
15463,NM_178839,A_23_P131330
15464,NM_032366,A_23_P206498
15465,NM_001144,A_23_P141005
15466,NM_002494,A_23_P92362
15467,NM_003086,A_23_P20728
15468,NM_004283,A_23_P78698
15469,,
15470,NM_006994,A_23_P156596
15471,NM_024598,A_23_P206272
15472,NM_015613,A_23_P115780
15473,AL136837,A_23_P111797
15474,NM_012316,A_23_P251128
15475,NM_014463,A_23_P421563
15476,NM_030813,A_23_P75978
15477,NM_000719,A_23_P162534
15478,BU431187,A_23_P106559
15479,NM_021734,A_23_P375404
15480,NM_000944,A_23_P92623
15481,NM_024086,A_23_P153059
15482,NM_001690,A_23_P211965
15483,NM_005134,A_23_P15857
15484,BC021996,A_23_P258668
15485,NM_001746,A_23_P147185
15486,NM_080680,A_23_P42322
15487,NM_139215,A_23_P170696
15488,NM_005725,A_23_P201193
15489,NM_017907,A_23_P2114
15490,NM_001352,A_23_P130757
15491,NM_139071,A_23_P204745
15492,NM_152759,A_23_P396724
15493,,
15494,NM_018948,A_23_P46470
15495,NM_182943,A_23_P211910
15496,NM_144977,A_23_P201605
15497,NM_017847,A_23_P282
15498,BC062317,A_23_P85647
15499,NM_006948,A_23_P17602
15500,NM_000872,A_23_P1211
15501,NM_005594,A_23_P162228
15502,,
15503,NM_017847,A_23_P282
15504,NM_004343,A_23_P67288
15505,,A_23_P94020
15506,NM_001004356,A_23_P92349
15507,NM_016641,A_23_P54763
15508,NM_000803,A_23_P47709
15509,AK131087,A_23_P77697
15510,NM_024685,A_23_P95612
15511,NM_014840,A_23_P348257
15512,NM_178508,A_23_P411379
15513,NM_001143,A_23_P125856
15514,NM_001005522,A_23_P160978
15515,NM_016142,A_23_P47377
15516,,E1A_r60_a22
15517,NM_003688,A_23_P159821
15518,NM_001803,A_23_P85800
15519,NM_016327,A_23_P120822
15520,NM_031921,A_23_P74697
15521,NM_002338,A_23_P301851
15522,NM_001017990,A_23_P171267
15523,NM_001671,A_23_P118722
15524,NM_002507,A_23_P389894
15525,NM_024046,A_23_P29680
15526,NM_002242,A_23_P312752
15527,NM_021097,A_23_P119957
15528,BC030647,A_23_P337292
15529,NM_182764,A_23_P210537
15530,NM_001496,A_23_P41992
15531,NM_170744,A_23_P52336
15532,NM_001001,A_23_P25902
15533,AF116603,A_23_P252360
15534,BC033102,A_23_P9788
15535,AK098818,A_23_P341418
15536,NM_176814,A_23_P419192
15537,NM_003059,A_23_P156180
15538,NM_006219,A_23_P346969
15539,NM_013986,A_23_P91657
15540,NM_014476,A_23_P110403
15541,NM_023112,A_23_P65386
15542,NM_015310,A_23_P216167
15543,AB028952,A_23_P344531
15544,NM_017610,A_23_P77160
15545,NM_138341,A_23_P105619
15546,NM_007362,A_23_P155316
15547,NM_004813,A_23_P86810
15548,NM_015984,A_23_P148798
15549,NM_053034,A_23_P84576
15550,NM_198991,A_23_P130347
15551,NM_000249,A_23_P69058
15552,NM_017913,A_23_P20553
15553,NM_022493,A_23_P37877
15554,,A_23_P128882
15555,NM_003826,A_23_P141764
15556,NM_004756,A_23_P164726
15557,NM_139280,A_23_P38190
15558,NM_152635,A_23_P63777
15559,NM_003686,A_23_P23303
15560,NM_003101,A_23_P63319
15561,NM_003733,A_23_P139786
15562,NM_015912,A_23_P146259
15563,NM_020063,A_23_P126347
15564,NM_194317,A_23_P90704
15565,NM_134421,A_23_P5831
15566,NM_001802,A_23_P14957
15567,NM_022161,A_23_P79769
15568,NM_006285,A_23_P169178
15569,NM_201253,A_23_P12357
15570,NM_020529,A_23_P106002
15571,NM_174898,A_23_P165710
15572,NM_013234,A_23_P413208
15573,NM_003995,A_23_P123624
15574,NM_005865,A_23_P340137
15575,NM_152710,A_23_P12858
15576,NM_014902,A_23_P210419
15577,NM_006346,A_23_P411881
15578,NR_026912,A_23_P8558
15579,,
15580,NM_144660,A_23_P63873
15581,NM_003854,A_23_P56604
15582,AK056275,A_23_P354326
15583,NM_006633,A_23_P253002
15584,NM_004874,A_23_P146220
15585,,A_23_P71989
15586,NM_015490,A_23_P35564
15587,NM_016230,A_23_P30995
15588,NM_020151,A_23_P120237
15589,,E1A_r60_1
15590,NM_003280,A_23_P166823
15591,NM_152321,A_23_P139687
15592,NM_005276,A_23_P413721
15593,NM_002792,A_23_P91464
15594,NM_002602,A_23_P95783
15595,NM_014211,A_23_P328545
15596,NM_014877,A_23_P100696
15597,NM_032859,A_23_P205027
15598,,A_23_P125323
15599,NM_017582,A_23_P97423
15600,NM_014660,A_23_P134384
15601,NM_001001560,A_23_P132294
15602,NM_002600,A_23_P136104
15603,NM_024738,A_23_P13797
15604,NM_003578,A_23_P25475
15605,,A_23_P63447
15606,NM_177457,A_23_P123376
15607,NM_003161,A_23_P141329
15608,NM_030645,A_23_P426989
15609,,E1A_r60_a22
15610,BC113708,A_23_P16708
15611,NM_001333,A_23_P146456
15612,NM_133443,A_23_P37892
15613,NM_002700,A_23_P121976
15614,NM_014595,A_23_P66439
15615,,A_23_P203283
15616,,A_23_P96510
15617,,A_23_P86369
15618,NM_002811,A_23_P106741
15619,BC031990,A_23_P37386
15620,NM_016931,A_23_P47148
15621,AF113009,A_23_P88067
15622,,A_23_P257407
15623,NM_031916,A_23_P121885
15624,NM_003596,A_23_P145965
15625,AJ291678,A_23_P82795
15626,NM_152511,A_23_P143650
15627,NM_017644,A_23_P251574
15628,NM_199162,A_23_P48438
15629,NM_152723,A_23_P47715
15630,NM_014937,A_23_P35684
15631,NM_152353,A_23_P374902
15632,NM_030936,A_23_P19816
15633,NM_005086,A_23_P203920
15634,NM_015305,A_23_P363406
15635,L02932,A_23_P306730
15636,NM_001019,A_23_P49286
15637,NM_003700,A_23_P53046
15638,NM_015086,A_23_P2313
15639,NM_000679,A_23_P33326
15640,NM_001184,A_23_P124664
15641,NM_173060,A_23_P213518
15642,NM_004397,A_23_P203201
15643,NM_006100,A_23_P250800
15644,NM_016030,A_23_P256835
15645,NM_003072,A_23_P39034
15646,NM_006788,A_23_P153084
15647,NM_005805,A_23_P165691
15648,NM_000954,A_23_P146554
15649,NM_015363,A_23_P78479
15650,NM_014850,A_23_P358410
15651,AF086267,A_23_P70241
15652,NM_005184,A_23_P4944
15653,NM_003558,A_23_P43649
15654,NM_014550,A_23_P434890
15655,NM_004267,A_23_P40850
15656,NM_001009991,A_23_P168188
15657,NM_133640,A_23_P501795
15658,NM_177400,A_23_P86587
15659,NM_198236,A_23_P23421
15660,NM_004869,A_23_P50156
15661,NM_001286,A_23_P200361
15662,NM_144984,A_23_P304509
15663,,A_23_P206598
15664,NM_021640,A_23_P116797
15665,NM_144681,A_23_P402174
15666,AY326436,A_23_P75915
15667,NM_001344,A_23_P106056
15668,,A_23_P113101
15669,NM_002739,A_23_P16189
15670,BC000892,A_23_P78410
15671,NM_015892,A_23_P383986
15672,NM_018941,A_23_P253734
15673,NM_170741,A_23_P207424
15674,NM_014674,A_23_P40975
15675,NM_024627,A_23_P399726
15676,NM_005117,A_23_P52714
15677,NM_004888,A_23_P20882
15678,NM_006884,A_23_P124384
15679,NM_000337,A_23_P147647
15680,,E1A_r60_1
15681,NM_173582,A_23_P396765
15682,NM_014826,A_23_P44908
15683,NM_001105,A_23_P79218
15684,AB028979,A_23_P14369
15685,NM_205841,A_23_P92909
15686,NM_005144,A_23_P500751
15687,NM_002440,A_23_P74068
15688,NM_033641,A_23_P217379
15689,NM_145912,A_23_P17909
15690,NM_001445,A_23_P43846
15691,NM_001846,A_23_P205031
15692,NM_032580,A_23_P107394
15693,NM_021260,A_23_P128956
15694,NM_001014975,A_23_P200160
15695,NM_003451,A_23_P164706
15696,NM_000170,A_23_P123596
15697,NR_038335,A_23_P215918
15698,NM_003350,A_23_P157708
15699,NM_004220,A_23_P163747
15700,NM_032351,A_23_P113623
15701,NM_005401,A_23_P149111
15702,NM_002709,A_23_P83414
15703,NM_145011,A_23_P381577
15704,NM_014288,A_23_P23765
15705,NM_153638,A_23_P79942
15706,NM_024873,A_23_P212997
15707,NM_012062,A_23_P204324
15708,,A_23_P166068
15709,NM_012120,A_23_P156484
15710,NM_004373,A_23_P87832
15711,NM_016538,A_23_P66815
15712,,A_23_P1331
15713,NM_178813,A_23_P313652
15714,NM_003142,A_23_P154025
15715,NM_203380,A_23_P138404
15716,NM_020359,A_23_P80510
15717,NM_015201,A_23_P43800
15718,NM_020469,A_23_P112645
15719,NM_001005369,A_23_P40072
15720,NM_213621,A_23_P98399
15721,NM_020436,A_23_P109072
15722,BC028374,A_23_P160214
15723,,A_23_P208567
15724,NM_005446,A_23_P68797
15725,NM_138373,A_23_P399112
15726,NM_005185,A_23_P60617
15727,NM_054107,A_23_P157996
15728,NM_016067,A_23_P81212
15729,NM_021130,A_23_P137832
15730,NM_001315,A_23_P214696
15731,NM_033540,A_23_P253817
15732,NM_020347,A_23_P41049
15733,NM_007006,A_23_P129614
15734,AW901755,A_23_P213527
15735,NM_001005323,A_23_P1863
15736,NM_173799,A_23_P80529
15737,NM_014790,A_23_P156387
15738,,A_23_P156638
15739,,A_23_P1871
15740,NM_020428,A_23_P208340
15741,,A_23_P337726
15742,NM_003967,A_23_P255968
15743,NM_014972,A_23_P49219
15744,NM_005383,A_23_P90980
15745,NM_178234,A_23_P9006
15746,NM_001901,A_23_P19663
15747,NM_024584,A_23_P5742
15748,AK024169,A_23_P254462
15749,NM_004310,A_23_P58132
15750,NM_004368,A_23_P16673
15751,NM_000122,A_23_P5325
15752,NM_016433,A_23_P25336
15753,NM_006607,A_23_P18579
15754,NM_012403,A_23_P92524
15755,NM_032121,A_23_P148273
15756,BC032598,A_23_P35376
15757,NM_080732,A_23_P7462
15758,NM_021105,A_23_P69109
15759,NM_182617,A_23_P66328
15760,NM_002975,A_23_P153487
15761,,A_23_P105423
15762,,A_23_P399250
15763,NM_016603,A_23_P136460
15764,NM_032819,A_23_P17562
15765,NM_012227,A_23_P170873
15766,NM_021831,A_23_P154466
15767,NM_080746,A_23_P341325
15768,NM_000588,A_23_P122012
15769,NM_003114,A_23_P146066
15770,NM_006579,A_23_P171077
15771,NM_019605,A_23_P23547
15772,,A_23_P87379
15773,,E1A_r60_a22
15774,NM_003013,A_23_P81103
15775,NM_001040437,A_23_P122531
15776,NM_005872,A_23_P34930
15777,NM_003012,A_23_P10121
15778,CR749357,A_23_P92253
15779,NM_138573,A_23_P334727
15780,NM_007086,A_23_P25873
15781,NM_006545,A_23_P18267
15782,,A_23_P94220
15783,NM_033105,A_23_P8959
15784,NM_000542,A_23_P17044
15785,AF119904,A_23_P69931
15786,NM_024833,A_23_P50217
15787,NM_003566,A_23_P76159
15788,,A_23_P112794
15789,NM_015463,A_23_P329357
15790,NM_001004136,A_23_P52040
15791,NM_207373,A_23_P127167
15792,NM_002976,A_23_P90944
15793,NM_003774,A_23_P116922
15794,NM_016352,A_23_P19754
15795,NM_194328,A_23_P255851
15796,NM_024898,A_23_P78608
15797,NM_001511,A_23_P7144
15798,NM_018245,A_23_P161297
15799,NM_012400,A_23_P300100
15800,NM_020201,A_23_P3946
15801,NM_015464,A_23_P145841
15802,NM_000740,A_23_P401472
15803,NM_016097,A_23_P4474
15804,NM_004186,A_23_P6878
15805,NM_152379,A_23_P46095
15806,NM_013280,A_23_P47168
15807,NM_001887,A_23_P143621
15808,,A_23_P67135
15809,NM_025031,A_23_P168368
15810,NM_018343,A_23_P133284
15811,NM_024090,A_23_P7361
15812,NM_006358,A_23_P422783
15813,NM_016042,A_23_P123905
15814,NM_018073,A_23_P2092
15815,NM_006877,A_23_P257462
15816,NM_023921,A_23_P64888
15817,NM_006576,A_23_P390157
15818,NM_007215,A_23_P26905
15819,NM_001305,A_23_P19944
15820,NM_003502,A_23_P321834
15821,NM_003328,A_23_P302018
15822,NM_152734,A_23_P396842
15823,NM_178829,A_23_P157316
15824,NM_007031,A_23_P143512
15825,NM_022480,A_23_P65802
15826,NM_000553,A_23_P250813
15827,NM_001004469,A_23_P126031
15828,,A_23_P206648
15829,NM_001853,A_23_P40108
15830,NM_020819,A_23_P58862
15831,NM_001029,A_23_P139466
15832,NM_002854,A_23_P17844
15833,BC052597,A_23_P39050
15834,NM_015254,A_23_P95441
15835,NM_153445,A_23_P399217
15836,NM_022097,A_23_P206606
15837,NM_012272,A_23_P411922
15838,NM_002215,A_23_P18223
15839,NM_005202,A_23_P137597
15840,BC015210,A_23_P362810
15841,NM_052918,A_23_P352932
15842,NM_018140,A_23_P213772
15843,NM_052918,A_23_P47037
15844,NM_001984,A_23_P87961
15845,NM_001364,A_23_P124514
15846,NM_017585,A_23_P169249
15847,NM_181078,A_23_P206572
15848,NM_017594,A_23_P20660
15849,BC090061,A_23_P159217
15850,NM_005511,A_23_P43350
15851,NM_004289,A_23_P42718
15852,NM_004080,A_23_P61919
15853,NM_080667,A_23_P68327
15854,,A_23_P103651
15855,NM_016299,A_23_P63829
15856,NM_017437,A_23_P99837
15857,NM_178177,A_23_P57686
15858,NM_006825,A_23_P48058
15859,NM_015665,A_23_P64799
15860,NM_002586,A_23_P214658
15861,NM_033211,A_23_P122007
15862,NM_002512,A_23_P141405
15863,NM_001003787,A_23_P207148
15864,NM_178466,A_23_P363435
15865,NM_053004,A_23_P218753
15866,NM_019105,A_23_P156708
15867,,A_23_P37474
15868,NM_001215,A_23_P126002
15869,,A_23_P147334
15870,,A_23_P168456
15871,,
15872,NM_199186,A_23_P70843
15873,NM_138462,A_23_P305173
15874,,E1A_r60_n11
15875,,E1A_r60_a22
15876,BC004343,A_23_P143520
15877,NM_025065,A_23_P359616
15878,NM_003529,A_23_P111037
15879,AK057293,A_23_P147950
15880,NM_002657,A_23_P6151
15881,NM_182609,A_23_P67251
15882,BG108194,A_23_P48637
15883,NM_173631,A_23_P333592
15884,NM_004229,A_23_P21120
15885,NM_006437,A_23_P117172
15886,,A_23_P106814
15887,NM_000928,A_23_P204469
15888,AF126020,A_23_P412526
15889,NM_016929,A_23_P416774
15890,NM_001774,A_23_P142135
15891,NM_031216,A_23_P78311
15892,,A_23_P332459
15893,NM_033421,A_23_P154585
15894,NM_032557,A_23_P44734
15895,NM_001003927,A_23_P78092
15896,,
15897,NM_002023,A_23_P114883
15898,NM_015367,A_23_P102965
15899,NM_030763,A_23_P136909
15900,NM_024989,A_23_P79247
15901,NM_033417,A_23_P141965
15902,NM_018453,A_23_P128783
15903,,A_23_P353097
15904,,A_23_P206568
15905,NM_006054,A_23_P76682
15906,NM_003804,A_23_P214328
15907,NM_003399,A_23_P343193
15908,NM_052900,A_23_P157651
15909,NM_145165,A_23_P37237
15910,NM_001004702,A_23_P2077
15911,,A_23_P159733
15912,NM_001007793,A_23_P202316
15913,NM_014805,A_23_P415622
15914,NM_014782,A_23_P73750
15915,NM_173596,A_23_P98872
15916,NM_017891,A_23_P160828
15917,NM_015047,A_23_P435610
15918,,A_23_P113882
15919,NM_007149,A_23_P156615
15920,NM_173651,A_23_P148081
15921,NM_002621,A_23_P22444
15922,AF211169,A_23_P136433
15923,NM_001916,A_23_P32384
15924,NM_174873,A_23_P32348
15925,,A_23_P55787
15926,NM_031898,A_23_P207245
15927,NM_012390,A_23_P41365
15928,NM_030965,A_23_P33093
15929,NM_001141,A_23_P60627
15930,NM_003849,A_23_P79542
15931,NM_024770,A_23_P56555
15932,NM_032236,A_23_P200551
15933,NM_005066,A_23_P126925
15934,NM_003423,A_23_P5240
15935,NM_004688,A_23_P154235
15936,NM_178826,A_23_P324554
15937,NM_002407,A_23_P312300
15938,NM_012395,A_23_P145889
15939,NM_002410,A_23_P16743
15940,NM_022479,A_23_P111517
15941,NM_005102,A_23_P39718
15942,NM_000725,A_23_P204019
15943,NM_018724,A_23_P46482
15944,BC019900,A_23_P96607
15945,NM_005406,A_23_P130429
15946,NM_004354,A_23_P110122
15947,NM_032492,A_23_P6762
15948,NM_004078,A_23_P74359
15949,NM_001001974,A_23_P115792
15950,NM_014867,A_23_P94319
15951,BX647989,A_23_P127002
15952,NM_014712,A_23_P129673
15953,NM_017700,A_23_P252276
15954,NM_004649,A_23_P109333
15955,NM_130902,A_23_P158686
15956,M19503,A_23_P147365
15957,NM_178150,A_23_P12849
15958,NM_022912,A_23_P96285
15959,NM_002984,A_23_P207569
15960,NM_004617,A_23_P252432
15961,NM_016188,A_23_P145675
15962,NM_080608,A_23_P154595
15963,,A_23_P113453
15964,NM_152430,A_23_P13493
15965,NM_014233,A_23_P100772
15966,NM_014680,A_23_P207614
15967,NM_152748,A_23_P320242
15968,NM_147161,A_23_P417415
15969,NM_017919,A_23_P169358
15970,NM_004688,A_23_P154235
15971,NM_032884,A_23_P160297
15972,NM_198457,A_23_P16008
15973,NM_016081,A_23_P213102
15974,NM_017654,A_23_P219079
15975,NM_016264,A_23_P119279
15976,AF119871,A_23_P257445
15977,NM_003998,A_23_P30024
15978,NM_016374,A_23_P201951
15979,NM_173808,A_23_P169861
15980,NM_002864,A_23_P139682
15981,NM_001003954,A_23_P60006
15982,NM_018202,A_23_P170290
15983,,A_23_P75719
15984,NM_001001481,A_23_P71433
15985,NM_005122,A_23_P126698
15986,NM_032645,A_23_P86801
15987,NM_014067,A_23_P86850
15988,,
15989,NM_006412,A_23_P123774
15990,NM_153688,A_23_P3856
15991,NM_000020,A_23_P204121
15992,NM_004828,A_23_P413224
15993,NM_003510,A_23_P42220
15994,NM_004766,A_23_P91891
15995,NM_004709,A_23_P430747
15996,NM_014171,A_23_P17219
15997,NM_014730,A_23_P2554
15998,,
15999,AK091074,A_23_P351295
16000,NM_003501,A_23_P255984
16001,NM_000550,A_23_P94403
16002,NM_001004750,A_23_P47774
16003,NM_020982,A_23_P54811
16004,NM_012201,A_23_P206510
16005,,A_23_P391695
16006,NM_007163,A_23_P27353
16007,NM_003806,A_23_P25194
16008,NM_003585,A_23_P15811
16009,NM_017645,A_23_P146347
16010,BC067244,A_23_P123315
16011,NM_199261,A_23_P345746
16012,NM_022486,A_23_P216610
16013,,
16014,NM_198580,A_23_P131111
16015,,A_23_P46673
16016,NM_000381,A_23_P32838
16017,NM_000448,A_23_P360744
16018,NM_054111,A_23_P168129
16019,,A_23_P34900
16020,BC087848,A_23_P209070
16021,NM_000161,A_23_P163079
16022,NM_002528,A_23_P88901
16023,NM_005683,A_23_P322625
16024,NM_001763,A_23_P402670
16025,AL832943,A_23_P425201
16026,,E1A_r60_a22
16027,BC064553,A_23_P62040
16028,NM_003659,A_23_P154386
16029,,A_23_P11017
16030,NM_004496,A_23_P37127
16031,NM_015415,A_23_P114929
16032,NM_012102,A_23_P85414
16033,NM_015904,A_23_P218608
16034,NM_007019,A_23_P143207
16035,AF241539,A_23_P41553
16036,NM_007177,A_23_P84860
16037,NM_012163,A_23_P49181
16038,NM_003842,A_23_P169030
16039,NM_173833,A_23_P94103
16040,NM_016428,A_23_P141429
16041,NM_018035,A_23_P107795
16042,NM_024793,A_23_P77714
16043,NM_001735,A_23_P71855
16044,NM_003054,A_23_P52499
16045,AK025249,A_23_P370514
16046,,A_23_P131445
16047,NM_012418,A_23_P84496
16048,,A_23_P148236
16049,NM_016063,A_23_P122796
16050,NM_007022,A_23_P121326
16051,NM_002637,A_23_P258531
16052,NM_006843,A_23_P2645
16053,,
16054,NM_018388,A_23_P96205
16055,NM_031854,A_23_P15798
16056,NM_003968,A_23_P211840
16057,NM_001993,A_23_P126782
16058,,
16059,NM_139165,A_23_P8252
16060,NM_138463,A_23_P420417
16061,NM_001006946,A_23_P16944
16062,NM_033377,A_23_P39095
16063,NM_000247,A_23_P257516
16064,NM_016951,A_23_P206396
16065,NM_138787,A_23_P325131
16066,NM_024589,A_23_P100499
16067,NM_030790,A_23_P334123
16068,NM_020427,A_23_P400288
16069,NM_178864,A_23_P86889
16070,NM_152453,A_23_P65857
16071,,A_23_P256172
16072,S81591,A_23_P159527
16073,NM_003044,A_23_P76386
16074,NM_015355,A_23_P100883
16075,NM_175057,A_23_P168266
16076,NM_213633,A_23_P5103
16077,NM_005975,A_23_P56978
16078,NM_001950,A_23_P152218
16079,NM_025187,A_23_P206382
16080,NM_020974,A_23_P105144
16081,NM_001140,A_23_P55373
16082,NM_175060,A_23_P65388
16083,NM_030775,A_23_P53588
16084,NM_198402,A_23_P155197
16085,NM_001100,A_23_P1102
16086,NM_003757,A_23_P85560
16087,NM_002432,A_23_P137935
16088,U21044,A_23_P73083
16089,NM_001358,A_23_P69826
16090,NM_022156,A_23_P255569
16091,,A_23_P123234
16092,NM_024624,A_23_P209962
16093,NM_006207,A_23_P60148
16094,AW275058,A_23_P81567
16095,NM_014187,A_23_P206369
16096,NM_152616,A_23_P325654
16097,NM_032873,A_23_P203273
16098,NM_080829,A_23_P210577
16099,NM_000336,A_23_P26524
16100,NM_001759,A_23_P139881
16101,NM_016125,A_23_P207297
16102,NM_024666,A_23_P37545
16103,NM_176816,A_23_P432591
16104,NM_177403,A_23_P61592
16105,NM_017801,A_23_P57736
16106,NM_001005500,A_23_P117485
16107,NM_145068,A_23_P49862
16108,NM_014711,A_23_P26495
16109,NM_005142,A_23_P52974
16110,NM_004846,A_23_P165722
16111,NM_178518,A_23_P334892
16112,L25597,A_23_P313993
16113,,
16114,NM_003551,A_23_P156400
16115,NM_153695,A_23_P410625
16116,NM_000372,A_23_P35755
16117,,
16118,NM_014181,A_23_P430818
16119,NM_004614,A_23_P351679
16120,NM_014762,A_23_P217821
16121,NM_018023,A_23_P69437
16122,NM_000525,A_23_P1973
16123,NM_001275,A_23_P14595
16124,NM_016065,A_23_P97964
16125,NM_015087,A_23_P392541
16126,NM_009589,A_23_P357760
16127,AJ457067,A_23_P143461
16128,NM_052966,A_23_P421326
16129,NM_001404,A_23_P13344
16130,NM_014619,A_23_P116249
16131,NM_003938,A_23_P108135
16132,NM_024602,A_23_P149216
16133,NM_173499,A_23_P374868
16134,NM_014603,A_23_P3963
16135,NM_000705,A_23_P32308
16136,NM_018301,A_23_P217243
16137,NM_017422,A_23_P43841
16138,,A_23_P206718
16139,NM_152379,A_23_P46095
16140,,
16141,NM_013448,A_23_P76799
16142,AK126092,A_23_P253181
16143,NM_177531,A_23_P94156
16144,NM_015318,A_23_P50357
16145,,A_23_P20148
16146,NM_003769,A_23_P377928
16147,NM_139249,A_23_P416234
16148,NM_003221,A_23_P145104
16149,NM_001835,A_23_P132166
16150,NM_014636,A_23_P146697
16151,NM_002199,A_23_P136473
16152,NM_004248,A_23_P97947
16153,NM_001826,A_23_P45917
16154,NM_021962,A_23_P503182
16155,NM_007086,A_23_P25873
16156,,A_23_P136155
16157,NM_016310,A_23_P152297
16158,NM_004246,A_23_P141309
16159,NM_002858,A_23_P74790
16160,NM_018208,A_23_P200707
16161,NM_002180,A_23_P393713
16162,,A_23_P20328
16163,AA837799,A_23_P211468
16164,NM_024509,A_23_P50775
16165,NM_006714,A_23_P72117
16166,,A_23_P30411
16167,NM_030762,A_23_P139500
16168,NM_174902,A_23_P349991
16169,NM_001079,A_23_P39682
16170,NM_016548,A_23_P146506
16171,NM_033106,A_23_P39171
16172,NM_199297,A_23_P24633
16173,NM_153240,A_23_P328652
16174,NM_005398,A_23_P35414
16175,NM_153266,A_23_P354217
16176,NM_002479,A_23_P160438
16177,NM_003625,A_23_P402936
16178,NM_015027,A_23_P147845
16179,,E1A_r60_a135
16180,NM_153226,A_23_P390032
16181,,E1A_r60_a97
16182,,A_23_P417294
16183,NM_003294,A_23_P54546
16184,,E1A_r60_a104
16185,NM_139166,A_23_P313482
16186,NM_001748,A_23_P23924
16187,AY358510,A_23_P141597
16188,,A_23_P116337
16189,AK127234,A_23_P418312
16190,NM_152762,A_23_P306845
16191,NM_003108,A_23_P22378
16192,NM_021163,A_23_P123242
16193,NM_001010848,A_23_P257523
16194,NM_002249,A_23_P126167
16195,NM_030662,A_23_P208839
16196,NM_014300,A_23_P380917
16197,NM_030796,A_23_P168211
16198,NM_170692,A_23_P502746
16199,NM_004000,A_23_P12082
16200,NM_018639,A_23_P259272
16201,NM_005665,A_23_P34943
16202,NM_032648,A_23_P96950
16203,NM_017451,A_23_P315836
16204,AK024389,A_23_P77468
16205,AK098064,A_23_P69770
16206,NM_152286,A_23_P43455
16207,NM_207318,A_23_P45294
16208,NM_016506,A_23_P202693
16209,NM_014585,A_23_P102391
16210,NM_173491,A_23_P368194
16211,,E1A_r60_1
16212,NM_031305,A_23_P110151
16213,NM_144679,A_23_P301340
16214,NM_021158,A_23_P210690
16215,NM_133439,A_23_P66664
16216,NM_032239,A_23_P353744
16217,NM_175737,A_23_P350617
16218,NM_014305,A_23_P65217
16219,,
16220,NM_005573,A_23_P258493
16221,NM_020632,A_23_P215111
16222,NM_013372,A_23_P432945
16223,NM_004310,A_23_P58132
16224,BC084557,A_23_P335190
16225,NM_032309,A_23_P154279
16226,NM_018942,A_23_P72924
16227,NM_030787,A_23_P23754
16228,NM_001015049,A_23_P37076
16229,NM_002759,A_23_P142750
16230,NM_004773,A_23_P4208
16231,NM_152905,A_23_P356624
16232,NM_004075,A_23_P36665
16233,NM_153348,A_23_P48267
16234,NM_004056,A_23_P83838
16235,NM_000914,A_23_P145480
16236,NM_177963,A_23_P424645
16237,NM_153456,A_23_P32629
16238,NM_175874,A_23_P364544
16239,NM_002845,A_23_P159255
16240,AK094877,A_23_P346389
16241,NM_002740,A_23_P18392
16242,NM_030906,A_23_P127915
16243,NM_004468,A_23_P114839
16244,NM_018019,A_23_P66402
16245,,
16246,NM_033119,A_23_P429449
16247,NM_001008390,A_23_P363156
16248,NM_021204,A_23_P121806
16249,NM_022802,A_23_P63897
16250,NM_152572,A_23_P83200
16251,NM_024884,A_23_P106158
16252,NM_024327,A_23_P426545
16253,,A_23_P154442
16254,,A_23_P209251
16255,NM_178134,A_23_P913
16256,NM_052845,A_23_P2537
16257,S75463,A_23_P45074
16258,NM_015368,A_23_P47155
16259,NM_152740,A_23_P335428
16260,NM_018390,A_23_P61180
16261,NM_020978,A_23_P35006
16262,NM_006901,A_23_P205841
16263,NM_012224,A_23_P124427
16264,NM_003217,A_23_P204702
16265,NM_152605,A_23_P419786
16266,NM_144690,A_23_P395464
16267,NM_017859,A_23_P17326
16268,NM_024607,A_23_P216199
16269,NM_020536,A_23_P501435
16270,NM_014400,A_23_P39265
16271,NM_198679,A_23_P391764
16272,NM_020726,A_23_P133217
16273,NM_152337,A_23_P410700
16274,NM_018283,A_23_P105768
16275,NM_014431,A_23_P161481
16276,,E1A_r60_a135
16277,NM_002168,A_23_P129204
16278,NM_000030,A_23_P83590
16279,NM_130767,A_23_P44207
16280,NM_001015885,A_23_P346206
16281,NM_001004751,A_23_P24898
16282,NM_004140,A_23_P130266
16283,,A_23_P74368
16284,NM_003378,A_23_P352905
16285,BC027875,A_23_P106952
16286,NM_002930,A_23_P10045
16287,NM_172138,A_23_P409438
16288,NM_176810,A_23_P399834
16289,NM_015421,A_23_P26684
16290,NM_014932,A_23_P18123
16291,NM_003853,A_23_P28334
16292,NM_207348,A_23_P34859
16293,NM_018129,A_23_P89708
16294,NM_020175,A_23_P325542
16295,NM_020995,A_23_P421493
16296,NM_012265,A_23_P155009
16297,AK074458,A_23_P379636
16298,NM_012170,A_23_P65870
16299,NM_031275,A_23_P150362
16300,,A_23_P153005
16301,NM_178822,A_23_P333683
16302,NM_022746,A_23_P137654
16303,NM_015092,A_23_P26358
16304,NM_018896,A_23_P107247
16305,NM_005069,A_23_P211119
16306,NM_004557,A_23_P365614
16307,NM_001079,A_23_P39682
16308,,A_23_P351800
16309,NM_000143,A_23_P34733
16310,NM_173575,A_23_P202469
16311,NM_005288,A_23_P48320
16312,NM_003534,A_23_P42198
16313,NM_003296,A_23_P110935
16314,NM_001001919,A_23_P169207
16315,NM_173802,A_23_P404115
16316,,A_23_P82783
16317,NM_030820,A_23_P31124
16318,NM_018950,A_23_P145264
16319,NM_152719,A_23_P338469
16320,NM_015608,A_23_P1403
16321,AF090926,A_23_P49690
16322,NM_174934,A_23_P303833
16323,AB033027,A_23_P47386
16324,NM_003323,A_23_P55957
16325,NM_001928,A_23_P119562
16326,AK025201,A_23_P214425
16327,NM_032728,A_23_P157736
16328,NM_145257,A_23_P366908
16329,NM_012206,A_23_P347610
16330,NM_032476,A_23_P102890
16331,NM_001388,A_23_P141656
16332,NM_005328,A_23_P10205
16333,BC091515,A_23_P353436
16334,NM_002721,A_23_P355385
16335,AF085654,A_23_P343899
16336,NM_004831,A_23_P317854
16337,NM_002625,A_23_P96362
16338,,A_23_P435649
16339,NM_000661,A_23_P7066
16340,,A_23_P211109
16341,NM_153692,A_23_P44421
16342,NM_005374,A_23_P207325
16343,NM_001024613,A_23_P20158
16344,BC029292,A_23_P42768
16345,NM_032750,A_23_P155417
16346,NM_001011553,A_23_P8481
16347,NM_032977,A_23_P108480
16348,NM_000257,A_23_P205462
16349,NM_130794,A_23_P120588
16350,NM_006732,A_23_P153281
16351,NM_016220,A_23_P45087
16352,NM_020159,A_23_P213255
16353,NM_001033,A_23_P87351
16354,NM_006924,A_23_P49517
16355,AK126139,A_23_P201227
16356,NM_006636,A_23_P120315
16357,NM_014804,A_23_P89543
16358,NM_006716,A_23_P254612
16359,AB007937,A_23_P74878
16360,NM_206996,A_23_P34719
16361,NM_033453,A_23_P68529
16362,X66087,A_23_P43157
16363,,A_23_P258592
16364,NM_002849,A_23_P47924
16365,S75295,A_23_P351063
16366,NM_138711,A_23_P252062
16367,NM_054024,A_23_P117387
16368,NM_032656,A_23_P13914
16369,NM_003608,A_23_P14564
16370,NM_002258,A_23_P99275
16371,BC016138,A_23_P62159
16372,NM_000507,A_23_P257111
16373,NM_004644,A_23_P77301
16374,NM_020452,A_23_P138011
16375,CA430593,A_23_P122265
16376,NM_153710,A_23_P216724
16377,NM_002513,A_23_P152115
16378,NM_020319,A_23_P20002
16379,,A_23_P253208
16380,NM_012224,A_23_P259801
16381,NM_005448,A_23_P11107
16382,NM_018652,A_23_P100065
16383,NM_002669,A_23_P84775
16384,NM_139279,A_23_P120270
16385,NM_001005324,A_23_P36112
16386,,A_23_P205855
16387,NM_017953,A_23_P201396
16388,NM_178857,A_23_P309396
16389,BC008936,A_23_P90508
16390,NM_005692,A_23_P215175
16391,NM_015414,A_23_P153381
16392,AF305836,A_23_P300847
16393,,A_23_P503042
16394,NM_001015880,A_23_P104492
16395,NM_014764,A_23_P40025
16396,,A_23_P105105
16397,NM_021257,A_23_P140375
16398,NM_001005198,A_23_P395326
16399,NM_020673,A_23_P79889
16400,NM_014822,A_23_P159382
16401,NM_012421,A_23_P126037
16402,NM_152688,A_23_P366453
16403,NM_022469,A_23_P329821
16404,NM_018049,A_23_P27873
16405,,A_23_P75585
16406,NM_033060,A_23_P10934
16407,,
16408,NM_005146,A_23_P86884
16409,NM_153251,A_23_P99397
16410,NR_002809,A_23_P435672
16411,NM_138386,A_23_P58298
16412,NM_005339,A_23_P155677
16413,NM_002806,A_23_P128930
16414,NM_001004450,A_23_P146611
16415,NM_017863,A_23_P96633
16416,NM_017641,A_23_P113462
16417,NM_006590,A_23_P120094
16418,,
16419,,
16420,NM_016509,A_23_P48207
16421,,E1A_r60_a135
16422,NM_005429,A_23_P167096
16423,NM_170587,A_23_P61236
16424,NM_004118,A_23_P143385
16425,NM_175605,A_23_P48339
16426,NM_000676,A_23_P55477
16427,AF242772,A_23_P103269
16428,NM_020982,A_23_P351138
16429,NM_016184,A_23_P48029
16430,NM_006837,A_23_P71419
16431,NM_199173,A_23_P160638
16432,NM_020314,A_23_P37897
16433,NM_007280,A_23_P379614
16434,NM_003379,A_23_P19590
16435,NM_005507,A_23_P35815
16436,NM_006670,A_23_P59261
16437,,A_23_P146981
16438,NM_024922,A_23_P218247
16439,,A_23_P33277
16440,NM_005611,A_23_P26413
16441,AK125985,A_23_P6149
16442,NM_001012421,A_23_P77258
16443,,A_23_P6252
16444,NM_001005512,A_23_P116496
16445,NM_001001667,A_23_P168714
16446,NM_001260,A_23_P128572
16447,NM_021239,A_23_P99762
16448,NM_004422,A_23_P55342
16449,NM_006512,A_23_P87238
16450,NM_003211,A_23_P204579
16451,NM_006378,A_23_P147907
16452,NM_032293,A_23_P83320
16453,NM_020699,A_23_P12320
16454,CD690854,A_23_P259561
16455,NM_198584,A_23_P148006
16456,NM_005282,A_23_P357284
16457,NM_023928,A_23_P204395
16458,NM_002981,A_23_P49759
16459,NM_001719,A_23_P68488
16460,,A_23_P72930
16461,NM_024031,A_23_P49406
16462,NM_015888,A_23_P114872
16463,NM_145034,A_23_P336644
16464,NM_002027,A_23_P24926
16465,NM_018651,A_23_P253921
16466,NM_178443,A_23_P64038
16467,,E1A_r60_3
16468,AL137442,A_23_P68505
16469,NM_006982,A_23_P95200
16470,,A_23_P431734
16471,NM_178568,A_23_P432056
16472,NM_004542,A_23_P208540
16473,,A_23_P92072
16474,,A_23_P17587
16475,BC019107,A_23_P155430
16476,NM_001011663,A_23_P115702
16477,NM_002250,A_23_P67529
16478,NM_005806,A_23_P211079
16479,NM_004474,A_23_P413585
16480,NM_152219,A_23_P427754
16481,NM_020416,A_23_P155660
16482,,A_23_P91669
16483,NM_001004730,A_23_P13273
16484,NM_152731,A_23_P333658
16485,NM_005589,A_23_P128967
16486,,A_23_P304395
16487,NM_001620,A_23_P127789
16488,BM717675,A_23_P165541
16489,NM_002763,A_23_P137634
16490,NM_023068,A_23_P301962
16491,NM_012385,A_23_P100362
16492,NM_002134,A_23_P100501
16493,NM_005493,A_23_P59268
16494,NM_002116,A_23_P168037
16495,NM_013292,A_23_P258606
16496,NM_152902,A_23_P327426
16497,NM_001431,A_23_P122717
16498,NM_148976,A_23_P150286
16499,NM_004380,A_23_P163850
16500,NM_012451,A_23_P164927
16501,NM_016540,A_23_P354889
16502,,A_23_P204536
16503,NM_030572,A_23_P322083
16504,NM_023924,A_23_P19004
16505,,A_23_P29083
16506,AK023606,A_23_P137786
16507,NM_001197,A_23_P103163
16508,NM_002972,A_23_P109606
16509,NM_004803,A_23_P132730
16510,NM_017865,A_23_P170978
16511,NM_000749,A_23_P123424
16512,NM_001051,A_23_P68910
16513,NM_006812,A_23_P203790
16514,NM_021819,A_23_P140630
16515,NM_005133,A_23_P35838
16516,NM_016543,A_23_P50182
16517,NM_000717,A_23_P4096
16518,,
16519,NM_015444,A_23_P369899
16520,NM_032380,A_23_P213431
16521,NM_139076,A_23_P253464
16522,X84195,A_23_P159421
16523,NM_021020,A_23_P20446
16524,NM_020124,A_23_P310372
16525,NM_015191,A_23_P138957
16526,NM_018111,A_23_P153521
16527,NM_016058,A_23_P5757
16528,NM_006368,A_23_P423384
16529,NM_000153,A_23_P25964
16530,NM_014962,A_23_P102759
16531,,
16532,NM_130439,A_23_P161399
16533,BC110287,A_23_P20959
16534,NM_006367,A_23_P148901
16535,NM_005275,A_23_P145288
16536,,E1A_r60_a107
16537,NM_014678,A_23_P95353
16538,NM_178820,A_23_P108281
16539,NM_032410,A_23_P216080
16540,NM_175068,A_23_P105453
16541,AK091801,A_23_P207541
16542,NM_003647,A_23_P141163
16543,NM_015230,A_23_P148037
16544,NM_006948,A_23_P17602
16545,NM_178570,A_23_P360413
16546,NM_133376,A_23_P104193
16547,NM_006506,A_23_P91964
16548,NM_016233,A_23_P126869
16549,NM_139167,A_23_P373584
16550,AK001243,A_23_P124805
16551,BC067244,A_23_P123315
16552,,A_23_P37333
16553,NM_006893,A_23_P115343
16554,AK023683,A_23_P18479
16555,NM_017769,A_23_P99604
16556,,A_23_P21293
16557,NM_013392,A_23_P165442
16558,NM_003095,A_23_P117068
16559,NM_181501,A_23_P256332
16560,NM_006214,A_23_P115919
16561,NM_014338,A_23_P143657
16562,AK024850,A_23_P108437
16563,U02019,A_23_P44886
16564,NM_014406,A_23_P29103
16565,AK021777,A_23_P19102
16566,NM_003518,A_23_P382694
16567,NM_031889,A_23_P212924
16568,BC010607,A_23_P417282
16569,NM_005558,A_23_P415510
16570,NM_014600,A_23_P79251
16571,NM_004286,A_23_P91734
16572,NM_052957,A_23_P171237
16573,NM_018365,A_23_P3302
16574,NM_020443,A_23_P103561
16575,NM_004192,A_23_P170927
16576,NM_032356,A_23_P358555
16577,NM_001621,A_23_P215566
16578,NM_014943,A_23_P168946
16579,NM_006830,A_23_P56314
16580,,A_23_P121320
16581,BC054888,A_23_P210981
16582,NM_017526,A_23_P1126
16583,,A_23_P426454
16584,NM_005170,A_23_P105088
16585,NM_019609,A_23_P6066
16586,NM_004230,A_23_P16089
16587,NM_014895,A_23_P145424
16588,NM_016586,A_23_P2922
16589,CN414359,A_23_P19847
16590,NM_178434,A_23_P405295
16591,NM_003671,A_23_P367036
16592,NM_152630,A_23_P402919
16593,NM_030815,A_23_P166159
16594,NM_016306,A_23_P166899
16595,NM_177559,A_23_P40248
16596,,A_23_P377860
16597,NM_003434,A_23_P154730
16598,NM_018488,A_23_P4443
16599,BC012048,A_23_P376439
16600,NM_014824,A_23_P203597
16601,NM_014373,A_23_P167005
16602,NM_153338,A_23_P66774
16603,NM_006546,A_23_P83498
16604,NM_013401,A_23_P75802
16605,NM_001499,A_23_P258367
16606,,E1A_r60_a20
16607,AB018258,A_23_P122098
16608,NM_018843,A_23_P71117
16609,NM_001989,A_23_P19902
16610,NM_018696,A_23_P15942
16611,NM_016536,A_23_P108342
16612,NM_174959,A_23_P307860
16613,NR_002763,A_23_P16694
16614,NM_003553,A_23_P101073
16615,AB002370,A_23_P61854
16616,NM_000289,A_23_P170848
16617,NM_153035,A_23_P348281
16618,NM_012464,A_23_P427645
16619,NM_182896,A_23_P10081
16620,NM_178470,A_23_P11095
16621,NM_033632,A_23_P81153
16622,NM_002834,A_23_P99027
16623,NM_020794,A_23_P160273
16624,NM_173179,A_23_P68452
16625,,A_23_P108157
16626,NM_005107,A_23_P250714
16627,NM_005860,A_23_P209160
16628,NM_017623,A_23_P113405
16629,,A_23_P136470
16630,NM_000117,A_23_P85171
16631,NM_004289,A_23_P42718
16632,AF061118,A_23_P108775
16633,NM_018448,A_23_P25137
16634,NM_001948,A_23_P88484
16635,NM_001126,A_23_P201432
16636,NM_033100,A_23_P149946
16637,NM_145740,A_23_P135417
16638,NM_182791,A_23_P77178
16639,NM_005561,A_23_P162846
16640,NM_138819,A_23_P340188
16641,,E1A_r60_1
16642,NM_000998,A_23_P142726
16643,,E1A_r60_n9
16644,NM_020442,A_23_P111112
16645,NM_005362,A_23_P62095
16646,NM_021237,A_23_P364517
16647,NM_002514,A_23_P82929
16648,NM_201269,A_23_P358857
16649,NM_015934,A_23_P154447
16650,NM_003676,A_23_P126186
16651,NR_003064,A_23_P4245
16652,NM_032184,A_23_P839
16653,NM_001035,A_23_P137797
16654,NM_006582,A_23_P137586
16655,,
16656,NM_001353,A_23_P1307
16657,NM_000816,A_23_P213920
16658,NM_014386,A_23_P122152
16659,NM_002456,A_23_P137856
16660,NM_015986,A_23_P207829
16661,NM_006773,A_23_P56865
16662,NM_006080,A_23_P250853
16663,,A_23_P53193
16664,AX721203,A_23_P84795
16665,NM_017832,A_23_P216564
16666,NM_012198,A_23_P28485
16667,,E1A_r60_a20
16668,NM_000519,A_23_P87346
16669,NM_014708,A_23_P136817
16670,NM_205860,A_23_P160996
16671,,
16672,,A_23_P211273
16673,NM_013289,A_23_P67437
16674,NM_019845,A_23_P5365
16675,NM_015697,A_23_P113482
16676,NM_003986,A_23_P127495
16677,NM_001005180,A_23_P139244
16678,NM_138346,A_23_P352358
16679,NM_006751,A_23_P102060
16680,NM_032189,A_23_P105908
16681,NM_006871,A_23_P14559
16682,NM_001675,A_23_P120940
16683,NM_005439,A_23_P13872
16684,BQ017534,A_23_P127809
16685,NM_021727,A_23_P64399
16686,NM_032753,A_23_P56150
16687,NM_006275,A_23_P109019
16688,NM_173554,A_23_P314778
16689,NM_019604,A_23_P305092
16690,AK000719,A_23_P42684
16691,NM_002579,A_23_P208991
16692,NM_170610,A_23_P323821
16693,AF151046,A_23_P57801
16694,NM_024604,A_23_P2683
16695,NM_003667,A_23_P98979
16696,NM_032528,A_23_P429425
16697,NM_021078,A_23_P66608
16698,NM_152574,A_23_P390097
16699,,A_23_P80200
16700,NM_031961,A_23_P89646
16701,NM_002520,A_23_P214037
16702,NM_138358,A_23_P310532
16703,CR744026,A_23_P49949
16704,NM_024624,A_23_P209962
16705,,A_23_P133058
16706,NM_001005177,A_23_P139289
16707,NM_006933,A_23_P109308
16708,NM_199002,A_23_P101321
16709,NM_032014,A_23_P42884
16710,NM_001206,A_23_P135139
16711,NM_020223,A_23_P250122
16712,NM_058163,A_23_P414269
16713,AF227517,A_23_P170110
16714,AY358800,A_23_P9648
16715,NM_006854,A_23_P19938
16716,NM_001004320,A_23_P136116
16717,NM_001005487,A_23_P74976
16718,NM_032350,A_23_P134477
16719,NM_152510,A_23_P428366
16720,NM_002435,A_23_P60585
16721,NM_002054,A_23_P254664
16722,NM_006727,A_23_P144654
16723,AL390130,A_23_P151525
16724,,E1A_r60_a20
16725,NM_152781,A_23_P430788
16726,NM_017778,A_23_P216132
16727,NM_002823,A_23_P210283
16728,NM_017453,A_23_P57059
16729,NM_152852,A_23_P203376
16730,BC051304,A_23_P209596
16731,NM_002086,A_23_P418537
16732,NM_003966,A_23_P213415
16733,NM_174911,A_23_P428748
16734,,A_23_P80700
16735,,A_23_P70683
16736,,A_23_P41066
16737,,A_23_P95599
16738,NM_006963,A_23_P384512
16739,NM_178471,A_23_P21425
16740,AK125681,A_23_P4931
16741,BC080558,A_23_P256965
16742,NM_004690,A_23_P366230
16743,NM_138458,A_23_P348867
16744,NM_013275,A_23_P163639
16745,NM_018188,A_23_P201357
16746,AL050003,A_23_P76841
16747,NM_001040446,A_23_P250769
16748,NM_014892,A_23_P111303
16749,NM_005775,A_23_P168892
16750,NM_006195,A_23_P71821
16751,NM_152911,A_23_P385771
16752,,E1A_r60_n11
16753,NM_032028,A_23_P427136
16754,NM_019098,A_23_P216376
16755,NM_001561,A_23_P51936
16756,NM_005574,A_23_P53126
16757,NM_018146,A_23_P135357
16758,NM_000208,A_23_P4764
16759,NM_153334,A_23_P132185
16760,,
16761,NM_007277,A_23_P93040
16762,NM_006106,A_23_P104762
16763,NM_152326,A_23_P307525
16764,NM_000965,A_23_P211888
16765,NM_001033567,A_23_P89492
16766,,A_23_P218275
16767,NM_003051,A_23_P126825
16768,NM_001900,A_23_P113506
16769,NM_018407,A_23_P59926
16770,NM_004040,A_23_P51136
16771,NM_016045,A_23_P210658
16772,AK056825,A_23_P250747
16773,NM_021706,A_23_P209135
16774,NM_005052,A_23_P336408
16775,NM_013257,A_23_P20357
16776,NM_001005920,A_23_P15073
16777,NM_015853,A_23_P98605
16778,,A_23_P216038
16779,NM_012322,A_23_P93750
16780,NM_000719,A_23_P373025
16781,,A_23_P161144
16782,NM_021977,A_23_P19733
16783,NM_031892,A_23_P374777
16784,NM_015399,A_23_P75500
16785,NM_032383,A_23_P40821
16786,NM_030774,A_23_P139327
16787,NM_031438,A_23_P259090
16788,NM_007240,A_23_P51508
16789,,
16790,NM_006557,A_23_P146517
16791,NM_173475,A_23_P367044
16792,BC063385,A_23_P258504
16793,NM_018394,A_23_P92213
16794,NM_207013,A_23_P312181
16795,,A_23_P61860
16796,L03426,A_23_P158201
16797,AL831922,A_23_P212034
16798,NM_153207,A_23_P116913
16799,NM_002524,A_23_P63189
16800,NM_000867,A_23_P16953
16801,,A_23_P148571
16802,NM_006366,A_23_P156417
16803,NM_014815,A_23_P136148
16804,NM_001076,A_23_P58407
16805,AF152351,A_23_P60943
16806,NM_022066,A_23_P206950
16807,NM_133374,A_23_P43675
16808,NM_001923,A_23_P258246
16809,NM_002291,A_23_P94030
16810,NM_032740,A_23_P5566
16811,NM_015652,A_23_P115838
16812,NM_006433,A_23_P209954
16813,,E1A_r60_a97
16814,NM_015216,A_23_P213661
16815,NM_198516,A_23_P139418
16816,BC031881,A_23_P170116
16817,NM_022096,A_23_P256047
16818,NM_003140,A_23_P85265
16819,NM_020348,A_23_P46947
16820,AK093036,A_23_P208198
16821,NM_000813,A_23_P19042
16822,NM_002567,A_23_P13609
16823,NM_002940,A_23_P41380
16824,NM_144705,A_23_P323290
16825,,A_23_P25905
16826,NM_033549,A_23_P167521
16827,NM_130459,A_23_P60534
16828,NM_004332,A_23_P42087
16829,NM_130808,A_23_P327551
16830,NM_032204,A_23_P143636
16831,,
16832,NM_138389,A_23_P132914
16833,NM_175064,A_23_P425963
16834,NM_183009,A_23_P215980
16835,NM_005389,A_23_P252866
16836,,A_23_P423462
16837,NM_018256,A_23_P28625
16838,AK023286,A_23_P53329
16839,BE531123,A_23_P158897
16840,NM_002017,A_23_P138915
16841,NM_032017,A_23_P74229
16842,,
16843,NM_153631,A_23_P111571
16844,NM_032329,A_23_P135595
16845,NM_003269,A_23_P338372
16846,,A_23_P1707
16847,NM_024779,A_23_P162199
16848,,A_23_P8293
16849,NM_004730,A_23_P133573
16850,NM_020379,A_23_P103601
16851,NM_001010935,A_23_P51746
16852,NM_003540,A_23_P359540
16853,NM_004603,A_23_P82420
16854,NM_000531,A_23_P257355
16855,NM_000088,A_23_P207521
16856,NM_017825,A_23_P34568
16857,NM_021029,A_23_P217609
16858,NM_004942,A_23_P157628
16859,,A_23_P168500
16860,NM_005946,A_23_P54840
16861,,E1A_r60_n11
16862,NM_017946,A_23_P215341
16863,NM_000193,A_23_P111657
16864,,A_23_P205724
16865,NM_006958,A_23_P168864
16866,,A_23_P334807
16867,NM_198391,A_23_P166109
16868,,A_23_P1331
16869,NM_001029859,A_23_P84555
16870,AB046810,A_23_P28906
16871,NM_016448,A_23_P10385
16872,NM_001004472,A_23_P708
16873,,A_23_P144211
16874,NM_018078,A_23_P7253
16875,NM_001830,A_23_P217748
16876,NM_147204,A_23_P139767
16877,NM_032667,A_23_P150566
16878,NM_001299,A_23_P125233
16879,NM_001586,A_23_P257936
16880,NM_006533,A_23_P4714
16881,NM_005410,A_23_P121926
16882,NM_006777,A_23_P96483
16883,NM_001003408,A_23_P202520
16884,NM_145018,A_23_P429491
16885,NM_198173,A_23_P52067
16886,NM_181672,A_23_P219214
16887,NM_152390,A_23_P142738
16888,AK026765,A_23_P70359
16889,NM_014795,A_23_P142560
16890,NM_147128,A_23_P325010
16891,NM_000939,A_23_P5875
16892,NM_005864,A_23_P48561
16893,NM_000639,A_23_P97646
16894,NM_004898,A_23_P419038
16895,,A_23_P93110
16896,NM_020677,A_23_P26649
16897,NM_021133,A_23_P390172
16898,NM_004724,A_23_P64204
16899,,
16900,NM_148902,A_23_P12215
16901,NM_017910,A_23_P259823
16902,NM_153343,A_23_P121813
16903,NM_014738,A_23_P32643
16904,NM_002426,A_23_P340698
16905,NM_020401,A_23_P14062
16906,NM_178564,A_23_P112885
16907,NM_178439,A_23_P28375
16908,NM_016074,A_23_P46507
16909,NM_015161,A_23_P118142
16910,NM_004440,A_23_P7835
16911,NM_002397,A_23_P320739
16912,NM_004562,A_23_P136077
16913,NM_014604,A_23_P38468
16914,NM_016046,A_23_P35591
16915,NM_001080518,A_23_P35624
16916,NM_138376,A_23_P88280
16917,NM_012092,A_23_P108893
16918,NM_030955,A_23_P44648
16919,NM_000910,A_23_P58169
16920,NM_015245,A_23_P156748
16921,NM_153756,A_23_P420326
16922,NM_007173,A_23_P150789
16923,NM_001029882,A_23_P115331
16924,NM_033439,A_23_P31945
16925,NM_001010857,A_23_P51307
16926,,A_23_P42331
16927,NM_015184,A_23_P80594
16928,NM_170725,A_23_P334777
16929,,E1A_r60_a135
16930,NM_004433,A_23_P104188
16931,NM_003824,A_23_P86917
16932,NM_004604,A_23_P73053
16933,NM_203288,A_23_P255216
16934,NM_002571,A_23_P257129
16935,NM_015247,A_23_P65988
16936,NM_006711,A_23_P152268
16937,,A_23_P96328
16938,,A_23_P147505
16939,NM_003590,A_23_P209288
16940,,
16941,NM_017418,A_23_P146486
16942,NM_053017,A_23_P75963
16943,NM_017633,A_23_P70660
16944,NM_022785,A_23_P68978
16945,NM_017672,A_23_P88470
16946,NM_153606,A_23_P354288
16947,AK057346,A_23_P406478
16948,NM_006602,A_23_P143147
16949,NM_006622,A_23_P30254
16950,,A_23_P10605
16951,NM_003706,A_23_P50508
16952,BC016336,A_23_P70458
16953,NM_004819,A_23_P78808
16954,,A_23_P135826
16955,NM_012118,A_23_P144338
16956,,A_23_P135863
16957,NM_031941,A_23_P61732
16958,NM_014521,A_23_P79259
16959,NM_004570,A_23_P76320
16960,NM_006063,A_23_P17190
16961,NM_138801,A_23_P67971
16962,,A_23_P207400
16963,NM_153712,A_23_P361482
16964,NM_006929,A_23_P168078
16965,NM_006890,A_23_P130579
16966,NM_016089,A_23_P110031
16967,NM_003629,A_23_P22970
16968,,A_23_P15838
16969,NM_080723,A_23_P255616
16970,NM_002271,A_23_P205007
16971,NM_020353,A_23_P91912
16972,NM_004284,A_23_P51297
16973,NM_002318,A_23_P111995
16974,NM_004877,A_23_P208866
16975,NM_019855,A_23_P21747
16976,NM_007371,A_23_P216689
16977,NM_001003690,A_23_P93199
16978,AL136717,A_23_P114616
16979,,A_23_P37257
16980,NM_001240,A_23_P87576
16981,NM_004619,A_23_P201731
16982,BX537905,A_23_P387691
16983,NM_024515,A_23_P159071
16984,NM_016050,A_23_P116096
16985,NM_005286,A_23_P40334
16986,CR749534,A_23_P135817
16987,NM_014393,A_23_P33153
16988,,A_23_P88984
16989,NM_012140,A_23_P158207
16990,NM_001899,A_23_P166137
16991,AK024611,A_23_P256618
16992,NM_016172,A_23_P60324
16993,NM_014485,A_23_P10506
16994,NM_032330,A_23_P152406
16995,NM_012423,A_23_P90143
16996,NM_002633,A_23_P52031
16997,NM_181507,A_23_P98631
16998,NM_021973,A_23_P373521
16999,NM_024070,A_23_P8424
17000,NM_004865,A_23_P168276
17001,NM_000099,A_23_P154745
17002,NM_017856,A_23_P96461
17003,NM_018131,A_23_P115872
17004,NM_033118,A_23_P80008
17005,NM_007227,A_23_P131534
17006,NM_153002,A_23_P92275
17007,NM_032785,A_23_P12306
17008,NM_016562,A_23_P62436
17009,NM_183419,A_23_P215891
17010,NM_032572,A_23_P106080
17011,NM_152318,A_23_P128532
17012,NM_006699,A_23_P103571
17013,NM_001415,A_23_P137025
17014,,E1A_r60_a104
17015,NM_024859,A_23_P84941
17016,NM_017890,A_23_P20298
17017,NM_014665,A_23_P134946
17018,NM_001526,A_23_P8328
17019,NM_001237,A_23_P58321
17020,NM_005341,A_23_P149506
17021,,
17022,NM_020317,A_23_P34396
17023,AL590524,A_23_P73677
17024,NM_024789,A_23_P202164
17025,NM_152909,A_23_P4637
17026,NM_024921,A_23_P159764
17027,NM_018367,A_23_P203665
17028,NM_014454,A_23_P93562
17029,NM_015554,A_23_P151870
17030,,E1A_r60_a22
17031,NM_153818,A_23_P501745
17032,AK023055,A_23_P110412
17033,NM_032383,A_23_P40821
17034,NM_024897,A_23_P97283
17035,NM_002111,A_23_P212749
17036,NM_024607,A_23_P100529
17037,NM_020299,A_23_P93641
17038,NM_000560,A_23_P74538
17039,NM_024808,A_23_P25626
17040,,A_23_P18818
17041,NM_032594,A_23_P48530
17042,,A_23_P101434
17043,NM_032169,A_23_P212499
17044,,A_23_P13202
17045,NM_003098,A_23_P57227
17046,NM_144775,A_23_P300124
17047,NM_003904,A_23_P64232
17048,NM_002074,A_23_P22926
17049,NM_001791,A_23_P200560
17050,NM_000729,A_23_P18098
17051,BC017382,A_23_P167338
17052,,
17053,NM_006769,A_23_P380181
17054,NM_152384,A_23_P5785
17055,NM_003774,A_23_P413576
17056,,A_23_P255635
17057,NM_003153,A_23_P47879
17058,NM_013312,A_23_P153436
17059,,A_23_P109224
17060,,A_23_P72205
17061,NM_017745,A_23_P159741
17062,NM_138329,A_23_P311632
17063,NM_004344,A_23_P73493
17064,NM_017662,A_23_P216718
17065,NM_032744,A_23_P156826
17066,BC039677,A_23_P252511
17067,NM_015381,A_23_P304480
17068,NM_139057,A_23_P112916
17069,NM_020998,A_23_P69399
17070,NM_000704,A_23_P430728
17071,NM_018058,A_23_P202355
17072,NM_006108,A_23_P10733
17073,NM_018668,A_23_P48964
17074,NM_080725,A_23_P320113
17075,NM_019596,A_23_P132079
17076,NM_022731,A_23_P149724
17077,BC020501,A_23_P410017
17078,NM_001256,A_23_P66777
17079,NM_012137,A_23_P201386
17080,NM_019894,A_23_P127608
17081,NM_024928,A_23_P46852
17082,NM_003481,A_23_P64954
17083,NM_017643,A_23_P107238
17084,NM_013989,A_23_P48740
17085,NM_000700,A_23_P94501
17086,NM_020708,A_23_P355376
17087,NM_152643,A_23_P414312
17088,NM_014288,A_23_P23765
17089,NM_006826,A_23_P131723
17090,NM_018482,A_23_P216278
17091,NM_173828,A_23_P69853
17092,NM_153253,A_23_P127460
17093,NM_004311,A_23_P63711
17094,NM_032214,A_23_P143173
17095,NM_194247,A_23_P86660
17096,NM_003268,A_23_P85903
17097,NM_152631,A_23_P427648
17098,NM_178831,A_23_P401125
17099,NM_145697,A_23_P74349
17100,NM_024672,A_23_P69784
17101,NM_024865,A_23_P204641
17102,NM_001008215,A_23_P39910
17103,NM_003942,A_23_P35787
17104,NM_005417,A_23_P308600
17105,NM_024888,A_23_P67567
17106,BC024231,A_23_P393697
17107,NM_003023,A_23_P110116
17108,,A_23_P60330
17109,NM_030798,A_23_P169656
17110,AK092138,A_23_P27761
17111,,A_23_P110702
17112,NM_006208,A_23_P156880
17113,BG547557,A_23_P384355
17114,NM_139168,A_23_P18772
17115,NM_153444,A_23_P47125
17116,NM_005968,A_23_P16615
17117,NM_198196,A_23_P44158
17118,NM_017740,A_23_P129389
17119,NM_002967,A_23_P208446
17120,NM_031866,A_23_P396862
17121,,A_23_P61039
17122,,A_23_P120606
17123,NM_003003,A_23_P206960
17124,,A_23_P375434
17125,NM_000582,A_23_P7313
17126,NM_018622,A_23_P92247
17127,NM_005736,A_23_P149871
17128,NM_001039580,A_23_P92370
17129,NM_006782,A_23_P98232
17130,NM_003756,A_23_P9061
17131,NM_002164,A_23_P112026
17132,NM_080385,A_23_P215109
17133,NM_017897,A_23_P132486
17134,NM_005732,A_23_P250404
17135,,A_23_P17968
17136,AY396742,A_23_P303286
17137,NM_018262,A_23_P212440
17138,AF427489,A_23_P352990
17139,,A_23_P112957
17140,NM_024060,A_23_P21363
17141,NM_145307,A_23_P52410
17142,NM_002594,A_23_P79974
17143,NM_007146,A_23_P404064
17144,AK130858,A_23_P1014
17145,NM_000949,A_23_P167475
17146,NM_015991,A_23_P114678
17147,AF196185,A_23_P201963
17148,NM_004486,A_23_P9426
17149,NM_012233,A_23_P50942
17150,BM708520,A_23_P27545
17151,NM_002949,A_23_P10346
17152,NM_133459,A_23_P55544
17153,NM_014721,A_23_P111240
17154,NM_033540,A_23_P43764
17155,NM_015651,A_23_P21436
17156,NM_001452,A_23_P110957
17157,NM_024642,A_23_P415652
17158,NM_145315,A_23_P327415
17159,NM_003985,A_23_P107064
17160,AF119906,A_23_P86741
17161,NM_000223,A_23_P55448
17162,,A_23_P217452
17163,,A_23_P170719
17164,NM_001005491,A_23_P139074
17165,NM_199194,A_23_P22160
17166,NM_000991,A_23_P208356
17167,BC067300,A_23_P154476
17168,BC014951,A_23_P109089
17169,NM_000130,A_23_P148768
17170,NM_002007,A_23_P47244
17171,NM_006224,A_23_P77880
17172,NM_006233,A_23_P56256
17173,NM_004291,A_23_P167493
17174,,A_23_P29341
17175,NM_005038,A_23_P45014
17176,NM_005216,A_23_P149099
17177,NM_005943,A_23_P58993
17178,NM_014191,A_23_P76243
17179,NM_138349,A_23_P27060
17180,BC005399,A_23_P25127
17181,NM_014045,A_23_P205493
17182,NM_145270,A_23_P315290
17183,NM_002935,A_23_P163025
17184,,A_23_P99103
17185,NM_016004,A_23_P165962
17186,NM_001037329,A_23_P2006
17187,NM_002988,A_23_P55270
17188,NM_152729,A_23_P219004
17189,NM_213600,A_23_P106512
17190,NM_134424,A_23_P64990
17191,NM_022060,A_23_P205519
17192,NM_033347,A_23_P86874
17193,NM_145027,A_23_P351888
17194,NM_173812,A_23_P374250
17195,NM_024831,A_23_P60899
17196,NM_018254,A_23_P136317
17197,NM_052968,A_23_P75630
17198,,A_23_P253774
17199,NM_000166,A_23_P250446
17200,NM_022828,A_23_P41732
17201,NM_023080,A_23_P33113
17202,NM_138783,A_23_P325676
17203,NM_002634,A_23_P130040
17204,NM_015905,A_23_P93629
17205,NM_004573,A_23_P3468
17206,NM_007152,A_23_P252748
17207,NM_004515,A_23_P257956
17208,NM_001406,A_23_P433588
17209,NM_022739,A_23_P100754
17210,NM_016123,A_23_P13978
17211,NM_005504,A_23_P87528
17212,NM_003819,A_23_P51718
17213,NM_144644,A_23_P393025
17214,NM_003242,A_23_P337242
17215,NM_152325,A_23_P312271
17216,NM_139346,A_23_P165333
17217,NM_015904,A_23_P218608
17218,NM_003750,A_23_P86550
17219,NM_001139,A_23_P83634
17220,NM_054028,A_23_P59988
17221,NM_006546,A_23_P83498
17222,NM_020397,A_23_P124252
17223,NM_006533,A_23_P4714
17224,NM_031945,A_23_P9923
17225,NM_005754,A_23_P133483
17226,NM_001040429,A_23_P205057
17227,NM_020190,A_23_P115172
17228,NM_002109,A_23_P133232
17229,NM_017883,A_23_P136916
17230,NM_003477,A_23_P36266
17231,NM_002163,A_23_P332190
17232,,A_23_P158837
17233,AK000041,A_23_P2901
17234,NM_000832,A_23_P96071
17235,,A_23_P125224
17236,NM_138347,A_23_P119084
17237,NM_006499,A_23_P63017
17238,NM_021009,A_23_P329740
17239,,E1A_r60_n9
17240,NM_002036,A_23_P115154
17241,BC057843,A_23_P88771
17242,NM_003816,A_23_P72643
17243,NM_001822,A_23_P79482
17244,NM_025208,A_23_P202959
17245,BM687923,A_23_P68282
17246,NM_025130,A_23_P202420
17247,AF078533,A_23_P158176
17248,NM_001298,A_23_P68167
17249,NM_021070,A_23_P75479
17250,NM_021064,A_23_P59064
17251,NM_207409,A_23_P122600
17252,CD369235,A_23_P156767
17253,NM_004441,A_23_P166994
17254,NM_000759,A_23_P55054
17255,NM_032211,A_23_P12755
17256,NM_017993,A_23_P128575
17257,NM_002957,A_23_P219179
17258,NM_012181,A_23_P50727
17259,NM_004312,A_23_P159862
17260,NM_173801,A_23_P150526
17261,BC007366,A_23_P312837
17262,L48692,A_23_P102183
17263,NM_004289,A_23_P42718
17264,NM_004720,A_23_P101829
17265,NM_032357,A_23_P17074
17266,NM_014870,A_23_P11533
17267,NM_021931,A_23_P5945
17268,NM_015884,A_23_P114095
17269,,A_23_P316340
17270,NM_006647,A_23_P254353
17271,NM_002278,A_23_P89601
17272,NM_001040260,A_23_P169750
17273,NM_032044,A_23_P400310
17274,NM_174921,A_23_P112634
17275,NM_003889,A_23_P109788
17276,,A_23_P13102
17277,NM_178566,A_23_P302125
17278,NM_003747,A_23_P20925
17279,,A_23_P65843
17280,NM_000833,A_23_P100278
17281,NM_005787,A_23_P7005
17282,NM_005534,A_23_P29034
17283,NM_002787,A_23_P345591
17284,NM_020371,A_23_P100074
17285,NM_015216,A_23_P213661
17286,NM_017416,A_23_P255038
17287,NM_015537,A_23_P73000
17288,NM_018467,A_23_P79122
17289,NM_021057,A_23_P32104
17290,NM_001040202,A_23_P167276
17291,NR_026707,A_23_P208482
17292,NM_198390,A_23_P100263
17293,NM_214711,A_23_P133011
17294,AK054879,A_23_P415532
17295,NM_024337,A_23_P133457
17296,NM_002912,A_23_P214139
17297,NM_177531,A_23_P392485
17298,,A_23_P257651
17299,NM_032115,A_23_P253503
17300,NM_175629,A_23_P154496
17301,,A_23_P136961
17302,NM_024576,A_23_P7791
17303,NM_012415,A_23_P82738
17304,NM_016321,A_23_P151975
17305,NM_001005212,A_23_P64358
17306,NM_178273,A_23_P31224
17307,NM_004737,A_23_P91697
17308,NM_018998,A_23_P112397
17309,NM_152374,A_23_P321370
17310,NM_016526,A_23_P127879
17311,BC069164,A_23_P323194
17312,NM_003404,A_23_P120414
17313,NM_198447,A_23_P137675
17314,NM_031302,A_23_P48202
17315,NM_152379,A_23_P46095
17316,NM_080866,A_23_P150590
17317,NM_020342,A_23_P119778
17318,NM_024503,A_23_P35330
17319,AK131033,A_23_P26062
17320,,A_23_P205580
17321,AK123855,A_23_P135742
17322,NM_001005202,A_23_P36050
17323,NM_006445,A_23_P38219
17324,NM_022740,A_23_P60829
17325,NM_004113,A_23_P169553
17326,NM_032041,A_23_P215883
17327,,
17328,NM_016404,A_23_P12992
17329,NM_024993,A_23_P210059
17330,NM_014264,A_23_P155968
17331,NM_032900,A_23_P1387
17332,NM_006827,A_23_P14537
17333,NM_080656,A_23_P250644
17334,NM_013379,A_23_P21574
17335,NM_006400,A_23_P360167
17336,NM_017570,A_23_P158795
17337,NM_004233,A_23_P70670
17338,NM_152673,A_23_P92222
17339,NM_000904,A_23_P58953
17340,NM_019083,A_23_P51324
17341,NM_032831,A_23_P70915
17342,,A_23_P127741
17343,,A_23_P109254
17344,NM_017998,A_23_P43425
17345,NM_022553,A_23_P70583
17346,NM_006374,A_23_P252653
17347,NM_016216,A_23_P69452
17348,,A_23_P215696
17349,NR_104210,A_23_P111978
17350,,A_23_P202408
17351,NM_001005181,A_23_P13417
17352,,E1A_r60_n9
17353,,A_23_P159011
17354,NM_002898,A_23_P425073
17355,,A_23_P317675
17356,NM_032287,A_23_P132365
17357,NM_014588,A_23_P131990
17358,NM_016564,A_23_P170030
17359,NM_152665,A_23_P367014
17360,NM_153189,A_23_P111826
17361,NM_017637,A_23_P43684
17362,,A_23_P130187
17363,AK127548,A_23_P122204
17364,NM_016831,A_23_P201461
17365,NM_012254,A_23_P4611
17366,NM_172373,A_23_P2801
17367,NM_171997,A_23_P24966
17368,NM_000324,A_23_P256579
17369,NM_001490,A_23_P9232
17370,NM_003194,A_23_P19313
17371,NM_006675,A_23_P151127
17372,NM_006678,A_23_P26771
17373,NM_016118,A_23_P215157
17374,NM_003178,A_23_P109811
17375,NM_001454,A_23_P129752
17376,NM_006291,A_23_P421423
17377,NM_006074,A_23_P203498
17378,NM_139022,A_23_P501724
17379,,A_23_P96017
17380,NM_198450,A_23_P136986
17381,,A_23_P203807
17382,NM_001976,A_23_P130149
17383,NM_001013,A_23_P208535
17384,NM_000558,A_23_P37856
17385,,A_23_P10525
17386,NM_014347,A_23_P107684
17387,NM_017947,A_23_P67042
17388,NM_004247,A_23_P55190
17389,NM_016246,A_23_P78762
17390,NM_175569,A_23_P72487
17391,NM_002248,A_23_P119578
17392,BC004960,A_23_P143102
17393,NM_024034,A_23_P17356
17394,NM_003580,A_23_P134805
17395,NM_212482,A_23_P209925
17396,,A_23_P112935
17397,NM_130777,A_23_P34031
17398,,A_23_P93190
17399,NM_015341,A_23_P415443
17400,NM_001520,A_23_P152335
17401,NM_003631,A_23_P97810
17402,,A_23_P150502
17403,NM_016400,A_23_P117683
17404,NM_001005354,A_23_P139575
17405,NM_014700,A_23_P106727
17406,NM_019032,A_23_P115011
17407,,E1A_r60_a107
17408,NM_001003793,A_23_P170139
17409,,
17410,NM_018945,A_23_P59338
17411,NM_015340,A_23_P212395
17412,AB014514,A_23_P162702
17413,NM_139164,A_23_P327519
17414,NM_001005360,A_23_P407070
17415,NM_205848,A_23_P398947
17416,NM_031942,A_23_P251421
17417,NM_003495,A_23_P361347
17418,NM_001005280,A_23_P116815
17419,NM_015032,A_23_P205098
17420,NM_007152,A_23_P252748
17421,NM_153025,A_23_P341410
17422,NM_005620,A_23_P145863
17423,NM_022911,A_23_P257771
17424,NM_145343,A_23_P17837
17425,NM_080823,A_23_P68380
17426,NM_017660,A_23_P131020
17427,NM_152389,A_23_P337278
17428,NM_000727,A_23_P89302
17429,NM_138493,A_23_P133764
17430,,A_23_P120955
17431,,A_23_P161748
17432,NM_004453,A_23_P61447
17433,NM_022772,A_23_P147822
17434,,
17435,NM_004553,A_23_P122228
17436,NM_182795,A_23_P169007
17437,NM_017629,A_23_P23171
17438,NM_000834,A_23_P151264
17439,NM_152725,A_23_P24149
17440,NM_020155,A_23_P217985
17441,,A_23_P6408
17442,NM_001039693,A_23_P314691
17443,NM_001004744,A_23_P116325
17444,NM_014230,A_23_P118353
17445,NM_016331,A_23_P29592
17446,NM_006823,A_23_P31765
17447,NM_017915,A_23_P87769
17448,NM_001004697,A_23_P12378
17449,NM_002246,A_23_P91104
17450,NM_014291,A_23_P40657
17451,NM_015379,A_23_P122915
17452,NM_144710,A_23_P43175
17453,NM_002994,A_23_P110204
17454,AA989314,A_23_P364953
17455,NM_024089,A_23_P128613
17456,U03399,A_23_P258842
17457,NM_020165,A_23_P121222
17458,NM_007052,A_23_P217280
17459,NM_002377,A_23_P168339
17460,NM_014597,A_23_P97584
17461,NM_138933,A_23_P104224
17462,NM_004762,A_23_P83781
17463,NM_012482,A_23_P311083
17464,NM_012452,A_23_P84706
17465,AF151068,A_23_P258992
17466,NM_032251,A_23_P24384
17467,NM_020474,A_23_P306105
17468,NM_005492,A_23_P79988
17469,NM_031304,A_23_P125408
17470,NM_003107,A_23_P82176
17471,,A_23_P89236
17472,NM_001008530,A_23_P25994
17473,NM_022786,A_23_P135995
17474,NM_153488,A_23_P148255
17475,NM_001289,A_23_P45456
17476,NM_000129,A_23_P93494
17477,NM_017823,A_23_P103232
17478,NM_144505,A_23_P130694
17479,NM_017850,A_23_P45970
17480,NM_001633,A_23_P256504
17481,NM_002317,A_23_P122216
17482,NM_173849,A_23_P76774
17483,NM_004590,A_23_P207582
17484,NM_031448,A_23_P209195
17485,,A_23_P69891
17486,NM_006646,A_23_P151351
17487,,
17488,NM_005987,A_23_P74012
17489,NM_014009,A_23_P159709
17490,NM_005718,A_23_P29566
17491,NM_001523,A_23_P27400
17492,,A_23_P137248
17493,NM_152533,A_23_P395585
17494,NM_004541,A_23_P159833
17495,NM_003713,A_23_P201808
17496,NM_152446,A_23_P430201
17497,NM_153263,A_23_P399146
17498,,
17499,NM_032385,A_23_P213934
17500,NM_014941,A_23_P155027
17501,AF034209,A_23_P259243
17502,NM_020866,A_23_P2825
17503,NM_080746,A_23_P99754
17504,NM_016938,A_23_P24414
17505,,
17506,NM_001008749,A_23_P258208
17507,,
17508,NM_016334,A_23_P1056
17509,NM_003020,A_23_P84879
17510,,A_23_P50129
17511,NM_181795,A_23_P145529
17512,,A_23_P381327
17513,NM_018420,A_23_P149355
17514,NM_006397,A_23_P164826
17515,NM_000181,A_23_P334608
17516,NM_005828,A_23_P422268
17517,NM_016579,A_23_P119693
17518,NM_005438,A_23_P322519
17519,NM_014562,A_23_P108362
17520,NM_005001,A_23_P108303
17521,NM_001004463,A_23_P87066
17522,NM_014572,A_23_P204958
17523,NM_153267,A_23_P157914
17524,NM_014326,A_23_P206150
17525,NM_005178,A_23_P4662
17526,NM_014967,A_23_P152010
17527,NM_058244,A_23_P58854
17528,,A_23_P89680
17529,NM_175738,A_23_P163972
17530,NM_018136,A_23_P52017
17531,NM_003731,A_23_P159476
17532,NM_006623,A_23_P85780
17533,NM_002349,A_23_P5591
17534,NM_153719,A_23_P208683
17535,NR_002803,A_23_P48075
17536,NM_002524,A_23_P63189
17537,NM_000311,A_23_P109143
17538,NM_133264,A_23_P136323
17539,NM_005322,A_23_P250385
17540,NM_022304,A_23_P7535
17541,NM_018654,A_23_P105691
17542,NR_073526,A_23_P213620
17543,NM_002606,A_23_P29096
17544,NM_002187,A_23_P7560
17545,NM_012268,A_23_P27515
17546,NM_000851,A_23_P97606
17547,NM_017933,A_23_P21485
17548,NM_172240,A_23_P105535
17549,AL713776,A_23_P380354
17550,NM_005526,A_23_P253841
17551,,A_23_P84305
17552,NM_024546,A_23_P25638
17553,NM_022787,A_23_P309946
17554,NM_001037163,A_23_P42738
17555,NM_181304,A_23_P9501
17556,NM_001400,A_23_P160117
17557,NM_014925,A_23_P10374
17558,,A_23_P58921
17559,NM_025233,A_23_P4142
17560,NM_007187,A_23_P140043
17561,AF118062,A_23_P156168
17562,NM_019617,A_23_P44436
17563,NM_001004319,A_23_P63096
17564,NM_014037,A_23_P130735
17565,NM_003247,A_23_P253652
17566,BC062428,A_23_P204766
17567,NM_144987,A_23_P326296
17568,BC029485,A_23_P13562
17569,NM_021235,A_23_P38941
17570,NM_174928,A_23_P151368
17571,NM_005633,A_23_P343808
17572,NM_080873,A_23_P114259
17573,NM_007242,A_23_P140994
17574,,A_23_P75179
17575,NM_030964,A_23_P158993
17576,NM_005568,A_23_P78061
17577,NM_001005210,A_23_P161872
17578,NM_033160,A_23_P31938
17579,,A_23_P123234
17580,NM_032497,A_23_P4710
17581,,A_23_P363744
17582,NM_022494,A_23_P161177
17583,NM_175768,A_23_P250136
17584,,A_23_P119801
17585,NM_002226,A_23_P106024
17586,NM_016124,A_23_P86270
17587,NM_017491,A_23_P213001
17588,,A_23_P502376
17589,NM_020365,A_23_P115046
17590,NM_003944,A_23_P74625
17591,,A_23_P56239
17592,,A_23_P3181
17593,,A_23_P57602
17594,NM_016080,A_23_P78269
17595,NM_033315,A_23_P38287
17596,NM_019895,A_23_P155556
17597,NM_007072,A_23_P166942
17598,NM_018403,A_23_P166826
17599,NM_017906,A_23_P122674
17600,,A_23_P16900
17601,NM_013448,A_23_P76799
17602,NM_018477,A_23_P151690
17603,NM_022736,A_23_P166677
17604,NM_003408,A_23_P254025
17605,NM_024047,A_23_P94860
17606,NM_005246,A_23_P124570
17607,NM_014286,A_23_P217049
17608,NM_018397,A_23_P357185
17609,AK091754,A_23_P211326
17610,NM_152284,A_23_P432598
17611,NM_002182,A_23_P170857
17612,NM_002593,A_23_P251494
17613,NM_002767,A_23_P49646
17614,NM_006716,A_23_P254612
17615,NM_006123,A_23_P217470
17616,BC007968,A_23_P36392
17617,,A_23_P130764
17618,NM_006511,A_23_P395534
17619,,A_23_P62122
17620,NM_022457,A_23_P396194
17621,,A_23_P161883
17622,NM_012145,A_23_P135364
17623,NM_000750,A_23_P77296
17624,,A_23_P329254
17625,NM_030755,A_23_P76951
17626,NM_022124,A_23_P217946
17627,,A_23_P108614
17628,NM_007202,A_23_P317105
17629,NM_139265,A_23_P163458
17630,NM_032021,A_23_P150325
17631,,A_23_P157404
17632,NM_145028,A_23_P413673
17633,BC008699,A_23_P151547
17634,NM_031462,A_23_P125357
17635,,A_23_P140993
17636,NM_003835,A_23_P66877
17637,NM_018178,A_23_P200890
17638,NM_181715,A_23_P12173
17639,NM_006158,A_23_P71492
17640,NM_017915,A_23_P87769
17641,NM_032603,A_23_P39795
17642,NM_018932,A_23_P156010
17643,NM_001017372,A_23_P41789
17644,,A_23_P311039
17645,NM_021259,A_23_P140907
17646,,A_23_P381505
17647,NM_015595,A_23_P69100
17648,NM_144664,A_23_P406355
17649,NM_000987,A_23_P38283
17650,NM_024604,A_23_P2683
17651,NM_152354,A_23_P101312
17652,NM_015584,A_23_P100892
17653,NM_001303,A_23_P55123
17654,NM_006992,A_23_P36689
17655,NM_001681,A_23_P53603
17656,NM_024052,A_23_P164427
17657,NM_001041,A_23_P32511
17658,NM_138452,A_23_P48747
17659,NM_001062,A_23_P64372
17660,NM_017444,A_23_P123544
17661,,E1A_r60_a107
17662,NM_174976,A_23_P355447
17663,U75330,A_23_P211028
17664,NM_002133,A_23_P120883
17665,NM_020708,A_23_P252945
17666,NM_006087,A_23_P113656
17667,NM_017431,A_23_P28258
17668,NM_032518,A_23_P58433
17669,NM_173567,A_23_P43898
17670,NM_032711,A_23_P207759
17671,NM_004588,A_23_P306811
17672,,A_23_P17984
17673,NM_000338,A_23_P99879
17674,NM_001755,A_23_P113634
17675,NM_016078,A_23_P118516
17676,NM_033272,A_23_P349899
17677,NM_014703,A_23_P212595
17678,,E1A_r60_n11
17679,AB058774,A_23_P164299
17680,,A_23_P21822
17681,BC012317,A_23_P328740
17682,,A_23_P18871
17683,NM_152945,A_23_P142994
17684,NM_054108,A_23_P53018
17685,NM_003336,A_23_P148446
17686,NM_213604,A_23_P5246
17687,NM_019054,A_23_P127275
17688,NM_021026,A_23_P211418
17689,NM_020796,A_23_P312840
17690,,A_23_P126328
17691,NM_001017424,A_23_P43704
17692,NM_022044,A_23_P6344
17693,NM_032816,A_23_P130856
17694,NM_015274,A_23_P250372
17695,NM_030819,A_23_P3574
17696,NM_024545,A_23_P154188
17697,NM_000800,A_23_P213334
17698,NM_001970,A_23_P100925
17699,NM_004891,A_23_P256540
17700,BC105995,A_23_P77939
17701,NM_173535,A_23_P380990
17702,NM_017980,A_23_P142795
17703,NM_001008397,A_23_P122052
17704,AK024507,A_23_P29537
17705,BG623220,A_23_P37822
17706,NM_015640,A_23_P200661
17707,NM_021117,A_23_P127394
17708,NM_207354,A_23_P161528
17709,,A_23_P341482
17710,NM_014797,A_23_P134147
17711,,
17712,,A_23_P98042
17713,NM_138740,A_23_P63237
17714,NM_007084,A_23_P53817
17715,NM_001023,A_23_P168898
17716,NM_016485,A_23_P42368
17717,NM_033396,A_23_P418597
17718,,A_23_P62857
17719,NM_000441,A_23_P157391
17720,NM_006979,A_23_P70571
17721,NM_207374,A_23_P161901
17722,NM_100264,A_23_P201996
17723,NM_006172,A_23_P74059
17724,NM_024099,A_23_P1944
17725,AK074447,A_23_P380266
17726,NM_001425,A_23_P119362
17727,NM_030808,A_23_P26876
17728,NM_153613,A_23_P49008
17729,NM_003200,A_23_P67708
17730,NM_032160,A_23_P27266
17731,NM_018401,A_23_P21519
17732,NM_004988,A_23_P96295
17733,,
17734,AK026716,A_23_P83521
17735,NM_030583,A_23_P71328
17736,NM_022490,A_23_P9455
17737,NM_000791,A_23_P167553
17738,NM_002973,A_23_P389907
17739,NM_024557,A_23_P64510
17740,NM_000837,A_23_P316960
17741,NM_052966,A_23_P217831
17742,,A_23_P213486
17743,NM_025240,A_23_P393598
17744,NM_001631,A_23_P56785
17745,NM_002889,A_23_P134237
17746,AF089746,A_23_P61112
17747,NM_022481,A_23_P167389
17748,NM_021127,A_23_P207999
17749,,A_23_P20372
17750,NM_015130,A_23_P41487
17751,NM_021824,A_23_P5415
17752,NM_013945,A_23_P126225
17753,NM_030794,A_23_P2711
17754,BP398053,A_23_P123645
17755,NM_006418,A_23_P2789
17756,NM_006495,A_23_P66694
17757,NM_024587,A_23_P85853
17758,NM_001003942,A_23_P3478
17759,NM_152287,A_23_P163630
17760,NM_015526,A_23_P50786
17761,L17325,A_23_P361595
17762,NM_016341,A_23_P35617
17763,NM_152512,A_23_P410119
17764,NM_024787,A_23_P134744
17765,NM_007035,A_23_P76275
17766,NM_145652,A_23_P218669
17767,NM_006237,A_23_P205164
17768,,
17769,,A_23_P37527
17770,NM_153000,A_23_P118983
17771,,A_23_P340891
17772,AK075204,A_23_P430812
17773,NM_152339,A_23_P118086
17774,,A_23_P30509
17775,AK097152,A_23_P158112
17776,NM_012407,A_23_P91727
17777,NM_017852,A_23_P130824
17778,,
17779,NM_016219,A_23_P157939
17780,NM_001014,A_23_P252614
17781,NM_005290,A_23_P6943
17782,AK021672,A_23_P28350
17783,NM_020679,A_23_P49566
17784,NM_017917,A_23_P88201
17785,NR_002947,A_23_P4025
17786,NM_004707,A_23_P20970
17787,NM_001099,A_23_P155524
17788,AK098194,A_23_P258231
17789,NM_017432,A_23_P325080
17790,NM_001004735,A_23_P36057
17791,NM_152491,A_23_P138328
17792,NM_020199,A_23_P81648
17793,NM_002231,A_23_P1782
17794,NM_139174,A_23_P49136
17795,NM_032376,A_23_P15516
17796,NM_004524,A_23_P129740
17797,NM_000691,A_23_P207218
17798,NM_032565,A_23_P128554
17799,NM_013286,A_23_P121405
17800,,A_23_P13771
17801,NM_080827,A_23_P102634
17802,NM_024417,A_23_P38154
17803,U62899,A_23_P72747
17804,,A_23_P212160
17805,NM_006403,A_23_P42414
17806,NM_004673,A_23_P126706
17807,NM_004387,A_23_P396135
17808,NM_053016,A_23_P216579
17809,NM_014268,A_23_P418015
17810,NM_030978,A_23_P135205
17811,AK074166,A_23_P127727
17812,NM_001335,A_23_P13027
17813,NM_139242,A_23_P117727
17814,NM_003899,A_23_P321855
17815,NM_018135,A_23_P122384
17816,NM_004260,A_23_P71558
17817,NM_019079,A_23_P356749
17818,NM_024839,A_23_P214594
17819,NM_004438,A_23_P108501
17820,NM_005420,A_23_P155786
17821,NM_007152,A_23_P252748
17822,NM_198570,A_23_P157338
17823,NM_006577,A_23_P500950
17824,NM_002457,A_23_P256784
17825,,
17826,NM_020899,A_23_P100653
17827,,A_23_P208579
17828,NM_032829,A_23_P128375
17829,NM_130463,A_23_P500410
17830,NM_000500,A_23_P257478
17831,NM_002148,A_23_P381368
17832,BC025318,A_23_P4653
17833,NM_001458,A_23_P254561
17834,,A_23_P323898
17835,NM_021615,A_23_P106925
17836,NM_018479,A_23_P215051
17837,NM_000940,A_23_P215549
17838,NM_080651,A_23_P31866
17839,NM_005934,A_23_P153827
17840,NM_004561,A_23_P326700
17841,NM_005471,A_23_P144623
17842,NM_018460,A_23_P255166
17843,NM_022118,A_23_P218090
17844,NM_016462,A_23_P111288
17845,,A_23_P215163
17846,,Pro25G
17847,NM_014859,A_23_P26854
17848,NM_024068,A_23_P87482
17849,NM_015974,A_23_P162746
17850,NM_001311,A_23_P44674
17851,NM_006790,A_23_P110764
17852,NM_033282,A_23_P24234
17853,,Pro25G
17854,NM_182947,A_23_P98844
17855,NM_006737,A_23_P101636
17856,NM_005104,A_23_P256898
17857,NM_001013398,A_23_P215634
17858,NM_021627,A_23_P62065
17859,AK091656,A_23_P25282
17860,,Pro25G
17861,NM_014316,A_23_P38085
17862,NM_014161,A_23_P8339
17863,NM_002396,A_23_P38748
17864,NM_032026,A_23_P254974
17865,NM_145804,A_23_P356616
17866,NM_022772,A_23_P136424
17867,,Pro25G
17868,NM_002267,A_23_P139950
17869,NM_015185,A_23_P251701
17870,NM_145651,A_23_P27207
17871,NM_017952,A_23_P154266
17872,NM_018359,A_23_P41437
17873,,A_23_P250638
17874,,Pro25G
17875,NM_138357,A_23_P346405
17876,NM_016571,A_23_P93169
17877,NM_007192,A_23_P151625
17878,NM_173551,A_23_P362183
17879,NM_001271,A_23_P206068
17880,BC007251,A_23_P25751
17881,,Pro25G
17882,NM_001004464,A_23_P125204
17883,NM_005874,A_23_P208493
17884,NM_007246,A_23_P72503
17885,NM_007096,A_23_P219144
17886,NM_005476,A_23_P216489
17887,NM_001124,A_23_P127948
17888,,Pro25G
17889,NM_153704,A_23_P429581
17890,NM_134431,A_23_P13820
17891,NM_148961,A_23_P90991
17892,NM_138336,A_23_P377212
17893,NM_019045,A_23_P171359
17894,NM_019013,A_23_P49878
17895,,Pro25G
17896,,A_23_P216931
17897,NM_174942,A_23_P300239
17898,NM_006614,A_23_P212241
17899,NM_032861,A_23_P145419
17900,NM_013379,A_23_P72830
17901,NM_000023,A_23_P66637
17902,,Pro25G
17903,NM_001522,A_23_P360302
17904,,E1A_r60_1
17905,AK097861,A_23_P417429
17906,NM_006431,A_23_P105392
17907,BC031245,A_23_P301981
17908,,A_23_P72016
17909,,Pro25G
17910,NM_004860,A_23_P4003
17911,NM_022567,A_23_P137046
17912,NM_000047,A_23_P256085
17913,NM_001004451,A_23_P9372
17914,NM_138796,A_23_P346912
17915,NM_021192,A_23_P143029
17916,,Pro25G
17917,NM_001004476,A_23_P97353
17918,NM_004286,A_23_P416106
17919,NM_005610,A_23_P326691
17920,NM_001136482,A_23_P142055
17921,AB007928,A_23_P74264
17922,NM_173847,A_23_P38434
17923,,Pro25G
17924,NM_012290,A_23_P39684
17925,NM_021033,A_23_P151384
17926,,
17927,NM_015973,A_23_P202624
17928,NM_016610,A_23_P73837
17929,,A_23_P146811
17930,,Pro25G
17931,NM_000232,A_23_P251104
17932,X54871,A_23_P162238
17933,NM_012148,A_23_P158257
17934,NM_016522,A_23_P84060
17935,NM_014450,A_23_P43364
17936,NM_021083,A_23_P45304
17937,,Pro25G
17938,BC016140,A_23_P105592
17939,NM_018558,A_23_P125475
17940,NM_139214,A_23_P73858
17941,NM_012240,A_23_P99226
17942,NM_001231,A_23_P173
17943,NM_148977,A_23_P127054
17944,,Pro25G
17945,NM_153705,A_23_P388200
17946,NM_022550,A_23_P122174
17947,NM_012225,A_23_P49078
17948,NM_003001,A_23_P12245
17949,,A_23_P124334
17950,NM_014947,A_23_P566
17951,,Pro25G
17952,,A_23_P72949
17953,NM_080574,A_23_P120613
17954,NM_003981,A_23_P206059
17955,NM_003239,A_23_P88404
17956,NM_031286,A_23_P126388
17957,NM_003055,A_23_P52362
17958,,Pro25G
17959,NM_014873,A_23_P46606
17960,NM_001037165,A_23_P146027
17961,NM_182679,A_23_P97265
17962,NM_004056,A_23_P158165
17963,NM_000755,A_23_P32196
17964,NM_001871,A_23_P6615
17965,,Pro25G
17966,AK096821,A_23_P427696
17967,NM_012427,A_23_P153475
17968,NM_178043,A_23_P7353
17969,NM_003441,A_23_P81207
17970,AK001094,A_23_P123929
17971,NM_203315,A_23_P29754
17972,,Pro25G
17973,,A_23_P118422
17974,NM_015143,A_23_P155907
17975,NM_006818,A_23_P23346
17976,NM_015160,A_23_P32125
17977,NM_005207,A_23_P40535
17978,NM_033546,A_23_P141813
17979,,Pro25G
17980,NM_018593,A_23_P70274
17981,NM_054112,A_23_P17548
17982,AB032995,A_23_P218086
17983,,A_23_P154654
17984,NM_001959,A_23_P165527
17985,NM_016357,A_23_P151267
17986,,Pro25G
17987,NM_153758,A_23_P35092
17988,NM_005802,A_23_P32217
17989,NM_138361,A_23_P123916
17990,NM_181489,A_23_P40785
17991,NM_016569,A_23_P383819
17992,NM_001273,A_23_P53541
17993,,Pro25G
17994,NM_001040431,A_23_P100802
17995,NM_005529,A_23_P23191
17996,NM_004416,A_23_P36567
17997,NM_052958,A_23_P73311
17998,NM_001041,A_23_P21102
17999,NM_002160,A_23_P157865
18000,,Pro25G
18001,NM_001004419,A_23_P204689
18002,NM_032291,A_23_P62881
18003,,A_23_P206826
18004,NM_000032,A_23_P256061
18005,NM_001464,A_23_P136832
18006,NM_005224,A_23_P16516
18007,,Pro25G
18008,NM_000145,A_23_P108699
18009,NM_000958,A_23_P148047
18010,NM_000339,A_23_P77653
18011,NM_006345,A_23_P30044
18012,,E1A_r60_3
18013,NM_152467,A_23_P27128
18014,,Pro25G
18015,AL136824,A_23_P253909
18016,NM_030926,A_23_P209750
18017,NM_004506,A_23_P122746
18018,NM_018063,A_23_P12816
18019,NM_003542,A_23_P214484
18020,NM_017581,A_23_P61508
18021,,Pro25G
18022,X94629,A_23_P255486
18023,NM_003586,A_23_P152327
18024,,A_23_P140654
18025,AI911302,A_23_P57339
18026,NM_172238,A_23_P386973
18027,NM_013247,A_23_P17006
18028,,Pro25G
18029,AJ008005,A_23_P106174
18030,,E1A_r60_n11
18031,NM_006160,A_23_P49579
18032,NM_182898,A_23_P157117
18033,NM_031449,A_23_P111745
18034,NM_205863,A_23_P113367
18035,,Pro25G
18036,AF113012,A_23_P123830
18037,NM_152499,A_23_P420320
18038,NM_025217,A_23_P145485
18039,NM_005565,A_23_P30547
18040,NM_002424,A_23_P24493
18041,NM_012307,A_23_P4536
18042,,Pro25G
18043,NM_175571,A_23_P168388
18044,NM_030912,A_23_P46837
18045,NM_014377,A_23_P254573
18046,NM_001917,A_23_P139640
18047,NM_002624,A_23_P128183
18048,NM_014228,A_23_P70188
18049,,Pro25G
18050,NM_002938,A_23_P167311
18051,NM_014766,A_23_P366366
18052,NM_003262,A_23_P357860
18053,,
18054,NM_003781,A_23_P41166
18055,NM_017741,A_23_P144438
18056,,Pro25G
18057,NM_032539,A_23_P217276
18058,NM_017533,A_23_P66536
18059,,A_23_P52161
18060,NM_001005167,A_23_P47600
18061,NM_020233,A_23_P55127
18062,NM_032756,A_23_P74449
18063,NM_001001479,A_23_P259357
18064,NM_182910,A_23_P205553
18065,NM_012074,A_23_P307392
18066,M94173,A_23_P84849
18067,NM_002344,A_23_P14853
18068,NM_032592,A_23_P24585
18069,NM_032333,A_23_P63660
18070,NM_015040,A_23_P16781
18071,NM_004132,A_23_P1173
18072,NM_017785,A_23_P41948
18073,AJ406950,A_23_P107443
18074,NM_004330,A_23_P317001
18075,AL834230,A_23_P150819
18076,NM_001031735,A_23_P50674
18077,NM_006688,A_23_P77993
18078,AF295728,A_23_P153128
18079,NM_017934,A_23_P145437
18080,NM_032569,A_23_P396785
18081,NM_012425,A_23_P149813
18082,NM_006998,A_23_P251412
18083,NM_145753,A_23_P250063
18084,NM_198253,A_23_P110851
18085,AK098134,A_23_P93709
18086,NM_007145,A_23_P108022
18087,NM_032552,A_23_P123843
18088,NM_017420,A_23_P326885
18089,,
18090,NM_019013,A_23_P49878
18091,,A_23_P61761
18092,NM_130769,A_23_P47181
18093,NM_013284,A_23_P397371
18094,NM_004571,A_23_P211299
18095,NM_000526,A_23_P4332
18096,NR_001537,A_23_P11397
18097,BX648277,A_23_P19237
18098,NM_181698,A_23_P434419
18099,NM_013256,A_23_P89919
18100,NM_021174,A_23_P31686
18101,NM_052890,A_23_P67669
18102,AL512711,A_23_P211673
18103,,A_23_P78975
18104,AY864848,A_23_P135271
18105,NM_004210,A_23_P138484
18106,NM_001004703,A_23_P162083
18107,AY335940,A_23_P156025
18108,NM_152647,A_23_P368882
18109,NM_002183,A_23_P45115
18110,NM_138797,A_23_P120915
18111,NM_005220,A_23_P100840
18112,NM_018031,A_23_P83671
18113,X66087,A_23_P43157
18114,NM_022451,A_23_P202496
18115,NM_001271875,A_23_P118384
18116,NM_032787,A_23_P40919
18117,,A_23_P126521
18118,NM_181861,A_23_P36611
18119,NM_002055,A_23_P66593
18120,NM_018935,A_23_P121851
18121,NM_004982,A_23_P64879
18122,NM_000554,A_23_P418961
18123,NM_007107,A_23_P155226
18124,NM_006775,A_23_P81759
18125,NM_001001419,A_23_P144944
18126,BC031875,A_23_P378458
18127,NM_017873,A_23_P158059
18128,NM_001079935,A_23_P16110
18129,NM_024015,A_23_P89480
18130,NM_203351,A_23_P207138
18131,AK000158,A_23_P163336
18132,NM_152543,A_23_P386964
18133,NM_005445,A_23_P138631
18134,NM_178138,A_23_P9496
18135,NM_014371,A_23_P153767
18136,,
18137,NM_005515,A_23_P253331
18138,NM_018109,A_23_P1145
18139,NM_173528,A_23_P336612
18140,,A_23_P158868
18141,NM_022743,A_23_P51414
18142,NM_006254,A_23_P144054
18143,NM_153339,A_23_P51884
18144,NM_020728,A_23_P8744
18145,AK055261,A_23_P126953
18146,NM_005450,A_23_P341938
18147,NM_001553,A_23_P353035
18148,NM_001010880,A_23_P56104
18149,NM_054032,A_23_P161983
18150,NM_014344,A_23_P150693
18151,NM_021175,A_23_P165162
18152,AL137382,A_23_P54793
18153,NM_003859,A_23_P68472
18154,NM_015364,A_23_P94230
18155,CN267966,A_23_P147591
18156,NM_003318,A_23_P259586
18157,NM_021569,A_23_P84670
18158,NM_002354,A_23_P91081
18159,NM_001183,A_23_P250462
18160,NM_014365,A_23_P162579
18161,NM_021167,A_23_P82509
18162,NM_000488,A_23_P114626
18163,BC004543,A_23_P140705
18164,NM_004161,A_23_P382148
18165,AK024488,A_23_P79069
18166,NM_152519,A_23_P400373
18167,NM_001972,A_23_P130961
18168,AK092739,A_23_P88099
18169,NM_022482,A_23_P433188
18170,NM_007342,A_23_P123039
18171,NM_024635,A_23_P20676
18172,NM_000275,A_23_P129133
18173,NM_145235,A_23_P115785
18174,NM_015260,A_23_P90004
18175,NM_000398,A_23_P502224
18176,NM_000226,A_23_P15734
18177,,A_23_P91369
18178,NM_017576,A_23_P71741
18179,NM_024865,A_23_P204641
18180,,A_23_P166280
18181,NM_015902,A_23_P8825
18182,NM_001655,A_23_P203103
18183,NM_003838,A_23_P200030
18184,NM_020424,A_23_P54929
18185,NM_017966,A_23_P47517
18186,NM_001005162,A_23_P36377
18187,AK021772,A_23_P3922
18188,NM_003731,A_23_P148095
18189,NM_014838,A_23_P155148
18190,NM_005088,A_23_P342668
18191,NM_003201,A_23_P202258
18192,NM_053003,A_23_P164603
18193,NM_152363,A_23_P142496
18194,NM_030788,A_23_P43107
18195,NM_001922,A_23_P76622
18196,NM_006480,A_23_P124931
18197,NM_198252,A_23_P255884
18198,NM_001424,A_23_P106682
18199,NM_020320,A_23_P214211
18200,,A_23_P83976
18201,,A_23_P251974
18202,NM_173647,A_23_P120153
18203,NM_012242,A_23_P24129
18204,NM_007253,A_23_P131060
18205,NM_004742,A_23_P96099
18206,NM_019072,A_23_P7379
18207,NM_001498,A_23_P145114
18208,NM_014109,A_23_P216068
18209,NM_197941,A_23_P213319
18210,NM_198883,A_23_P137865
18211,NM_032982,A_23_P215701
18212,,A_23_P108238
18213,NM_015950,A_23_P7941
18214,NM_001385,A_23_P20311
18215,NM_020657,A_23_P208280
18216,,
18217,,A_23_P127750
18218,NM_002517,A_23_P27734
18219,NM_015931,A_23_P144005
18220,NM_001461,A_23_P231
18221,NM_003696,A_23_P64448
18222,NM_000582,A_23_P7313
18223,,A_23_P502710
18224,NM_020981,A_23_P108564
18225,NM_024515,A_23_P84202
18226,NM_016101,A_23_P54834
18227,NM_018313,A_23_P218863
18228,NM_030759,A_23_P63807
18229,,A_23_P2563
18230,NM_054021,A_23_P148389
18231,NM_012318,A_23_P94998
18232,NM_145316,A_23_P334870
18233,NM_004074,A_23_P52639
18234,NM_003631,A_23_P147685
18235,NM_017541,A_23_P132736
18236,NM_005873,A_23_P257014
18237,NM_001531,A_23_P431939
18238,L25664,A_23_P60758
18239,NM_002002,A_23_P164773
18240,NM_005441,A_23_P57306
18241,,A_23_P124278
18242,NM_018838,A_23_P76557
18243,NM_006996,A_23_P160466
18244,,A_23_P55616
18245,NM_000195,A_23_P328065
18246,NM_020525,A_23_P117115
18247,,A_23_P215819
18248,NM_000431,A_23_P409875
18249,NM_005268,A_23_P35293
18250,NM_001332,A_23_P110624
18251,NM_024094,A_23_P252740
18252,NM_032883,A_23_P154566
18253,NM_002355,A_23_P204257
18254,NM_018195,A_23_P24529
18255,NM_001278,A_23_P46748
18256,NM_002037,A_23_P502142
18257,NM_032970,A_23_P211997
18258,NM_018120,A_23_P147678
18259,NM_006809,A_23_P57033
18260,NM_004774,A_23_P425704
18261,NM_181659,A_23_P120442
18262,NM_173489,A_23_P407080
18263,NM_005739,A_23_P113258
18264,NM_153831,A_23_P72050
18265,NM_002276,A_23_P66798
18266,BC073815,A_23_P38545
18267,NM_020803,A_23_P253853
18268,NM_000240,A_23_P83857
18269,NM_001219,A_23_P122815
18270,NM_145173,A_23_P386942
18271,,A_23_P67589
18272,,A_23_P46718
18273,NM_000332,A_23_P59299
18274,,A_23_P149270
18275,NM_003943,A_23_P254079
18276,NM_006292,A_23_P75839
18277,NM_005536,A_23_P168818
18278,NM_014402,A_23_P213718
18279,NM_182502,A_23_P81195
18280,AX721050,A_23_P32568
18281,,A_23_P18023
18282,NM_004528,A_23_P51548
18283,NM_002241,A_23_P114736
18284,NM_017841,A_23_P1926
18285,NM_020180,A_23_P96249
18286,NM_002595,A_23_P33376
18287,NM_015447,A_23_P32054
18288,NM_031205,A_23_P411761
18289,NM_080660,A_23_P31532
18290,NM_018084,A_23_P17269
18291,NM_004755,A_23_P37375
18292,NM_006528,A_23_P393620
18293,BP201709,A_23_P147178
18294,NM_004445,A_23_P145935
18295,BC042481,A_23_P387105
18296,NM_005574,A_23_P53126
18297,NM_015484,A_23_P45756
18298,NM_016103,A_23_P92842
18299,,A_23_P167358
18300,,A_23_P331700
18301,NM_000476,A_23_P217080
18302,,A_23_P257857
18303,NM_022138,A_23_P70307
18304,NM_004746,A_23_P15978
18305,NM_022470,A_23_P113283
18306,NM_005702,A_23_P71981
18307,,A_23_P257434
18308,,E1A_r60_n11
18309,NM_012112,A_23_P68610
18310,NM_018390,A_23_P61180
18311,NM_178507,A_23_P310590
18312,NM_001004458,A_23_P52957
18313,CN274006,A_23_P107383
18314,NM_004575,A_23_P213073
18315,,A_23_P103328
18316,,A_23_P72941
18317,NM_006407,A_23_P166640
18318,NM_016333,A_23_P152381
18319,NM_001781,A_23_P87879
18320,NM_145029,A_23_P300827
18321,NM_012453,A_23_P134395
18322,NM_000564,A_23_P109843
18323,NM_001003715,A_23_P163915
18324,NM_004455,A_23_P62999
18325,,A_23_P85387
18326,NM_032779,A_23_P424712
18327,NM_152365,A_23_P393051
18328,NM_212479,A_23_P75083
18329,NM_001017395,A_23_P170986
18330,NM_006801,A_23_P4919
18331,NM_001907,A_23_P152199
18332,,A_23_P7719
18333,BC009492,A_23_P105361
18334,NM_139178,A_23_P35987
18335,NM_198336,A_23_P22027
18336,NM_030967,A_23_P141633
18337,NM_003782,A_23_P111171
18338,,E1A_r60_a20
18339,NM_139158,A_23_P154050
18340,NM_139076,A_23_P253464
18341,NM_005011,A_23_P59418
18342,NM_015602,A_23_P161074
18343,NM_000791,A_23_P44627
18344,NM_181886,A_23_P58294
18345,NM_030806,A_23_P113161
18346,,A_23_P134311
18347,,A_23_P392476
18348,NM_006028,A_23_P87007
18349,NM_032639,A_23_P93767
18350,NM_024108,A_23_P329202
18351,NM_002923,A_23_P114947
18352,NM_194248,A_23_P254852
18353,NM_005110,A_23_P144916
18354,NM_022474,A_23_P99536
18355,NM_032149,A_23_P167298
18356,,A_23_P168782
18357,NM_024926,A_23_P257668
18358,NM_152411,A_23_P157022
18359,NM_001146,A_23_P216023
18360,NM_000514,A_23_P167683
18361,NM_000987,A_23_P33045
18362,NM_005624,A_23_P502949
18363,NM_014238,A_23_P207772
18364,NM_007077,A_23_P340796
18365,NM_032139,A_23_P153637
18366,NM_012100,A_23_P142675
18367,NM_152316,A_23_P345783
18368,NM_021624,A_23_P141759
18369,NM_003367,A_23_P153776
18370,NM_022451,A_23_P202496
18371,NM_021147,A_23_P92860
18372,NM_152721,A_23_P352484
18373,NM_017904,A_23_P62692
18374,NM_032951,A_23_P145786
18375,NM_020898,A_23_P98995
18376,,E1A_r60_a97
18377,NM_033207,A_23_P75247
18378,NM_032889,A_23_P72850
18379,NM_012284,A_23_P87917
18380,NM_006734,A_23_P214766
18381,NM_005620,A_23_P126594
18382,BC000228,A_23_P402745
18383,NM_004464,A_23_P212800
18384,NM_021073,A_23_P19723
18385,NM_003486,A_23_P3793
18386,,A_23_P160751
18387,NM_138448,A_23_P256988
18388,NM_001669,A_23_P217712
18389,NM_000182,A_23_P159510
18390,AY358681,A_23_P64280
18391,NM_198321,A_23_P7706
18392,NM_145306,A_23_P369328
18393,NM_001336,A_23_P40240
18394,NM_001002901,A_23_P350574
18395,NM_012109,A_23_P309155
18396,NM_002492,A_23_P57848
18397,NM_003460,A_23_P89132
18398,NM_182983,A_23_P101801
18399,U88965,A_23_P18055
18400,AY203927,A_23_P38860
18401,NM_007146,A_23_P206981
18402,,A_23_P169812
18403,NM_013259,A_23_P80817
18404,NM_001002917,A_23_P127662
18405,NM_003759,A_23_P22205
18406,NM_001427,A_23_P134433
18407,,A_23_P159335
18408,NM_021828,A_23_P61707
18409,NM_138294,A_23_P347525
18410,NM_000461,A_23_P80456
18411,NM_005660,A_23_P217208
18412,,
18413,NM_004482,A_23_P209459
18414,NM_025040,A_23_P355993
18415,BI007309,A_23_P59517
18416,NM_005729,A_23_P202104
18417,NM_006509,A_23_P55706
18418,NM_001005566,A_23_P104954
18419,NM_005462,A_23_P217178
18420,NM_017975,A_23_P112673
18421,NM_198714,A_23_P158857
18422,NM_016551,A_23_P47863
18423,,A_23_P16496
18424,NM_025076,A_23_P67829
18425,NM_138959,A_23_P103795
18426,AK128037,A_23_P3055
18427,NM_004113,A_23_P211727
18428,NM_000217,A_23_P48229
18429,NM_004336,A_23_P124417
18430,NM_032836,A_23_P107855
18431,NM_005212,A_23_P252882
18432,NM_007366,A_23_P142830
18433,NM_002014,A_23_P128364
18434,BC020163,A_23_P157835
18435,NM_031459,A_23_P35075
18436,NM_001013845,A_23_P252630
18437,NM_003199,A_23_P27332
18438,NM_000860,A_23_P213050
18439,NM_005089,A_23_P85053
18440,NM_020402,A_23_P105167
18441,NM_003392,A_23_P211926
18442,NM_021255,A_23_P65532
18443,NM_145057,A_23_P414391
18444,NM_012295,A_23_P68827
18445,,E1A_r60_a107
18446,,A_23_P5464
18447,NM_172364,A_23_P25326
18448,NM_001007467,A_23_P80278
18449,NM_003520,A_23_P402081
18450,,A_23_P55578
18451,,A_23_P59231
18452,NM_014223,A_23_P22994
18453,NM_006288,A_23_P47756
18454,NM_006685,A_23_P29965
18455,NM_004688,A_23_P154235
18456,NM_000688,A_23_P69280
18457,NM_003927,A_23_P15864
18458,AF116698,A_23_P49467
18459,NM_003909,A_23_P94370
18460,NM_024865,A_23_P204641
18461,NM_006630,A_23_P153286
18462,NM_005670,A_23_P59240
18463,NM_014622,A_23_P98458
18464,NM_054030,A_23_P47259
18465,NM_206998,A_23_P98598
18466,NM_145243,A_23_P138137
18467,NM_001048,A_23_P252817
18468,AK000318,A_23_P168747
18469,NM_001322,A_23_P158425
18470,BC004943,A_23_P79032
18471,NM_080748,A_23_P143417
18472,NM_007047,A_23_P219037
18473,NM_018215,A_23_P4951
18474,NM_004789,A_23_P32165
18475,NM_018106,A_23_P157147
18476,NM_173803,A_23_P357351
18477,AK092559,A_23_P55911
18478,NM_004076,A_23_P29177
18479,NM_145207,A_23_P404129
18480,,A_23_P57393
18481,NM_152542,A_23_P167138
18482,NM_015335,A_23_P47991
18483,NM_006205,A_23_P64913
18484,AF159054,A_23_P250269
18485,NM_005923,A_23_P134125
18486,NM_001008270,A_23_P93960
18487,NM_001024660,A_23_P307563
18488,NM_014256,A_23_P78980
18489,NM_031950,A_23_P41528
18490,NM_006340,A_23_P251142
18491,NM_001043,A_23_P358344
18492,,A_23_P200815
18493,NM_002418,A_23_P19522
18494,NM_014710,A_23_P96590
18495,NM_001281,A_23_P56254
18496,NM_004170,A_23_P216468
18497,NM_004414,A_23_P166246
18498,NM_199329,A_23_P358545
18499,NM_006896,A_23_P70968
18500,NM_021827,A_23_P128008
18501,NM_144703,A_23_P323783
18502,NM_018314,A_23_P203445
18503,NM_031490,A_23_P118185
18504,NM_175921,A_23_P416801
18505,NM_014771,A_23_P26616
18506,,A_23_P70435
18507,NM_000439,A_23_P213508
18508,NR_001554,A_23_P73873
18509,,A_23_P218951
18510,NR_134871,A_23_P122499
18511,NM_005396,A_23_P24083
18512,,A_23_P89841
18513,D45915,A_23_P170096
18514,NM_000353,A_23_P206776
18515,NM_153265,A_23_P127793
18516,NM_003681,A_23_P211159
18517,NM_020361,A_23_P216291
18518,NM_145913,A_23_P151135
18519,AK054929,A_23_P203052
18520,NM_017860,A_23_P382829
18521,NM_023002,A_23_P131010
18522,NM_152404,A_23_P122144
18523,NR_002196,A_23_P139216
18524,BX647384,A_23_P92786
18525,NM_030963,A_23_P257201
18526,AK126263,A_23_P107903
18527,NM_030895,A_23_P60101
18528,,A_23_P135928
18529,,A_23_P159637
18530,NM_003415,A_23_P255592
18531,NM_080593,A_23_P145237
18532,NM_203411,A_23_P77860
18533,NM_014590,A_23_P31443
18534,NM_004200,A_23_P161935
18535,NM_005609,A_23_P405815
18536,,A_23_P95172
18537,NM_004637,A_23_P211758
18538,NM_000780,A_23_P146198
18539,NM_020226,A_23_P255328
18540,NM_023004,A_23_P132175
18541,NM_152864,A_23_P17318
18542,NM_000804,A_23_P348038
18543,NM_174945,A_23_P401084
18544,NM_017864,A_23_P43079
18545,M31659,A_23_P251271
18546,NM_005713,A_23_P61748
18547,NM_012234,A_23_P305711
18548,NM_001766,A_23_P74575
18549,NM_001319,A_23_P56143
18550,NM_144967,A_23_P72968
18551,,
18552,NM_003548,A_23_P436281
18553,D14041,A_23_P113244
18554,BC035622,A_23_P156463
18555,NM_000898,A_23_P85011
18556,NM_080617,A_23_P313420
18557,NM_006355,A_23_P93236
18558,NM_000206,A_23_P148464
18559,,A_23_P49199
18560,,A_23_P151577
18561,NM_022081,A_23_P109447
18562,BX114967,A_23_P63644
18563,NM_144634,A_23_P121144
18564,,A_23_P56062
18565,NM_018482,A_23_P253886
18566,NM_004700,A_23_P34424
18567,NM_032325,A_23_P127468
18568,NM_152770,A_23_P312999
18569,NM_020703,A_23_P97598
18570,NM_002218,A_23_P109881
18571,NM_005430,A_23_P25106
18572,D12686,A_23_P394913
18573,NM_013448,A_23_P76799
18574,NM_024693,A_23_P127033
18575,NR_027948,A_23_P62053
18576,NM_005865,A_23_P93260
18577,NM_031894,A_23_P148410
18578,NM_144975,A_23_P402899
18579,NM_017906,A_23_P122674
18580,NM_172016,A_23_P168048
18581,NM_002518,A_23_P415984
18582,NM_199184,A_23_P167951
18583,,A_23_P13057
18584,NM_184231,A_23_P29634
18585,NM_152481,A_23_P361574
18586,NM_015848,A_23_P61498
18587,NM_031291,A_23_P18755
18588,,A_23_P46456
18589,NM_020680,A_23_P75468
18590,NM_133493,A_23_P214176
18591,NM_025207,A_23_P34527
18592,NM_001604,A_23_P1823
18593,NM_024094,A_23_P252740
18594,NM_004437,A_23_P160359
18595,,A_23_P10721
18596,NM_033020,A_23_P23526
18597,NM_145200,A_23_P308021
18598,NM_001926,A_23_P82886
18599,NM_175907,A_23_P38774
18600,AK128680,A_23_P375854
18601,,E1A_r60_1
18602,NM_001008708,A_23_P28571
18603,NM_152377,A_23_P386380
18604,NM_030920,A_23_P160934
18605,NM_032023,A_23_P75260
18606,NM_203471,A_23_P153662
18607,NM_001008397,A_23_P122052
18608,,A_23_P12628
18609,NM_024523,A_23_P71093
18610,AB028966,A_23_P29185
18611,NM_014432,A_23_P145514
18612,NM_001659,A_23_P36521
18613,NM_016497,A_23_P99138
18614,NM_019852,A_23_P54064
18615,NM_020836,A_23_P253614
18616,NM_152441,A_23_P36733
18617,NM_153485,A_23_P7679
18618,AK130951,A_23_P131063
18619,NM_006424,A_23_P121646
18620,NM_173797,A_23_P314202
18621,NM_014389,A_23_P49898
18622,NM_001525,A_23_P74178
18623,NM_016632,A_23_P371885
18624,NM_144704,A_23_P258194
18625,NM_148910,A_23_P202905
18626,NM_006547,A_23_P133743
18627,NM_001615,A_23_P39955
18628,AB037853,A_23_P134994
18629,,E1A_r60_a104
18630,NM_003785,A_23_P171104
18631,NM_020851,A_23_P151937
18632,NM_012123,A_23_P145067
18633,X56677,A_23_P53033
18634,,A_23_P24688
18635,NM_001059,A_23_P110299
18636,NM_021077,A_23_P88522
18637,NM_014301,A_23_P116852
18638,NM_182715,A_23_P93881
18639,NM_007153,A_23_P165242
18640,NM_012445,A_23_P121533
18641,NM_001999,A_23_P214026
18642,NM_024734,A_23_P25709
18643,NM_207297,A_23_P212079
18644,NM_003395,A_23_P160680
18645,,E1A_r60_1
18646,NM_003628,A_23_P16992
18647,NM_032026,A_23_P254974
18648,NM_001039210,A_23_P22672
18649,NM_016122,A_23_P162378
18650,NM_052870,A_23_P213541
18651,AK025855,A_23_P28997
18652,NM_000201,A_23_P153320
18653,NM_003851,A_23_P85742
18654,,A_23_P109420
18655,AF495725,A_23_P250833
18656,NM_152515,A_23_P388812
18657,NM_014383,A_23_P131028
18658,NM_006410,A_23_P64129
18659,NM_020918,A_23_P104237
18660,,A_23_P255363
18661,NM_139155,A_23_P202558
18662,NM_006482,A_23_P204048
18663,NM_025132,A_23_P110135
18664,NM_031232,A_23_P68628
18665,NM_013321,A_23_P414252
18666,NM_001015891,A_23_P21734
18667,NM_206997,A_23_P115975
18668,AB002370,A_23_P61854
18669,NM_002991,A_23_P215491
18670,NM_003409,A_23_P27334
18671,NM_014893,A_23_P33903
18672,NM_016269,A_23_P213045
18673,NM_172370,A_23_P351203
18674,,A_23_P79356
18675,NM_198893,A_23_P396804
18676,BC015833,A_23_P21189
18677,NM_005964,A_23_P164081
18678,AY039244,A_23_P132138
18679,NM_005029,A_23_P104301
18680,NM_000847,A_23_P253495
18681,NM_000866,A_23_P166674
18682,NM_004483,A_23_P117933
18683,NM_006154,A_23_P95287
18684,NM_007046,A_23_P165848
18685,NM_015251,A_23_P100133
18686,NM_148674,A_23_P29325
18687,,A_23_P123702
18688,NM_002516,A_23_P377717
18689,NM_020155,A_23_P416686
18690,NM_002809,A_23_P26785
18691,NM_001005735,A_23_P109453
18692,BC005184,A_23_P6786
18693,NM_018421,A_23_P123662
18694,NM_000137,A_23_P129216
18695,NM_001134,A_23_P58201
18696,AF305836,A_23_P140096
18697,,A_23_P207049
18698,NM_152414,A_23_P402194
18699,NM_020370,A_23_P25155
18700,NM_005636,A_23_P254202
18701,NM_020387,A_23_P115091
18702,NM_002899,A_23_P257649
18703,NM_002915,A_23_P14193
18704,NM_019599,A_23_P402123
18705,BC029383,A_23_P96809
18706,NM_021088,A_23_P142969
18707,NM_015453,A_23_P212213
18708,NM_004809,A_23_P48910
18709,M90686,A_23_P156645
18710,NM_017785,A_23_P41948
18711,NM_003565,A_23_P113148
18712,NM_022173,A_23_P90839
18713,AF168717,A_23_P3215
18714,NM_014855,A_23_P134637
18715,,A_23_P134353
18716,NM_001983,A_23_P107701
18717,NM_032772,A_23_P202484
18718,BC042539,A_23_P43548
18719,NM_182767,A_23_P13725
18720,NM_005978,A_23_P337070
18721,NM_001145073,A_23_P159695
18722,NM_080738,A_23_P51621
18723,NM_033378,A_23_P27711
18724,NM_144603,A_23_P413051
18725,AK000383,A_23_P167905
18726,NM_002318,A_23_P111995
18727,NM_017947,A_23_P67042
18728,NM_005461,A_23_P325025
18729,NM_025220,A_23_P210731
18730,NR_002157,A_23_P123175
18731,NR_047690,A_23_P69329
18732,NM_032869,A_23_P123343
18733,NM_018476,A_23_P159952
18734,NM_016337,A_23_P129034
18735,NM_014506,A_23_P94703
18736,NM_016423,A_23_P431360
18737,NM_015575,A_23_P142950
18738,NM_014748,A_23_P28233
18739,,A_23_P47396
18740,NM_002928,A_23_P217845
18741,NM_003311,A_23_P47614
18742,NM_006401,A_23_P20615
18743,NM_006533,A_23_P4714
18744,,A_23_P71502
18745,NM_022039,A_23_P104295
18746,NM_000477,A_23_P257834
18747,NM_014667,A_23_P132595
18748,NM_153603,A_23_P329361
18749,NM_198282,A_23_P61371
18750,NM_032928,A_23_P94591
18751,NM_016489,A_23_P59547
18752,NM_025083,A_23_P21155
18753,NM_015070,A_23_P204836
18754,NM_007167,A_23_P201841
18755,,A_23_P376044
18756,NM_174887,A_23_P130089
18757,NM_153034,A_23_P23966
18758,NM_022789,A_23_P117437
18759,NM_012286,A_23_P114401
18760,NM_002896,A_23_P13033
18761,NM_012447,A_23_P145657
18762,NM_030974,A_23_P94942
18763,NM_015057,A_23_P151459
18764,,
18765,NM_006263,A_23_P151610
18766,NM_000553,A_23_P250813
18767,,A_23_P10753
18768,,A_23_P58058
18769,NM_021130,A_23_P258340
18770,NM_147223,A_23_P39594
18771,NM_147199,A_23_P365725
18772,NM_005035,A_23_P131096
18773,NM_020738,A_23_P131747
18774,NM_014302,A_23_P71241
18775,BT007145,A_23_P129313
18776,NM_022460,A_23_P154166
18777,,E1A_r60_a107
18778,NM_021168,A_23_P152289
18779,NM_003564,A_23_P74138
18780,NM_013443,A_23_P315892
18781,,E1A_r60_a104
18782,NM_001528,A_23_P58107
18783,NM_021222,A_23_P169925
18784,,
18785,NM_000567,A_23_P339042
18786,,A_23_P336624
18787,NM_031431,A_23_P2692
18788,NM_005998,A_23_P160631
18789,BC033102,A_23_P9788
18790,NM_032026,A_23_P254974
18791,NM_021570,A_23_P32277
18792,NM_024341,A_23_P90023
18793,NM_020925,A_23_P135553
18794,NM_013355,A_23_P258982
18795,NM_031283,A_23_P142872
18796,NM_206824,A_23_P100486
18797,NM_052987,A_23_P152245
18798,,E1A_r60_a107
18799,NM_014516,A_23_P38987
18800,NM_022365,A_23_P127128
18801,NM_080881,A_23_P156284
18802,NM_152381,A_23_P120135
18803,NM_021626,A_23_P152548
18804,NM_002184,A_23_P502470
18805,,A_23_P117309
18806,,
18807,NM_001902,A_23_P126103
18808,NM_022462,A_23_P142187
18809,NM_012408,A_23_P166000
18810,AF078165,A_23_P159395
18811,BX648380,A_23_P212204
18812,BG108194,A_23_P48637
18813,NM_007357,A_23_P160807
18814,NM_021220,A_23_P143348
18815,NM_032434,A_23_P391164
18816,NM_178314,A_23_P169934
18817,,A_23_P115000
18818,,A_23_P123234
18819,,A_23_P26281
18820,NM_033419,A_23_P207075
18821,NM_014504,A_23_P250824
18822,NR_003061,A_23_P27781
18823,NM_005711,A_23_P401606
18824,NM_017994,A_23_P93671
18825,NM_032199,A_23_P97871
18826,NM_006605,A_23_P254433
18827,NM_000350,A_23_P160940
18828,NM_005044,A_23_P217339
18829,NM_002101,A_23_P90957
18830,NM_002689,A_23_P161607
18831,NM_024051,A_23_P42695
18832,AF151697,A_23_P257988
18833,NM_019048,A_23_P91001
18834,NR_073153,A_23_P312286
18835,NM_018207,A_23_P112602
18836,NM_005701,A_23_P95189
18837,NM_000955,A_23_P4808
18838,AA836419,A_23_P103824
18839,NM_016378,A_23_P114243
18840,NM_013432,A_23_P216355
18841,,A_23_P56559
18842,AA620642,A_23_P124314
18843,NM_182985,A_23_P48826
18844,NM_015469,A_23_P20606
18845,NM_006166,A_23_P53668
18846,NM_024420,A_23_P11685
18847,NM_022730,A_23_P79725
18848,,
18849,,A_23_P136296
18850,NM_005284,A_23_P156919
18851,NM_024071,A_23_P14273
18852,NM_004496,A_23_P37127
18853,NM_014159,A_23_P44758
18854,NM_032793,A_23_P43817
18855,NM_032811,A_23_P98463
18856,NM_199336,A_23_P165479
18857,,A_23_P14403
18858,NM_012087,A_23_P112406
18859,NM_004523,A_23_P52278
18860,NM_153618,A_23_P205795
18861,NM_058192,A_23_P49269
18862,NM_000292,A_23_P159671
18863,NM_019037,A_23_P32463
18864,AB051543,A_23_P42451
18865,NM_006773,A_23_P56865
18866,NM_006942,A_23_P164011
18867,NM_005068,A_23_P214743
18868,NM_173556,A_23_P356669
18869,NM_002246,A_23_P357724
18870,NM_014518,A_23_P130509
18871,NM_018297,A_23_P218841
18872,NM_024676,A_23_P363
18873,NM_014708,A_23_P136817
18874,NM_001400,A_23_P404481
18875,NM_025235,A_23_P12620
18876,NM_001968,A_23_P118642
18877,NM_006061,A_23_P419760
18878,NM_138798,A_23_P311020
18879,NM_178502,A_23_P53247
18880,NM_020425,A_23_P59255
18881,NM_018013,A_23_P156907
18882,NM_002283,A_23_P204144
18883,NM_003156,A_23_P53162
18884,NM_021952,A_23_P114755
18885,NM_005421,A_23_P409449
18886,NM_016040,A_23_P86002
18887,NM_004948,A_23_P38696
18888,NM_023915,A_23_P121120
18889,NM_002643,A_23_P131653
18890,NM_005511,A_23_P43350
18891,NM_138432,A_23_P53439
18892,NM_002892,A_23_P117515
18893,NM_152478,A_23_P67432
18894,NM_005097,A_23_P127267
18895,NM_178353,A_23_P339691
18896,NM_016022,A_23_P930
18897,,A_23_P28476
18898,AF216184,A_23_P167051
18899,NM_005391,A_23_P250476
18900,NM_015878,A_23_P157435
18901,NM_005053,A_23_P55889
18902,NM_015172,A_23_P412409
18903,NM_000891,A_23_P55219
18904,NM_000359,A_23_P65617
18905,,A_23_P69414
18906,,
18907,NM_153325,A_23_P320846
18908,NM_001270,A_23_P70201
18909,NM_014597,A_23_P97584
18910,AJ243950,A_23_P139207
18911,,A_23_P117987
18912,NM_015896,A_23_P29663
18913,NM_018250,A_23_P8848
18914,,A_23_P252596
18915,NM_003978,A_23_P48997
18916,NM_007118,A_23_P425880
18917,AY008410,A_23_P170378
18918,NM_006546,A_23_P83498
18919,NM_004225,A_23_P112078
18920,NM_024423,A_23_P208029
18921,NM_004822,A_23_P15478
18922,NM_003139,A_23_P86943
18923,,A_23_P89851
18924,NM_001188,A_23_P145357
18925,NM_139160,A_23_P385126
18926,NM_004753,A_23_P33759
18927,NM_174920,A_23_P403500
18928,NM_032266,A_23_P39950
18929,NM_006474,A_23_P430068
18930,,A_23_P153837
18931,,
18932,NM_174895,A_23_P355860
18933,NM_006215,A_23_P25720
18934,NM_005108,A_23_P212428
18935,NM_012206,A_23_P256597
18936,NM_005613,A_23_P433855
18937,NM_018728,A_23_P140434
18938,NM_019841,A_23_P93973
18939,NM_177437,A_23_P367013
18940,NM_198976,A_23_P210649
18941,NM_017423,A_23_P144384
18942,AK074334,A_23_P365117
18943,NM_003417,A_23_P55698
18944,NM_005773,A_23_P16029
18945,NM_033544,A_23_P106433
18946,NM_013448,A_23_P76799
18947,NM_006713,A_23_P59921
18948,NM_003370,A_23_P119102
18949,NM_018443,A_23_P209032
18950,NM_033188,A_23_P27197
18951,NM_001916,A_23_P20980
18952,,A_23_P413760
18953,NM_001008387,A_23_P209559
18954,NM_022450,A_23_P163678
18955,NM_014728,A_23_P250548
18956,NM_020967,A_23_P210515
18957,,E1A_r60_a107
18958,NM_002557,A_23_P103756
18959,NM_002732,A_23_P71926
18960,NM_007019,A_23_P143207
18961,,
18962,NM_000922,A_23_P116114
18963,BC036034,A_23_P216609
18964,NM_003010,A_23_P152687
18965,NR_002140,A_23_P123164
18966,NM_033063,A_23_P47725
18967,NM_005495,A_23_P81835
18968,NM_001004742,A_23_P98526
18969,NM_013313,A_23_P40548
18970,NM_001007471,A_23_P136310
18971,,
18972,NM_000807,A_23_P212869
18973,NM_020125,A_23_P200138
18974,NM_001537,A_23_P100203
18975,NM_001039548,A_23_P351834
18976,NM_001768,A_23_P68110
18977,NM_182515,A_23_P50834
18978,NM_194455,A_23_P42848
18979,NM_004717,A_23_P169909
18980,NM_145263,A_23_P407112
18981,NM_002551,A_23_P55504
18982,,A_23_P21282
18983,,
18984,NM_000579,A_23_P212347
18985,,A_23_P23774
18986,,A_23_P99076
18987,NM_020817,A_23_P419213
18988,NM_002125,A_23_P45099
18989,NM_015001,A_23_P12054
18990,NM_173079,A_23_P129996
18991,NM_015978,A_23_P352454
18992,NM_152243,A_23_P166453
18993,NM_021005,A_23_P88589
18994,AL136548,A_23_P16609
18995,NM_001792,A_23_P38732
18996,NM_152550,A_23_P351184
18997,NM_032432,A_23_P255672
18998,NM_012364,A_23_P112449
18999,NM_019848,A_23_P366254
19000,,A_23_P119153
19001,NM_004148,A_23_P169137
19002,NM_003088,A_23_P168531
19003,NM_013437,A_23_P8906
19004,NM_004257,A_23_P120146
19005,NM_000584,A_23_P81006
19006,NM_002692,A_23_P163099
19007,NM_004114,A_23_P217319
19008,,A_23_P6107
19009,NM_014448,A_23_P114670
19010,NM_001419,A_23_P388681
19011,,A_23_P102994
19012,NM_007256,A_23_P150768
19013,NM_003004,A_23_P207905
19014,NM_006100,A_23_P250800
19015,NM_003704,A_23_P121502
19016,NM_178829,A_23_P326344
19017,NM_178493,A_23_P101007
19018,NM_002560,A_23_P53625
19019,NM_033328,A_23_P87727
19020,NM_002404,A_23_P164057
19021,NM_024069,A_23_P50722
19022,NM_003039,A_23_P160159
19023,NM_006845,A_23_P34788
19024,,A_23_P113762
19025,NM_018404,A_23_P49816
19026,NM_000185,A_23_P6335
19027,NM_005593,A_23_P87860
19028,NM_024560,A_23_P339119
19029,NM_004065,A_23_P125495
19030,NM_006773,A_23_P56865
19031,NM_004655,A_23_P148014
19032,NM_001347,A_23_P132923
19033,NM_031297,A_23_P170464
19034,AF168717,A_23_P3215
19035,,A_23_P212307
19036,,A_23_P164267
19037,AK025116,A_23_P255091
19038,NM_016115,A_23_P56827
19039,NM_014634,A_23_P57413
19040,NM_012444,A_23_P166027
19041,AF332225,A_23_P96652
19042,,A_23_P105900
19043,NM_001001661,A_23_P168410
19044,NM_015234,A_23_P252874
19045,NM_172251,A_23_P101742
19046,NM_004411,A_23_P93737
19047,NM_022153,A_23_P24077
19048,NM_021030,A_23_P101811
19049,NM_005691,A_23_P368691
19050,NM_152457,A_23_P3753
19051,NM_003770,A_23_P118854
19052,BC006346,A_23_P209501
19053,NM_138326,A_23_P376727
19054,NM_012310,A_23_P148475
19055,NM_002405,A_23_P103100
19056,,A_23_P127771
19057,NM_002034,A_23_P101759
19058,NM_183002,A_23_P48487
19059,NM_002441,A_23_P93329
19060,AB011137,A_23_P55430
19061,NM_005675,A_23_P17714
19062,NM_001102,A_23_P105957
19063,NM_021002,A_23_P71757
19064,NM_015277,A_23_P27273
19065,,
19066,NM_000582,A_23_P7313
19067,NM_000110,A_23_P43988
19068,NM_138461,A_23_P372944
19069,NM_014735,A_23_P11362
19070,,A_23_P300563
19071,NM_178454,A_23_P74550
19072,NM_001005172,A_23_P98746
19073,NM_017530,A_23_P77668
19074,NM_014673,A_23_P60000
19075,NM_005193,A_23_P114314
19076,NM_001376,A_23_P128706
19077,NM_006000,A_23_P102109
19078,NM_017636,A_23_P153527
19079,NM_032193,A_23_P116081
19080,NM_012301,A_23_P21376
19081,NM_020775,A_23_P115392
19082,NM_006388,A_23_P138847
19083,NM_032369,A_23_P151166
19084,AY792621,A_23_P48882
19085,NM_001008392,A_23_P212436
19086,NM_002574,A_23_P11995
19087,BC033222,A_23_P38145
19088,,A_23_P387584
19089,NM_138444,A_23_P128674
19090,NM_014702,A_23_P215048
19091,NM_002655,A_23_P254877
19092,NM_004449,A_23_P57323
19093,NM_001001996,A_23_P378416
19094,NM_016463,A_23_P399001
19095,NM_006079,A_23_P214969
19096,NM_004765,A_23_P118283
19097,NM_145071,A_23_P144096
19098,NM_002824,A_23_P128333
19099,NM_004313,A_23_P158829
19100,NM_080284,A_23_P207433
19101,NM_018409,A_23_P30035
19102,NM_024083,A_23_P32320
19103,NM_003176,A_23_P722
19104,NM_024835,A_23_P38408
19105,NM_002158,A_23_P61463
19106,NM_001552,A_23_P38574
19107,NM_030971,A_23_P202138
19108,NM_198594,A_23_P3956
19109,NM_002013,A_23_P117558
19110,NM_006770,A_23_P101992
19111,NM_030594,A_23_P106322
19112,NM_003419,A_23_P39163
19113,NM_001064,A_23_P92082
19114,,A_23_P162891
19115,,A_23_P90780
19116,NM_144566,A_23_P27638
19117,NM_052886,A_23_P60130
19118,NM_003516,A_23_P309381
19119,NM_000946,A_23_P25019
19120,NM_024678,A_23_P24960
19121,NM_004618,A_23_P15824
19122,NM_022763,A_23_P253434
19123,NM_024652,A_23_P338253
19124,NM_002076,A_23_P139628
19125,NM_001346,A_23_P40926
19126,NM_003903,A_23_P88083
19127,NM_000856,A_23_P69573
19128,NM_001608,A_23_P28097
19129,NM_024979,A_23_P434948
19130,NM_006440,A_23_P102988
19131,NM_024908,A_23_P129075
19132,,A_23_P309081
19133,NM_030637,A_23_P205628
19134,NM_024626,A_23_P518
19135,NM_013299,A_23_P116057
19136,NM_152997,A_23_P362694
19137,NM_032860,A_23_P122624
19138,NM_003380,A_23_P161190
19139,NM_002655,A_23_P411723
19140,NM_001039567,A_23_P324384
19141,,A_23_P378499
19142,NM_003602,A_23_P250874
19143,NM_005514,A_23_P70542
19144,,
19145,NM_020240,A_23_P430764
19146,,A_23_P2762
19147,NM_032206,A_23_P402892
19148,NM_207121,A_23_P386241
19149,NM_006608,A_23_P201179
19150,NM_002566,A_23_P4696
19151,NM_024895,A_23_P75097
19152,NM_023016,A_23_P120354
19153,NM_020792,A_23_P132644
19154,NM_016260,A_23_P323872
19155,NM_002840,A_23_P200989
19156,NM_022064,A_23_P250054
19157,NM_005261,A_23_P257043
19158,NM_001017403,A_23_P23837
19159,AK021716,A_23_P131176
19160,NM_173831,A_23_P83714
19161,NM_173618,A_23_P385267
19162,NM_001040,A_23_P207088
19163,,A_23_P370047
19164,NM_005562,A_23_P201636
19165,NM_032683,A_23_P165130
19166,NM_013372,A_23_P218189
19167,NM_004133,A_23_P136748
19168,NM_001050,A_23_P318800
19169,NM_003633,A_23_P213424
19170,NM_003372,A_23_P256223
19171,,E1A_r60_a104
19172,,E1A_r60_a20
19173,NM_000343,A_23_P17826
19174,,
19175,NM_015167,A_23_P311613
19176,NM_001696,A_23_P143545
19177,,A_23_P251027
19178,NM_016948,A_23_P140817
19179,NM_002910,A_23_P137155
19180,NM_014918,A_23_P37484
19181,NM_024848,A_23_P160129
19182,NM_032137,A_23_P361333
19183,,
19184,NM_006773,A_23_P56865
19185,NM_015216,A_23_P213661
19186,NM_023070,A_23_P160200
19187,NM_002306,A_23_P128918
19188,NM_005247,A_23_P113204
19189,NM_005266,A_23_P371729
19190,NM_058190,A_23_P61202
19191,NM_170753,A_23_P319565
19192,AK055241,A_23_P346327
19193,NM_005768,A_23_P64944
19194,NM_005371,A_23_P47788
19195,NM_021191,A_23_P87625
19196,NM_152670,A_23_P432003
19197,NM_004070,A_23_P160653
19198,NM_015327,A_23_P322043
19199,NM_001033561,A_23_P159580
19200,NM_024092,A_23_P203367
19201,NM_032558,A_23_P83073
19202,NM_032256,A_23_P2573
19203,NM_020820,A_23_P413641
19204,NM_015097,A_23_P44295
19205,NM_000728,A_23_P53096
19206,NM_005629,A_23_P159937
19207,NM_024896,A_23_P169154
19208,NM_005648,A_23_P60028
19209,NM_018708,A_23_P142277
19210,NM_152784,A_23_P340822
19211,NM_021942,A_23_P170399
19212,,
19213,,A_23_P152570
19214,NM_014741,A_23_P95292
19215,NM_001025300,A_23_P119023
19216,NM_003847,A_23_P37560
19217,NM_178827,A_23_P349504
19218,NM_001002294,A_23_P155596
19219,,E1A_r60_n9
19220,,A_23_P387523
19221,NM_015460,A_23_P326760
19222,,A_23_P106312
19223,NM_005933,A_23_P420749
19224,NM_006266,A_23_P409376
19225,NM_004712,A_23_P61230
19226,NM_178844,A_23_P329399
19227,BU681151,A_23_P165811
19228,NM_144683,A_23_P66719
19229,AF157326,A_23_P72180
19230,NM_006798,A_23_P212954
19231,,
19232,NM_012125,A_23_P117873
19233,,A_23_P100942
19234,NM_005070,A_23_P39647
19235,NM_000386,A_23_P141606
19236,NM_002350,A_23_P147431
19237,NM_206962,A_23_P211247
19238,NM_032370,A_23_P340922
19239,NM_176886,A_23_P303851
19240,NM_020726,A_23_P133217
19241,NM_000073,A_23_P98410
19242,NM_004452,A_23_P391857
19243,NM_058182,A_23_P82051
19244,NM_002742,A_23_P106016
19245,NM_000106,A_23_P380129
19246,NM_032627,A_23_P39329
19247,NM_005337,A_23_P128195
19248,,
19249,NM_003146,A_23_P36078
19250,NM_173042,A_23_P203622
19251,NM_001567,A_23_P36314
19252,NM_178552,A_23_P353153
19253,NM_032924,A_23_P219084
19254,NM_005716,A_23_P130648
19255,NM_145648,A_23_P98953
19256,NM_004181,A_23_P132956
19257,NM_005362,A_23_P62095
19258,NM_024575,A_23_P46355
19259,NM_005180,A_23_P314115
19260,NM_004085,A_23_P217637
19261,NM_018412,A_23_P215735
19262,NM_005681,A_23_P74663
19263,NM_003984,A_23_P107307
19264,NM_015134,A_23_P15342
19265,NM_022350,A_23_P30243
19266,,A_23_P343859
19267,,A_23_P37015
19268,,A_23_P161049
19269,NM_139283,A_23_P139775
19270,,A_23_P209879
19271,AK000130,A_23_P29411
19272,,
19273,NM_017861,A_23_P354170
19274,NM_032108,A_23_P208905
19275,NM_004881,A_23_P5392
19276,NM_032730,A_23_P122775
19277,NM_000890,A_23_P202927
19278,NM_001878,A_23_P405064
19279,NM_000411,A_23_P304991
19280,,
19281,NM_003042,A_23_P166758
19282,NM_012146,A_23_P146876
19283,NM_024953,A_23_P400924
19284,NM_005913,A_23_P50039
19285,NM_015358,A_23_P325501
19286,NM_016220,A_23_P79107
19287,NM_022370,A_23_P356581
19288,,A_23_P14774
19289,NM_001004323,A_23_P93704
19290,BC012091,A_23_P201686
19291,BC041387,A_23_P65789
19292,NM_001042472,A_23_P149488
19293,NM_080476,A_23_P28980
19294,NM_006569,A_23_P403445
19295,NM_032515,A_23_P253029
19296,,A_23_P215449
19297,NM_004393,A_23_P212579
19298,NM_003833,A_23_P102622
19299,NM_005362,A_23_P62095
19300,NM_173467,A_23_P132358
19301,BC020879,A_23_P373100
19302,,A_23_P73820
19303,,A_23_P168229
19304,NM_014698,A_23_P200489
19305,NM_006258,A_23_P136041
19306,NM_000418,A_23_P129556
19307,NM_005248,A_23_P103932
19308,,
19309,,A_23_P211703
19310,,A_23_P9854
19311,NM_001637,A_23_P145715
19312,,A_23_P128836
19313,NM_006047,A_23_P502832
19314,NM_012399,A_23_P17786
19315,NM_003404,A_23_P500251
19316,NM_032207,A_23_P107801
19317,,A_23_P32661
19318,NM_005815,A_23_P67284
19319,NM_018059,A_23_P111860
19320,NM_006947,A_23_P258421
19321,NM_002987,A_23_P26325
19322,NM_033542,A_23_P369456
19323,M57650,A_23_P19611
19324,NM_006708,A_23_P214411
19325,NM_177403,A_23_P252549
19326,NM_002677,A_23_P31615
19327,NM_032815,A_23_P125153
19328,NM_006631,A_23_P107764
19329,NM_032448,A_23_P313476
19330,NM_198182,A_23_P365785
19331,NM_004058,A_23_P78958
19332,NM_006522,A_23_P119916
19333,NM_032112,A_23_P63689
19334,NM_144579,A_23_P108819
19335,NM_004910,A_23_P1513
19336,NM_133629,A_23_P500871
19337,NM_032283,A_23_P51851
19338,NM_004356,A_23_P13423
19339,NM_005054,A_23_P218637
19340,NM_173852,A_23_P149249
19341,NM_014499,A_23_P217185
19342,NM_024608,A_23_P129157
19343,NM_024533,A_23_P430670
19344,NM_005588,A_23_P93122
19345,NM_001756,A_23_P117363
19346,NM_001017995,A_23_P363846
19347,BE716310,A_23_P208626
19348,NM_031467,A_23_P257176
19349,AF116665,A_23_P146169
19350,AK025280,A_23_P331028
19351,NM_019842,A_23_P167841
19352,NM_178497,A_23_P386268
19353,NM_078471,A_23_P78122
19354,NM_001005289,A_23_P105245
19355,NR_002323,A_23_P68868
19356,NM_153706,A_23_P433111
19357,NM_004204,A_23_P502604
19358,NM_018163,A_23_P140695
19359,NM_022461,A_23_P109682
19360,NM_138964,A_23_P416089
19361,NM_032349,A_23_P49429
19362,,A_23_P397915
19363,NM_014007,A_23_P135315
19364,NM_138422,A_23_P422105
19365,NM_005917,A_23_P101950
19366,NM_031896,A_23_P4782
19367,NM_004589,A_23_P15466
19368,BC014570,A_23_P203914
19369,NM_006919,A_23_P55632
19370,U88834,A_23_P117026
19371,NM_178161,A_23_P428329
19372,NM_015677,A_23_P68198
19373,NM_018949,A_23_P146885
19374,NM_018247,A_23_P70290
19375,NM_016437,A_23_P78014
19376,BC032803,A_23_P101737
19377,NM_022899,A_23_P80694
19378,NM_145286,A_23_P76669
19379,NM_144706,A_23_P415511
19380,NM_201434,A_23_P107214
19381,NM_174913,A_23_P326840
19382,NM_003664,A_23_P136635
19383,NM_017884,A_23_P82823
19384,,E1A_r60_a22
19385,BX538000,A_23_P119880
19386,NM_014592,A_23_P30554
19387,NM_173473,A_23_P411979
19388,NM_017519,A_23_P70699
19389,NM_017691,A_23_P129174
19390,NM_024940,A_23_P60089
19391,NM_014798,A_23_P152727
19392,NM_002349,A_23_P334168
19393,NM_015011,A_23_P36979
19394,NM_005397,A_23_P215060
19395,NM_025125,A_23_P97858
19396,NM_014686,A_23_P67476
19397,NM_052947,A_23_P15876
19398,NM_020166,A_23_P58036
19399,NM_016581,A_23_P119292
19400,NM_017577,A_23_P253012
19401,NM_014763,A_23_P102262
19402,NM_031217,A_23_P150667
19403,NM_001007094,A_23_P23941
19404,NM_152393,A_23_P255722
19405,AK026244,A_23_P388762
19406,NM_017412,A_23_P347471
19407,NM_014360,A_23_P25726
19408,NM_078474,A_23_P140515
19409,NM_004037,A_23_P201591
19410,,A_23_P364355
19411,NM_182687,A_23_P206632
19412,NM_014041,A_23_P29630
19413,NM_017971,A_23_P97473
19414,,A_23_P201342
19415,NM_002838,A_23_P148227
19416,NM_018660,A_23_P146077
19417,NM_002279,A_23_P89665
19418,NM_005441,A_23_P57306
19419,NM_022777,A_23_P31584
19420,NM_007241,A_23_P130064
19421,NM_000492,A_23_P215720
19422,NM_002451,A_23_P112368
19423,Y09321,A_23_P95718
19424,NM_153371,A_23_P402287
19425,,A_23_P114133
19426,NM_002509,A_23_P17522
19427,NM_005803,A_23_P314526
19428,NM_144723,A_23_P346301
19429,NM_002068,A_23_P16455
19430,NM_015904,A_23_P218608
19431,NM_001001658,A_23_P111779
19432,NM_001039697,A_23_P71908
19433,NM_016201,A_23_P166686
19434,,
19435,NM_005772,A_23_P9152
19436,NM_015540,A_23_P3453
19437,NM_145062,A_23_P428353
19438,NM_005796,A_23_P118038
19439,NM_004968,A_23_P215419
19440,,A_23_P208238
19441,NM_002505,A_23_P501583
19442,,A_23_P101857
19443,,E1A_r60_a97
19444,NM_003189,A_23_P63369
19445,NM_000447,A_23_P103398
19446,NM_001386,A_23_P20336
19447,NM_002894,A_23_P252371
19448,NM_182691,A_23_P215594
19449,,A_23_P94623
19450,NM_002411,A_23_P161940
19451,NM_018429,A_23_P7489
19452,NM_152312,A_23_P104617
19453,NM_016095,A_23_P118246
19454,NM_013399,A_23_P15242
19455,,A_23_P308042
19456,AF092136,A_23_P98805
19457,NM_016217,A_23_P59349
19458,NM_139159,A_23_P208918
19459,NM_021994,A_23_P42783
19460,NM_033508,A_23_P250206
19461,NM_022761,A_23_P150350
19462,NM_001004746,A_23_P87104
19463,NM_173472,A_23_P318982
19464,NM_012239,A_23_P139265
19465,NM_022070,A_23_P77959
19466,NM_016535,A_23_P4793
19467,NM_024847,A_23_P140926
19468,NM_004725,A_23_P320658
19469,,A_23_P29032
19470,NM_020159,A_23_P213255
19471,NM_004814,A_23_P45913
19472,NM_170699,A_23_P400378
19473,AK000026,A_23_P33558
19474,NM_014168,A_23_P142634
19475,NM_002146,A_23_P100872
19476,,A_23_P153185
19477,NM_138714,A_23_P3766
19478,NM_005409,A_23_P125278
19479,NM_007005,A_23_P94493
19480,NM_000784,A_23_P131308
19481,NM_000239,A_23_P76192
19482,,
19483,NM_003159,A_23_P136898
19484,NM_000582,A_23_P7313
19485,NM_173468,A_23_P347059
19486,NM_005653,A_23_P347528
19487,NM_032501,A_23_P120594
19488,,A_23_P372331
19489,NM_021177,A_23_P59147
19490,NM_138706,A_23_P127978
19491,,A_23_P161314
19492,NM_000179,A_23_P102202
19493,NM_133373,A_23_P207675
19494,,A_23_P12693
19495,NM_001001436,A_23_P49279
19496,NM_032973,A_23_P147314
19497,NM_016570,A_23_P139509
19498,NM_004672,A_23_P126634
19499,NM_000183,A_23_P79703
19500,NM_133466,A_23_P416813
19501,NM_004980,A_23_P697
19502,NM_000185,A_23_P6335
19503,NM_175868,A_23_P136870
19504,NM_032906,A_23_P132975
19505,NM_014805,A_23_P254058
19506,NM_017964,A_23_P165394
19507,AF490769,A_23_P371139
19508,NM_018390,A_23_P61180
19509,NM_032483,A_23_P329971
19510,AK023048,A_23_P321250
19511,,A_23_P24666
19512,NM_001813,A_23_P253524
19513,NM_005533,A_23_P152782
19514,NM_021920,A_23_P104594
19515,NM_000086,A_23_P88971
19516,NM_152517,A_23_P408913
19517,BG108194,A_23_P48637
19518,NM_134444,A_23_P164966
19519,NM_017905,A_23_P205188
19520,NM_033516,A_23_P20549
19521,NM_003079,A_23_P164387
19522,NM_020770,A_23_P149388
19523,NM_174937,A_23_P368794
19524,,A_23_P215866
19525,AW881121,A_23_P54257
19526,AF009616,A_23_P209394
19527,NM_004237,A_23_P167607
19528,NM_006807,A_23_P107509
19529,NM_012068,A_23_P119338
19530,X89426,A_23_P144835
19531,NM_016024,A_23_P255153
19532,NM_002908,A_23_P56938
19533,NM_004810,A_23_P143716
19534,BC070091,A_23_P216836
19535,AF002020,A_23_P107581
19536,NM_003151,A_23_P68031
19537,NM_001008397,A_23_P122052
19538,AK093213,A_23_P408279
19539,NM_018410,A_23_P79429
19540,BC045679,A_23_P157025
19541,,A_23_P82488
19542,NM_005257,A_23_P304450
19543,NM_018051,A_23_P157361
19544,,E1A_r60_a104
19545,NM_004922,A_23_P138545
19546,NM_000416,A_23_P8281
19547,NM_006409,A_23_P82664
19548,NM_018677,A_23_P210900
19549,NM_016039,A_23_P14482
19550,NM_144591,A_23_P305140
19551,NM_020701,A_23_P124164
19552,NM_052865,A_23_P102769
19553,NM_015296,A_23_P162766
19554,NM_138426,A_23_P82402
19555,NM_003248,A_23_P250362
19556,NM_005969,A_23_P36215
19557,NM_080612,A_23_P255122
19558,NM_002389,A_23_P201758
19559,,A_23_P255403
19560,NM_022762,A_23_P401577
19561,NM_052857,A_23_P387071
19562,NM_004992,A_23_P114361
19563,NM_007086,A_23_P25873
19564,NM_207325,A_23_P56085
19565,,A_23_P96445
19566,NM_173829,A_23_P413184
19567,,NegativeControl
19568,NM_002801,A_23_P140805
19569,NM_172231,A_23_P119618
19570,,A_23_P159335
19571,NM_033440,A_23_P46238
19572,NM_020676,A_23_P211850
19573,,NegativeControl
19574,NM_024800,A_23_P211973
19575,,A_23_P91615
19576,NM_032850,A_23_P65930
19577,NM_002807,A_23_P209747
19578,NM_004050,A_23_P140219
19579,,NegativeControl
19580,NM_001965,A_23_P380318
19581,,A_23_P211196
19582,NM_173552,A_23_P144134
19583,NM_007282,A_23_P29378
19584,NM_014142,A_23_P1196
19585,,NegativeControl
19586,NM_139162,A_23_P501372
19587,NM_003198,A_23_P74097
19588,NM_005990,A_23_P30453
19589,NM_006009,A_23_P139547
19590,NM_022740,A_23_P124200
19591,,NegativeControl
19592,NM_014375,A_23_P144126
19593,NM_004741,A_23_P314151
19594,NM_005264,A_23_P12686
19595,,A_23_P123389
19596,NM_002764,A_23_P95764
19597,,NegativeControl
19598,NM_015366,A_23_P80382
19599,NM_000211,A_23_P211180
19600,NM_080425,A_23_P218694
19601,NM_021992,A_23_P137179
19602,NM_017684,A_23_P206228
19603,,NegativeControl
19604,NM_032566,A_23_P213832
19605,NM_003321,A_23_P251209
19606,NM_002155,A_23_P114903
19607,NM_002140,A_23_P216788
19608,NM_006795,A_23_P52647
19609,,NegativeControl
19610,NM_201222,A_23_P33898
19611,NM_022497,A_23_P18135
19612,AF217963,A_23_P135634
19613,NM_018970,A_23_P215687
19614,NM_015476,A_23_P141717
19615,,NegativeControl
19616,NM_004548,A_23_P118102
19617,NM_020435,A_23_P51729
19618,NM_017947,A_23_P67042
19619,NM_000980,A_23_P90383
19620,NM_145287,A_23_P328766
19621,,NegativeControl
19622,NM_019594,A_23_P250274
19623,NM_030756,A_23_P328501
19624,NM_017797,A_23_P153698
19625,NM_006137,A_23_P431815
19626,NM_022827,A_23_P118633
19627,,NegativeControl
19628,NM_014686,A_23_P324490
19629,,A_23_P391689
19630,AK026130,A_23_P89030
19631,NM_152540,A_23_P92543
19632,NM_001039617,A_23_P314789
19633,,NegativeControl
19634,NM_177458,A_23_P257672
19635,NM_002841,A_23_P41054
19636,NM_018961,A_23_P6293
19637,NM_000200,A_23_P212945
19638,BC047950,A_23_P14508
19639,,NegativeControl
19640,NM_138959,A_23_P369316
19641,NR_036462,A_23_P138016
19642,NM_024595,A_23_P256148
19643,AK000313,A_23_P134376
19644,NM_019644,A_23_P250231
19645,,NegativeControl
19646,NM_004328,A_23_P154085
19647,,A_23_P215259
19648,NM_005362,A_23_P62095
19649,NM_198459,A_23_P46315
19650,NM_144779,A_23_P130995
19651,,NegativeControl
19652,NM_178536,A_23_P32122
19653,NM_173523,A_23_P378574
19654,NM_178170,A_23_P152873
19655,NM_001237,A_23_P58321
19656,NM_023936,A_23_P163496
19657,,NegativeControl
19658,,
19659,NM_004217,A_23_P130182
19660,AX721299,A_23_P95244
19661,NM_152590,A_23_P311050
19662,BC004473,A_23_P43130
19663,,NegativeControl
19664,NM_153836,A_23_P394986
19665,NM_015533,A_23_P36127
19666,NM_033655,A_23_P9135
19667,NM_019112,A_23_P39481
19668,,A_23_P29907
19669,,NegativeControl
19670,NM_033004,A_23_P89550
19671,,A_23_P218675
19672,NM_006023,A_23_P150035
19673,NM_018190,A_23_P252913
19674,NM_003412,A_23_P367618
19675,,NegativeControl
19676,NM_014165,A_23_P70617
19677,,A_23_P163143
19678,NM_004815,A_23_P149562
19679,,A_23_P339604
19680,NM_032579,A_23_P92196
19681,,NegativeControl
19682,NM_005161,A_23_P52918
19683,NM_000083,A_23_P59772
19684,NM_152529,A_23_P335958
19685,NM_022744,A_23_P54891
19686,NM_002662,A_23_P155335
19687,,NegativeControl
19688,,
19689,NM_000386,A_23_P310911
19690,NM_032559,A_23_P107102
19691,NM_015711,A_23_P130773
19692,NM_012470,A_23_P42563
19693,,NegativeControl
19694,NM_024919,A_23_P81717
19695,NM_018074,A_23_P130865
19696,NM_017599,A_23_P204608
19697,AF119881,A_23_P48404
19698,AK096104,A_23_P74993
19699,,NegativeControl
19700,NM_004732,A_23_P370454
19701,NM_005059,A_23_P216454
19702,,
19703,NM_017414,A_23_P132159
19704,NM_172387,A_23_P300150
19705,,NegativeControl
19706,NM_014359,A_23_P97096
19707,NM_018230,A_23_P12503
19708,NM_001165,A_23_P98350
19709,NM_005688,A_23_P258221
19710,,
19711,,NegativeControl
19712,NM_175929,A_23_P88033
19713,NR_002208,A_23_P398491
19714,NM_014458,A_23_P160283
19715,NM_000224,A_23_P99324
19716,NM_000504,A_23_P205172
19717,,NegativeControl
19718,NM_032038,A_23_P146842
19719,,A_23_P25091
19720,NM_013409,A_23_P110531
19721,NM_021117,A_23_P138787
19722,,A_23_P40477
19723,,NegativeControl
19724,AF325688,A_23_P9333
19725,NM_018103,A_23_P97365
19726,NM_003803,A_23_P96271
19727,NM_080614,A_23_P120435
19728,AY358989,A_23_P170925
19729,,NegativeControl
19730,NM_138300,A_23_P411953
19731,NM_005294,A_23_P135219
19732,NM_006012,A_23_P4754
19733,NM_001710,A_23_P156687
19734,NM_004616,A_23_P36528
19735,,NegativeControl
19736,NM_001001965,A_23_P75659
19737,NM_001017520,A_23_P46970
19738,,A_23_P84434
19739,NM_001005178,A_23_P13407
19740,NM_006072,A_23_P215484
19741,,NegativeControl
19742,NM_003474,A_23_P202327
19743,NM_003913,A_23_P168236
19744,NM_002827,A_23_P338890
19745,U81800,A_23_P147345
19746,NM_002427,A_23_P138931
19747,,NegativeControl
19748,,
19749,NM_016454,A_23_P106481
19750,NM_198507,A_23_P30283
19751,NM_024520,A_23_P131526
19752,NM_139169,A_23_P63908
19753,,NegativeControl
19754,NM_000544,A_23_P214444
19755,NM_022117,A_23_P170608
19756,BM929941,A_23_P212626
19757,NM_024721,A_23_P43095
19758,NM_012259,A_23_P168354
19759,,NegativeControl
19760,NM_001039706,A_23_P8653
19761,NM_000407,A_23_P29124
19762,AB002370,A_23_P61854
19763,NM_024303,A_23_P90233
19764,NM_001004725,A_23_P13479
19765,,NegativeControl
19766,NM_005163,A_23_P14358
19767,NM_004851,A_23_P90130
19768,NM_032138,A_23_P25605
19769,NM_002365,A_23_P96432
19770,NM_002546,A_23_P71530
19771,,NegativeControl
19772,AK001481,A_23_P251216
19773,BC007286,A_23_P104138
19774,NM_080654,A_23_P203773
19775,NM_152445,A_23_P365226
19776,NM_152313,A_23_P86838
19777,,NegativeControl
19778,NM_012243,A_23_P34460
19779,NM_003953,A_23_P11874
19780,NM_024700,A_23_P23173
19781,NM_032789,A_23_P84762
19782,NM_006773,A_23_P56865
19783,NM_053044,A_23_P395438
19784,M31213,A_23_P202245
19785,NM_017460,A_23_P31610
19786,NM_133378,A_23_P85269
19787,,A_23_P123234
19788,NM_001951,A_23_P31713
19789,,A_23_P169955
19790,NM_033412,A_23_P112512
19791,NM_018992,A_23_P163759
19792,,A_23_P212782
19793,,
19794,,A_23_P255827
19795,NM_000272,A_23_P108970
19796,NM_014175,A_23_P94174
19797,,A_23_P136392
19798,NM_022807,A_23_P77066
19799,NM_005000,A_23_P60675
19800,NM_080747,A_23_P336648
19801,NM_006228,A_23_P253321
19802,NM_182687,A_23_P398523
19803,,A_23_P204023
19804,NM_174890,A_23_P1170
19805,NM_014813,A_23_P160869
19806,AF161533,A_23_P217972
19807,NM_021822,A_23_P143713
19808,NM_017931,A_23_P254198
19809,NM_006555,A_23_P134527
19810,NM_004062,A_23_P100240
19811,NM_030755,A_23_P309711
19812,NM_022571,A_23_P205575
19813,NM_000945,A_23_P108599
19814,,A_23_P61766
19815,NM_002924,A_23_P51587
19816,AM040547,A_23_P56872
19817,NM_024784,A_23_P430181
19818,NM_005168,A_23_P142849
19819,NM_016614,A_23_P8311
19820,AK056630,A_23_P258050
19821,NM_016373,A_23_P71972
19822,NM_032858,A_23_P114932
19823,NM_014679,A_23_P86822
19824,NM_000674,A_23_P74299
19825,NM_001540,A_23_P257704
19826,NM_001001995,A_23_P85067
19827,NM_020127,A_23_P371824
19828,NM_020150,A_23_P127175
19829,NM_000845,A_23_P148141
19830,NM_024491,A_23_P32875
19831,NM_181539,A_23_P27186
19832,,E1A_r60_a22
19833,NM_004514,A_23_P397969
19834,NM_005009,A_23_P88919
19835,NM_001416,A_23_P137103
19836,,E1A_r60_3
19837,NM_005020,A_23_P406508
19838,NM_006946,A_23_P98282
19839,NM_014412,A_23_P74034
19840,NM_003412,A_23_P166563
19841,NM_005336,A_23_P131417
19842,,
19843,NM_033177,A_23_P133923
19844,NM_024089,A_23_P128613
19845,BG108194,A_23_P48637
19846,NM_003617,A_23_P46045
19847,NM_005338,A_23_P71033
19848,NM_005929,A_23_P212042
19849,,A_23_P150827
19850,NM_004960,A_23_P106887
19851,NM_000553,A_23_P250813
19852,NM_013246,A_23_P138760
19853,S72869,A_23_P127117
19854,,A_23_P129103
19855,NM_015904,A_23_P218608
19856,NM_014708,A_23_P136817
19857,,A_23_P148941
19858,NM_030807,A_23_P404565
19859,NM_004722,A_23_P157051
19860,NM_024624,A_23_P209962
19861,NM_003812,A_23_P351667
19862,NM_003206,A_23_P156890
19863,AJ272267,A_23_P69293
19864,NM_031439,A_23_P306988
19865,NM_016029,A_23_P117506
19866,AF159174,A_23_P149398
19867,NM_005467,A_23_P161582
19868,NM_004782,A_23_P29141
19869,NM_001707,A_23_P123007
19870,,A_23_P217580
19871,,A_23_P68137
19872,NM_006321,A_23_P61881
19873,NM_001007226,A_23_P107256
19874,NM_000428,A_23_P218144
19875,NM_000672,A_23_P41498
19876,,A_23_P92691
19877,BC000408,A_23_P31135
19878,,E1A_r60_a97
19879,NM_003579,A_23_P74115
19880,NM_152528,A_23_P108657
19881,NM_178858,A_23_P161253
19882,,A_23_P36439
19883,NM_022752,A_23_P89931
19884,,A_23_P203150
19885,NM_020239,A_23_P320883
19886,NM_006948,A_23_P17602
19887,BC063022,A_23_P87421
19888,NM_003007,A_23_P165968
19889,NM_022169,A_23_P203231
19890,NM_199424,A_23_P206680
19891,NM_032869,A_23_P123343
19892,NM_006136,A_23_P157231
19893,NM_032637,A_23_P156310
19894,NM_005328,A_23_P10205
19895,NM_000185,A_23_P6335
19896,NM_001039577,A_23_P217899
19897,NM_016128,A_23_P44617
19898,NM_032269,A_23_P129366
19899,NM_001420,A_23_P319626
19900,,A_23_P25773
19901,NM_005511,A_23_P43350
19902,NM_021930,A_23_P59677
19903,NM_138569,A_23_P145555
19904,NM_153357,A_23_P152901
19905,,A_23_P130496
19906,NM_017523,A_23_P4286
19907,NM_198474,A_23_P147664
19908,NM_016565,A_23_P13502
19909,,
19910,NM_001789,A_23_P121423
19911,NM_005724,A_23_P14804
19912,NM_024644,A_23_P163117
19913,NM_144607,A_23_P89267
19914,NM_000894,A_23_P218505
19915,NM_000118,A_23_P83328
19916,NM_144697,A_23_P410712
19917,NM_007204,A_23_P63153
19918,NM_017872,A_23_P121956
19919,NM_006571,A_23_P43049
19920,NM_001925,A_23_P94288
19921,NM_001001998,A_23_P62868
19922,NM_002171,A_23_P20704
19923,NM_053277,A_23_P132088
19924,NM_144639,A_23_P422240
19925,AB072358,A_23_P395954
19926,NM_003686,A_23_P23303
19927,NM_001967,A_23_P121250
19928,NM_018319,A_23_P117623
19929,,A_23_P84974
19930,NM_174900,A_23_P395582
19931,NM_001002244,A_23_P27147
19932,NM_198540,A_23_P101380
19933,NM_002782,A_23_P108170
19934,NM_014999,A_23_P128166
19935,NM_015917,A_23_P31503
19936,NM_017906,A_23_P122674
19937,,
19938,,A_23_P77389
19939,NM_003017,A_23_P214707
19940,NM_006773,A_23_P56865
19941,M15530,A_23_P117971
19942,,A_23_P214391
19943,,A_23_P117912
19944,NM_021968,A_23_P30805
19945,CB959193,A_23_P139166
19946,NM_001814,A_23_P1552
19947,NM_013448,A_23_P76799
19948,NM_003127,A_23_P20832
19949,,A_23_P89529
19950,NM_003130,A_23_P358928
19951,,A_23_P115032
19952,NM_138423,A_23_P140469
19953,NM_005388,A_23_P349882
19954,,A_23_P256329
19955,NM_024012,A_23_P42565
19956,AK024300,A_23_P369491
19957,NM_015629,A_23_P142018
19958,NM_013304,A_23_P66038
19959,NM_006902,A_23_P201695
19960,NM_024335,A_23_P73348
19961,NM_006474,A_23_P201322
19962,NM_017866,A_23_P253963
19963,NM_016219,A_23_P94857
19964,NM_012415,A_23_P82738
19965,NM_006546,A_23_P83498
19966,NM_025103,A_23_P255711
19967,NM_021807,A_23_P135437
19968,NM_198457,A_23_P4604
19969,,
19970,NM_182647,A_23_P6140
19971,NM_001012334,A_23_P116235
19972,,A_23_P144535
19973,NM_000765,A_23_P358917
19974,NM_003720,A_23_P68717
19975,NM_014765,A_23_P258544
19976,NM_001111,A_23_P200439
19977,NM_006829,A_23_P161439
19978,NM_032608,A_23_P68843
19979,NM_173500,A_23_P206169
19980,NM_173651,A_23_P156036
19981,NM_000067,A_23_P8913
19982,NM_000440,A_23_P81588
19983,NM_002082,A_23_P257256
19984,,A_23_P28743
19985,NM_002372,A_23_P360769
19986,NM_005441,A_23_P57306
19987,NM_004539,A_23_P101185
19988,NM_006421,A_23_P82941
19989,NM_018316,A_23_P39375
19990,NM_013332,A_23_P20022
19991,,E1A_r60_a22
19992,NM_173685,A_23_P422794
19993,NM_181361,A_23_P170072
19994,NM_002222,A_23_P92042
19995,NM_007353,A_23_P215269
19996,AF385431,A_23_P394246
19997,NM_031940,A_23_P10927
19998,NM_153212,A_23_P23887
19999,NM_138704,A_23_P117862
20000,NM_005863,A_23_P33700
20001,NM_022451,A_23_P202496
20002,,A_23_P36456
20003,,A_23_P91131
20004,NM_015424,A_23_P13547
20005,NM_002751,A_23_P252955
20006,X64983,A_23_P36010
20007,NM_024725,A_23_P312246
20008,NM_012199,A_23_P11764
20009,NM_000962,A_23_P216966
20010,NM_000623,A_23_P140142
20011,NM_006546,A_23_P83498
20012,NM_012446,A_23_P33791
20013,NM_152421,A_23_P431305
20014,NM_017650,A_23_P145824
20015,AF132970,A_23_P10104
20016,NM_006332,A_23_P153745
20017,NM_004664,A_23_P99251
20018,NR_002809,A_23_P116743
20019,AF334184,A_23_P65040
20020,NM_002263,A_23_P133954
20021,NM_004957,A_23_P9465
20022,,A_23_P169341
20023,NM_002548,A_23_P27239
20024,NM_005331,A_23_P49254
20025,NM_001008709,A_23_P323227
20026,AK074175,A_23_P111506
20027,AK123848,A_23_P102822
20028,NM_032457,A_23_P378366
20029,NM_016448,A_23_P10385
20030,NM_012394,A_23_P51906
20031,NM_144663,A_23_P314672
20032,NM_001271667,A_23_P42435
20033,AK055070,A_23_P156335
20034,NM_002524,A_23_P63189
20035,NM_002711,A_23_P145930
20036,NM_003786,A_23_P207507
20037,NM_002046,A_23_P13897
20038,,A_23_P64529
20039,NM_016338,A_23_P30264
20040,NM_080865,A_23_P434289
20041,NM_014056,A_23_P40885
20042,NM_006695,A_23_P66579
20043,NM_178172,A_23_P416856
20044,NM_078629,A_23_P217776
20045,NM_031891,A_23_P55592
20046,NM_007023,A_23_P17192
20047,NM_005034,A_23_P157452
20048,NM_002674,A_23_P36709
20049,,A_23_P206253
20050,AK021432,A_23_P97914
20051,NM_019893,A_23_P161171
20052,NM_005340,A_23_P252832
20053,NM_002959,A_23_P201587
20054,,A_23_P52189
20055,NM_003941,A_23_P134609
20056,,A_23_P401675
20057,NM_152426,A_23_P211511
20058,,A_23_P34794
20059,NM_152282,A_23_P57760
20060,NM_144602,A_23_P408296
20061,NM_014391,A_23_P161218
20062,NM_152379,A_23_P46095
20063,,A_23_P63269
20064,NM_015914,A_23_P14935
20065,,A_23_P11119
20066,NM_005599,A_23_P412491
20067,BC017967,A_23_P59167
20068,NM_001004707,A_23_P77797
20069,NM_001004483,A_23_P43396
20070,NM_004339,A_23_P109345
20071,,A_23_P133949
20072,AK130731,A_23_P167659
20073,NM_014783,A_23_P136805
20074,NM_002473,A_23_P57497
20075,,A_23_P158913
20076,NM_006559,A_23_P200386
20077,NM_016120,A_23_P148488
20078,,A_23_P354864
20079,NM_022451,A_23_P202496
20080,NM_006821,A_23_P3111
20081,NM_006092,A_23_P254002
20082,NM_012261,A_23_P40295
20083,,A_23_P250528
20084,NM_139058,A_23_P306223
20085,,A_23_P60699
20086,NM_033214,A_23_P144507
20087,AF028840,A_23_P169944
20088,NM_173485,A_23_P143247
20089,,E1A_r60_a104
20090,NM_002795,A_23_P100576
20091,NM_139318,A_23_P25849
20092,NM_003125,A_23_P428934
20093,AL834499,A_23_P80867
20094,NM_005733,A_23_P256956
20095,NM_007309,A_23_P85004
20096,,A_23_P205194
20097,NM_014550,A_23_P109520
20098,NM_016289,A_23_P79419
20099,NM_181661,A_23_P82969
20100,NM_030961,A_23_P350107
20101,NM_006143,A_23_P99285
20102,NM_177559,A_23_P502575
20103,NM_138995,A_23_P417853
20104,NM_006683,A_23_P25813
20105,NM_014935,A_23_P431268
20106,NM_152562,A_23_P385861
20107,NM_024089,A_23_P128613
20108,NM_014670,A_23_P165418
20109,NM_024422,A_23_P4494
20110,NM_003609,A_23_P140938
20111,NM_001549,A_23_P35404
20112,NM_005084,A_23_P145096
20113,NM_005381,A_23_P5551
20114,NM_171982,A_23_P502553
20115,NM_052841,A_23_P399681
20116,AB037861,A_23_P10433
20117,NM_201433,A_23_P207258
20118,,A_23_P109676
20119,,A_23_P256260
20120,NM_001142864,A_23_P140736
20121,NM_005679,A_23_P163546
20122,NM_020310,A_23_P218320
20123,NM_004294,A_23_P37005
20124,AL136847,A_23_P73554
20125,NM_015440,A_23_P214907
20126,NM_153345,A_23_P42908
20127,NM_000392,A_23_P44569
20128,NM_000441,A_23_P331560
20129,NM_033121,A_23_P36738
20130,NM_033115,A_23_P133075
20131,NM_002705,A_23_P106901
20132,NM_018638,A_23_P419239
20133,NM_003105,A_23_P87049
20134,NM_014410,A_23_P55568
20135,NM_002527,A_23_P360797
20136,NM_017634,A_23_P43226
20137,NM_024063,A_23_P37424
20138,NM_001003395,A_23_P31143
20139,NM_032601,A_23_P56654
20140,NM_003457,A_23_P118685
20141,NM_152780,A_23_P412468
20142,NM_173514,A_23_P334192
20143,,A_23_P2283
20144,NM_000419,A_23_P77971
20145,NM_003974,A_23_P134851
20146,NM_002695,A_23_P165280
20147,NM_001363,A_23_P137143
20148,NM_014442,A_23_P355957
20149,NM_021075,A_23_P211285
20150,NM_005733,A_23_P256956
20151,NM_032738,A_23_P46037
20152,NM_004288,A_23_P90626
20153,,
20154,NM_198381,A_23_P13465
20155,NM_002346,A_23_P169077
20156,NM_018469,A_23_P4036
20157,NM_022129,A_23_P149998
20158,NM_024533,A_23_P206868
20159,,A_23_P359666
20160,NM_032292,A_23_P332169
20161,NM_003697,A_23_P116301
20162,NM_024026,A_23_P117198
20163,NM_057161,A_23_P156568
20164,NM_182755,A_23_P161156
20165,NM_006464,A_23_P209933
20166,NM_020892,A_23_P395033
20167,,A_23_P35735
20168,,A_23_P218720
20169,NM_005441,A_23_P57306
20170,NM_005732,A_23_P250404
20171,NM_018228,A_23_P140355
20172,NM_033213,A_23_P74981
20173,NM_004886,A_23_P67555
20174,NR_002733,A_23_P29114
20175,NM_021134,A_23_P105044
20176,NM_020426,A_23_P130054
20177,NM_183005,A_23_P150080
20178,NM_152440,A_23_P370569
20179,NM_014481,A_23_P256682
20180,NM_016229,A_23_P2181
20181,NM_022142,A_23_P33664
20182,,A_23_P150520
20183,NM_030905,A_23_P19428
20184,D13814,A_23_P211835
20185,NM_014246,A_23_P132378
20186,NM_033397,A_23_P75122
20187,NM_004073,A_23_P51646
20188,NM_000810,A_23_P436618
20189,NM_017847,A_23_P282
20190,NM_134428,A_23_P414905
20191,NM_002294,A_23_P217446
20192,NM_030641,A_23_P155049
20193,NM_001237,A_23_P58321
20194,NM_152866,A_23_P116371
20195,NM_003567,A_23_P97394
20196,NM_017813,A_23_P136232
20197,NM_144605,A_23_P89101
20198,NM_175913,A_23_P68423
20199,,A_23_P423188
20200,,A_23_P71179
20201,NM_004533,A_23_P16262
20202,NM_002018,A_23_P4425
20203,NM_017770,A_23_P251606
20204,NM_012391,A_23_P111194
20205,NM_014758,A_23_P98345
20206,NM_014360,A_23_P341547
20207,BC028228,A_23_P415675
20208,NM_002233,A_23_P87089
20209,NM_024537,A_23_P128624
20210,AL157481,A_23_P33247
20211,NM_014060,A_23_P114282
20212,NM_001005284,A_23_P36067
20213,NM_025074,A_23_P110330
20214,L12350,A_23_P62021
20215,,A_23_P112841
20216,NM_000895,A_23_P204593
20217,NM_019013,A_23_P49878
20218,NM_153038,A_23_P429478
20219,NM_024611,A_23_P54389
20220,NM_004932,A_23_P214011
20221,NM_017906,A_23_P122674
20222,NM_144608,A_23_P377218
20223,NM_199418,A_23_P127964
20224,NM_199427,A_23_P120467
20225,NM_005113,A_23_P3193
20226,NM_001128,A_23_P206782
20227,U60266,A_23_P27613
20228,NM_006258,A_23_P158811
20229,NM_144999,A_23_P381457
20230,NM_018164,A_23_P36464
20231,,A_23_P326270
20232,NM_002317,A_23_P122216
20233,,A_23_P340861
20234,NM_005425,A_23_P326785
20235,NM_000401,A_23_P13183
20236,NM_016206,A_23_P132763
20237,NM_033067,A_23_P417821
20238,NM_032813,A_23_P65230
20239,,A_23_P1280
20240,NM_000767,A_23_P38917
20241,,A_23_P10663
20242,NM_004811,A_23_P87150
20243,AL080118,A_23_P140154
20244,NM_003677,A_23_P162256
20245,AF286598,A_23_P171229
20246,NM_001264,A_23_P70520
20247,NM_032025,A_23_P44932
20248,,A_23_P26367
20249,AF168717,A_23_P3215
20250,,A_23_P72448
20251,AK097568,A_23_P399864
20252,NM_004327,A_23_P503113
20253,,A_23_P250025
20254,NM_198277,A_23_P86931
20255,,E1A_r60_3
20256,NM_018837,A_23_P154605
20257,NM_178565,A_23_P258294
20258,NM_000097,A_23_P144179
20259,NM_002300,A_23_P53476
20260,NM_012134,A_23_P201940
20261,NM_133261,A_23_P130934
20262,NM_152858,A_23_P215031
20263,NM_015461,A_23_P159027
20264,AY007126,A_23_P10714
20265,NM_174926,A_23_P329890
20266,NM_005726,A_23_P64650
20267,NM_002090,A_23_P257219
20268,NM_014227,A_23_P57492
20269,NM_052933,A_23_P250694
20270,NM_173536,A_23_P389496
20271,,A_23_P159335
20272,NM_201612,A_23_P53467
20273,NM_000620,A_23_P204791
20274,NM_004396,A_23_P15511
20275,M90656,A_23_P352879
20276,NM_020822,A_23_P71718
20277,NM_003801,A_23_P147383
20278,NM_000683,A_23_P256158
20279,NM_175073,A_23_P252775
20280,NM_017752,A_23_P114172
20281,NM_004563,A_23_P140207
20282,NM_014427,A_23_P26424
20283,NM_022817,A_23_P209320
20284,NM_002594,A_23_P68568
20285,NM_015488,A_23_P51060
20286,NM_006149,A_23_P254917
20287,,A_23_P129645
20288,NM_001069,A_23_P19291
20289,,A_23_P255903
20290,,A_23_P162024
20291,NM_152379,A_23_P46095
20292,NM_004349,A_23_P216307
20293,NM_000496,A_23_P40574
20294,NM_022338,A_23_P12911
20295,NM_000277,A_23_P2502
20296,NM_030931,A_23_P6041
20297,,A_23_P205348
20298,NM_058230,A_23_P94766
20299,NM_001632,A_23_P79587
20300,NM_016732,A_23_P109235
20301,NM_003130,A_23_P59718
20302,NM_001736,A_23_P153562
20303,NM_004884,A_23_P3274
20304,NM_175739,A_23_P372478
20305,,
20306,NM_024805,A_23_P153086
20307,NM_017779,A_23_P200310
20308,NM_004704,A_23_P6801
20309,NM_177528,A_23_P106778
20310,NM_019012,A_23_P218068
20311,NM_133502,A_23_P153251
20312,NM_001217,A_23_P78778
20313,NM_021143,A_23_P16242
20314,NM_018100,A_23_P214291
20315,NM_017922,A_23_P163107
20316,NM_020232,A_23_P118909
20317,NM_032136,A_23_P18662
20318,NM_013376,A_23_P218462
20319,,A_23_P167256
20320,X85167,A_23_P250089
20321,NM_001384,A_23_P126426
20322,,A_23_P139825
20323,NM_002506,A_23_P115190
20324,AF118084,A_23_P26072
20325,L06133,A_23_P217731
20326,NM_024865,A_23_P204641
20327,NM_001014990,A_23_P122233
20328,NM_134427,A_23_P219197
20329,NM_021116,A_23_P21007
20330,NM_032261,A_23_P102940
20331,NM_015650,A_23_P5352
20332,NM_005824,A_23_P253958
20333,NM_015927,A_23_P141055
20334,NM_012133,A_23_P61281
20335,NM_003320,A_23_P500892
20336,NM_005021,A_23_P404536
20337,NM_016106,A_23_P88209
20338,NM_000185,A_23_P6335
20339,NM_001080442,A_23_P26348
20340,NM_015471,A_23_P149336
20341,NM_016132,A_23_P77079
20342,NM_024596,A_23_P84353
20343,NM_002598,A_23_P145146
20344,NR_002798,A_23_P90125
20345,NM_080751,A_23_P305527
20346,NM_001012264,A_23_P25807
20347,,A_23_P210503
20348,NM_016347,A_23_P165764
20349,U82382,A_23_P267
20350,,A_23_P257343
20351,NM_012210,A_23_P112311
20352,NM_017902,A_23_P46964
20353,NM_000403,A_23_P160148
20354,,A_23_P73577
20355,NM_033123,A_23_P105524
20356,,A_23_P166777
20357,NM_024768,A_23_P166566
20358,AK026675,A_23_P26745
20359,NM_005064,A_23_P207573
20360,NM_023920,A_23_P99080
20361,NM_004108,A_23_P216756
20362,NM_004229,A_23_P72187
20363,NM_003935,A_23_P80213
20364,NM_000139,A_23_P1904
20365,NM_003036,A_23_P325631
20366,NM_005236,A_23_P49087
20367,NM_001005503,A_23_P37231
20368,NM_017885,A_23_P26534
20369,NM_005831,A_23_P4221
20370,BC066344,A_23_P164421
20371,,A_23_P108761
20372,NM_014479,A_23_P256425
20373,NM_005023,A_23_P256637
20374,NM_019854,A_23_P139734
20375,NM_019009,A_23_P75903
20376,NM_012176,A_23_P58806
20377,NM_006716,A_23_P254612
20378,NM_203286,A_23_P76034
20379,NM_003954,A_23_P207319
20380,AB014518,A_23_P215431
20381,NM_003388,A_23_P215479
20382,NM_023947,A_23_P147877
20383,NM_018179,A_23_P112950
20384,NM_024963,A_23_P423957
20385,NM_001290,A_23_P113862
20386,NM_145733,A_23_P211572
20387,NM_018281,A_23_P200203
20388,NM_153713,A_23_P342744
20389,NM_004707,A_23_P18901
20390,NM_016954,A_23_P159676
20391,,
20392,NM_003531,A_23_P133814
20393,NM_152545,A_23_P58263
20394,U10991,A_23_P52717
20395,NM_152336,A_23_P309930
20396,NM_000814,A_23_P10966
20397,NM_000651,A_23_P256821
20398,,
20399,NM_024706,A_23_P66289
20400,NM_170784,A_23_P79962
20401,NM_033413,A_23_P152949
20402,NM_016034,A_23_P135104
20403,NM_004168,A_23_P250035
20404,,A_23_P142113
20405,NM_007166,A_23_P147995
20406,NM_015154,A_23_P88503
20407,NM_014426,A_23_P131954
20408,NM_016599,A_23_P95635
20409,NM_003734,A_23_P26941
20410,NM_032268,A_23_P163858
20411,NM_175747,A_23_P382218
20412,NM_002939,A_23_P202672
20413,NM_001002924,A_23_P69958
20414,NM_002191,A_23_P51036
20415,BC033000,A_23_P64247
20416,NM_016734,A_23_P71624
20417,NM_000364,A_23_P34700
20418,NM_012430,A_23_P259874
20419,NM_003175,A_23_P321431
20420,NM_005595,A_23_P85682
20421,NM_178019,A_23_P393749
20422,NM_006905,A_23_P50697
20423,,A_23_P254288
20424,NM_032554,A_23_P76126
20425,NM_005710,A_23_P62136
20426,NM_003830,A_23_P15995
20427,,E1A_r60_n11
20428,NM_152589,A_23_P346944
20429,NM_182751,A_23_P161474
20430,NM_024761,A_23_P146548
20431,NM_000600,A_23_P71037
20432,NM_000125,A_23_P59308
20433,NM_012257,A_23_P215787
20434,NM_032918,A_23_P204296
20435,NM_031936,A_23_P326303
20436,NM_173825,A_23_P369393
20437,NM_015515,A_23_P78248
20438,X58740,A_23_P76861
20439,NM_001542,A_23_P126913
20440,NM_030657,A_23_P130435
20441,NM_006031,A_23_P57347
20442,,
20443,NM_032848,A_23_P87635
20444,NM_006284,A_23_P203466
20445,NM_018114,A_23_P135611
20446,NM_003680,A_23_P379546
20447,NM_004584,A_23_P12920
20448,NM_019102,A_23_P93773
20449,NM_172071,A_23_P103334
20450,,A_23_P86710
20451,NM_080599,A_23_P149818
20452,NM_002615,A_23_P100660
20453,,
20454,NM_004193,A_23_P161237
20455,AB082528,A_23_P147397
20456,,E1A_r60_n11
20457,NM_033261,A_23_P52543
20458,NM_130436,A_23_P211126
20459,NM_020245,A_23_P382045
20460,NM_024669,A_23_P258483
20461,NM_003263,A_23_P10873
20462,NM_133259,A_23_P5318
20463,NM_004273,A_23_P35481
20464,NM_173077,A_23_P102172
20465,,A_23_P253701
20466,NM_001002258,A_23_P56678
20467,NM_005837,A_23_P134274
20468,NM_015005,A_23_P48550
20469,NM_022336,A_23_P120281
20470,NM_004329,A_23_P1431
20471,NM_144635,A_23_P41204
20472,NM_002577,A_23_P106441
20473,NM_170736,A_23_P17655
20474,NM_002810,A_23_P12168
20475,NM_005867,A_23_P40455
20476,,A_23_P27404
20477,NM_021047,A_23_P165214
20478,NM_017869,A_23_P21819
20479,NM_005255,A_23_P155695
20480,NM_024733,A_23_P101443
20481,,A_23_P312090
20482,NM_004295,A_23_P15653
20483,NM_144699,A_23_P160177
20484,NM_002334,A_23_P159349
20485,NM_017493,A_23_P69642
20486,NM_198793,A_23_P6935
20487,NM_014329,A_23_P106641
20488,NM_031445,A_23_P209764
20489,NM_007329,A_23_P86599
20490,NM_016725,A_23_P53176
20491,NM_001001890,A_23_P6245
20492,NM_198150,A_23_P213539
20493,NM_015238,A_23_P81392
20494,NM_014693,A_23_P377296
20495,,
20496,NM_024864,A_23_P15603
20497,NM_003686,A_23_P23303
20498,NM_144570,A_23_P434900
20499,NM_206836,A_23_P156852
20500,NM_018323,A_23_P18598
20501,NM_000946,A_23_P25019
20502,NM_033194,A_23_P416212
20503,NM_000319,A_23_P48246
20504,NM_003071,A_23_P57676
20505,NM_006013,A_23_P217666
20506,NM_198568,A_23_P30983
20507,AK000701,A_23_P4179
20508,NM_033120,A_23_P41813
20509,,A_23_P217866
20510,NM_006889,A_23_P109988
20511,NM_000901,A_23_P155735
20512,NM_021227,A_23_P411814
20513,NM_198256,A_23_P6312
20514,NM_025059,A_23_P93510
20515,NM_015537,A_23_P32064
20516,NM_019604,A_23_P1798
20517,,E1A_r60_3
20518,NM_001551,A_23_P171249
20519,NM_012110,A_23_P256019
20520,NM_016353,A_23_P9086
20521,NM_002808,A_23_P144236
20522,BC024260,A_23_P161636
20523,NM_006702,A_23_P16163
20524,NM_004656,A_23_P259012
20525,NM_178171,A_23_P152605
20526,NM_015416,A_23_P117037
20527,AF090937,A_23_P257562
20528,AK000367,A_23_P24244
20529,BC047030,A_23_P147805
20530,NM_003686,A_23_P23303
20531,NM_001084,A_23_P168788
20532,NM_005666,A_23_P953
20533,NM_000575,A_23_P72096
20534,NM_003869,A_23_P54663
20535,NM_012204,A_23_P20732
20536,NM_003135,A_23_P81612
20537,NM_018975,A_23_P129704
20538,NM_002614,A_23_P52121
20539,BC063881,A_23_P26005
20540,X89426,A_23_P144835
20541,NM_000172,A_23_P166884
20542,,A_23_P138235
20543,NM_033130,A_23_P208182
20544,NM_147198,A_23_P338410
20545,NM_153183,A_23_P73787
20546,NM_014659,A_23_P205819
20547,,A_23_P52848
20548,AB011154,A_23_P210327
20549,,A_23_P86689
20550,NM_005144,A_23_P256131
20551,AF105201,A_23_P415561
20552,NM_000545,A_23_P36757
20553,,
20554,NM_001002880,A_23_P68927
20555,NM_015904,A_23_P218608
20556,NM_017969,A_23_P165566
20557,BC005072,A_23_P100595
20558,NM_145298,A_23_P357101
20559,NM_024007,A_23_P135903
20560,NM_016291,A_23_P18234
20561,NM_014425,A_23_P157968
20562,BC067244,A_23_P123315
20563,NM_016107,A_23_P41818
20564,NM_001548,A_23_P52266
20565,NM_052817,A_23_P148574
20566,,A_23_P50517
20567,NM_030772,A_23_P74828
20568,NM_014488,A_23_P139359
20569,NM_001277115,A_23_P93866
20570,DB519437,A_23_P111689
20571,NM_017816,A_23_P41327
20572,NM_013396,A_23_P256676
20573,NM_012317,A_23_P114105
20574,NM_024855,A_23_P165952
20575,AK091923,A_23_P207786
20576,NM_001258,A_23_P89155
20577,NM_024945,A_23_P112341
20578,NM_212543,A_23_P377735
20579,NM_014503,A_23_P162525
20580,NM_002890,A_23_P18939
20581,,A_23_P103897
20582,NM_170683,A_23_P124003
20583,NM_001012631,A_23_P15146
20584,NM_016630,A_23_P147450
20585,NM_178125,A_23_P308136
20586,NM_003365,A_23_P132675
20587,NM_003845,A_23_P87899
20588,NM_001500,A_23_P72068
20589,NM_025176,A_23_P143374
20590,NM_002042,A_23_P256754
20591,NM_080834,A_23_P132041
20592,NM_001178,A_23_P162037
20593,NM_005532,A_23_P48513
20594,NM_021038,A_23_P357811
20595,NM_007033,A_23_P85392
20596,NM_001022,A_23_P119130
20597,,A_23_P40315
20598,NM_001039547,A_23_P258583
20599,,A_23_P372368
20600,NM_002318,A_23_P111995
20601,NM_144684,A_23_P208222
20602,NM_032556,A_23_P255003
20603,NM_170662,A_23_P212715
20604,NM_014244,A_23_P213610
20605,NM_033029,A_23_P170959
20606,NM_198531,A_23_P10497
20607,NM_015976,A_23_P35066
20608,AF140675,A_23_P37624
20609,NM_016274,A_23_P35114
20610,NM_016298,A_23_P121013
20611,,A_23_P254233
20612,NM_176782,A_23_P45824
20613,BC002831,A_23_P102681
20614,NM_033300,A_23_P200222
20615,,A_23_P252892
20616,NM_005875,A_23_P6891
20617,NM_152908,A_23_P77913
20618,NM_001935,A_23_P39885
20619,,E1A_r60_3
20620,,A_23_P89969
20621,NM_007266,A_23_P17144
20622,NM_019014,A_23_P209987
20623,NM_022116,A_23_P302681
20624,NM_152755,A_23_P157038
20625,NM_014445,A_23_P91919
20626,NM_032048,A_23_P27315
20627,NM_152473,A_23_P379768
20628,,E1A_r60_a97
20629,,A_23_P72169
20630,BC020516,A_23_P46588
20631,,
20632,,E1A_r60_n11
20633,NM_004896,A_23_P75257
20634,NM_017694,A_23_P28530
20635,NM_016194,A_23_P205778
20636,AK126354,A_23_P23980
20637,CR749263,A_23_P69024
20638,NM_001916,A_23_P9548
20639,NM_001004715,A_23_P54089
20640,NM_005165,A_23_P78112
20641,,Pro25G
20642,NM_017811,A_23_P169423
20643,NM_017447,A_23_P211015
20644,NM_015556,A_23_P76969
20645,NM_020130,A_23_P253345
20646,NM_016202,A_23_P164797
20647,NM_152657,A_23_P333552
20648,,Pro25G
20649,NM_001001960,A_23_P161852
20650,NM_024664,A_23_P51627
20651,NM_002254,A_23_P120325
20652,NM_025140,A_23_P98900
20653,NM_001007794,A_23_P392566
20654,DQ438880,A_23_P43357
20655,,Pro25G
20656,NM_032436,A_23_P164559
20657,NM_000315,A_23_P24835
20658,NM_152654,A_23_P435636
20659,NM_022661,A_23_P257882
20660,NM_006876,A_23_P86899
20661,NM_176815,A_23_P139312
20662,,Pro25G
20663,NM_002251,A_23_P321840
20664,NM_182909,A_23_P252052
20665,,A_23_P17033
20666,NM_004688,A_23_P154235
20667,NM_080816,A_23_P28857
20668,NM_007185,A_23_P337849
20669,,Pro25G
20670,AF123320,A_23_P114048
20671,,A_23_P34818
20672,,A_23_P125033
20673,NM_032322,A_23_P252281
20674,NM_033427,A_23_P215744
20675,NM_173666,A_23_P346982
20676,,Pro25G
20677,NM_152740,A_23_P168507
20678,,A_23_P136523
20679,NM_053280,A_23_P53094
20680,NM_017747,A_23_P213326
20681,NM_015239,A_23_P169277
20682,NM_006310,A_23_P164327
20683,,Pro25G
20684,NM_004665,A_23_P122724
20685,NM_017893,A_23_P115677
20686,,A_23_P121234
20687,NM_004049,A_23_P151995
20688,NM_003992,A_23_P10322
20689,,
20690,,Pro25G
20691,NM_002871,A_23_P63503
20692,NM_006875,A_23_P252343
20693,NM_001005197,A_23_P64262
20694,NM_020375,A_23_P128486
20695,AK091315,A_23_P399880
20696,NM_173793,A_23_P388244
20697,,Pro25G
20698,AK096324,A_23_P391368
20699,NM_024529,A_23_P137731
20700,,A_23_P434369
20701,NM_014469,A_23_P61967
20702,,A_23_P142031
20703,NM_004544,A_23_P120182
20704,,Pro25G
20705,,E1A_r60_a22
20706,NM_172241,A_23_P130398
20707,NM_006344,A_23_P141508
20708,NM_000054,A_23_P96583
20709,NM_016190,A_23_P115209
20710,BC110083,A_23_P302078
20711,,Pro25G
20712,NM_007118,A_23_P255041
20713,NM_004145,A_23_P101915
20714,NM_002508,A_23_P200928
20715,NM_003425,A_23_P101721
20716,AK093319,A_23_P339641
20717,NM_025124,A_23_P161523
20718,,Pro25G
20719,NM_014367,A_23_P256542
20720,NM_032243,A_23_P164459
20721,NM_145305,A_23_P125668
20722,,A_23_P126457
20723,NM_031417,A_23_P107717
20724,AL117482,A_23_P206103
20725,,Pro25G
20726,,
20727,NM_153811,A_23_P88309
20728,NM_002559,A_23_P127721
20729,NM_024610,A_23_P250118
20730,NM_002145,A_23_P107283
20731,NM_003874,A_23_P361938
20732,,Pro25G
20733,NM_145056,A_23_P360964
20734,NM_005490,A_23_P67213
20735,NM_000999,A_23_P95879
20736,NM_005881,A_23_P365149
20737,,
20738,NM_022754,A_23_P156153
20739,,Pro25G
20740,,A_23_P416209
20741,NM_022346,A_23_P155815
20742,NM_005907,A_23_P156431
20743,NM_004591,A_23_P17064
20744,NM_003081,A_23_P210756
20745,NM_003528,A_23_P149545
20746,,Pro25G
20747,NM_003243,A_23_P200780
20748,NM_005630,A_23_P124598
20749,,
20750,NM_145294,A_23_P411833
20751,NM_145170,A_23_P326931
20752,NM_144693,A_23_P28015
20753,,Pro25G
20754,NM_003167,A_23_P67381
20755,NM_018686,A_23_P48014
20756,NM_213649,A_23_P387722
20757,,A_23_P394154
20758,,A_23_P12072
20759,,A_23_P72330
20760,,Pro25G
20761,NM_024592,A_23_P121783
20762,NM_001474,A_23_P217196
20763,NM_005509,A_23_P113582
20764,NM_006268,A_23_P127446
20765,NM_001418,A_23_P104892
20766,NM_078476,A_23_P167993
20767,,Pro25G
20768,NM_006372,A_23_P214798
20769,NM_006604,A_23_P6429
20770,NM_032026,A_23_P254974
20771,NM_013248,A_23_P251695
20772,NM_001781,A_23_P87879
20773,NM_002847,A_23_P113221
20774,,Pro25G
20775,,
20776,NM_015470,A_23_P415006
20777,NM_152400,A_23_P58390
20778,NM_015585,A_23_P315410
20779,NM_001481,A_23_P206435
20780,NM_003839,A_23_P390518
20781,,Pro25G
20782,NM_194271,A_23_P128396
20783,NM_006566,A_23_P78330
20784,BC048983,A_23_P25868
20785,NM_003335,A_23_P9809
20786,NM_022367,A_23_P23438
20787,NM_004999,A_23_P255952
20788,,Pro25G
20789,NM_177402,A_23_P104098
20790,NM_000668,A_23_P213184
20791,NM_175039,A_23_P94736
20792,,A_23_P7048
20793,NM_020432,A_23_P31566
20794,AK090929,A_23_P336060
20795,,Pro25G
20796,NM_033416,A_23_P302094
20797,NM_053275,A_23_P204477
20798,NM_018045,A_23_P11705
20799,BC035854,A_23_P35205
20800,NM_003215,A_23_P213114
20801,NM_172201,A_23_P120694
20802,,Pro25G
20803,BC005130,A_23_P164578
20804,NM_024654,A_23_P126727
20805,,
20806,NM_001001976,A_23_P138574
20807,NM_173630,A_23_P66928
20808,NM_130759,A_23_P427023
20809,,Pro25G
20810,NM_006125,A_23_P22068
20811,,A_23_P21961
20812,NM_001004733,A_23_P98542
20813,,A_23_P207400
20814,NM_022082,A_23_P210365
20815,NM_003874,A_23_P51253
20816,,Pro25G
20817,NM_024624,A_23_P209962
20818,NM_013390,A_23_P94552
20819,NM_006314,A_23_P23341
20820,NM_001672,A_23_P120629
20821,NM_021938,A_23_P250661
20822,NM_000242,A_23_P35529
20823,,Pro25G
20824,NM_018427,A_23_P206877
20825,NM_015078,A_23_P432444
20826,NM_015659,A_23_P54597
20827,NM_002374,A_23_P153920
20828,NM_007353,A_23_P354270
20829,NM_004031,A_23_P127374
20830,,Pro25G
20831,NM_017845,A_23_P44257
20832,NM_005026,A_23_P259833
20833,AB002384,A_23_P215009
20834,NM_002616,A_23_P89589
20835,NM_005733,A_23_P256956
20836,AK127347,A_23_P75348
20837,,Pro25G
20838,NM_004382,A_23_P100974
20839,NM_006546,A_23_P83498
20840,,A_23_P164324
20841,,A_23_P217727
20842,NM_020128,A_23_P204782
20843,NM_153268,A_23_P113429
20844,,Pro25G
20845,NM_007043,A_23_P2211
20846,,A_23_P166336
20847,NM_017819,A_23_P166716
20848,NM_017749,A_23_P203249
20849,NM_017594,A_23_P379778
20850,NM_182904,A_23_P127957
20851,,Pro25G
20852,NM_031918,A_23_P16476
20853,NM_025201,A_23_P129246
20854,NM_133445,A_23_P60413
20855,NM_022080,A_23_P109193
20856,NM_023934,A_23_P171310
20857,,
20858,NM_199168,A_23_P202448
20859,NM_174975,A_23_P320278
20860,NM_021127,A_23_P207999
20861,NM_145051,A_23_P83339
20862,,
20863,,EQC
20864,,A_23_P90070
20865,NM_001004,A_23_P147887
20866,NM_130797,A_23_P170888
20867,NM_030799,A_23_P18806
20868,NR_002181,A_23_P164253
20869,NM_033133,A_23_P21838
20870,NM_153213,A_23_P137890
20871,,A_23_P122842
20872,BC015171,A_23_P9106
20873,NM_006019,A_23_P75369
20874,NM_003195,A_23_P147635
20875,NM_033502,A_23_P59018
20876,,EQC
20877,NM_001004748,A_23_P98703
20878,NM_000389,A_23_P59208
20879,NM_014208,A_23_P373541
20880,,A_23_P156562
20881,NM_000119,A_23_P140681
20882,NM_017786,A_23_P134734
20883,,A_23_P211640
20884,NM_203284,A_23_P29994
20885,NM_002979,A_23_P126057
20886,NM_139076,A_23_P253464
20887,NM_001852,A_23_P45786
20888,NM_015904,A_23_P218608
20889,,EQC
20890,NM_018670,A_23_P77223
20891,NM_005422,A_23_P375354
20892,NM_014668,A_23_P108862
20893,,A_23_P133307
20894,NM_002056,A_23_P44083
20895,,A_23_P202782
20896,NM_145313,A_23_P391346
20897,NM_000270,A_23_P140256
20898,NM_032646,A_23_P66432
20899,BC028083,A_23_P352861
20900,NM_199327,A_23_P144476
20901,NM_016656,A_23_P73717
20902,,EQC
20903,NM_053276,A_23_P56578
20904,NM_207032,A_23_P17438
20905,NM_012124,A_23_P138811
20906,,A_23_P218128
20907,NM_000107,A_23_P52610
20908,,E1A_r60_1
20909,NM_002744,A_23_P51187
20910,NM_004661,A_23_P133629
20911,NM_002491,A_23_P51009
20912,NM_016151,A_23_P218269
20913,NM_006505,A_23_P141894
20914,NM_002288,A_23_P209129
20915,,EQC
20916,NM_198439,A_23_P127557
20917,NM_021229,A_23_P204630
20918,NM_024773,A_23_P146873
20919,NM_020951,A_23_P433676
20920,NM_152538,A_23_P132684
20921,NM_006694,A_23_P34979
20922,NM_031939,A_23_P4546
20923,,
20924,NM_014297,A_23_P142294
20925,NM_001031745,A_23_P73667
20926,NM_014861,A_23_P117992
20927,NM_138473,A_23_P53397
20928,,EQC
20929,BC011923,A_23_P417111
20930,NM_015534,A_23_P11507
20931,NM_015995,A_23_P146758
20932,,A_23_P8124
20933,NM_021010,A_23_P112086
20934,NM_133334,A_23_P7301
20935,NM_004208,A_23_P72537
20936,NM_020651,A_23_P120345
20937,NM_153487,A_23_P310460
20938,NM_014578,A_23_P1523
20939,NM_018227,A_23_P218905
20940,NM_139172,A_23_P107775
20941,,EQC
20942,NM_015849,A_23_P51711
20943,NM_018226,A_23_P17025
20944,,
20945,NM_032444,A_23_P371124
20946,NM_004558,A_23_P90363
20947,NM_031446,A_23_P101237
20948,NM_031885,A_23_P106835
20949,NM_006846,A_23_P356494
20950,NM_178500,A_23_P49792
20951,NM_019000,A_23_P167599
20952,NM_004242,A_23_P134047
20953,NM_025236,A_23_P111103
20954,,EQC
20955,NM_031466,A_23_P73420
20956,AK001632,A_23_P74215
20957,NM_052891,A_23_P96899
20958,NM_153712,A_23_P131502
20959,NM_002641,A_23_P217399
20960,NM_002930,A_23_P170050
20961,NM_001004756,A_23_P53243
20962,NM_001014342,A_23_P309059
20963,,
20964,,A_23_P336565
20965,NM_014106,A_23_P65733
20966,NM_002949,A_23_P170352
20967,,EQC
20968,NM_152701,A_23_P31463
20969,NM_031866,A_23_P1138
20970,BC065228,A_23_P60776
20971,NM_004688,A_23_P154235
20972,NM_153635,A_23_P57829
20973,NM_170776,A_23_P140760
20974,NM_031901,A_23_P86182
20975,NM_025261,A_23_P8083
20976,,A_23_P169587
20977,NM_002484,A_23_P118074
20978,NM_178438,A_23_P304530
20979,NM_000964,A_23_P207842
20980,,EQC
20981,AL117400,A_23_P408239
20982,NM_016026,A_23_P25683
20983,NM_002043,A_23_P93105
20984,AK056670,A_23_P99231
20985,NM_031280,A_23_P114822
20986,NM_018841,A_23_P311732
20987,NM_153448,A_23_P325606
20988,NM_025136,A_23_P67115
20989,AF452640,A_23_P151074
20990,NM_017762,A_23_P117833
20991,NM_001176,A_23_P218253
20992,NM_015684,A_23_P37296
20993,,EQC
20994,NM_014612,A_23_P32294
20995,NM_006546,A_23_P83498
20996,NM_005827,A_23_P89455
20997,NM_012368,A_23_P163737
20998,NM_020675,A_23_P51085
20999,NM_012288,A_23_P58937
21000,NM_145644,A_23_P165651
21001,NM_016546,A_23_P363966
21002,NM_001010984,A_23_P433791
21003,NM_152761,A_23_P413157
21004,NM_001325,A_23_P148372
21005,NM_006260,A_23_P36962
21006,,EQC
21007,NM_052938,A_23_P149368
21008,NM_022363,A_23_P47967
21009,NM_013233,A_23_P90762
21010,NM_002804,A_23_P104605
21011,NM_133637,A_23_P56665
21012,NM_032329,A_23_P124202
21013,NM_024594,A_23_P213638
21014,NM_170677,A_23_P88600
21015,NM_014017,A_23_P103698
21016,,A_23_P72583
21017,NM_001382,A_23_P1775
21018,NM_020786,A_23_P66063
21019,,EQC
21020,NM_198053,A_23_P34676
21021,BC001135,A_23_P102224
21022,BC025290,A_23_P218203
21023,NM_021603,A_23_P161769
21024,NM_000042,A_23_P38244
21025,,A_23_P209179
21026,NM_019116,A_23_P15123
21027,NM_002784,A_23_P39309
21028,NM_000263,A_23_P26945
21029,,A_23_P108427
21030,NM_030960,A_23_P30649
21031,NM_005124,A_23_P122254
21032,,EQC
21033,NM_005253,A_23_P218553
21034,NM_032135,A_23_P140337
21035,NM_003701,A_23_P99386
21036,NM_139021,A_23_P60962
21037,NM_024420,A_23_P11685
21038,NM_004299,A_23_P171258
21039,NM_024918,A_23_P165937
21040,NM_152418,A_23_P364619
21041,NM_001302,A_23_P44314
21042,NM_022451,A_23_P202496
21043,NM_001002857,A_23_P146644
21044,NM_015073,A_23_P4993
21045,,EQC
21046,NM_001781,A_23_P87879
21047,,
21048,NM_012406,A_23_P117145
21049,,A_23_P99792
21050,NM_174932,A_23_P408953
21051,NM_032345,A_23_P13632
21052,NM_002869,A_23_P203729
21053,NM_005233,A_23_P169819
21054,NM_014494,A_23_P349310
21055,AF242519,A_23_P35316
21056,NM_006851,A_23_P364024
21057,NM_018206,A_23_P66149
21058,,EQC
21059,NM_000947,A_23_P61009
21060,NM_207014,A_23_P200670
21061,,
21062,NM_053277,A_23_P385067
21063,NM_015411,A_23_P123265
21064,NM_199037,A_23_P79015
21065,,A_23_P158997
21066,NM_153699,A_23_P93141
21067,NM_022897,A_23_P58819
21068,NM_147193,A_23_P316615
21069,NM_022749,A_23_P157620
21070,NM_014978,A_23_P113070
21071,NM_153837,A_23_P206290
21072,NM_014948,A_23_P218717
21073,NM_004615,A_23_P114185
21074,NM_020686,A_23_P141114
21075,NM_002395,A_23_P422026
21076,AY063458,A_23_P377839
21077,NM_030953,A_23_P213966
21078,NM_030773,A_23_P6034
21079,NM_001982,A_23_P349416
21080,NM_000916,A_23_P132619
21081,BC095548,A_23_P59331
21082,NM_003415,A_23_P255592
21083,,EQC
21084,NM_024829,A_23_P87709
21085,NM_021930,A_23_P59677
21086,NM_001090,A_23_P251654
21087,NM_002576,A_23_P75989
21088,NM_015198,A_23_P313623
21089,NM_000341,A_23_P360949
21090,NM_002423,A_23_P52761
21091,NM_024850,A_23_P7412
21092,X75917,A_23_P158461
21093,NM_024969,A_23_P209464
21094,NM_005093,A_23_P166167
21095,BC025721,A_23_P62741
21096,,EQC
21097,NM_000370,A_23_P332348
21098,NM_001009944,A_23_P77502
21099,AF174606,A_23_P434233
21100,NM_174951,A_23_P391255
21101,NM_002917,A_23_P84629
21102,NM_020751,A_23_P53866
21103,,A_23_P31164
21104,NM_173626,A_23_P125078
21105,BC047536,A_23_P162843
21106,NM_007048,A_23_P214499
21107,X89668,A_23_P39983
21108,NM_207581,A_23_P65696
21109,,EQC
21110,NM_001628,A_23_P258190
21111,NM_001012338,A_23_P205900
21112,NM_003818,A_23_P154698
21113,NM_002229,A_23_P4821
21114,NM_018649,A_23_P12733
21115,NM_022751,A_23_P66948
21116,NM_013340,A_23_P110462
21117,NM_005870,A_23_P128587
21118,NM_005560,A_23_P109269
21119,NM_002371,A_23_P17134
21120,,E1A_r60_a104
21121,NM_014747,A_23_P319583
21122,,EQC
21123,NM_020384,A_23_P125562
21124,NM_020795,A_23_P207125
21125,,A_23_P114391
21126,NM_001875,A_23_P5300
21127,,A_23_P134704
21128,AF052692,A_23_P201854
21129,NM_001007271,A_23_P104471
21130,,A_23_P158752
21131,,E1A_r60_3
21132,NM_001040455,A_23_P98402
21133,NM_024603,A_23_P306173
21134,NM_005251,A_23_P387500
21135,,EQC
21136,NM_002414,A_23_P217510
21137,NM_014453,A_23_P153236
21138,NM_013446,A_23_P59798
21139,NM_005024,A_23_P313981
21140,NM_178862,A_23_P434473
21141,AJ242015,A_23_P170362
21142,NM_172366,A_23_P168846
21143,NM_033033,A_23_P53450
21144,NM_030966,A_23_P130241
21145,NM_014791,A_23_P94422
21146,NM_024811,A_23_P116376
21147,NM_003500,A_23_P10182
21148,,EQC
21149,NM_181718,A_23_P170667
21150,NM_018121,A_23_P104282
21151,NM_000442,A_23_P125025
21152,NM_018965,A_23_P167941
21153,NM_032786,A_23_P139460
21154,NM_033201,A_23_P326319
21155,NM_148960,A_23_P379054
21156,NM_148920,A_23_P140899
21157,NM_138694,A_23_P402187
21158,NM_030613,A_23_P133355
21159,NM_004158,A_23_P410507
21160,NM_003441,A_23_P388867
21161,,EQC
21162,NM_002944,A_23_P70278
21163,NM_015971,A_23_P3973
21164,NM_014682,A_23_P31858
21165,NM_021210,A_23_P308147
21166,NM_003485,A_23_P54243
21167,NM_000354,A_23_P257307
21168,NM_080865,A_23_P80674
21169,NM_020707,A_23_P255291
21170,NM_001005340,A_23_P134426
21171,NM_014701,A_23_P37416
21172,,A_23_P26468
21173,NM_015375,A_23_P23893
21174,,EQC
21175,NM_178001,A_23_P60458
21176,NM_016340,A_23_P144994
21177,NM_001039569,A_23_P67796
21178,NM_004750,A_23_P56197
21179,NM_138381,A_23_P91991
21180,NM_018197,A_23_P501877
21181,NM_153045,A_23_P32285
21182,NM_005309,A_23_P146339
21183,NM_003593,A_23_P118693
21184,,E1A_r60_n11
21185,NM_152335,A_23_P88678
21186,AF317680,A_23_P7201
21187,,EQC
21188,,A_23_P208752
21189,NR_002139,A_23_P254768
21190,NM_001074,A_23_P136671
21191,NM_145014,A_23_P127522
21192,NM_006383,A_23_P65890
21193,NM_000942,A_23_P26233
21194,NM_173808,A_23_P396800
21195,BC015579,A_23_P408232
21196,NM_001501,A_23_P40272
21197,NM_003037,A_23_P62647
21198,NM_005273,A_23_P82296
21199,,
21200,,EQC
21201,,A_23_P167738
21202,,E1A_r60_a104
21203,NM_031296,A_23_P169569
21204,NM_022726,A_23_P82065
21205,NM_001800,A_23_P89941
21206,NM_173562,A_23_P374351
21207,AB023174,A_23_P70297
21208,NM_001014765,A_23_P200633
21209,NM_001990,A_23_P74731
21210,NM_014829,A_23_P30378
21211,NM_002087,A_23_P49708
21212,NM_013305,A_23_P379789
21213,,EQC
21214,NM_024952,A_23_P48771
21215,,A_23_P26243
21216,NM_006356,A_23_P77818
21217,AB029040,A_23_P434268
21218,NM_000985,A_23_P107604
21219,NM_022444,A_23_P71226
21220,NM_031427,A_23_P25913
21221,AF006822,A_23_P45068
21222,NM_003771,A_23_P55400
21223,NM_006077,A_23_P46907
21224,,A_23_P76610
21225,NM_021258,A_23_P62610
21226,,EQC
21227,NM_031415,A_23_P60120
21228,NM_005556,A_23_P313591
21229,NM_004502,A_23_P55276
21230,NM_007372,A_23_P152651
21231,NM_003905,A_23_P77459
21232,NM_005858,A_23_P142380
21233,NM_002487,A_23_P106405
21234,NM_007003,A_23_P148322
21235,NM_002880,A_23_P40952
21236,NM_017654,A_23_P355244
21237,NM_152775,A_23_P383325
21238,NM_001312,A_23_P420175
21239,,EQC
21240,NM_199227,A_23_P90790
21241,NM_030648,A_23_P80966
21242,NM_004914,A_23_P103011
21243,NM_002078,A_23_P32869
21244,,A_23_P105294
21245,NM_001002029,A_23_P42279
21246,NM_054113,A_23_P130586
21247,NM_015257,A_23_P53346
21248,NM_003320,A_23_P53110
21249,NM_003437,A_23_P147115
21250,NM_144672,A_23_P502303
21251,NM_003768,A_23_P11578
21252,,EQC
21253,NM_198887,A_23_P31055
21254,NM_006049,A_23_P383977
21255,AB025028,A_23_P113738
21256,,A_23_P37840
21257,NM_173059,A_23_P82286
21258,NM_024771,A_23_P35774
21259,NM_021153,A_23_P38735
21260,NM_022126,A_23_P43964
21261,NM_178140,A_23_P7402
21262,NM_014364,A_23_P67643
21263,NM_003955,A_23_P207058
21264,,A_23_P28514
21265,,EQC
21266,NM_005220,A_23_P308552
21267,NM_007086,A_23_P25873
21268,NM_001008394,A_23_P65068
21269,NM_014706,A_23_P87664
21270,,
21271,NM_005493,A_23_P424513
21272,NM_020640,A_23_P144150
21273,BC031631,A_23_P395493
21274,NM_002075,A_23_P76350
21275,,A_23_P414443
21276,NM_000637,A_23_P146084
21277,,
21278,,EQC
21279,NM_003825,A_23_P206177
21280,NM_030984,A_23_P71197
21281,NM_006666,A_23_P39110
21282,NM_017655,A_23_P34478
21283,NM_016219,A_23_P171001
21284,NM_001005501,A_23_P99688
21285,NM_021165,A_23_P35277
21286,NM_198868,A_23_P251611
21287,NM_004280,A_23_P156842
21288,NM_001421,A_23_P9621
21289,NM_178429,A_23_P427768
21290,NM_012404,A_23_P87580
21291,NM_005447,A_23_P158286
21292,NM_001001915,A_23_P52168
21293,NM_024798,A_23_P54496
21294,NM_032898,A_23_P121465
21295,,
21296,NM_017819,A_23_P166716
21297,NM_001556,A_23_P216188
21298,NM_178812,A_23_P250196
21299,NM_024017,A_23_P27013
21300,AL117530,A_23_P69154
21301,NM_001380,A_23_P45059
21302,NM_181838,A_23_P305677
21303,NM_005732,A_23_P250404
21304,,A_23_P250097
21305,NM_013264,A_23_P138910
21306,NM_080818,A_23_P139986
21307,NM_001047,A_23_P30223
21308,NM_001039476,A_23_P100326
21309,NM_006891,A_23_P131215
21310,NM_001467,A_23_P35970
21311,NM_002980,A_23_P28133
21312,NM_002318,A_23_P111995
21313,BC012919,A_23_P67977
21314,AF090899,A_23_P131166
21315,AK096973,A_23_P424096
21316,NM_152523,A_23_P90634
21317,NM_080817,A_23_P171211
21318,NM_012091,A_23_P141095
21319,NM_207469,A_23_P109109
21320,NM_005480,A_23_P150935
21321,NM_014299,A_23_P209011
21322,,A_23_P45902
21323,,A_23_P47826
21324,NM_018184,A_23_P212229
21325,NM_007359,A_23_P164354
21326,NM_004469,A_23_P45185
21327,NM_015055,A_23_P116533
21328,NM_144982,A_23_P332908
21329,NM_170607,A_23_P164148
21330,NM_001009924,A_23_P17482
21331,NM_002599,A_23_P401106
21332,NM_017647,A_23_P55089
21333,NM_173842,A_23_P209990
21334,NM_032524,A_23_P38603
21335,NM_007268,A_23_P217269
21336,AF261918,A_23_P33356
21337,NM_033274,A_23_P374082
21338,NM_003537,A_23_P93258
21339,NM_173495,A_23_P303251
21340,,A_23_P163962
21341,NM_145245,A_23_P419828
21342,NM_016499,A_23_P203389
21343,NM_005508,A_23_P72989
21344,NM_002144,A_23_P118675
21345,,A_23_P86598
21346,NM_001004701,A_23_P127707
21347,NM_000534,A_23_P40063
21348,NM_012287,A_23_P211773
21349,NM_017877,A_23_P102494
21350,NM_018237,A_23_P115842
21351,NM_006335,A_23_P126970
21352,NM_018339,A_23_P216708
21353,NM_133373,A_23_P351757
21354,NM_031895,A_23_P420218
21355,NM_206831,A_23_P69188
21356,NM_052937,A_23_P135962
21357,AX721214,A_23_P169668
21358,NM_024867,A_23_P252388
21359,NM_022150,A_23_P59654
21360,,E1A_r60_a135
21361,NM_052942,A_23_P74290
21362,,A_23_P143303
21363,NM_016417,A_23_P65370
21364,NM_001013439,A_23_P132784
21365,BC036198,A_23_P120073
21366,,E1A_r60_a104
21367,NM_004420,A_23_P390532
21368,,
21369,NM_178532,A_23_P377996
21370,NM_153812,A_23_P384559
21371,NM_033212,A_23_P65983
21372,NM_207111,A_23_P42724
21373,NM_014623,A_23_P30745
21374,NM_015967,A_23_P201184
21375,NM_005815,A_23_P90088
21376,NM_019040,A_23_P24623
21377,NM_017837,A_23_P46375
21378,NM_001722,A_23_P84565
21379,NM_005671,A_23_P157465
21380,NM_173084,A_23_P407718
21381,NM_006773,A_23_P56865
21382,NM_004044,A_23_P68087
21383,NM_004657,A_23_P72668
21384,BC015544,A_23_P435032
21385,NM_003592,A_23_P59657
21386,NM_006221,A_23_P67162
21387,,
21388,,A_23_P83362
21389,NM_207578,A_23_P138072
21390,NM_024612,A_23_P152718
21391,NM_003918,A_23_P217704
21392,NM_153264,A_23_P404698
21393,NM_138811,A_23_P394887
21394,,A_23_P251268
21395,NM_004623,A_23_P224
21396,BC020242,A_23_P1549
21397,NM_145176,A_23_P394996
21398,NM_194282,A_23_P58382
21399,NM_000992,A_23_P212274
21400,NM_001203,A_23_P58223
21401,NM_006887,A_23_P101960
21402,NR_002182,A_23_P59889
21403,NM_015141,A_23_P318284
21404,NM_005556,A_23_P381945
21405,NM_001486,A_23_P119882
21406,BC065192,A_23_P431410
21407,NM_000173,A_23_P152928
21408,NM_052939,A_23_P358438
21409,NM_021068,A_23_P43494
21410,NM_020230,A_23_P27493
21411,AK074742,A_23_P301922
21412,NM_024078,A_23_P158627
21413,NM_024057,A_23_P48099
21414,AY360464,A_23_P390665
21415,NM_015645,A_23_P259292
21416,,E1A_r60_1
21417,NM_001066,A_23_P96940
21418,NM_017738,A_23_P157963
21419,,A_23_P343068
21420,,A_23_P113819
21421,NM_032265,A_23_P89570
21422,NM_004990,A_23_P128036
21423,NM_014294,A_23_P112135
21424,BC043347,A_23_P56437
21425,NM_016621,A_23_P359015
21426,NM_032316,A_23_P110005
21427,NM_012474,A_23_P487
21428,NM_000215,A_23_P329112
21429,AL136929,A_23_P433204
21430,NM_032778,A_23_P91827
21431,NM_017906,A_23_P122674
21432,NM_018969,A_23_P346291
21433,NM_145265,A_23_P41976
21434,NM_004310,A_23_P58132
21435,NM_001645,A_23_P4649
21436,NM_002793,A_23_P156526
21437,NM_003740,A_23_P319423
21438,NM_021998,A_23_P217297
21439,NM_000612,A_23_P421379
21440,,A_23_P212123
21441,NM_018717,A_23_P69566
21442,NM_170606,A_23_P502241
21443,AK024943,A_23_P127818
21444,NM_015953,A_23_P107959
21445,NM_052848,A_23_P398044
21446,NM_002148,A_23_P131640
21447,NM_001503,A_23_P145550
21448,NM_006803,A_23_P21722
21449,NM_006716,A_23_P254612
21450,NM_001355,A_23_P17764
21451,NM_001024596,A_23_P67088
21452,BC025727,A_23_P88266
21453,NM_006320,A_23_P155868
21454,,A_23_P104201
21455,AA971179,A_23_P9270
21456,,A_23_P25163
21457,NM_032561,A_23_P132311
21458,NM_020845,A_23_P403542
21459,NM_014311,A_23_P162358
21460,NM_022163,A_23_P37585
21461,NM_001005,A_23_P139376
21462,NM_030630,A_23_P118412
21463,NM_001039464,A_23_P148937
21464,NM_018040,A_23_P34757
21465,NM_006553,A_23_P38677
21466,NM_018097,A_23_P129301
21467,AF257098,A_23_P84246
21468,NM_012154,A_23_P112159
21469,NM_130797,A_23_P159498
21470,NM_178335,A_23_P384024
21471,,
21472,NM_000628,A_23_P6231
21473,NM_016073,A_23_P344451
21474,L17325,A_23_P82711
21475,,A_23_P66900
21476,NM_002462,A_23_P17663
21477,,A_23_P31873
21478,NM_000655,A_23_P114921
21479,NM_001002758,A_23_P11408
21480,,A_23_P218646
21481,NM_182744,A_23_P51958
21482,NM_007019,A_23_P143207
21483,NM_172365,A_23_P309973
21484,NM_007279,A_23_P431418
21485,NM_001001711,A_23_P116147
21486,AL390151,A_23_P16423
21487,NM_019104,A_23_P165186
21488,NM_024616,A_23_P58009
21489,,A_23_P205875
21490,NM_014466,A_23_P45955
21491,NM_016642,A_23_P152084
21492,BC027954,A_23_P258901
21493,NM_053274,A_23_P160742
21494,NM_016227,A_23_P104054
21495,NM_173497,A_23_P355525
21496,NM_016079,A_23_P79510
21497,NM_001816,A_23_P380240
21498,NM_178450,A_23_P321511
21499,NM_024689,A_23_P217168
21500,NM_032634,A_23_P60243
21501,NM_030805,A_23_P142708
21502,NM_052950,A_23_P218108
21503,,A_23_P82141
21504,NM_004556,A_23_P30655
21505,NM_000174,A_23_P33256
21506,NM_003129,A_23_P146284
21507,NM_004289,A_23_P42718
21508,,EQC
21509,NM_005466,A_23_P54170
21510,NM_018072,A_23_P103628
21511,NM_018438,A_23_P97061
21512,NM_012278,A_23_P45424
21513,,A_23_P24477
21514,NM_016486,A_23_P104151
21515,NM_032367,A_23_P93032
21516,NM_001546,A_23_P59375
21517,,A_23_P24318
21518,NM_031310,A_23_P56328
21519,NM_020765,A_23_P86164
21520,NM_001981,A_23_P202
21521,,EQC
21522,AB002340,A_23_P91862
21523,NM_000815,A_23_P217818
21524,NM_001098,A_23_P305481
21525,NM_012339,A_23_P149957
21526,NM_000369,A_23_P54206
21527,NM_014139,A_23_P60878
21528,NM_001002259,A_23_P87532
21529,NM_015901,A_23_P161324
21530,BM932091,A_23_P207802
21531,NM_058197,A_23_P43490
21532,NM_134428,A_23_P9289
21533,NM_000879,A_23_P110632
21534,,EQC
21535,NM_002064,A_23_P69908
21536,NM_138576,A_23_P205738
21537,NM_024949,A_23_P92571
21538,X89426,A_23_P144835
21539,AK093078,A_23_P393139
21540,NM_004426,A_23_P204244
21541,NM_032941,A_23_P25215
21542,NM_152672,A_23_P40761
21543,NM_147195,A_23_P154822
21544,NM_022475,A_23_P167129
21545,NM_012207,A_23_P115824
21546,NM_031208,A_23_P118293
21547,,EQC
21548,NM_000026,A_23_P155097
21549,NM_152394,A_23_P346431
21550,NM_001843,A_23_P390700
21551,NM_000436,A_23_P20905
21552,NM_006359,A_23_P22625
21553,,
21554,NM_002446,A_23_P67503
21555,NM_005574,A_23_P53126
21556,NM_000282,A_23_P48358
21557,NM_024786,A_23_P256008
21558,,A_23_P109553
21559,AB027122,A_23_P96399
21560,,EQC
21561,AK058107,A_23_P368870
21562,NM_001657,A_23_P259071
21563,NM_020865,A_23_P57697
21564,,A_23_P65644
21565,,E1A_r60_n9
21566,NM_020422,A_23_P206899
21567,NM_017847,A_23_P282
21568,AK023831,A_23_P25056
21569,NM_172139,A_23_P373619
21570,NM_000092,A_23_P254522
21571,,E1A_r60_a20
21572,NM_030784,A_23_P214727
21573,,EQC
21574,NM_016038,A_23_P70874
21575,NM_144497,A_23_P214897
21576,NM_199420,A_23_P218827
21577,NM_001010915,A_23_P83175
21578,NM_006547,A_23_P19987
21579,NM_170735,A_23_P127883
21580,NM_017935,A_23_P10232
21581,NM_015897,A_23_P90280
21582,,A_23_P112493
21583,NM_012416,A_23_P146379
21584,BC032472,A_23_P24508
21585,,E1A_r60_3
21586,,EQC
21587,NM_016584,A_23_P76078
21588,,A_23_P73848
21589,NM_004417,A_23_P110712
21590,BX248259,A_23_P105974
21591,,A_23_P16381
21592,NM_002126,A_23_P356585
21593,NM_033035,A_23_P121986
21594,NM_006773,A_23_P56865
21595,NM_000683,A_23_P60802
21596,NM_017888,A_23_P33524
21597,NM_152692,A_23_P159839
21598,AB011086,A_23_P343382
21599,,EQC
21600,NM_001005505,A_23_P166866
21601,NM_003273,A_23_P127426
21602,,A_23_P165770
21603,NM_004943,A_23_P56010
21604,NM_003470,A_23_P49481
21605,NM_012188,A_23_P255358
21606,NM_001291438,A_23_P52874
21607,NM_000110,A_23_P135548
21608,NM_178498,A_23_P323943
21609,AB037855,A_23_P91350
21610,AL833295,A_23_P65901
21611,NM_138421,A_23_P321349
21612,,EQC
21613,NM_000723,A_23_P405754
21614,NM_032391,A_23_P15621
21615,NM_015278,A_23_P93442
21616,NM_153029,A_23_P432610
21617,NM_015962,A_23_P163130
21618,NM_152264,A_23_P24345
21619,NM_020366,A_23_P88278
21620,NM_024671,A_23_P15218
21621,NM_032641,A_23_P151098
21622,NM_145037,A_23_P132560
21623,,
21624,NM_016410,A_23_P83278
21625,,EQC
21626,,A_23_P104781
21627,NM_080604,A_23_P81811
21628,NM_178832,A_23_P405320
21629,NM_178812,A_23_P250196
21630,NM_213653,A_23_P86315
21631,NM_016573,A_23_P56228
21632,,A_23_P81278
21633,NM_016569,A_23_P204100
21634,NM_016204,A_23_P46760
21635,NM_080741,A_23_P218620
21636,NM_018157,A_23_P64936
21637,NM_005183,A_23_P148327
21638,,EQC
21639,NM_152704,A_23_P351305
21640,NM_024518,A_23_P134100
21641,,
21642,NM_006514,A_23_P9941
21643,NM_018018,A_23_P25487
21644,AX772926,A_23_P162861
21645,NM_015294,A_23_P21230
21646,NM_002863,A_23_P48676
21647,,A_23_P87810
21648,NM_139004,A_23_P145204
21649,NM_002318,A_23_P111995
21650,NM_033117,A_23_P20777
21651,,EQC
21652,U14391,A_23_P37497
21653,NM_144615,A_23_P56091
21654,NM_182706,A_23_P124873
21655,NM_016830,A_23_P105545
21656,NM_180989,A_23_P88021
21657,NM_005072,A_23_P389391
21658,NM_004726,A_23_P251387
21659,NM_183013,A_23_P201979
21660,NM_001143936,A_23_P26143
21661,,
21662,NM_001007240,A_23_P21421
21663,NM_025146,A_23_P121122
21664,,EQC
21665,NM_001731,A_23_P87564
21666,NM_003020,A_23_P73480
21667,NM_024887,A_23_P201764
21668,NM_000021,A_23_P340729
21669,NM_002033,A_23_P12965
21670,NM_004235,A_23_P32233
21671,NM_030634,A_23_P51202
21672,NM_022648,A_23_P351724
21673,NM_021954,A_23_P53815
21674,NM_020195,A_23_P163156
21675,NM_000245,A_23_P145844
21676,,A_23_P332937
21677,,EQC
21678,BC003192,A_23_P95571
21679,NM_001614,A_23_P44037
21680,NM_003258,A_23_P107421
21681,NM_019855,A_23_P55984
21682,NM_018342,A_23_P133120
21683,NM_024570,A_23_P140088
21684,NM_153611,A_23_P342132
21685,NM_024915,A_23_P259673
21686,NM_017506,A_23_P16630
21687,NM_001006657,A_23_P108463
21688,NM_016456,A_23_P114952
21689,NM_020356,A_23_P91283
21690,,EQC
21691,,A_23_P311520
21692,NM_001906,A_23_P15253
21693,NM_032231,A_23_P37636
21694,BC072415,A_23_P380076
21695,NM_002665,A_23_P359630
21696,NM_003682,A_23_P202708
21697,NM_005715,A_23_P314145
21698,NM_015705,A_23_P166491
21699,NM_015965,A_23_P119622
21700,NM_018269,A_23_P148194
21701,NM_016368,A_23_P5131
21702,NM_012472,A_23_P112004
21703,,EQC
21704,NM_178569,A_23_P331234
21705,AK001001,A_23_P48278
21706,NM_178452,A_23_P54612
21707,NM_022838,A_23_P85188
21708,,A_23_P340640
21709,NM_015701,A_23_P39971
21710,NM_015103,A_23_P80752
21711,NM_145272,A_23_P402932
21712,NM_013244,A_23_P10062
21713,NM_005977,A_23_P162734
21714,AK090821,A_23_P152696
21715,,A_23_P6025
21716,NM_015555,A_23_P356122
21717,NM_139076,A_23_P253464
21718,NM_020682,A_23_P12643
21719,NM_022062,A_23_P75532
21720,NM_001524,A_23_P129989
21721,NM_021964,A_23_P139408
21722,NM_004285,A_23_P114707
21723,NM_032029,A_23_P201510
21724,NM_003428,A_23_P105276
21725,NM_014182,A_23_P87500
21726,NM_152653,A_23_P10807
21727,AK074077,A_23_P93722
21728,,A_23_P57622
21729,NM_001002906,A_23_P34183
21730,NM_024860,A_23_P129358
21731,NM_002653,A_23_P58636
21732,NM_013391,A_23_P257803
21733,NM_004066,A_23_P66974
21734,NM_006546,A_23_P83498
21735,NM_182977,A_23_P70148
21736,NM_000868,A_23_P170944
21737,NM_017735,A_23_P131227
21738,X66087,A_23_P43157
21739,NM_017785,A_23_P41948
21740,NM_030754,A_23_P306203
21741,NM_033107,A_23_P168656
21742,NM_005412,A_23_P169629
21743,NM_020647,A_23_P434253
21744,NM_019007,A_23_P62348
21745,,
21746,NM_178430,A_23_P371284
21747,NM_002408,A_23_P65558
21748,NM_004739,A_23_P203420
21749,NM_018263,A_23_P210300
21750,NM_138803,A_23_P411825
21751,NM_015169,A_23_P146186
21752,NM_002648,A_23_P254721
21753,NM_153810,A_23_P353725
21754,NM_020760,A_23_P50974
21755,NM_014478,A_23_P134573
21756,NM_001980,A_23_P150910
21757,NM_014342,A_23_P64010
21758,NM_032374,A_23_P162879
21759,NM_032446,A_23_P213893
21760,NM_178167,A_23_P407684
21761,NM_032264,A_23_P103454
21762,NM_138927,A_23_P211099
21763,NM_004378,A_23_P117882
21764,NM_007211,A_23_P116720
21765,NM_014064,A_23_P71905
21766,,A_23_P323143
21767,NM_153461,A_23_P166767
21768,NM_003073,A_23_P68820
21769,,A_23_P15226
21770,NM_007018,A_23_P32183
21771,NM_017926,A_23_P54198
21772,NM_001145010,A_23_P389250
21773,AK131316,A_23_P332744
21774,NM_080759,A_23_P21178
21775,,
21776,NM_002210,A_23_P381984
21777,NM_006731,A_23_P216625
21778,X95701,A_23_P67008
21779,NM_021930,A_23_P59677
21780,NM_080676,A_23_P143334
21781,NM_025267,A_23_P118607
21782,NM_004952,A_23_P149029
21783,NM_014366,A_23_P41025
21784,NM_181840,A_23_P115932
21785,AK021862,A_23_P66827
21786,NM_002183,A_23_P253081
21787,NM_002137,A_23_P19917
21788,NM_015459,A_23_P105028
21789,NM_015904,A_23_P218608
21790,NM_033554,A_23_P30913
21791,NM_005987,A_23_P348208
21792,NM_003253,A_23_P17624
21793,NM_003061,A_23_P161386
21794,AB032983,A_23_P13847
21795,NM_080876,A_23_P90938
21796,NM_001770,A_23_P113572
21797,NM_021176,A_23_P67960
21798,NM_020311,A_23_P131676
21799,NM_006110,A_23_P61552
21800,NM_148909,A_23_P148916
21801,NM_015443,A_23_P55376
21802,,A_23_P158513
21803,NM_006273,A_23_P78037
21804,NM_033418,A_23_P85726
21805,NM_000120,A_23_P34537
21806,,A_23_P39088
21807,NM_016161,A_23_P58046
21808,AB040820,A_23_P1322
21809,NM_003882,A_23_P354694
21810,BC015096,A_23_P396086
21811,NM_032439,A_23_P97924
21812,AB058766,A_23_P66364
21813,NM_001005272,A_23_P98699
21814,NM_002546,A_23_P71530
21815,NM_000950,A_23_P254363
21816,,A_23_P339709
21817,NM_006303,A_23_P70989
21818,NM_001182,A_23_P70233
21819,NM_015074,A_23_P201287
21820,NM_144981,A_23_P203305
21821,NM_003121,A_23_P27664
21822,,A_23_P165819
21823,NM_032731,A_23_P27091
21824,NM_024571,A_23_P152284
21825,NM_001172,A_23_P128728
21826,NM_174901,A_23_P385799
21827,NM_001238,A_23_P209200
21828,NM_005233,A_23_P147046
21829,NM_014288,A_23_P23765
21830,NM_000363,A_23_P67447
21831,AL831853,A_23_P259462
21832,NM_001011552,A_23_P16941
21833,,A_23_P130326
21834,AK090443,A_23_P77228
21835,NM_005327,A_23_P167227
21836,NM_016303,A_23_P34133
21837,AY533200,A_23_P258860
21838,NM_002686,A_23_P100642
21839,,A_23_P22808
21840,NM_020713,A_23_P28730
21841,,A_23_P435659
21842,NM_013393,A_23_P31253
21843,NM_015352,A_23_P370483
21844,NM_031457,A_23_P139147
21845,NM_032995,A_23_P253221
21846,NM_016362,A_23_P40956
21847,NM_000308,A_23_P17374
21848,NM_000423,A_23_P116850
21849,NM_000821,A_23_P102292
21850,NM_004624,A_23_P95770
21851,NM_003783,A_23_P499
21852,NM_005313,A_23_P99883
21853,NM_001001547,A_23_P111583
21854,NM_001080426,A_23_P329679
21855,,
21856,NM_000695,A_23_P24308
21857,NM_000873,A_23_P152655
21858,NM_024054,A_23_P257073
21859,BC040740,A_23_P88576
21860,NM_006151,A_23_P100583
21861,NM_014705,A_23_P59637
21862,NM_005855,A_23_P50946
21863,NM_198827,A_23_P139516
21864,NM_004272,A_23_P41917
21865,NM_003690,A_23_P91019
21866,NM_014270,A_23_P142250
21867,NM_006015,A_23_P217879
21868,NM_053051,A_23_P9761
21869,NM_153450,A_23_P150510
21870,NM_014689,A_23_P16722
21871,,A_23_P64184
21872,NM_005400,A_23_P250564
21873,NM_004269,A_23_P301871
21874,NM_014497,A_23_P22173
21875,NM_005914,A_23_P370993
21876,NM_001001888,A_23_P252572
21877,NM_002556,A_23_P336449
21878,NM_000112,A_23_P250951
21879,NM_213598,A_23_P38836
21880,NM_201269,A_23_P200772
21881,NM_005503,A_23_P158231
21882,NM_023071,A_23_P99302
21883,NM_022451,A_23_P202496
21884,NM_001004752,A_23_P150684
21885,NM_031451,A_23_P130906
21886,NM_001011537,A_23_P80827
21887,NM_000286,A_23_P107149
21888,NM_018695,A_23_P30175
21889,NM_017984,A_23_P70897
21890,,A_23_P376102
21891,CR749288,A_23_P209712
21892,NM_005427,A_23_P74081
21893,NM_014683,A_23_P55107
21894,NM_031478,A_23_P163710
21895,,A_23_P1153
21896,NM_016140,A_23_P26386
21897,NM_006675,A_23_P162508
21898,NM_178314,A_23_P303293
21899,NM_006832,A_23_P88339
21900,AK055955,A_23_P20420
21901,NM_024333,A_23_P153646
21902,NM_145041,A_23_P435513
21903,NM_153260,A_23_P65910
21904,NM_014629,A_23_P216282
21905,NM_000321,A_23_P204850
21906,AF043725,A_23_P72235
21907,NM_001005783,A_23_P46105
21908,NR_036464,A_23_P213247
21909,NM_152522,A_23_P28169
21910,NM_013243,A_23_P54267
21911,AK095357,A_23_P7282
21912,NM_001447,A_23_P81507
21913,NM_007179,A_23_P83012
21914,NM_170695,A_23_P153197
21915,,A_23_P55036
21916,BC067244,A_23_P123315
21917,NM_172005,A_23_P363978
21918,NM_152578,A_23_P396112
21919,NM_020971,A_23_P256652
21920,,A_23_P103008
21921,AK026712,A_23_P414406
21922,NR_002185,A_23_P433218
21923,L10405,A_23_P113841
21924,NM_002376,A_23_P140111
21925,NM_018973,A_23_P250506
21926,NM_022915,A_23_P90589
21927,NM_006512,A_23_P87238
21928,AF256215,A_23_P76145
21929,NM_198492,A_23_P153390
21930,NM_020944,A_23_P347643
21931,,NegativeControl
21932,,NegativeControl
21933,,NegativeControl
21934,NM_144669,A_23_P430773
21935,NM_139168,A_23_P18772
21936,NM_004289,A_23_P42718
21937,NM_007236,A_23_P100115
21938,NM_145693,A_23_P382718
21939,NM_004689,A_23_P158129
21940,NM_001012985,A_23_P63459
21941,AF019085,A_23_P147976
21942,NM_015088,A_23_P6481
21943,BC071977,A_23_P96048
21944,AF042838,A_23_P41796
21945,NM_012227,A_23_P113522
21946,BC031676,A_23_P429521
21947,NM_080820,A_23_P17512
21948,NM_212557,A_23_P110224
21949,NM_152546,A_23_P435002
21950,NM_001133,A_23_P69597
21951,NM_004488,A_23_P143811
21952,NM_014357,A_23_P74926
21953,NM_020344,A_23_P112173
21954,BC046362,A_23_P67799
21955,BC047704,A_23_P329953
21956,NM_004430,A_23_P216225
21957,NM_013410,A_23_P200522
21958,NM_020133,A_23_P58960
21959,NM_022451,A_23_P202496
21960,NM_003829,A_23_P71598
21961,NM_006980,A_23_P408108
21962,NM_021079,A_23_P107373
21963,NM_000548,A_23_P66110
21964,NM_023938,A_23_P897
21965,NM_025247,A_23_P25351
21966,NM_018694,A_23_P47848
21967,NM_022095,A_23_P17382
21968,NM_001443,A_23_P79562
21969,NM_003290,A_23_P208438
21970,NM_017868,A_23_P24535
21971,,A_23_P207792
21972,NM_001634,A_23_P214121
21973,,A_23_P71867
21974,NM_004290,A_23_P255317
21975,NM_032622,A_23_P213139
21976,NM_173469,A_23_P77274
21977,NM_015441,A_23_P137689
21978,,A_23_P59972
21979,NM_002667,A_23_P30614
21980,NM_024081,A_23_P127663
21981,AB023217,A_23_P109993
21982,NM_031966,A_23_P122197
21983,NM_005840,A_23_P311010
21984,NM_014235,A_23_P335988
21985,NM_015477,A_23_P367676
21986,NM_001506,A_23_P142096
21987,NM_000160,A_23_P15742
21988,NM_144568,A_23_P48610
21989,NM_006226,A_23_P165582
21990,,A_23_P70492
21991,NM_001007139,A_23_P150609
21992,,
21993,NM_022058,A_23_P17083
21994,NM_138344,A_23_P117380
21995,NM_017814,A_23_P165171
21996,,A_23_P140766
21997,AK026693,A_23_P63057
21998,,A_23_P88543
21999,NM_003753,A_23_P91702
22000,NM_153217,A_23_P344594
22001,,E1A_r60_a97
22002,,A_23_P165007
22003,NM_130446,A_23_P212655
22004,NM_005217,A_23_P31816
22005,NM_002114,A_23_P19619
22006,NM_004465,A_23_P377751
22007,NM_152834,A_23_P79599
22008,NM_173174,A_23_P168836
22009,NM_000956,A_23_P151710
22010,,A_23_P32249
22011,NM_032631,A_23_P101699
22012,CR749275,A_23_P95085
22013,NM_130783,A_23_P1655
22014,NM_133629,A_23_P207260
22015,NM_006206,A_23_P300033
22016,NM_005615,A_23_P3017
22017,NM_024556,A_23_P319492
22018,NM_012094,A_23_P12989
22019,NM_016570,A_23_P139509
22020,NM_018974,A_23_P214402
22021,NM_145020,A_23_P384532
22022,BC039117,A_23_P25069
22023,NM_002715,A_23_P122036
22024,NM_003255,A_23_P107401
22025,NM_012212,A_23_P157809
22026,,
22027,NM_001001964,A_23_P46568
22028,NM_004531,A_23_P92967
22029,,
22030,BC019830,A_23_P62793
22031,NM_004823,A_23_P50591
22032,NM_003683,A_23_P80129
22033,NM_002691,A_23_P50456
22034,NM_198129,A_23_P89780
22035,NM_005497,A_23_P49724
22036,BC006267,A_23_P203391
22037,NM_003149,A_23_P121059
22038,NM_033487,A_23_P217804
22039,,
22040,,
22041,NM_006100,A_23_P250800
22042,,A_23_P95406
22043,AK096677,A_23_P147577
22044,BX537992,A_23_P102710
22045,NM_019042,A_23_P82478
22046,NM_006071,A_23_P120985
22047,NM_053041,A_23_P420428
22048,NM_172215,A_23_P408830
22049,NM_003772,A_23_P202737
22050,NM_139168,A_23_P18772
22051,NM_016468,A_23_P53957
22052,NM_031461,A_23_P59958
22053,NM_003802,A_23_P89334
22054,NM_033402,A_23_P157527
22055,NM_000862,A_23_P97173
22056,NM_001005226,A_23_P59094
22057,,
22058,NM_178812,A_23_P250196
22059,NM_005574,A_23_P53126
22060,NM_012467,A_23_P26294
22061,NM_006563,A_23_P107875
22062,NM_152559,A_23_P381016
22063,NM_020178,A_23_P207461
22064,NM_080607,A_23_P79807
22065,NM_005911,A_23_P401568
22066,NM_021991,A_23_P72513
22067,NM_005328,A_23_P10205
22068,NM_207113,A_23_P95133
22069,NM_032531,A_23_P407132
22070,NM_181458,A_23_P209492
22071,NM_015328,A_23_P252075
22072,NM_002538,A_23_P92672
22073,NM_032390,A_23_P50897
22074,NM_173687,A_23_P382128
22075,NM_004624,A_23_P212016
22076,,A_23_P95862
22077,AK095698,A_23_P313031
22078,,E1A_r60_a22
22079,NM_001001966,A_23_P161108
22080,NM_022457,A_23_P92292
22081,NM_133444,A_23_P50259
22082,NM_144966,A_23_P43334
22083,NM_002316,A_23_P146708
22084,NM_006606,A_23_P257532
22085,NM_000849,A_23_P12343
22086,,A_23_P419712
22087,,A_23_P159631
22088,NM_002095,A_23_P94111
22089,NM_021948,A_23_P160607
22090,NM_022469,A_23_P97181
22091,NM_016013,A_23_P26254
22092,NM_003271,A_23_P60865
22093,NM_176880,A_23_P411284
22094,NM_144962,A_23_P157636
22095,BX537432,A_23_P201901
22096,NM_016388,A_23_P212568
22097,NM_003614,A_23_P256663
22098,AF067801,A_23_P92811
22099,NM_021983,A_23_P42407
22100,NM_006552,A_23_P127781
22101,,A_23_P21804
22102,NM_052955,A_23_P117896
22103,AL832380,A_23_P52198
22104,NM_018942,A_23_P84323
22105,NM_004757,A_23_P121686
22106,NM_000961,A_23_P91262
22107,NM_004695,A_23_P159125
22108,NM_016008,A_23_P79168
22109,NM_018303,A_23_P214350
22110,NM_004438,A_23_P119899
22111,NM_173851,A_23_P362798
22112,NM_024106,A_23_P101351
22113,NM_001882,A_23_P30567
22114,,A_23_P256890
22115,NM_001372,A_23_P164068
22116,BC021857,A_23_P68815
22117,NM_145238,A_23_P23102
22118,NM_002317,A_23_P122216
22119,NM_152379,A_23_P46095
22120,NM_015503,A_23_P427141
22121,NM_021810,A_23_P210661
22122,NM_206956,A_23_P166360
22123,NM_007117,A_23_P132760
22124,NM_022366,A_23_P45940
22125,AF095737,A_23_P135079
22126,NM_003047,A_23_P23598
22127,NM_000197,A_23_P43422
22128,NM_000486,A_23_P204721
22129,NM_017705,A_23_P163251
22130,NM_053278,A_23_P8269
22131,NM_017768,A_23_P148969
22132,NM_000827,A_23_P144939
22133,NM_024691,A_23_P164636
22134,NM_023083,A_23_P341349
22135,NM_178351,A_23_P303891
22136,,A_23_P27392
22137,NM_144582,A_23_P251545
22138,AB046856,A_23_P218346
22139,NM_007346,A_23_P28707
22140,NM_001005281,A_23_P20116
22141,NM_001638,A_23_P87491
22142,,A_23_P366468
22143,,NegativeControl
22144,,NegativeControl
22145,,NegativeControl
22146,,BrightCorner
22147,,NegativeControl
22148,,NegativeControl
22149,NM_173872,A_23_P124476
22150,NM_181672,A_23_P381979
22151,NM_152614,A_23_P324419
22152,NM_000554,A_23_P16331
22153,,A_23_P20793
22154,NM_016446,A_23_P216520
22155,BC113564,A_23_P362191
22156,NM_017947,A_23_P67042
22157,,A_23_P423419
22158,,A_23_P159446
22159,NM_005168,A_23_P142849
22160,NM_024552,A_23_P153867
22161,NM_022117,A_23_P61702
22162,NM_020478,A_23_P216108
22163,NM_005547,A_23_P85509
22164,NM_032147,A_23_P72770
22165,NM_000733,A_23_P203142
22166,NM_032525,A_23_P254271
22167,NM_004594,A_23_P129433
22168,NM_004470,A_23_P161596
22169,NM_003686,A_23_P23303
22170,NM_005733,A_23_P256956
22171,BC063384,A_23_P147485
22172,NM_005052,A_23_P125001
22173,NM_002825,A_23_P134213
22174,NM_001004311,A_23_P28388
22175,NM_015846,A_23_P164546
22176,NM_016540,A_23_P202740
22177,NM_000503,A_23_P259682
22178,NM_001839,A_23_P138168
22179,NM_000733,A_23_P416744
22180,NM_032933,A_23_P89824
22181,NM_003110,A_23_P147463
22182,NM_025189,A_23_P56304
22183,NM_032839,A_23_P80778
22184,NM_019556,A_23_P73828
22185,AF247042,A_23_P202773
22186,AY010113,A_23_P12976
22187,NM_002469,A_23_P76461
22188,NM_178123,A_23_P367610
22189,NM_138390,A_23_P68338
22190,NM_024816,A_23_P61100
22191,NM_178356,A_23_P310540
22192,NM_005135,A_23_P65883
22193,NM_139245,A_23_P147563
22194,NM_030949,A_23_P45011
22195,,A_23_P167432
22196,NM_016578,A_23_P139388
22197,NM_145686,A_23_P108604
22198,NM_000334,A_23_P141265
22199,NM_023037,A_23_P105862
22200,NM_014000,A_23_P202283
22201,NM_198398,A_23_P120638
22202,NM_022151,A_23_P205389
22203,NM_022464,A_23_P252903
22204,,A_23_P73279
22205,NM_172374,A_23_P502520
22206,NM_002829,A_23_P403898
22207,NM_017673,A_23_P96931
22208,NM_015039,A_23_P345183
22209,AK026180,A_23_P73195
22210,NM_022766,A_23_P211659
22211,,A_23_P72319
22212,NM_001259,A_23_P168651
22213,,A_23_P103532
22214,NM_003709,A_23_P334206
22215,NM_002852,A_23_P121064
22216,NM_005256,A_23_P32700
22217,NM_013438,A_23_P250904
22218,NM_018684,A_23_P62188
22219,NM_022111,A_23_P126207
22220,NM_018437,A_23_P43407
22221,NM_178863,A_23_P44845
22222,NM_181844,A_23_P130130
22223,,A_23_P57836
22224,NM_032344,A_23_P75441
22225,NM_002083,A_23_P3038
22226,NM_015987,A_23_P117082
22227,AF090941,A_23_P74203
22228,NM_007219,A_23_P120533
22229,NM_015386,A_23_P320711
22230,NM_012153,A_23_P203540
22231,NM_001025,A_23_P253519
22232,NM_057179,A_23_P21324
22233,NM_015456,A_23_P135402
22234,NM_005683,A_23_P28353
22235,NM_019885,A_23_P210100
22236,NM_201278,A_23_P64018
22237,NM_002143,A_23_P126162
22238,,A_23_P155749
22239,NM_032174,A_23_P843
22240,AK097322,A_23_P315252
22241,NM_002888,A_23_P18078
22242,NM_138639,A_23_P50477
22243,,A_23_P7083
22244,NM_003234,A_23_P212617
22245,NM_018084,A_23_P28664
22246,NM_080912,A_23_P130116
22247,BC008403,A_23_P156722
22248,,A_23_P214273
22249,BC004501,A_23_P51355
22250,NM_002006,A_23_P218918
22251,NM_198268,A_23_P103787
22252,NM_001417,A_23_P60286
22253,NM_000799,A_23_P145664
22254,NM_013448,A_23_P76799
22255,NM_001310,A_23_P14026
22256,NM_018509,A_23_P207481
22257,NM_138476,A_23_P99811
22258,NM_005954,A_23_P129629
22259,,A_23_P20573
22260,NM_023943,A_23_P254688
22261,NM_152591,A_23_P345175
22262,NM_016203,A_23_P314760
22263,NM_006857,A_23_P39775
22264,NM_032383,A_23_P40821
22265,NM_152751,A_23_P312358
22266,NM_024604,A_23_P2683
22267,NM_014328,A_23_P12024
22268,,
22269,NM_002948,A_23_P168218
22270,NM_014817,A_23_P122959
22271,NM_003617,A_23_P51518
22272,NM_005885,A_23_P110492
22273,AK021529,A_23_P19922
22274,NM_014219,A_23_P153596
22275,NM_018466,A_23_P11279
22276,NM_021183,A_23_P147829
22277,NM_018416,A_23_P204238
22278,AK024437,A_23_P416048
22279,NM_206819,A_23_P128362
22280,NM_001039792,A_23_P94429
22281,,A_23_P81273
22282,NM_170697,A_23_P99956
22283,NM_006914,A_23_P71698
22284,NM_032509,A_23_P111961
22285,NM_006815,A_23_P36448
22286,NM_001075,A_23_P7342
22287,NM_006317,A_23_P213386
22288,NM_005554,A_23_P87653
22289,NM_015100,A_23_P63219
22290,NM_001017980,A_23_P96542
22291,NM_144708,A_23_P370544
22292,NM_015686,A_23_P22647
22293,NM_005003,A_23_P140960
22294,NM_002190,A_23_P156489
22295,NM_000391,A_23_P105058
22296,NM_024420,A_23_P11685
22297,NM_003425,A_23_P426472
22298,AF435956,A_23_P102160
22299,AF031469,A_23_P201837
22300,NM_021978,A_23_P47282
22301,NM_000506,A_23_P94879
22302,NM_001873,A_23_P259442
22303,NM_014625,A_23_P35055
22304,,A_23_P93129
22305,NM_024328,A_23_P54041
22306,NM_016474,A_23_P354277
22307,NM_006574,A_23_P155219
22308,NM_004456,A_23_P259641
22309,NM_000180,A_23_P130261
22310,NM_002126,A_23_P141275
22311,NM_017882,A_23_P117794
22312,NM_016525,A_23_P123866
22313,,A_23_P15414
22314,NM_018270,A_23_P17307
22315,,
22316,NM_016448,A_23_P10385
22317,,
22318,NM_032818,A_23_P216517
22319,NM_017612,A_23_P64669
22320,NM_004965,A_23_P120715
22321,NM_006988,A_23_P211039
22322,NM_024881,A_23_P208416
22323,NM_004155,A_23_P30687
22324,NM_033663,A_23_P57733
22325,NM_003901,A_23_P75325
22326,NM_206965,A_23_P91552
22327,NM_023923,A_23_P73326
22328,NR_001530,A_23_P251868
22329,NM_006738,A_23_P218160
22330,NM_014288,A_23_P23765
22331,NM_004314,A_23_P87363
22332,NM_153705,A_23_P105818
22333,AK023652,A_23_P208172
22334,NM_017686,A_23_P11915
22335,NM_024057,A_23_P48099
22336,NM_014169,A_23_P106226
22337,NM_022574,A_23_P157055
22338,NM_001004741,A_23_P64333
22339,NM_005957,A_23_P404045
22340,NM_178460,A_23_P406521
22341,NM_018204,A_23_P151405
22342,NM_145239,A_23_P66017
22343,NM_174909,A_23_P167735
22344,NM_004900,A_23_P109539
22345,NM_015106,A_23_P18202
22346,NM_024645,A_23_P44474
22347,NM_001005743,A_23_P88381
22348,NM_031271,A_23_P123307
22349,NM_001610,A_23_P138776
22350,NM_004970,A_23_P14892
22351,NM_138331,A_23_P376124
22352,AK021889,A_23_P69089
22353,NM_005924,A_23_P215559
22354,NM_020886,A_23_P203075
22355,BC036806,A_23_P216430
22356,,A_23_P203043
22357,NM_080388,A_23_P147914
22358,,NegativeControl
22359,,BrightCorner
22360,,BrightCorner
22361,,BrightCorner
22362,,BrightCorner
22363,,NegativeControl
22364,NM_001011,A_23_P141549
22365,NM_017671,A_23_P131935
22366,AK000905,A_23_P351254
22367,NM_014737,A_23_P166087
22368,NM_004550,A_23_P149470
22369,NM_001848,A_23_P6281
22370,NM_018084,A_23_P17269
22371,NM_007152,A_23_P252748
22372,NM_018031,A_23_P252008
22373,AK096394,A_23_P305616
22374,NM_212492,A_23_P158662
22375,NM_003297,A_23_P204828
22376,,A_23_P28213
22377,,A_23_P14432
22378,NM_006371,A_23_P44291
22379,,E1A_r60_a97
22380,NM_173637,A_23_P313550
22381,NM_018988,A_23_P122662
22382,NM_001037341,A_23_P74278
22383,,
22384,NM_006648,A_23_P410473
22385,,E1A_r60_a97
22386,NM_012104,A_23_P52806
22387,NM_024080,A_23_P403991
22388,BQ706262,A_23_P116193
22389,AK092324,A_23_P41340
22390,NM_199424,A_23_P357147
22391,NM_002461,A_23_P152125
22392,NM_144972,A_23_P303789
22393,NM_001017969,A_23_P157758
22394,NM_173465,A_23_P387031
22395,NM_003164,A_23_P24755
22396,AF119861,A_23_P28201
22397,NM_015571,A_23_P214151
22398,NM_014352,A_23_P139028
22399,NM_004958,A_23_P34606
22400,NM_006425,A_23_P331779
22401,NM_000720,A_23_P365767
22402,NM_024827,A_23_P155358
22403,,A_23_P150230
22404,NM_018159,A_23_P62387
22405,NM_138813,A_23_P79108
22406,NM_017849,A_23_P100155
22407,NM_003566,A_23_P64761
22408,NM_020663,A_23_P316012
22409,NM_014339,A_23_P17708
22410,NM_001838,A_23_P343398
22411,NM_005328,A_23_P10205
22412,NM_004861,A_23_P120863
22413,NM_080629,A_23_P11806
22414,NM_018047,A_23_P92895
22415,NM_033512,A_23_P417951
22416,NM_052859,A_23_P155441
22417,NM_138820,A_23_P304383
22418,NM_001743,A_23_P326170
22419,NM_052971,A_23_P92831
22420,NM_001938,A_23_P63205
22421,AK024190,A_23_P11531
22422,,
22423,NM_001003937,A_23_P91035
22424,NM_013378,A_23_P166371
22425,NM_178232,A_23_P14754
22426,NM_152444,A_23_P48713
22427,NM_000028,A_23_P200298
22428,NM_015308,A_23_P150804
22429,,
22430,NM_017678,A_23_P320216
22431,NM_000045,A_23_P111321
22432,NM_001975,A_23_P25283
22433,,A_23_P161835
22434,NM_020528,A_23_P113274
22435,NM_001001914,A_23_P63572
22436,NM_005654,A_23_P348737
22437,NM_015420,A_23_P215875
22438,,A_23_P81484
22439,NM_002104,A_23_P156216
22440,NM_017510,A_23_P70127
22441,NM_024325,A_23_P218706
22442,NM_145201,A_23_P258312
22443,NM_152596,A_23_P376042
22444,,E1A_r60_a107
22445,NM_172200,A_23_P138680
22446,NM_000798,A_23_P374129
22447,NM_032387,A_23_P38334
22448,NM_198329,A_23_P18304
22449,NM_000316,A_23_P167027
22450,NM_177401,A_23_P324461
22451,NM_032986,A_23_P6116
22452,,E1A_r60_n9
22453,NM_170721,A_23_P369479
22454,,E1A_r60_a104
22455,NM_018420,A_23_P388900
22456,NM_175736,A_23_P379200
22457,NM_001956,A_23_P312150
22458,NM_199051,A_23_P103812
22459,NM_013305,A_23_P118930
22460,,
22461,,A_23_P254121
22462,NM_014109,A_23_P216068
22463,NM_005505,A_23_P203900
22464,NM_170710,A_23_P390644
22465,NM_003043,A_23_P69206
22466,NM_006178,A_23_P15714
22467,NM_001037442,A_23_P212914
22468,NM_018897,A_23_P33583
22469,NM_001648,A_23_P208669
22470,NM_018132,A_23_P70328
22471,NM_178011,A_23_P366999
22472,,E1A_r60_a104
22473,NM_000165,A_23_P93591
22474,AF119854,A_23_P87931
22475,NM_000624,A_23_P205355
22476,NM_021823,A_23_P163428
22477,,A_23_P1331
22478,NM_015568,A_23_P352535
22479,NM_032775,A_23_P143580
22480,NM_030911,A_23_P48299
22481,,A_23_P207400
22482,NM_017545,A_23_P154708
22483,NM_003301,A_23_P71356
22484,NM_152769,A_23_P308631
22485,NM_033258,A_23_P426363
22486,NM_019055,A_23_P104881
22487,NM_014779,A_23_P92230
22488,NM_022373,A_23_P168490
22489,NM_006122,A_23_P206041
22490,NM_001040214,A_23_P316501
22491,NM_203505,A_23_P41255
22492,NM_007053,A_23_P354341
22493,NM_152640,A_23_P313512
22494,NM_031475,A_23_P12405
22495,NM_183377,A_23_P55300
22496,NM_004398,A_23_P32938
22497,,A_23_P501007
22498,,A_23_P139619
22499,NM_177550,A_23_P302662
22500,NM_006840,A_23_P164784
22501,NM_015622,A_23_P59586
22502,NM_152341,A_23_P397334
22503,NM_144716,A_23_P372334
22504,NM_004890,A_23_P218412
22505,NM_144617,A_23_P153815
22506,NM_032947,A_23_P414273
22507,BC031645,A_23_P63167
22508,NM_178821,A_23_P28466
22509,NM_019113,A_23_P101564
22510,NM_018358,A_23_P167007
22511,,A_23_P56406
22512,NM_002123,A_23_P8108
22513,,
22514,NM_024074,A_23_P101392
22515,NM_006336,A_23_P146631
22516,NM_000253,A_23_P213171
22517,NM_000932,A_23_P343719
22518,,E1A_r60_a22
22519,NM_006691,A_23_P150455
22520,AK055196,A_23_P307540
22521,NM_006512,A_23_P87238
22522,NM_006529,A_23_P257387
22523,NM_182728,A_23_P205480
22524,NM_000946,A_23_P25019
22525,NM_012319,A_23_P50167
22526,,A_23_P108514
22527,NM_004578,A_23_P369918
22528,NM_000111,A_23_P123228
22529,NM_000393,A_23_P33196
22530,NM_031290,A_23_P2857
22531,NM_005221,A_23_P318262
22532,,A_23_P71694
22533,NM_173653,A_23_P212482
22534,,A_23_P355433
22535,BX647503,A_23_P60891
22536,NM_013255,A_23_P93613
22537,NM_020839,A_23_P80409
22538,NM_024043,A_23_P26434
22539,NM_000229,A_23_P218230
22540,NM_016242,A_23_P382065
22541,NM_014205,A_23_P329284
22542,NM_001003799,A_23_P59543
22543,NM_198464,A_23_P61386
22544,NM_019087,A_23_P33484
22545,NM_153377,A_23_P47885
22546,NM_001028,A_23_P47357
22547,NM_000303,A_23_P206937
22548,BC024764,A_23_P349373
22549,NM_015336,A_23_P314191
22550,,A_23_P104170
22551,CB048271,A_23_P32966
22552,BX640636,A_23_P251916
22553,NM_032289,A_23_P30358
22554,NM_181720,A_23_P35045
22555,,
22556,NM_015545,A_23_P134650
22557,NM_032826,A_23_P59441
22558,NM_001357,A_23_P97749
22559,,A_23_P21882
22560,NM_003415,A_23_P255592
22561,NM_000582,A_23_P7313
22562,NM_152995,A_23_P407090
22563,NM_032843,A_23_P112187
22564,NM_000171,A_23_P156261
22565,NM_015227,A_23_P211227
22566,NM_003193,A_23_P52147
22567,NM_017789,A_23_P114057
22568,NM_017957,A_23_P130027
22569,NM_145756,A_23_P392429
22570,NM_001014436,A_23_P168692
22571,NM_007198,A_23_P45166
22572,NM_024744,A_23_P165828
22573,,NegativeControl
22574,,BrightCorner
22575,,BrightCorner
